threshold,n,leakage_groups,tp,fp,tn,fn,technical_far,false_rejection_rate,precision,recall,specificity,f1,balanced_accuracy,g_mean,youden_j,coverage,accepted_high_risk_proxy_failures,group_weighted,fixed_group_cv_f1_std,is_selected
0.0,237,46,118.0,119.0,0.0,0.0,1.0,0.0,0.4978902953586498,1.0,0.0,0.6647887323943662,0.5,0.0,0.0,1.0,113,False,0.15357712732123305,False
0.001,237,46,118.0,119.0,0.0,0.0,1.0,0.0,0.4978902953586498,1.0,0.0,0.6647887323943662,0.5,0.0,0.0,1.0,113,False,0.15357712732123305,False
0.002,237,46,118.0,119.0,0.0,0.0,1.0,0.0,0.4978902953586498,1.0,0.0,0.6647887323943662,0.5,0.0,0.0,1.0,113,False,0.15357712732123305,False
0.003,237,46,118.0,119.0,0.0,0.0,1.0,0.0,0.4978902953586498,1.0,0.0,0.6647887323943662,0.5,0.0,0.0,1.0,113,False,0.15357712732123305,False
0.004,237,46,118.0,119.0,0.0,0.0,1.0,0.0,0.4978902953586498,1.0,0.0,0.6647887323943662,0.5,0.0,0.0,1.0,113,False,0.15357712732123305,False
0.005,237,46,118.0,119.0,0.0,0.0,1.0,0.0,0.4978902953586498,1.0,0.0,0.6647887323943662,0.5,0.0,0.0,1.0,113,False,0.15357712732123305,False
0.006,237,46,118.0,119.0,0.0,0.0,1.0,0.0,0.4978902953586498,1.0,0.0,0.6647887323943662,0.5,0.0,0.0,1.0,113,False,0.15357712732123305,False
0.007,237,46,118.0,119.0,0.0,0.0,1.0,0.0,0.4978902953586498,1.0,0.0,0.6647887323943662,0.5,0.0,0.0,1.0,113,False,0.15357712732123305,False
0.008,237,46,118.0,119.0,0.0,0.0,1.0,0.0,0.4978902953586498,1.0,0.0,0.6647887323943662,0.5,0.0,0.0,1.0,113,False,0.15357712732123305,False
0.009,237,46,118.0,119.0,0.0,0.0,1.0,0.0,0.4978902953586498,1.0,0.0,0.6647887323943662,0.5,0.0,0.0,1.0,113,False,0.15357712732123305,False
0.01,237,46,118.0,119.0,0.0,0.0,1.0,0.0,0.4978902953586498,1.0,0.0,0.6647887323943662,0.5,0.0,0.0,1.0,113,False,0.15357712732123305,False
0.011,237,46,118.0,119.0,0.0,0.0,1.0,0.0,0.4978902953586498,1.0,0.0,0.6647887323943662,0.5,0.0,0.0,1.0,113,False,0.15357712732123305,False
0.012,237,46,118.0,119.0,0.0,0.0,1.0,0.0,0.4978902953586498,1.0,0.0,0.6647887323943662,0.5,0.0,0.0,1.0,113,False,0.15357712732123305,False
0.013,237,46,118.0,119.0,0.0,0.0,1.0,0.0,0.4978902953586498,1.0,0.0,0.6647887323943662,0.5,0.0,0.0,1.0,113,False,0.15357712732123305,False
0.014,237,46,118.0,119.0,0.0,0.0,1.0,0.0,0.4978902953586498,1.0,0.0,0.6647887323943662,0.5,0.0,0.0,1.0,113,False,0.15357712732123305,False
0.015,237,46,118.0,119.0,0.0,0.0,1.0,0.0,0.4978902953586498,1.0,0.0,0.6647887323943662,0.5,0.0,0.0,1.0,113,False,0.15357712732123305,False
0.016,237,46,118.0,119.0,0.0,0.0,1.0,0.0,0.4978902953586498,1.0,0.0,0.6647887323943662,0.5,0.0,0.0,1.0,113,False,0.15357712732123305,False
0.017,237,46,118.0,119.0,0.0,0.0,1.0,0.0,0.4978902953586498,1.0,0.0,0.6647887323943662,0.5,0.0,0.0,1.0,113,False,0.15357712732123305,False
0.018,237,46,118.0,119.0,0.0,0.0,1.0,0.0,0.4978902953586498,1.0,0.0,0.6647887323943662,0.5,0.0,0.0,1.0,113,False,0.15357712732123305,False
0.019,237,46,118.0,119.0,0.0,0.0,1.0,0.0,0.4978902953586498,1.0,0.0,0.6647887323943662,0.5,0.0,0.0,1.0,113,False,0.15357712732123305,False
0.02,237,46,118.0,119.0,0.0,0.0,1.0,0.0,0.4978902953586498,1.0,0.0,0.6647887323943662,0.5,0.0,0.0,1.0,113,False,0.15357712732123305,False
0.021,237,46,118.0,119.0,0.0,0.0,1.0,0.0,0.4978902953586498,1.0,0.0,0.6647887323943662,0.5,0.0,0.0,1.0,113,False,0.15357712732123305,False
0.022,237,46,118.0,119.0,0.0,0.0,1.0,0.0,0.4978902953586498,1.0,0.0,0.6647887323943662,0.5,0.0,0.0,1.0,113,False,0.15357712732123305,False
0.023,237,46,118.0,119.0,0.0,0.0,1.0,0.0,0.4978902953586498,1.0,0.0,0.6647887323943662,0.5,0.0,0.0,1.0,113,False,0.15357712732123305,False
0.024,237,46,118.0,119.0,0.0,0.0,1.0,0.0,0.4978902953586498,1.0,0.0,0.6647887323943662,0.5,0.0,0.0,1.0,113,False,0.15357712732123305,False
0.025,237,46,118.0,119.0,0.0,0.0,1.0,0.0,0.4978902953586498,1.0,0.0,0.6647887323943662,0.5,0.0,0.0,1.0,113,False,0.15357712732123305,False
0.026,237,46,118.0,119.0,0.0,0.0,1.0,0.0,0.4978902953586498,1.0,0.0,0.6647887323943662,0.5,0.0,0.0,1.0,113,False,0.15357712732123305,False
0.027,237,46,118.0,119.0,0.0,0.0,1.0,0.0,0.4978902953586498,1.0,0.0,0.6647887323943662,0.5,0.0,0.0,1.0,113,False,0.15357712732123305,False
0.028,237,46,118.0,119.0,0.0,0.0,1.0,0.0,0.4978902953586498,1.0,0.0,0.6647887323943662,0.5,0.0,0.0,1.0,113,False,0.15357712732123305,False
0.029,237,46,118.0,119.0,0.0,0.0,1.0,0.0,0.4978902953586498,1.0,0.0,0.6647887323943662,0.5,0.0,0.0,1.0,113,False,0.15357712732123305,False
0.03,237,46,118.0,119.0,0.0,0.0,1.0,0.0,0.4978902953586498,1.0,0.0,0.6647887323943662,0.5,0.0,0.0,1.0,113,False,0.15357712732123305,False
0.031,237,46,118.0,119.0,0.0,0.0,1.0,0.0,0.4978902953586498,1.0,0.0,0.6647887323943662,0.5,0.0,0.0,1.0,113,False,0.15357712732123305,False
0.032,237,46,118.0,119.0,0.0,0.0,1.0,0.0,0.4978902953586498,1.0,0.0,0.6647887323943662,0.5,0.0,0.0,1.0,113,False,0.15357712732123305,False
0.033,237,46,118.0,119.0,0.0,0.0,1.0,0.0,0.4978902953586498,1.0,0.0,0.6647887323943662,0.5,0.0,0.0,1.0,113,False,0.15357712732123305,False
0.034,237,46,118.0,119.0,0.0,0.0,1.0,0.0,0.4978902953586498,1.0,0.0,0.6647887323943662,0.5,0.0,0.0,1.0,113,False,0.15357712732123305,False
0.035,237,46,118.0,119.0,0.0,0.0,1.0,0.0,0.4978902953586498,1.0,0.0,0.6647887323943662,0.5,0.0,0.0,1.0,113,False,0.15357712732123305,False
0.036,237,46,118.0,119.0,0.0,0.0,1.0,0.0,0.4978902953586498,1.0,0.0,0.6647887323943662,0.5,0.0,0.0,1.0,113,False,0.15357712732123305,False
0.037,237,46,118.0,119.0,0.0,0.0,1.0,0.0,0.4978902953586498,1.0,0.0,0.6647887323943662,0.5,0.0,0.0,1.0,113,False,0.15357712732123305,False
0.038,237,46,118.0,119.0,0.0,0.0,1.0,0.0,0.4978902953586498,1.0,0.0,0.6647887323943662,0.5,0.0,0.0,1.0,113,False,0.15357712732123305,False
0.039,237,46,118.0,119.0,0.0,0.0,1.0,0.0,0.4978902953586498,1.0,0.0,0.6647887323943662,0.5,0.0,0.0,1.0,113,False,0.15357712732123305,False
0.04,237,46,118.0,119.0,0.0,0.0,1.0,0.0,0.4978902953586498,1.0,0.0,0.6647887323943662,0.5,0.0,0.0,1.0,113,False,0.15357712732123305,False
0.041,237,46,118.0,119.0,0.0,0.0,1.0,0.0,0.4978902953586498,1.0,0.0,0.6647887323943662,0.5,0.0,0.0,1.0,113,False,0.15357712732123305,False
0.042,237,46,118.0,119.0,0.0,0.0,1.0,0.0,0.4978902953586498,1.0,0.0,0.6647887323943662,0.5,0.0,0.0,1.0,113,False,0.15357712732123305,False
0.043,237,46,118.0,119.0,0.0,0.0,1.0,0.0,0.4978902953586498,1.0,0.0,0.6647887323943662,0.5,0.0,0.0,1.0,113,False,0.15357712732123305,False
0.044,237,46,118.0,119.0,0.0,0.0,1.0,0.0,0.4978902953586498,1.0,0.0,0.6647887323943662,0.5,0.0,0.0,1.0,113,False,0.15357712732123305,False
0.045,237,46,118.0,119.0,0.0,0.0,1.0,0.0,0.4978902953586498,1.0,0.0,0.6647887323943662,0.5,0.0,0.0,1.0,113,False,0.15357712732123305,False
0.046,237,46,118.0,119.0,0.0,0.0,1.0,0.0,0.4978902953586498,1.0,0.0,0.6647887323943662,0.5,0.0,0.0,1.0,113,False,0.15357712732123305,False
0.047,237,46,118.0,119.0,0.0,0.0,1.0,0.0,0.4978902953586498,1.0,0.0,0.6647887323943662,0.5,0.0,0.0,1.0,113,False,0.15357712732123305,False
0.048,237,46,118.0,119.0,0.0,0.0,1.0,0.0,0.4978902953586498,1.0,0.0,0.6647887323943662,0.5,0.0,0.0,1.0,113,False,0.15357712732123305,False
0.049,237,46,118.0,119.0,0.0,0.0,1.0,0.0,0.4978902953586498,1.0,0.0,0.6647887323943662,0.5,0.0,0.0,1.0,113,False,0.15357712732123305,False
0.05,237,46,118.0,119.0,0.0,0.0,1.0,0.0,0.4978902953586498,1.0,0.0,0.6647887323943662,0.5,0.0,0.0,1.0,113,False,0.15357712732123305,False
0.051,237,46,118.0,119.0,0.0,0.0,1.0,0.0,0.4978902953586498,1.0,0.0,0.6647887323943662,0.5,0.0,0.0,1.0,113,False,0.15357712732123305,False
0.052,237,46,118.0,119.0,0.0,0.0,1.0,0.0,0.4978902953586498,1.0,0.0,0.6647887323943662,0.5,0.0,0.0,1.0,113,False,0.15357712732123305,False
0.053,237,46,118.0,119.0,0.0,0.0,1.0,0.0,0.4978902953586498,1.0,0.0,0.6647887323943662,0.5,0.0,0.0,1.0,113,False,0.15357712732123305,False
0.054,237,46,118.0,119.0,0.0,0.0,1.0,0.0,0.4978902953586498,1.0,0.0,0.6647887323943662,0.5,0.0,0.0,1.0,113,False,0.15357712732123305,False
0.055,237,46,118.0,119.0,0.0,0.0,1.0,0.0,0.4978902953586498,1.0,0.0,0.6647887323943662,0.5,0.0,0.0,1.0,113,False,0.15357712732123305,False
0.056,237,46,118.0,119.0,0.0,0.0,1.0,0.0,0.4978902953586498,1.0,0.0,0.6647887323943662,0.5,0.0,0.0,1.0,113,False,0.15357712732123305,False
0.056667,237,46,118.0,119.0,0.0,0.0,1.0,0.0,0.4978902953586498,1.0,0.0,0.6647887323943662,0.5,0.0,0.0,1.0,113,False,0.15357712732123305,False
0.057,237,46,118.0,117.0,2.0,0.0,0.9831932773109243,0.0,0.502127659574468,1.0,0.01680672268907563,0.668555240793201,0.5084033613445378,0.12964074471043288,0.01680672268907557,0.9915611814345991,111,False,0.1519230140066498,False
0.058,237,46,118.0,117.0,2.0,0.0,0.9831932773109243,0.0,0.502127659574468,1.0,0.01680672268907563,0.668555240793201,0.5084033613445378,0.12964074471043288,0.01680672268907557,0.9915611814345991,111,False,0.1519230140066498,False
0.059,237,46,118.0,117.0,2.0,0.0,0.9831932773109243,0.0,0.502127659574468,1.0,0.01680672268907563,0.668555240793201,0.5084033613445378,0.12964074471043288,0.01680672268907557,0.9915611814345991,111,False,0.1519230140066498,False
0.06,237,46,118.0,117.0,2.0,0.0,0.9831932773109243,0.0,0.502127659574468,1.0,0.01680672268907563,0.668555240793201,0.5084033613445378,0.12964074471043288,0.01680672268907557,0.9915611814345991,111,False,0.1519230140066498,False
0.061,237,46,118.0,117.0,2.0,0.0,0.9831932773109243,0.0,0.502127659574468,1.0,0.01680672268907563,0.668555240793201,0.5084033613445378,0.12964074471043288,0.01680672268907557,0.9915611814345991,111,False,0.1519230140066498,False
0.062,237,46,118.0,117.0,2.0,0.0,0.9831932773109243,0.0,0.502127659574468,1.0,0.01680672268907563,0.668555240793201,0.5084033613445378,0.12964074471043288,0.01680672268907557,0.9915611814345991,111,False,0.1519230140066498,False
0.063,237,46,118.0,117.0,2.0,0.0,0.9831932773109243,0.0,0.502127659574468,1.0,0.01680672268907563,0.668555240793201,0.5084033613445378,0.12964074471043288,0.01680672268907557,0.9915611814345991,111,False,0.1519230140066498,False
0.064,237,46,118.0,117.0,2.0,0.0,0.9831932773109243,0.0,0.502127659574468,1.0,0.01680672268907563,0.668555240793201,0.5084033613445378,0.12964074471043288,0.01680672268907557,0.9915611814345991,111,False,0.1519230140066498,False
0.064762,237,46,118.0,117.0,2.0,0.0,0.9831932773109243,0.0,0.502127659574468,1.0,0.01680672268907563,0.668555240793201,0.5084033613445378,0.12964074471043288,0.01680672268907557,0.9915611814345991,111,False,0.1519230140066498,False
0.065,237,46,118.0,117.0,2.0,0.0,0.9831932773109243,0.0,0.502127659574468,1.0,0.01680672268907563,0.668555240793201,0.5084033613445378,0.12964074471043288,0.01680672268907557,0.9915611814345991,111,False,0.1519230140066498,False
0.066,237,46,118.0,117.0,2.0,0.0,0.9831932773109243,0.0,0.502127659574468,1.0,0.01680672268907563,0.668555240793201,0.5084033613445378,0.12964074471043288,0.01680672268907557,0.9915611814345991,111,False,0.1519230140066498,False
0.067,237,46,118.0,117.0,2.0,0.0,0.9831932773109243,0.0,0.502127659574468,1.0,0.01680672268907563,0.668555240793201,0.5084033613445378,0.12964074471043288,0.01680672268907557,0.9915611814345991,111,False,0.1519230140066498,False
0.068,237,46,118.0,117.0,2.0,0.0,0.9831932773109243,0.0,0.502127659574468,1.0,0.01680672268907563,0.668555240793201,0.5084033613445378,0.12964074471043288,0.01680672268907557,0.9915611814345991,111,False,0.1519230140066498,False
0.069,237,46,118.0,117.0,2.0,0.0,0.9831932773109243,0.0,0.502127659574468,1.0,0.01680672268907563,0.668555240793201,0.5084033613445378,0.12964074471043288,0.01680672268907557,0.9915611814345991,111,False,0.1519230140066498,False
0.07,237,46,118.0,117.0,2.0,0.0,0.9831932773109243,0.0,0.502127659574468,1.0,0.01680672268907563,0.668555240793201,0.5084033613445378,0.12964074471043288,0.01680672268907557,0.9915611814345991,111,False,0.1519230140066498,False
0.071,237,46,118.0,117.0,2.0,0.0,0.9831932773109243,0.0,0.502127659574468,1.0,0.01680672268907563,0.668555240793201,0.5084033613445378,0.12964074471043288,0.01680672268907557,0.9915611814345991,111,False,0.1519230140066498,False
0.072,237,46,118.0,117.0,2.0,0.0,0.9831932773109243,0.0,0.502127659574468,1.0,0.01680672268907563,0.668555240793201,0.5084033613445378,0.12964074471043288,0.01680672268907557,0.9915611814345991,111,False,0.1519230140066498,False
0.072857,237,46,118.0,117.0,2.0,0.0,0.9831932773109243,0.0,0.502127659574468,1.0,0.01680672268907563,0.668555240793201,0.5084033613445378,0.12964074471043288,0.01680672268907557,0.9915611814345991,111,False,0.1519230140066498,False
0.073,237,46,118.0,114.0,5.0,0.0,0.957983193277311,0.0,0.5086206896551724,1.0,0.04201680672268908,0.6742857142857143,0.5210084033613446,0.20498001542269695,0.04201680672268915,0.9789029535864979,108,False,0.1494008898486737,False
0.074,237,46,118.0,114.0,5.0,0.0,0.957983193277311,0.0,0.5086206896551724,1.0,0.04201680672268908,0.6742857142857143,0.5210084033613446,0.20498001542269695,0.04201680672268915,0.9789029535864979,108,False,0.1494008898486737,False
0.075,237,46,118.0,114.0,5.0,0.0,0.957983193277311,0.0,0.5086206896551724,1.0,0.04201680672268908,0.6742857142857143,0.5210084033613446,0.20498001542269695,0.04201680672268915,0.9789029535864979,108,False,0.1494008898486737,False
0.076,237,46,118.0,114.0,5.0,0.0,0.957983193277311,0.0,0.5086206896551724,1.0,0.04201680672268908,0.6742857142857143,0.5210084033613446,0.20498001542269695,0.04201680672268915,0.9789029535864979,108,False,0.1494008898486737,False
0.077,237,46,118.0,114.0,5.0,0.0,0.957983193277311,0.0,0.5086206896551724,1.0,0.04201680672268908,0.6742857142857143,0.5210084033613446,0.20498001542269695,0.04201680672268915,0.9789029535864979,108,False,0.1494008898486737,False
0.078,237,46,118.0,114.0,5.0,0.0,0.957983193277311,0.0,0.5086206896551724,1.0,0.04201680672268908,0.6742857142857143,0.5210084033613446,0.20498001542269695,0.04201680672268915,0.9789029535864979,108,False,0.1494008898486737,False
0.079,237,46,118.0,114.0,5.0,0.0,0.957983193277311,0.0,0.5086206896551724,1.0,0.04201680672268908,0.6742857142857143,0.5210084033613446,0.20498001542269695,0.04201680672268915,0.9789029535864979,108,False,0.1494008898486737,False
0.08,237,46,118.0,114.0,5.0,0.0,0.957983193277311,0.0,0.5086206896551724,1.0,0.04201680672268908,0.6742857142857143,0.5210084033613446,0.20498001542269695,0.04201680672268915,0.9789029535864979,108,False,0.1494008898486737,False
0.081,237,46,118.0,114.0,5.0,0.0,0.957983193277311,0.0,0.5086206896551724,1.0,0.04201680672268908,0.6742857142857143,0.5210084033613446,0.20498001542269695,0.04201680672268915,0.9789029535864979,108,False,0.1494008898486737,False
0.082,237,46,118.0,114.0,5.0,0.0,0.957983193277311,0.0,0.5086206896551724,1.0,0.04201680672268908,0.6742857142857143,0.5210084033613446,0.20498001542269695,0.04201680672268915,0.9789029535864979,108,False,0.1494008898486737,False
0.083,237,46,118.0,114.0,5.0,0.0,0.957983193277311,0.0,0.5086206896551724,1.0,0.04201680672268908,0.6742857142857143,0.5210084033613446,0.20498001542269695,0.04201680672268915,0.9789029535864979,108,False,0.1494008898486737,False
0.084,237,46,118.0,114.0,5.0,0.0,0.957983193277311,0.0,0.5086206896551724,1.0,0.04201680672268908,0.6742857142857143,0.5210084033613446,0.20498001542269695,0.04201680672268915,0.9789029535864979,108,False,0.1494008898486737,False
0.085,237,46,118.0,114.0,5.0,0.0,0.957983193277311,0.0,0.5086206896551724,1.0,0.04201680672268908,0.6742857142857143,0.5210084033613446,0.20498001542269695,0.04201680672268915,0.9789029535864979,108,False,0.1494008898486737,False
0.085,237,46,118.0,114.0,5.0,0.0,0.957983193277311,0.0,0.5086206896551724,1.0,0.04201680672268908,0.6742857142857143,0.5210084033613446,0.20498001542269695,0.04201680672268915,0.9789029535864979,108,False,0.1494008898486737,False
0.086,237,46,118.0,114.0,5.0,0.0,0.957983193277311,0.0,0.5086206896551724,1.0,0.04201680672268908,0.6742857142857143,0.5210084033613446,0.20498001542269695,0.04201680672268915,0.9789029535864979,108,False,0.1494008898486737,False
0.087,237,46,118.0,114.0,5.0,0.0,0.957983193277311,0.0,0.5086206896551724,1.0,0.04201680672268908,0.6742857142857143,0.5210084033613446,0.20498001542269695,0.04201680672268915,0.9789029535864979,108,False,0.1494008898486737,False
0.088,237,46,118.0,114.0,5.0,0.0,0.957983193277311,0.0,0.5086206896551724,1.0,0.04201680672268908,0.6742857142857143,0.5210084033613446,0.20498001542269695,0.04201680672268915,0.9789029535864979,108,False,0.1494008898486737,False
0.089,237,46,118.0,114.0,5.0,0.0,0.957983193277311,0.0,0.5086206896551724,1.0,0.04201680672268908,0.6742857142857143,0.5210084033613446,0.20498001542269695,0.04201680672268915,0.9789029535864979,108,False,0.1494008898486737,False
0.09,237,46,118.0,114.0,5.0,0.0,0.957983193277311,0.0,0.5086206896551724,1.0,0.04201680672268908,0.6742857142857143,0.5210084033613446,0.20498001542269695,0.04201680672268915,0.9789029535864979,108,False,0.1494008898486737,False
0.091,237,46,118.0,114.0,5.0,0.0,0.957983193277311,0.0,0.5086206896551724,1.0,0.04201680672268908,0.6742857142857143,0.5210084033613446,0.20498001542269695,0.04201680672268915,0.9789029535864979,108,False,0.1494008898486737,False
0.092,237,46,118.0,114.0,5.0,0.0,0.957983193277311,0.0,0.5086206896551724,1.0,0.04201680672268908,0.6742857142857143,0.5210084033613446,0.20498001542269695,0.04201680672268915,0.9789029535864979,108,False,0.1494008898486737,False
0.093,237,46,118.0,114.0,5.0,0.0,0.957983193277311,0.0,0.5086206896551724,1.0,0.04201680672268908,0.6742857142857143,0.5210084033613446,0.20498001542269695,0.04201680672268915,0.9789029535864979,108,False,0.1494008898486737,False
0.094,237,46,118.0,114.0,5.0,0.0,0.957983193277311,0.0,0.5086206896551724,1.0,0.04201680672268908,0.6742857142857143,0.5210084033613446,0.20498001542269695,0.04201680672268915,0.9789029535864979,108,False,0.1494008898486737,False
0.095,237,46,118.0,114.0,5.0,0.0,0.957983193277311,0.0,0.5086206896551724,1.0,0.04201680672268908,0.6742857142857143,0.5210084033613446,0.20498001542269695,0.04201680672268915,0.9789029535864979,108,False,0.1494008898486737,False
0.096,237,46,118.0,114.0,5.0,0.0,0.957983193277311,0.0,0.5086206896551724,1.0,0.04201680672268908,0.6742857142857143,0.5210084033613446,0.20498001542269695,0.04201680672268915,0.9789029535864979,108,False,0.1494008898486737,False
0.097,237,46,118.0,114.0,5.0,0.0,0.957983193277311,0.0,0.5086206896551724,1.0,0.04201680672268908,0.6742857142857143,0.5210084033613446,0.20498001542269695,0.04201680672268915,0.9789029535864979,108,False,0.1494008898486737,False
0.097143,237,46,118.0,114.0,5.0,0.0,0.957983193277311,0.0,0.5086206896551724,1.0,0.04201680672268908,0.6742857142857143,0.5210084033613446,0.20498001542269695,0.04201680672268915,0.9789029535864979,108,False,0.1494008898486737,False
0.098,237,46,118.0,109.0,10.0,0.0,0.9159663865546218,0.0,0.5198237885462555,1.0,0.08403361344537816,0.6840579710144928,0.542016806722689,0.28988551782622424,0.08403361344537807,0.9578059071729957,103,False,0.14508678366397443,False
0.099,237,46,118.0,109.0,10.0,0.0,0.9159663865546218,0.0,0.5198237885462555,1.0,0.08403361344537816,0.6840579710144928,0.542016806722689,0.28988551782622424,0.08403361344537807,0.9578059071729957,103,False,0.14508678366397443,False
0.1,237,46,118.0,109.0,10.0,0.0,0.9159663865546218,0.0,0.5198237885462555,1.0,0.08403361344537816,0.6840579710144928,0.542016806722689,0.28988551782622424,0.08403361344537807,0.9578059071729957,103,False,0.14508678366397443,False
0.101,237,46,118.0,109.0,10.0,0.0,0.9159663865546218,0.0,0.5198237885462555,1.0,0.08403361344537816,0.6840579710144928,0.542016806722689,0.28988551782622424,0.08403361344537807,0.9578059071729957,103,False,0.14508678366397443,False
0.102,237,46,118.0,109.0,10.0,0.0,0.9159663865546218,0.0,0.5198237885462555,1.0,0.08403361344537816,0.6840579710144928,0.542016806722689,0.28988551782622424,0.08403361344537807,0.9578059071729957,103,False,0.14508678366397443,False
0.103,237,46,118.0,109.0,10.0,0.0,0.9159663865546218,0.0,0.5198237885462555,1.0,0.08403361344537816,0.6840579710144928,0.542016806722689,0.28988551782622424,0.08403361344537807,0.9578059071729957,103,False,0.14508678366397443,False
0.104,237,46,118.0,109.0,10.0,0.0,0.9159663865546218,0.0,0.5198237885462555,1.0,0.08403361344537816,0.6840579710144928,0.542016806722689,0.28988551782622424,0.08403361344537807,0.9578059071729957,103,False,0.14508678366397443,False
0.105,237,46,118.0,109.0,10.0,0.0,0.9159663865546218,0.0,0.5198237885462555,1.0,0.08403361344537816,0.6840579710144928,0.542016806722689,0.28988551782622424,0.08403361344537807,0.9578059071729957,103,False,0.14508678366397443,False
0.105238,237,46,118.0,109.0,10.0,0.0,0.9159663865546218,0.0,0.5198237885462555,1.0,0.08403361344537816,0.6840579710144928,0.542016806722689,0.28988551782622424,0.08403361344537807,0.9578059071729957,103,False,0.14508678366397443,False
0.106,237,46,118.0,109.0,10.0,0.0,0.9159663865546218,0.0,0.5198237885462555,1.0,0.08403361344537816,0.6840579710144928,0.542016806722689,0.28988551782622424,0.08403361344537807,0.9578059071729957,103,False,0.14508678366397443,False
0.107,237,46,118.0,109.0,10.0,0.0,0.9159663865546218,0.0,0.5198237885462555,1.0,0.08403361344537816,0.6840579710144928,0.542016806722689,0.28988551782622424,0.08403361344537807,0.9578059071729957,103,False,0.14508678366397443,False
0.108,237,46,118.0,109.0,10.0,0.0,0.9159663865546218,0.0,0.5198237885462555,1.0,0.08403361344537816,0.6840579710144928,0.542016806722689,0.28988551782622424,0.08403361344537807,0.9578059071729957,103,False,0.14508678366397443,False
0.109,237,46,118.0,109.0,10.0,0.0,0.9159663865546218,0.0,0.5198237885462555,1.0,0.08403361344537816,0.6840579710144928,0.542016806722689,0.28988551782622424,0.08403361344537807,0.9578059071729957,103,False,0.14508678366397443,False
0.11,237,46,118.0,109.0,10.0,0.0,0.9159663865546218,0.0,0.5198237885462555,1.0,0.08403361344537816,0.6840579710144928,0.542016806722689,0.28988551782622424,0.08403361344537807,0.9578059071729957,103,False,0.14508678366397443,False
0.111,237,46,118.0,109.0,10.0,0.0,0.9159663865546218,0.0,0.5198237885462555,1.0,0.08403361344537816,0.6840579710144928,0.542016806722689,0.28988551782622424,0.08403361344537807,0.9578059071729957,103,False,0.14508678366397443,False
0.112,237,46,118.0,109.0,10.0,0.0,0.9159663865546218,0.0,0.5198237885462555,1.0,0.08403361344537816,0.6840579710144928,0.542016806722689,0.28988551782622424,0.08403361344537807,0.9578059071729957,103,False,0.14508678366397443,False
0.113,237,46,118.0,109.0,10.0,0.0,0.9159663865546218,0.0,0.5198237885462555,1.0,0.08403361344537816,0.6840579710144928,0.542016806722689,0.28988551782622424,0.08403361344537807,0.9578059071729957,103,False,0.14508678366397443,False
0.113333,237,46,118.0,109.0,10.0,0.0,0.9159663865546218,0.0,0.5198237885462555,1.0,0.08403361344537816,0.6840579710144928,0.542016806722689,0.28988551782622424,0.08403361344537807,0.9578059071729957,103,False,0.14508678366397443,False
0.114,237,46,118.0,93.0,26.0,0.0,0.7815126050420168,0.0,0.5592417061611374,1.0,0.2184873949579832,0.7173252279635258,0.6092436974789917,0.4674263524428027,0.2184873949579833,0.890295358649789,87,False,0.13034560246213714,False
0.115,237,46,118.0,93.0,26.0,0.0,0.7815126050420168,0.0,0.5592417061611374,1.0,0.2184873949579832,0.7173252279635258,0.6092436974789917,0.4674263524428027,0.2184873949579833,0.890295358649789,87,False,0.13034560246213714,False
0.116,237,46,118.0,93.0,26.0,0.0,0.7815126050420168,0.0,0.5592417061611374,1.0,0.2184873949579832,0.7173252279635258,0.6092436974789917,0.4674263524428027,0.2184873949579833,0.890295358649789,87,False,0.13034560246213714,False
0.117,237,46,118.0,93.0,26.0,0.0,0.7815126050420168,0.0,0.5592417061611374,1.0,0.2184873949579832,0.7173252279635258,0.6092436974789917,0.4674263524428027,0.2184873949579833,0.890295358649789,87,False,0.13034560246213714,False
0.118,237,46,118.0,93.0,26.0,0.0,0.7815126050420168,0.0,0.5592417061611374,1.0,0.2184873949579832,0.7173252279635258,0.6092436974789917,0.4674263524428027,0.2184873949579833,0.890295358649789,87,False,0.13034560246213714,False
0.119,237,46,118.0,93.0,26.0,0.0,0.7815126050420168,0.0,0.5592417061611374,1.0,0.2184873949579832,0.7173252279635258,0.6092436974789917,0.4674263524428027,0.2184873949579833,0.890295358649789,87,False,0.13034560246213714,False
0.12,237,46,118.0,93.0,26.0,0.0,0.7815126050420168,0.0,0.5592417061611374,1.0,0.2184873949579832,0.7173252279635258,0.6092436974789917,0.4674263524428027,0.2184873949579833,0.890295358649789,87,False,0.13034560246213714,False
0.1204165,237,46,118.0,93.0,26.0,0.0,0.7815126050420168,0.0,0.5592417061611374,1.0,0.2184873949579832,0.7173252279635258,0.6092436974789917,0.4674263524428027,0.2184873949579833,0.890295358649789,87,False,0.13034560246213714,False
0.121,237,46,118.0,93.0,26.0,0.0,0.7815126050420168,0.0,0.5592417061611374,1.0,0.2184873949579832,0.7173252279635258,0.6092436974789917,0.4674263524428027,0.2184873949579833,0.890295358649789,87,False,0.13034560246213714,False
0.122,237,46,118.0,93.0,26.0,0.0,0.7815126050420168,0.0,0.5592417061611374,1.0,0.2184873949579832,0.7173252279635258,0.6092436974789917,0.4674263524428027,0.2184873949579833,0.890295358649789,87,False,0.13034560246213714,False
0.123,237,46,118.0,93.0,26.0,0.0,0.7815126050420168,0.0,0.5592417061611374,1.0,0.2184873949579832,0.7173252279635258,0.6092436974789917,0.4674263524428027,0.2184873949579833,0.890295358649789,87,False,0.13034560246213714,False
0.124,237,46,118.0,93.0,26.0,0.0,0.7815126050420168,0.0,0.5592417061611374,1.0,0.2184873949579832,0.7173252279635258,0.6092436974789917,0.4674263524428027,0.2184873949579833,0.890295358649789,87,False,0.13034560246213714,False
0.125,237,46,118.0,93.0,26.0,0.0,0.7815126050420168,0.0,0.5592417061611374,1.0,0.2184873949579832,0.7173252279635258,0.6092436974789917,0.4674263524428027,0.2184873949579833,0.890295358649789,87,False,0.13034560246213714,False
0.126,237,46,118.0,93.0,26.0,0.0,0.7815126050420168,0.0,0.5592417061611374,1.0,0.2184873949579832,0.7173252279635258,0.6092436974789917,0.4674263524428027,0.2184873949579833,0.890295358649789,87,False,0.13034560246213714,False
0.127,237,46,118.0,93.0,26.0,0.0,0.7815126050420168,0.0,0.5592417061611374,1.0,0.2184873949579832,0.7173252279635258,0.6092436974789917,0.4674263524428027,0.2184873949579833,0.890295358649789,87,False,0.13034560246213714,False
0.1275,237,46,118.0,93.0,26.0,0.0,0.7815126050420168,0.0,0.5592417061611374,1.0,0.2184873949579832,0.7173252279635258,0.6092436974789917,0.4674263524428027,0.2184873949579833,0.890295358649789,87,False,0.13034560246213714,False
0.128,237,46,118.0,83.0,36.0,0.0,0.6974789915966386,0.0,0.5870646766169154,1.0,0.3025210084033613,0.7398119122257053,0.6512605042016807,0.5500190982169267,0.3025210084033614,0.8481012658227848,77,False,0.12044645719941313,False
0.129,237,46,118.0,83.0,36.0,0.0,0.6974789915966386,0.0,0.5870646766169154,1.0,0.3025210084033613,0.7398119122257053,0.6512605042016807,0.5500190982169267,0.3025210084033614,0.8481012658227848,77,False,0.12044645719941313,False
0.13,237,46,118.0,83.0,36.0,0.0,0.6974789915966386,0.0,0.5870646766169154,1.0,0.3025210084033613,0.7398119122257053,0.6512605042016807,0.5500190982169267,0.3025210084033614,0.8481012658227848,77,False,0.12044645719941313,False
0.131,237,46,118.0,83.0,36.0,0.0,0.6974789915966386,0.0,0.5870646766169154,1.0,0.3025210084033613,0.7398119122257053,0.6512605042016807,0.5500190982169267,0.3025210084033614,0.8481012658227848,77,False,0.12044645719941313,False
0.132,237,46,118.0,83.0,36.0,0.0,0.6974789915966386,0.0,0.5870646766169154,1.0,0.3025210084033613,0.7398119122257053,0.6512605042016807,0.5500190982169267,0.3025210084033614,0.8481012658227848,77,False,0.12044645719941313,False
0.133,237,46,118.0,83.0,36.0,0.0,0.6974789915966386,0.0,0.5870646766169154,1.0,0.3025210084033613,0.7398119122257053,0.6512605042016807,0.5500190982169267,0.3025210084033614,0.8481012658227848,77,False,0.12044645719941313,False
0.134,237,46,118.0,83.0,36.0,0.0,0.6974789915966386,0.0,0.5870646766169154,1.0,0.3025210084033613,0.7398119122257053,0.6512605042016807,0.5500190982169267,0.3025210084033614,0.8481012658227848,77,False,0.12044645719941313,False
0.1345835,237,46,118.0,83.0,36.0,0.0,0.6974789915966386,0.0,0.5870646766169154,1.0,0.3025210084033613,0.7398119122257053,0.6512605042016807,0.5500190982169267,0.3025210084033614,0.8481012658227848,77,False,0.12044645719941313,False
0.135,237,46,118.0,83.0,36.0,0.0,0.6974789915966386,0.0,0.5870646766169154,1.0,0.3025210084033613,0.7398119122257053,0.6512605042016807,0.5500190982169267,0.3025210084033614,0.8481012658227848,77,False,0.12044645719941313,False
0.136,237,46,118.0,83.0,36.0,0.0,0.6974789915966386,0.0,0.5870646766169154,1.0,0.3025210084033613,0.7398119122257053,0.6512605042016807,0.5500190982169267,0.3025210084033614,0.8481012658227848,77,False,0.12044645719941313,False
0.137,237,46,118.0,83.0,36.0,0.0,0.6974789915966386,0.0,0.5870646766169154,1.0,0.3025210084033613,0.7398119122257053,0.6512605042016807,0.5500190982169267,0.3025210084033614,0.8481012658227848,77,False,0.12044645719941313,False
0.138,237,46,118.0,83.0,36.0,0.0,0.6974789915966386,0.0,0.5870646766169154,1.0,0.3025210084033613,0.7398119122257053,0.6512605042016807,0.5500190982169267,0.3025210084033614,0.8481012658227848,77,False,0.12044645719941313,False
0.139,237,46,118.0,83.0,36.0,0.0,0.6974789915966386,0.0,0.5870646766169154,1.0,0.3025210084033613,0.7398119122257053,0.6512605042016807,0.5500190982169267,0.3025210084033614,0.8481012658227848,77,False,0.12044645719941313,False
0.14,237,46,118.0,83.0,36.0,0.0,0.6974789915966386,0.0,0.5870646766169154,1.0,0.3025210084033613,0.7398119122257053,0.6512605042016807,0.5500190982169267,0.3025210084033614,0.8481012658227848,77,False,0.12044645719941313,False
0.141,237,46,118.0,83.0,36.0,0.0,0.6974789915966386,0.0,0.5870646766169154,1.0,0.3025210084033613,0.7398119122257053,0.6512605042016807,0.5500190982169267,0.3025210084033614,0.8481012658227848,77,False,0.12044645719941313,False
0.141667,237,46,118.0,83.0,36.0,0.0,0.6974789915966386,0.0,0.5870646766169154,1.0,0.3025210084033613,0.7398119122257053,0.6512605042016807,0.5500190982169267,0.3025210084033614,0.8481012658227848,77,False,0.12044645719941313,False
0.142,237,46,118.0,79.0,40.0,0.0,0.6638655462184874,0.0,0.5989847715736041,1.0,0.33613445378151263,0.7492063492063492,0.6680672268907564,0.5797710356524485,0.33613445378151274,0.8312236286919831,73,False,0.11636388697754409,False
0.143,237,46,118.0,79.0,40.0,0.0,0.6638655462184874,0.0,0.5989847715736041,1.0,0.33613445378151263,0.7492063492063492,0.6680672268907564,0.5797710356524485,0.33613445378151274,0.8312236286919831,73,False,0.11636388697754409,False
0.144,237,46,118.0,79.0,40.0,0.0,0.6638655462184874,0.0,0.5989847715736041,1.0,0.33613445378151263,0.7492063492063492,0.6680672268907564,0.5797710356524485,0.33613445378151274,0.8312236286919831,73,False,0.11636388697754409,False
0.145,237,46,118.0,79.0,40.0,0.0,0.6638655462184874,0.0,0.5989847715736041,1.0,0.33613445378151263,0.7492063492063492,0.6680672268907564,0.5797710356524485,0.33613445378151274,0.8312236286919831,73,False,0.11636388697754409,False
0.1458335,237,46,118.0,79.0,40.0,0.0,0.6638655462184874,0.0,0.5989847715736041,1.0,0.33613445378151263,0.7492063492063492,0.6680672268907564,0.5797710356524485,0.33613445378151274,0.8312236286919831,73,False,0.11636388697754409,False
0.146,237,46,118.0,79.0,40.0,0.0,0.6638655462184874,0.0,0.5989847715736041,1.0,0.33613445378151263,0.7492063492063492,0.6680672268907564,0.5797710356524485,0.33613445378151274,0.8312236286919831,73,False,0.11636388697754409,False
0.147,237,46,118.0,79.0,40.0,0.0,0.6638655462184874,0.0,0.5989847715736041,1.0,0.33613445378151263,0.7492063492063492,0.6680672268907564,0.5797710356524485,0.33613445378151274,0.8312236286919831,73,False,0.11636388697754409,False
0.148,237,46,118.0,79.0,40.0,0.0,0.6638655462184874,0.0,0.5989847715736041,1.0,0.33613445378151263,0.7492063492063492,0.6680672268907564,0.5797710356524485,0.33613445378151274,0.8312236286919831,73,False,0.11636388697754409,False
0.149,237,46,118.0,79.0,40.0,0.0,0.6638655462184874,0.0,0.5989847715736041,1.0,0.33613445378151263,0.7492063492063492,0.6680672268907564,0.5797710356524485,0.33613445378151274,0.8312236286919831,73,False,0.11636388697754409,False
0.15,237,46,118.0,79.0,40.0,0.0,0.6638655462184874,0.0,0.5989847715736041,1.0,0.33613445378151263,0.7492063492063492,0.6680672268907564,0.5797710356524485,0.33613445378151274,0.8312236286919831,73,False,0.11636388697754409,False
0.151,237,46,118.0,74.0,45.0,0.0,0.6218487394957983,0.0,0.6145833333333334,1.0,0.37815126050420167,0.7612903225806451,0.6890756302521008,0.6149400462680908,0.37815126050420167,0.810126582278481,68,False,0.11689433295229333,False
0.152,237,46,118.0,74.0,45.0,0.0,0.6218487394957983,0.0,0.6145833333333334,1.0,0.37815126050420167,0.7612903225806451,0.6890756302521008,0.6149400462680908,0.37815126050420167,0.810126582278481,68,False,0.11689433295229333,False
0.153,237,46,118.0,74.0,45.0,0.0,0.6218487394957983,0.0,0.6145833333333334,1.0,0.37815126050420167,0.7612903225806451,0.6890756302521008,0.6149400462680908,0.37815126050420167,0.810126582278481,68,False,0.11689433295229333,False
0.154,237,46,118.0,74.0,45.0,0.0,0.6218487394957983,0.0,0.6145833333333334,1.0,0.37815126050420167,0.7612903225806451,0.6890756302521008,0.6149400462680908,0.37815126050420167,0.810126582278481,68,False,0.11689433295229333,False
0.155,237,46,118.0,74.0,45.0,0.0,0.6218487394957983,0.0,0.6145833333333334,1.0,0.37815126050420167,0.7612903225806451,0.6890756302521008,0.6149400462680908,0.37815126050420167,0.810126582278481,68,False,0.11689433295229333,False
0.156,237,46,118.0,74.0,45.0,0.0,0.6218487394957983,0.0,0.6145833333333334,1.0,0.37815126050420167,0.7612903225806451,0.6890756302521008,0.6149400462680908,0.37815126050420167,0.810126582278481,68,False,0.11689433295229333,False
0.1561365,237,46,118.0,74.0,45.0,0.0,0.6218487394957983,0.0,0.6145833333333334,1.0,0.37815126050420167,0.7612903225806451,0.6890756302521008,0.6149400462680908,0.37815126050420167,0.810126582278481,68,False,0.11689433295229333,False
0.157,237,46,118.0,74.0,45.0,0.0,0.6218487394957983,0.0,0.6145833333333334,1.0,0.37815126050420167,0.7612903225806451,0.6890756302521008,0.6149400462680908,0.37815126050420167,0.810126582278481,68,False,0.11689433295229333,False
0.158,237,46,118.0,74.0,45.0,0.0,0.6218487394957983,0.0,0.6145833333333334,1.0,0.37815126050420167,0.7612903225806451,0.6890756302521008,0.6149400462680908,0.37815126050420167,0.810126582278481,68,False,0.11689433295229333,False
0.159,237,46,118.0,74.0,45.0,0.0,0.6218487394957983,0.0,0.6145833333333334,1.0,0.37815126050420167,0.7612903225806451,0.6890756302521008,0.6149400462680908,0.37815126050420167,0.810126582278481,68,False,0.11689433295229333,False
0.16,237,46,118.0,74.0,45.0,0.0,0.6218487394957983,0.0,0.6145833333333334,1.0,0.37815126050420167,0.7612903225806451,0.6890756302521008,0.6149400462680908,0.37815126050420167,0.810126582278481,68,False,0.11689433295229333,False
0.161,237,46,118.0,74.0,45.0,0.0,0.6218487394957983,0.0,0.6145833333333334,1.0,0.37815126050420167,0.7612903225806451,0.6890756302521008,0.6149400462680908,0.37815126050420167,0.810126582278481,68,False,0.11689433295229333,False
0.162,237,46,118.0,74.0,45.0,0.0,0.6218487394957983,0.0,0.6145833333333334,1.0,0.37815126050420167,0.7612903225806451,0.6890756302521008,0.6149400462680908,0.37815126050420167,0.810126582278481,68,False,0.11689433295229333,False
0.162273,237,46,118.0,74.0,45.0,0.0,0.6218487394957983,0.0,0.6145833333333334,1.0,0.37815126050420167,0.7612903225806451,0.6890756302521008,0.6149400462680908,0.37815126050420167,0.810126582278481,68,False,0.11689433295229333,False
0.163,237,46,118.0,73.0,46.0,0.0,0.6134453781512605,0.0,0.6178010471204188,1.0,0.3865546218487395,0.7637540453074434,0.6932773109243697,0.6217351701880307,0.38655462184873945,0.8059071729957806,67,False,0.11639380673523583,False
0.164,237,46,118.0,73.0,46.0,0.0,0.6134453781512605,0.0,0.6178010471204188,1.0,0.3865546218487395,0.7637540453074434,0.6932773109243697,0.6217351701880307,0.38655462184873945,0.8059071729957806,67,False,0.11639380673523583,False
0.165,237,46,118.0,73.0,46.0,0.0,0.6134453781512605,0.0,0.6178010471204188,1.0,0.3865546218487395,0.7637540453074434,0.6932773109243697,0.6217351701880307,0.38655462184873945,0.8059071729957806,67,False,0.11639380673523583,False
0.166,237,46,118.0,73.0,46.0,0.0,0.6134453781512605,0.0,0.6178010471204188,1.0,0.3865546218487395,0.7637540453074434,0.6932773109243697,0.6217351701880307,0.38655462184873945,0.8059071729957806,67,False,0.11639380673523583,False
0.167,237,46,118.0,73.0,46.0,0.0,0.6134453781512605,0.0,0.6178010471204188,1.0,0.3865546218487395,0.7637540453074434,0.6932773109243697,0.6217351701880307,0.38655462184873945,0.8059071729957806,67,False,0.11639380673523583,False
0.168,237,46,118.0,73.0,46.0,0.0,0.6134453781512605,0.0,0.6178010471204188,1.0,0.3865546218487395,0.7637540453074434,0.6932773109243697,0.6217351701880307,0.38655462184873945,0.8059071729957806,67,False,0.11639380673523583,False
0.169,237,46,118.0,73.0,46.0,0.0,0.6134453781512605,0.0,0.6178010471204188,1.0,0.3865546218487395,0.7637540453074434,0.6932773109243697,0.6217351701880307,0.38655462184873945,0.8059071729957806,67,False,0.11639380673523583,False
0.17,237,46,118.0,73.0,46.0,0.0,0.6134453781512605,0.0,0.6178010471204188,1.0,0.3865546218487395,0.7637540453074434,0.6932773109243697,0.6217351701880307,0.38655462184873945,0.8059071729957806,67,False,0.11639380673523583,False
0.171,237,46,118.0,73.0,46.0,0.0,0.6134453781512605,0.0,0.6178010471204188,1.0,0.3865546218487395,0.7637540453074434,0.6932773109243697,0.6217351701880307,0.38655462184873945,0.8059071729957806,67,False,0.11639380673523583,False
0.172,237,46,118.0,73.0,46.0,0.0,0.6134453781512605,0.0,0.6178010471204188,1.0,0.3865546218487395,0.7637540453074434,0.6932773109243697,0.6217351701880307,0.38655462184873945,0.8059071729957806,67,False,0.11639380673523583,False
0.173,237,46,118.0,73.0,46.0,0.0,0.6134453781512605,0.0,0.6178010471204188,1.0,0.3865546218487395,0.7637540453074434,0.6932773109243697,0.6217351701880307,0.38655462184873945,0.8059071729957806,67,False,0.11639380673523583,False
0.174,237,46,118.0,73.0,46.0,0.0,0.6134453781512605,0.0,0.6178010471204188,1.0,0.3865546218487395,0.7637540453074434,0.6932773109243697,0.6217351701880307,0.38655462184873945,0.8059071729957806,67,False,0.11639380673523583,False
0.175,237,46,118.0,73.0,46.0,0.0,0.6134453781512605,0.0,0.6178010471204188,1.0,0.3865546218487395,0.7637540453074434,0.6932773109243697,0.6217351701880307,0.38655462184873945,0.8059071729957806,67,False,0.11639380673523583,False
0.176,237,46,118.0,73.0,46.0,0.0,0.6134453781512605,0.0,0.6178010471204188,1.0,0.3865546218487395,0.7637540453074434,0.6932773109243697,0.6217351701880307,0.38655462184873945,0.8059071729957806,67,False,0.11639380673523583,False
0.177,237,46,118.0,73.0,46.0,0.0,0.6134453781512605,0.0,0.6178010471204188,1.0,0.3865546218487395,0.7637540453074434,0.6932773109243697,0.6217351701880307,0.38655462184873945,0.8059071729957806,67,False,0.11639380673523583,False
0.178,237,46,118.0,73.0,46.0,0.0,0.6134453781512605,0.0,0.6178010471204188,1.0,0.3865546218487395,0.7637540453074434,0.6932773109243697,0.6217351701880307,0.38655462184873945,0.8059071729957806,67,False,0.11639380673523583,False
0.179,237,46,118.0,73.0,46.0,0.0,0.6134453781512605,0.0,0.6178010471204188,1.0,0.3865546218487395,0.7637540453074434,0.6932773109243697,0.6217351701880307,0.38655462184873945,0.8059071729957806,67,False,0.11639380673523583,False
0.18,237,46,118.0,73.0,46.0,0.0,0.6134453781512605,0.0,0.6178010471204188,1.0,0.3865546218487395,0.7637540453074434,0.6932773109243697,0.6217351701880307,0.38655462184873945,0.8059071729957806,67,False,0.11639380673523583,False
0.181,237,46,118.0,73.0,46.0,0.0,0.6134453781512605,0.0,0.6178010471204188,1.0,0.3865546218487395,0.7637540453074434,0.6932773109243697,0.6217351701880307,0.38655462184873945,0.8059071729957806,67,False,0.11639380673523583,False
0.1811365,237,46,118.0,73.0,46.0,0.0,0.6134453781512605,0.0,0.6178010471204188,1.0,0.3865546218487395,0.7637540453074434,0.6932773109243697,0.6217351701880307,0.38655462184873945,0.8059071729957806,67,False,0.11639380673523583,False
0.182,237,46,118.0,73.0,46.0,0.0,0.6134453781512605,0.0,0.6178010471204188,1.0,0.3865546218487395,0.7637540453074434,0.6932773109243697,0.6217351701880307,0.38655462184873945,0.8059071729957806,67,False,0.11639380673523583,False
0.183,237,46,118.0,73.0,46.0,0.0,0.6134453781512605,0.0,0.6178010471204188,1.0,0.3865546218487395,0.7637540453074434,0.6932773109243697,0.6217351701880307,0.38655462184873945,0.8059071729957806,67,False,0.11639380673523583,False
0.184,237,46,118.0,73.0,46.0,0.0,0.6134453781512605,0.0,0.6178010471204188,1.0,0.3865546218487395,0.7637540453074434,0.6932773109243697,0.6217351701880307,0.38655462184873945,0.8059071729957806,67,False,0.11639380673523583,False
0.185,237,46,118.0,73.0,46.0,0.0,0.6134453781512605,0.0,0.6178010471204188,1.0,0.3865546218487395,0.7637540453074434,0.6932773109243697,0.6217351701880307,0.38655462184873945,0.8059071729957806,67,False,0.11639380673523583,False
0.186,237,46,118.0,73.0,46.0,0.0,0.6134453781512605,0.0,0.6178010471204188,1.0,0.3865546218487395,0.7637540453074434,0.6932773109243697,0.6217351701880307,0.38655462184873945,0.8059071729957806,67,False,0.11639380673523583,False
0.187,237,46,118.0,73.0,46.0,0.0,0.6134453781512605,0.0,0.6178010471204188,1.0,0.3865546218487395,0.7637540453074434,0.6932773109243697,0.6217351701880307,0.38655462184873945,0.8059071729957806,67,False,0.11639380673523583,False
0.188,237,46,118.0,73.0,46.0,0.0,0.6134453781512605,0.0,0.6178010471204188,1.0,0.3865546218487395,0.7637540453074434,0.6932773109243697,0.6217351701880307,0.38655462184873945,0.8059071729957806,67,False,0.11639380673523583,False
0.189,237,46,118.0,73.0,46.0,0.0,0.6134453781512605,0.0,0.6178010471204188,1.0,0.3865546218487395,0.7637540453074434,0.6932773109243697,0.6217351701880307,0.38655462184873945,0.8059071729957806,67,False,0.11639380673523583,False
0.19,237,46,118.0,73.0,46.0,0.0,0.6134453781512605,0.0,0.6178010471204188,1.0,0.3865546218487395,0.7637540453074434,0.6932773109243697,0.6217351701880307,0.38655462184873945,0.8059071729957806,67,False,0.11639380673523583,False
0.191,237,46,118.0,73.0,46.0,0.0,0.6134453781512605,0.0,0.6178010471204188,1.0,0.3865546218487395,0.7637540453074434,0.6932773109243697,0.6217351701880307,0.38655462184873945,0.8059071729957806,67,False,0.11639380673523583,False
0.192,237,46,118.0,73.0,46.0,0.0,0.6134453781512605,0.0,0.6178010471204188,1.0,0.3865546218487395,0.7637540453074434,0.6932773109243697,0.6217351701880307,0.38655462184873945,0.8059071729957806,67,False,0.11639380673523583,False
0.193,237,46,118.0,73.0,46.0,0.0,0.6134453781512605,0.0,0.6178010471204188,1.0,0.3865546218487395,0.7637540453074434,0.6932773109243697,0.6217351701880307,0.38655462184873945,0.8059071729957806,67,False,0.11639380673523583,False
0.194,237,46,118.0,73.0,46.0,0.0,0.6134453781512605,0.0,0.6178010471204188,1.0,0.3865546218487395,0.7637540453074434,0.6932773109243697,0.6217351701880307,0.38655462184873945,0.8059071729957806,67,False,0.11639380673523583,False
0.195,237,46,118.0,73.0,46.0,0.0,0.6134453781512605,0.0,0.6178010471204188,1.0,0.3865546218487395,0.7637540453074434,0.6932773109243697,0.6217351701880307,0.38655462184873945,0.8059071729957806,67,False,0.11639380673523583,False
0.196,237,46,118.0,73.0,46.0,0.0,0.6134453781512605,0.0,0.6178010471204188,1.0,0.3865546218487395,0.7637540453074434,0.6932773109243697,0.6217351701880307,0.38655462184873945,0.8059071729957806,67,False,0.11639380673523583,False
0.197,237,46,118.0,73.0,46.0,0.0,0.6134453781512605,0.0,0.6178010471204188,1.0,0.3865546218487395,0.7637540453074434,0.6932773109243697,0.6217351701880307,0.38655462184873945,0.8059071729957806,67,False,0.11639380673523583,False
0.198,237,46,118.0,73.0,46.0,0.0,0.6134453781512605,0.0,0.6178010471204188,1.0,0.3865546218487395,0.7637540453074434,0.6932773109243697,0.6217351701880307,0.38655462184873945,0.8059071729957806,67,False,0.11639380673523583,False
0.199,237,46,118.0,73.0,46.0,0.0,0.6134453781512605,0.0,0.6178010471204188,1.0,0.3865546218487395,0.7637540453074434,0.6932773109243697,0.6217351701880307,0.38655462184873945,0.8059071729957806,67,False,0.11639380673523583,False
0.2,237,46,118.0,73.0,46.0,0.0,0.6134453781512605,0.0,0.6178010471204188,1.0,0.3865546218487395,0.7637540453074434,0.6932773109243697,0.6217351701880307,0.38655462184873945,0.8059071729957806,67,False,0.11639380673523583,False
0.201,237,46,118.0,63.0,56.0,0.0,0.5294117647058824,0.0,0.6519337016574586,1.0,0.47058823529411764,0.7892976588628763,0.7352941176470589,0.6859943405700354,0.47058823529411775,0.7637130801687764,57,False,0.10492127957426059,False
0.202,237,46,118.0,63.0,56.0,0.0,0.5294117647058824,0.0,0.6519337016574586,1.0,0.47058823529411764,0.7892976588628763,0.7352941176470589,0.6859943405700354,0.47058823529411775,0.7637130801687764,57,False,0.10492127957426059,False
0.203,237,46,118.0,63.0,56.0,0.0,0.5294117647058824,0.0,0.6519337016574586,1.0,0.47058823529411764,0.7892976588628763,0.7352941176470589,0.6859943405700354,0.47058823529411775,0.7637130801687764,57,False,0.10492127957426059,False
0.204,237,46,118.0,63.0,56.0,0.0,0.5294117647058824,0.0,0.6519337016574586,1.0,0.47058823529411764,0.7892976588628763,0.7352941176470589,0.6859943405700354,0.47058823529411775,0.7637130801687764,57,False,0.10492127957426059,False
0.205,237,46,118.0,63.0,56.0,0.0,0.5294117647058824,0.0,0.6519337016574586,1.0,0.47058823529411764,0.7892976588628763,0.7352941176470589,0.6859943405700354,0.47058823529411775,0.7637130801687764,57,False,0.10492127957426059,False
0.206,237,46,118.0,63.0,56.0,0.0,0.5294117647058824,0.0,0.6519337016574586,1.0,0.47058823529411764,0.7892976588628763,0.7352941176470589,0.6859943405700354,0.47058823529411775,0.7637130801687764,57,False,0.10492127957426059,False
0.207,237,46,118.0,63.0,56.0,0.0,0.5294117647058824,0.0,0.6519337016574586,1.0,0.47058823529411764,0.7892976588628763,0.7352941176470589,0.6859943405700354,0.47058823529411775,0.7637130801687764,57,False,0.10492127957426059,False
0.208,237,46,118.0,63.0,56.0,0.0,0.5294117647058824,0.0,0.6519337016574586,1.0,0.47058823529411764,0.7892976588628763,0.7352941176470589,0.6859943405700354,0.47058823529411775,0.7637130801687764,57,False,0.10492127957426059,False
0.209,237,46,118.0,63.0,56.0,0.0,0.5294117647058824,0.0,0.6519337016574586,1.0,0.47058823529411764,0.7892976588628763,0.7352941176470589,0.6859943405700354,0.47058823529411775,0.7637130801687764,57,False,0.10492127957426059,False
0.21,237,46,118.0,63.0,56.0,0.0,0.5294117647058824,0.0,0.6519337016574586,1.0,0.47058823529411764,0.7892976588628763,0.7352941176470589,0.6859943405700354,0.47058823529411775,0.7637130801687764,57,False,0.10492127957426059,False
0.211,237,46,118.0,63.0,56.0,0.0,0.5294117647058824,0.0,0.6519337016574586,1.0,0.47058823529411764,0.7892976588628763,0.7352941176470589,0.6859943405700354,0.47058823529411775,0.7637130801687764,57,False,0.10492127957426059,False
0.212,237,46,118.0,63.0,56.0,0.0,0.5294117647058824,0.0,0.6519337016574586,1.0,0.47058823529411764,0.7892976588628763,0.7352941176470589,0.6859943405700354,0.47058823529411775,0.7637130801687764,57,False,0.10492127957426059,False
0.213,237,46,118.0,63.0,56.0,0.0,0.5294117647058824,0.0,0.6519337016574586,1.0,0.47058823529411764,0.7892976588628763,0.7352941176470589,0.6859943405700354,0.47058823529411775,0.7637130801687764,57,False,0.10492127957426059,False
0.214,237,46,118.0,63.0,56.0,0.0,0.5294117647058824,0.0,0.6519337016574586,1.0,0.47058823529411764,0.7892976588628763,0.7352941176470589,0.6859943405700354,0.47058823529411775,0.7637130801687764,57,False,0.10492127957426059,False
0.215,237,46,118.0,63.0,56.0,0.0,0.5294117647058824,0.0,0.6519337016574586,1.0,0.47058823529411764,0.7892976588628763,0.7352941176470589,0.6859943405700354,0.47058823529411775,0.7637130801687764,57,False,0.10492127957426059,False
0.216,237,46,118.0,63.0,56.0,0.0,0.5294117647058824,0.0,0.6519337016574586,1.0,0.47058823529411764,0.7892976588628763,0.7352941176470589,0.6859943405700354,0.47058823529411775,0.7637130801687764,57,False,0.10492127957426059,False
0.217,237,46,118.0,63.0,56.0,0.0,0.5294117647058824,0.0,0.6519337016574586,1.0,0.47058823529411764,0.7892976588628763,0.7352941176470589,0.6859943405700354,0.47058823529411775,0.7637130801687764,57,False,0.10492127957426059,False
0.218,237,46,118.0,63.0,56.0,0.0,0.5294117647058824,0.0,0.6519337016574586,1.0,0.47058823529411764,0.7892976588628763,0.7352941176470589,0.6859943405700354,0.47058823529411775,0.7637130801687764,57,False,0.10492127957426059,False
0.219,237,46,118.0,63.0,56.0,0.0,0.5294117647058824,0.0,0.6519337016574586,1.0,0.47058823529411764,0.7892976588628763,0.7352941176470589,0.6859943405700354,0.47058823529411775,0.7637130801687764,57,False,0.10492127957426059,False
0.22,237,46,118.0,63.0,56.0,0.0,0.5294117647058824,0.0,0.6519337016574586,1.0,0.47058823529411764,0.7892976588628763,0.7352941176470589,0.6859943405700354,0.47058823529411775,0.7637130801687764,57,False,0.10492127957426059,False
0.221,237,46,118.0,63.0,56.0,0.0,0.5294117647058824,0.0,0.6519337016574586,1.0,0.47058823529411764,0.7892976588628763,0.7352941176470589,0.6859943405700354,0.47058823529411775,0.7637130801687764,57,False,0.10492127957426059,False
0.222,237,46,118.0,63.0,56.0,0.0,0.5294117647058824,0.0,0.6519337016574586,1.0,0.47058823529411764,0.7892976588628763,0.7352941176470589,0.6859943405700354,0.47058823529411775,0.7637130801687764,57,False,0.10492127957426059,False
0.223,237,46,118.0,63.0,56.0,0.0,0.5294117647058824,0.0,0.6519337016574586,1.0,0.47058823529411764,0.7892976588628763,0.7352941176470589,0.6859943405700354,0.47058823529411775,0.7637130801687764,57,False,0.10492127957426059,False
0.224,237,46,118.0,63.0,56.0,0.0,0.5294117647058824,0.0,0.6519337016574586,1.0,0.47058823529411764,0.7892976588628763,0.7352941176470589,0.6859943405700354,0.47058823529411775,0.7637130801687764,57,False,0.10492127957426059,False
0.225,237,46,118.0,63.0,56.0,0.0,0.5294117647058824,0.0,0.6519337016574586,1.0,0.47058823529411764,0.7892976588628763,0.7352941176470589,0.6859943405700354,0.47058823529411775,0.7637130801687764,57,False,0.10492127957426059,False
0.226,237,46,118.0,63.0,56.0,0.0,0.5294117647058824,0.0,0.6519337016574586,1.0,0.47058823529411764,0.7892976588628763,0.7352941176470589,0.6859943405700354,0.47058823529411775,0.7637130801687764,57,False,0.10492127957426059,False
0.227,237,46,118.0,63.0,56.0,0.0,0.5294117647058824,0.0,0.6519337016574586,1.0,0.47058823529411764,0.7892976588628763,0.7352941176470589,0.6859943405700354,0.47058823529411775,0.7637130801687764,57,False,0.10492127957426059,False
0.228,237,46,118.0,63.0,56.0,0.0,0.5294117647058824,0.0,0.6519337016574586,1.0,0.47058823529411764,0.7892976588628763,0.7352941176470589,0.6859943405700354,0.47058823529411775,0.7637130801687764,57,False,0.10492127957426059,False
0.229,237,46,118.0,63.0,56.0,0.0,0.5294117647058824,0.0,0.6519337016574586,1.0,0.47058823529411764,0.7892976588628763,0.7352941176470589,0.6859943405700354,0.47058823529411775,0.7637130801687764,57,False,0.10492127957426059,False
0.23,237,46,118.0,63.0,56.0,0.0,0.5294117647058824,0.0,0.6519337016574586,1.0,0.47058823529411764,0.7892976588628763,0.7352941176470589,0.6859943405700354,0.47058823529411775,0.7637130801687764,57,False,0.10492127957426059,False
0.231,237,46,118.0,63.0,56.0,0.0,0.5294117647058824,0.0,0.6519337016574586,1.0,0.47058823529411764,0.7892976588628763,0.7352941176470589,0.6859943405700354,0.47058823529411775,0.7637130801687764,57,False,0.10492127957426059,False
0.232,237,46,118.0,63.0,56.0,0.0,0.5294117647058824,0.0,0.6519337016574586,1.0,0.47058823529411764,0.7892976588628763,0.7352941176470589,0.6859943405700354,0.47058823529411775,0.7637130801687764,57,False,0.10492127957426059,False
0.233,237,46,118.0,63.0,56.0,0.0,0.5294117647058824,0.0,0.6519337016574586,1.0,0.47058823529411764,0.7892976588628763,0.7352941176470589,0.6859943405700354,0.47058823529411775,0.7637130801687764,57,False,0.10492127957426059,False
0.234,237,46,118.0,63.0,56.0,0.0,0.5294117647058824,0.0,0.6519337016574586,1.0,0.47058823529411764,0.7892976588628763,0.7352941176470589,0.6859943405700354,0.47058823529411775,0.7637130801687764,57,False,0.10492127957426059,False
0.235,237,46,118.0,63.0,56.0,0.0,0.5294117647058824,0.0,0.6519337016574586,1.0,0.47058823529411764,0.7892976588628763,0.7352941176470589,0.6859943405700354,0.47058823529411775,0.7637130801687764,57,False,0.10492127957426059,False
0.236,237,46,118.0,63.0,56.0,0.0,0.5294117647058824,0.0,0.6519337016574586,1.0,0.47058823529411764,0.7892976588628763,0.7352941176470589,0.6859943405700354,0.47058823529411775,0.7637130801687764,57,False,0.10492127957426059,False
0.237,237,46,118.0,63.0,56.0,0.0,0.5294117647058824,0.0,0.6519337016574586,1.0,0.47058823529411764,0.7892976588628763,0.7352941176470589,0.6859943405700354,0.47058823529411775,0.7637130801687764,57,False,0.10492127957426059,False
0.238,237,46,118.0,63.0,56.0,0.0,0.5294117647058824,0.0,0.6519337016574586,1.0,0.47058823529411764,0.7892976588628763,0.7352941176470589,0.6859943405700354,0.47058823529411775,0.7637130801687764,57,False,0.10492127957426059,False
0.239,237,46,118.0,63.0,56.0,0.0,0.5294117647058824,0.0,0.6519337016574586,1.0,0.47058823529411764,0.7892976588628763,0.7352941176470589,0.6859943405700354,0.47058823529411775,0.7637130801687764,57,False,0.10492127957426059,False
0.24,237,46,118.0,63.0,56.0,0.0,0.5294117647058824,0.0,0.6519337016574586,1.0,0.47058823529411764,0.7892976588628763,0.7352941176470589,0.6859943405700354,0.47058823529411775,0.7637130801687764,57,False,0.10492127957426059,False
0.241,237,46,118.0,63.0,56.0,0.0,0.5294117647058824,0.0,0.6519337016574586,1.0,0.47058823529411764,0.7892976588628763,0.7352941176470589,0.6859943405700354,0.47058823529411775,0.7637130801687764,57,False,0.10492127957426059,False
0.242,237,46,118.0,63.0,56.0,0.0,0.5294117647058824,0.0,0.6519337016574586,1.0,0.47058823529411764,0.7892976588628763,0.7352941176470589,0.6859943405700354,0.47058823529411775,0.7637130801687764,57,False,0.10492127957426059,False
0.243,237,46,118.0,63.0,56.0,0.0,0.5294117647058824,0.0,0.6519337016574586,1.0,0.47058823529411764,0.7892976588628763,0.7352941176470589,0.6859943405700354,0.47058823529411775,0.7637130801687764,57,False,0.10492127957426059,False
0.244,237,46,118.0,63.0,56.0,0.0,0.5294117647058824,0.0,0.6519337016574586,1.0,0.47058823529411764,0.7892976588628763,0.7352941176470589,0.6859943405700354,0.47058823529411775,0.7637130801687764,57,False,0.10492127957426059,False
0.245,237,46,118.0,63.0,56.0,0.0,0.5294117647058824,0.0,0.6519337016574586,1.0,0.47058823529411764,0.7892976588628763,0.7352941176470589,0.6859943405700354,0.47058823529411775,0.7637130801687764,57,False,0.10492127957426059,False
0.246,237,46,118.0,63.0,56.0,0.0,0.5294117647058824,0.0,0.6519337016574586,1.0,0.47058823529411764,0.7892976588628763,0.7352941176470589,0.6859943405700354,0.47058823529411775,0.7637130801687764,57,False,0.10492127957426059,False
0.247,237,46,118.0,63.0,56.0,0.0,0.5294117647058824,0.0,0.6519337016574586,1.0,0.47058823529411764,0.7892976588628763,0.7352941176470589,0.6859943405700354,0.47058823529411775,0.7637130801687764,57,False,0.10492127957426059,False
0.248,237,46,118.0,63.0,56.0,0.0,0.5294117647058824,0.0,0.6519337016574586,1.0,0.47058823529411764,0.7892976588628763,0.7352941176470589,0.6859943405700354,0.47058823529411775,0.7637130801687764,57,False,0.10492127957426059,False
0.249,237,46,118.0,63.0,56.0,0.0,0.5294117647058824,0.0,0.6519337016574586,1.0,0.47058823529411764,0.7892976588628763,0.7352941176470589,0.6859943405700354,0.47058823529411775,0.7637130801687764,57,False,0.10492127957426059,False
0.25,237,46,118.0,63.0,56.0,0.0,0.5294117647058824,0.0,0.6519337016574586,1.0,0.47058823529411764,0.7892976588628763,0.7352941176470589,0.6859943405700354,0.47058823529411775,0.7637130801687764,57,False,0.10492127957426059,False
0.251,237,46,118.0,52.0,67.0,0.0,0.4369747899159664,0.0,0.6941176470588235,1.0,0.5630252100840336,0.8194444444444444,0.7815126050420168,0.7503500583621178,0.5630252100840336,0.7172995780590717,46,False,0.09211952817127621,False
0.252,237,46,118.0,52.0,67.0,0.0,0.4369747899159664,0.0,0.6941176470588235,1.0,0.5630252100840336,0.8194444444444444,0.7815126050420168,0.7503500583621178,0.5630252100840336,0.7172995780590717,46,False,0.09211952817127621,False
0.253,237,46,118.0,52.0,67.0,0.0,0.4369747899159664,0.0,0.6941176470588235,1.0,0.5630252100840336,0.8194444444444444,0.7815126050420168,0.7503500583621178,0.5630252100840336,0.7172995780590717,46,False,0.09211952817127621,False
0.254,237,46,118.0,52.0,67.0,0.0,0.4369747899159664,0.0,0.6941176470588235,1.0,0.5630252100840336,0.8194444444444444,0.7815126050420168,0.7503500583621178,0.5630252100840336,0.7172995780590717,46,False,0.09211952817127621,False
0.255,237,46,118.0,52.0,67.0,0.0,0.4369747899159664,0.0,0.6941176470588235,1.0,0.5630252100840336,0.8194444444444444,0.7815126050420168,0.7503500583621178,0.5630252100840336,0.7172995780590717,46,False,0.09211952817127621,False
0.256,237,46,118.0,52.0,67.0,0.0,0.4369747899159664,0.0,0.6941176470588235,1.0,0.5630252100840336,0.8194444444444444,0.7815126050420168,0.7503500583621178,0.5630252100840336,0.7172995780590717,46,False,0.09211952817127621,False
0.257,237,46,118.0,52.0,67.0,0.0,0.4369747899159664,0.0,0.6941176470588235,1.0,0.5630252100840336,0.8194444444444444,0.7815126050420168,0.7503500583621178,0.5630252100840336,0.7172995780590717,46,False,0.09211952817127621,False
0.258,237,46,118.0,52.0,67.0,0.0,0.4369747899159664,0.0,0.6941176470588235,1.0,0.5630252100840336,0.8194444444444444,0.7815126050420168,0.7503500583621178,0.5630252100840336,0.7172995780590717,46,False,0.09211952817127621,False
0.259,237,46,118.0,52.0,67.0,0.0,0.4369747899159664,0.0,0.6941176470588235,1.0,0.5630252100840336,0.8194444444444444,0.7815126050420168,0.7503500583621178,0.5630252100840336,0.7172995780590717,46,False,0.09211952817127621,False
0.26,237,46,118.0,52.0,67.0,0.0,0.4369747899159664,0.0,0.6941176470588235,1.0,0.5630252100840336,0.8194444444444444,0.7815126050420168,0.7503500583621178,0.5630252100840336,0.7172995780590717,46,False,0.09211952817127621,False
0.261,237,46,118.0,52.0,67.0,0.0,0.4369747899159664,0.0,0.6941176470588235,1.0,0.5630252100840336,0.8194444444444444,0.7815126050420168,0.7503500583621178,0.5630252100840336,0.7172995780590717,46,False,0.09211952817127621,False
0.262,237,46,118.0,52.0,67.0,0.0,0.4369747899159664,0.0,0.6941176470588235,1.0,0.5630252100840336,0.8194444444444444,0.7815126050420168,0.7503500583621178,0.5630252100840336,0.7172995780590717,46,False,0.09211952817127621,False
0.263,237,46,118.0,52.0,67.0,0.0,0.4369747899159664,0.0,0.6941176470588235,1.0,0.5630252100840336,0.8194444444444444,0.7815126050420168,0.7503500583621178,0.5630252100840336,0.7172995780590717,46,False,0.09211952817127621,False
0.264,237,46,118.0,52.0,67.0,0.0,0.4369747899159664,0.0,0.6941176470588235,1.0,0.5630252100840336,0.8194444444444444,0.7815126050420168,0.7503500583621178,0.5630252100840336,0.7172995780590717,46,False,0.09211952817127621,False
0.265,237,46,118.0,52.0,67.0,0.0,0.4369747899159664,0.0,0.6941176470588235,1.0,0.5630252100840336,0.8194444444444444,0.7815126050420168,0.7503500583621178,0.5630252100840336,0.7172995780590717,46,False,0.09211952817127621,False
0.266,237,46,118.0,52.0,67.0,0.0,0.4369747899159664,0.0,0.6941176470588235,1.0,0.5630252100840336,0.8194444444444444,0.7815126050420168,0.7503500583621178,0.5630252100840336,0.7172995780590717,46,False,0.09211952817127621,False
0.267,237,46,118.0,52.0,67.0,0.0,0.4369747899159664,0.0,0.6941176470588235,1.0,0.5630252100840336,0.8194444444444444,0.7815126050420168,0.7503500583621178,0.5630252100840336,0.7172995780590717,46,False,0.09211952817127621,False
0.267857,237,46,118.0,52.0,67.0,0.0,0.4369747899159664,0.0,0.6941176470588235,1.0,0.5630252100840336,0.8194444444444444,0.7815126050420168,0.7503500583621178,0.5630252100840336,0.7172995780590717,46,False,0.09211952817127621,False
0.268,237,46,118.0,52.0,67.0,0.0,0.4369747899159664,0.0,0.6941176470588235,1.0,0.5630252100840336,0.8194444444444444,0.7815126050420168,0.7503500583621178,0.5630252100840336,0.7172995780590717,46,False,0.09211952817127621,False
0.269,237,46,118.0,52.0,67.0,0.0,0.4369747899159664,0.0,0.6941176470588235,1.0,0.5630252100840336,0.8194444444444444,0.7815126050420168,0.7503500583621178,0.5630252100840336,0.7172995780590717,46,False,0.09211952817127621,False
0.27,237,46,118.0,52.0,67.0,0.0,0.4369747899159664,0.0,0.6941176470588235,1.0,0.5630252100840336,0.8194444444444444,0.7815126050420168,0.7503500583621178,0.5630252100840336,0.7172995780590717,46,False,0.09211952817127621,False
0.271,237,46,118.0,52.0,67.0,0.0,0.4369747899159664,0.0,0.6941176470588235,1.0,0.5630252100840336,0.8194444444444444,0.7815126050420168,0.7503500583621178,0.5630252100840336,0.7172995780590717,46,False,0.09211952817127621,False
0.272,237,46,118.0,52.0,67.0,0.0,0.4369747899159664,0.0,0.6941176470588235,1.0,0.5630252100840336,0.8194444444444444,0.7815126050420168,0.7503500583621178,0.5630252100840336,0.7172995780590717,46,False,0.09211952817127621,False
0.273,237,46,118.0,52.0,67.0,0.0,0.4369747899159664,0.0,0.6941176470588235,1.0,0.5630252100840336,0.8194444444444444,0.7815126050420168,0.7503500583621178,0.5630252100840336,0.7172995780590717,46,False,0.09211952817127621,False
0.274,237,46,118.0,52.0,67.0,0.0,0.4369747899159664,0.0,0.6941176470588235,1.0,0.5630252100840336,0.8194444444444444,0.7815126050420168,0.7503500583621178,0.5630252100840336,0.7172995780590717,46,False,0.09211952817127621,False
0.275,237,46,118.0,52.0,67.0,0.0,0.4369747899159664,0.0,0.6941176470588235,1.0,0.5630252100840336,0.8194444444444444,0.7815126050420168,0.7503500583621178,0.5630252100840336,0.7172995780590717,46,False,0.09211952817127621,False
0.276,237,46,118.0,52.0,67.0,0.0,0.4369747899159664,0.0,0.6941176470588235,1.0,0.5630252100840336,0.8194444444444444,0.7815126050420168,0.7503500583621178,0.5630252100840336,0.7172995780590717,46,False,0.09211952817127621,False
0.277,237,46,118.0,52.0,67.0,0.0,0.4369747899159664,0.0,0.6941176470588235,1.0,0.5630252100840336,0.8194444444444444,0.7815126050420168,0.7503500583621178,0.5630252100840336,0.7172995780590717,46,False,0.09211952817127621,False
0.278,237,46,118.0,52.0,67.0,0.0,0.4369747899159664,0.0,0.6941176470588235,1.0,0.5630252100840336,0.8194444444444444,0.7815126050420168,0.7503500583621178,0.5630252100840336,0.7172995780590717,46,False,0.09211952817127621,False
0.279,237,46,118.0,52.0,67.0,0.0,0.4369747899159664,0.0,0.6941176470588235,1.0,0.5630252100840336,0.8194444444444444,0.7815126050420168,0.7503500583621178,0.5630252100840336,0.7172995780590717,46,False,0.09211952817127621,False
0.28,237,46,118.0,52.0,67.0,0.0,0.4369747899159664,0.0,0.6941176470588235,1.0,0.5630252100840336,0.8194444444444444,0.7815126050420168,0.7503500583621178,0.5630252100840336,0.7172995780590717,46,False,0.09211952817127621,False
0.281,237,46,118.0,52.0,67.0,0.0,0.4369747899159664,0.0,0.6941176470588235,1.0,0.5630252100840336,0.8194444444444444,0.7815126050420168,0.7503500583621178,0.5630252100840336,0.7172995780590717,46,False,0.09211952817127621,False
0.282,237,46,118.0,52.0,67.0,0.0,0.4369747899159664,0.0,0.6941176470588235,1.0,0.5630252100840336,0.8194444444444444,0.7815126050420168,0.7503500583621178,0.5630252100840336,0.7172995780590717,46,False,0.09211952817127621,False
0.283,237,46,118.0,52.0,67.0,0.0,0.4369747899159664,0.0,0.6941176470588235,1.0,0.5630252100840336,0.8194444444444444,0.7815126050420168,0.7503500583621178,0.5630252100840336,0.7172995780590717,46,False,0.09211952817127621,False
0.284,237,46,118.0,52.0,67.0,0.0,0.4369747899159664,0.0,0.6941176470588235,1.0,0.5630252100840336,0.8194444444444444,0.7815126050420168,0.7503500583621178,0.5630252100840336,0.7172995780590717,46,False,0.09211952817127621,False
0.285,237,46,118.0,52.0,67.0,0.0,0.4369747899159664,0.0,0.6941176470588235,1.0,0.5630252100840336,0.8194444444444444,0.7815126050420168,0.7503500583621178,0.5630252100840336,0.7172995780590717,46,False,0.09211952817127621,False
0.285714,237,46,118.0,52.0,67.0,0.0,0.4369747899159664,0.0,0.6941176470588235,1.0,0.5630252100840336,0.8194444444444444,0.7815126050420168,0.7503500583621178,0.5630252100840336,0.7172995780590717,46,False,0.09211952817127621,False
0.286,237,46,118.0,51.0,68.0,0.0,0.42857142857142855,0.0,0.6982248520710059,1.0,0.5714285714285714,0.8222996515679443,0.7857142857142857,0.7559289460184544,0.5714285714285714,0.7130801687763713,46,False,0.0859693697206457,False
0.287,237,46,118.0,51.0,68.0,0.0,0.42857142857142855,0.0,0.6982248520710059,1.0,0.5714285714285714,0.8222996515679443,0.7857142857142857,0.7559289460184544,0.5714285714285714,0.7130801687763713,46,False,0.0859693697206457,False
0.288,237,46,118.0,51.0,68.0,0.0,0.42857142857142855,0.0,0.6982248520710059,1.0,0.5714285714285714,0.8222996515679443,0.7857142857142857,0.7559289460184544,0.5714285714285714,0.7130801687763713,46,False,0.0859693697206457,False
0.289,237,46,118.0,51.0,68.0,0.0,0.42857142857142855,0.0,0.6982248520710059,1.0,0.5714285714285714,0.8222996515679443,0.7857142857142857,0.7559289460184544,0.5714285714285714,0.7130801687763713,46,False,0.0859693697206457,False
0.29,237,46,118.0,51.0,68.0,0.0,0.42857142857142855,0.0,0.6982248520710059,1.0,0.5714285714285714,0.8222996515679443,0.7857142857142857,0.7559289460184544,0.5714285714285714,0.7130801687763713,46,False,0.0859693697206457,False
0.291,237,46,118.0,51.0,68.0,0.0,0.42857142857142855,0.0,0.6982248520710059,1.0,0.5714285714285714,0.8222996515679443,0.7857142857142857,0.7559289460184544,0.5714285714285714,0.7130801687763713,46,False,0.0859693697206457,False
0.292,237,46,118.0,51.0,68.0,0.0,0.42857142857142855,0.0,0.6982248520710059,1.0,0.5714285714285714,0.8222996515679443,0.7857142857142857,0.7559289460184544,0.5714285714285714,0.7130801687763713,46,False,0.0859693697206457,False
0.292857,237,46,118.0,51.0,68.0,0.0,0.42857142857142855,0.0,0.6982248520710059,1.0,0.5714285714285714,0.8222996515679443,0.7857142857142857,0.7559289460184544,0.5714285714285714,0.7130801687763713,46,False,0.0859693697206457,False
0.293,237,46,118.0,51.0,68.0,0.0,0.42857142857142855,0.0,0.6982248520710059,1.0,0.5714285714285714,0.8222996515679443,0.7857142857142857,0.7559289460184544,0.5714285714285714,0.7130801687763713,46,False,0.0859693697206457,False
0.294,237,46,118.0,51.0,68.0,0.0,0.42857142857142855,0.0,0.6982248520710059,1.0,0.5714285714285714,0.8222996515679443,0.7857142857142857,0.7559289460184544,0.5714285714285714,0.7130801687763713,46,False,0.0859693697206457,False
0.295,237,46,118.0,51.0,68.0,0.0,0.42857142857142855,0.0,0.6982248520710059,1.0,0.5714285714285714,0.8222996515679443,0.7857142857142857,0.7559289460184544,0.5714285714285714,0.7130801687763713,46,False,0.0859693697206457,False
0.296,237,46,118.0,51.0,68.0,0.0,0.42857142857142855,0.0,0.6982248520710059,1.0,0.5714285714285714,0.8222996515679443,0.7857142857142857,0.7559289460184544,0.5714285714285714,0.7130801687763713,46,False,0.0859693697206457,False
0.297,237,46,118.0,51.0,68.0,0.0,0.42857142857142855,0.0,0.6982248520710059,1.0,0.5714285714285714,0.8222996515679443,0.7857142857142857,0.7559289460184544,0.5714285714285714,0.7130801687763713,46,False,0.0859693697206457,False
0.298,237,46,118.0,51.0,68.0,0.0,0.42857142857142855,0.0,0.6982248520710059,1.0,0.5714285714285714,0.8222996515679443,0.7857142857142857,0.7559289460184544,0.5714285714285714,0.7130801687763713,46,False,0.0859693697206457,False
0.299,237,46,118.0,51.0,68.0,0.0,0.42857142857142855,0.0,0.6982248520710059,1.0,0.5714285714285714,0.8222996515679443,0.7857142857142857,0.7559289460184544,0.5714285714285714,0.7130801687763713,46,False,0.0859693697206457,False
0.3,237,46,118.0,51.0,68.0,0.0,0.42857142857142855,0.0,0.6982248520710059,1.0,0.5714285714285714,0.8222996515679443,0.7857142857142857,0.7559289460184544,0.5714285714285714,0.7130801687763713,46,False,0.0859693697206457,False
0.301,237,46,118.0,33.0,86.0,0.0,0.2773109243697479,0.0,0.7814569536423841,1.0,0.7226890756302521,0.8773234200743495,0.8613445378151261,0.8501112136833934,0.7226890756302522,0.6371308016877637,28,False,0.0620856360109334,False
0.302,237,46,118.0,33.0,86.0,0.0,0.2773109243697479,0.0,0.7814569536423841,1.0,0.7226890756302521,0.8773234200743495,0.8613445378151261,0.8501112136833934,0.7226890756302522,0.6371308016877637,28,False,0.0620856360109334,False
0.303,237,46,118.0,33.0,86.0,0.0,0.2773109243697479,0.0,0.7814569536423841,1.0,0.7226890756302521,0.8773234200743495,0.8613445378151261,0.8501112136833934,0.7226890756302522,0.6371308016877637,28,False,0.0620856360109334,False
0.304,237,46,118.0,33.0,86.0,0.0,0.2773109243697479,0.0,0.7814569536423841,1.0,0.7226890756302521,0.8773234200743495,0.8613445378151261,0.8501112136833934,0.7226890756302522,0.6371308016877637,28,False,0.0620856360109334,False
0.305,237,46,118.0,33.0,86.0,0.0,0.2773109243697479,0.0,0.7814569536423841,1.0,0.7226890756302521,0.8773234200743495,0.8613445378151261,0.8501112136833934,0.7226890756302522,0.6371308016877637,28,False,0.0620856360109334,False
0.306,237,46,118.0,33.0,86.0,0.0,0.2773109243697479,0.0,0.7814569536423841,1.0,0.7226890756302521,0.8773234200743495,0.8613445378151261,0.8501112136833934,0.7226890756302522,0.6371308016877637,28,False,0.0620856360109334,False
0.307,237,46,118.0,33.0,86.0,0.0,0.2773109243697479,0.0,0.7814569536423841,1.0,0.7226890756302521,0.8773234200743495,0.8613445378151261,0.8501112136833934,0.7226890756302522,0.6371308016877637,28,False,0.0620856360109334,False
0.308,237,46,118.0,33.0,86.0,0.0,0.2773109243697479,0.0,0.7814569536423841,1.0,0.7226890756302521,0.8773234200743495,0.8613445378151261,0.8501112136833934,0.7226890756302522,0.6371308016877637,28,False,0.0620856360109334,False
0.309,237,46,118.0,33.0,86.0,0.0,0.2773109243697479,0.0,0.7814569536423841,1.0,0.7226890756302521,0.8773234200743495,0.8613445378151261,0.8501112136833934,0.7226890756302522,0.6371308016877637,28,False,0.0620856360109334,False
0.31,237,46,118.0,33.0,86.0,0.0,0.2773109243697479,0.0,0.7814569536423841,1.0,0.7226890756302521,0.8773234200743495,0.8613445378151261,0.8501112136833934,0.7226890756302522,0.6371308016877637,28,False,0.0620856360109334,False
0.311,237,46,118.0,33.0,86.0,0.0,0.2773109243697479,0.0,0.7814569536423841,1.0,0.7226890756302521,0.8773234200743495,0.8613445378151261,0.8501112136833934,0.7226890756302522,0.6371308016877637,28,False,0.0620856360109334,False
0.312,237,46,118.0,33.0,86.0,0.0,0.2773109243697479,0.0,0.7814569536423841,1.0,0.7226890756302521,0.8773234200743495,0.8613445378151261,0.8501112136833934,0.7226890756302522,0.6371308016877637,28,False,0.0620856360109334,False
0.313,237,46,118.0,33.0,86.0,0.0,0.2773109243697479,0.0,0.7814569536423841,1.0,0.7226890756302521,0.8773234200743495,0.8613445378151261,0.8501112136833934,0.7226890756302522,0.6371308016877637,28,False,0.0620856360109334,False
0.314,237,46,118.0,33.0,86.0,0.0,0.2773109243697479,0.0,0.7814569536423841,1.0,0.7226890756302521,0.8773234200743495,0.8613445378151261,0.8501112136833934,0.7226890756302522,0.6371308016877637,28,False,0.0620856360109334,False
0.315,237,46,118.0,33.0,86.0,0.0,0.2773109243697479,0.0,0.7814569536423841,1.0,0.7226890756302521,0.8773234200743495,0.8613445378151261,0.8501112136833934,0.7226890756302522,0.6371308016877637,28,False,0.0620856360109334,False
0.316,237,46,118.0,33.0,86.0,0.0,0.2773109243697479,0.0,0.7814569536423841,1.0,0.7226890756302521,0.8773234200743495,0.8613445378151261,0.8501112136833934,0.7226890756302522,0.6371308016877637,28,False,0.0620856360109334,False
0.3166665,237,46,118.0,33.0,86.0,0.0,0.2773109243697479,0.0,0.7814569536423841,1.0,0.7226890756302521,0.8773234200743495,0.8613445378151261,0.8501112136833934,0.7226890756302522,0.6371308016877637,28,False,0.0620856360109334,False
0.317,237,46,118.0,33.0,86.0,0.0,0.2773109243697479,0.0,0.7814569536423841,1.0,0.7226890756302521,0.8773234200743495,0.8613445378151261,0.8501112136833934,0.7226890756302522,0.6371308016877637,28,False,0.0620856360109334,False
0.318,237,46,118.0,33.0,86.0,0.0,0.2773109243697479,0.0,0.7814569536423841,1.0,0.7226890756302521,0.8773234200743495,0.8613445378151261,0.8501112136833934,0.7226890756302522,0.6371308016877637,28,False,0.0620856360109334,False
0.319,237,46,118.0,33.0,86.0,0.0,0.2773109243697479,0.0,0.7814569536423841,1.0,0.7226890756302521,0.8773234200743495,0.8613445378151261,0.8501112136833934,0.7226890756302522,0.6371308016877637,28,False,0.0620856360109334,False
0.32,237,46,118.0,33.0,86.0,0.0,0.2773109243697479,0.0,0.7814569536423841,1.0,0.7226890756302521,0.8773234200743495,0.8613445378151261,0.8501112136833934,0.7226890756302522,0.6371308016877637,28,False,0.0620856360109334,False
0.321,237,46,118.0,33.0,86.0,0.0,0.2773109243697479,0.0,0.7814569536423841,1.0,0.7226890756302521,0.8773234200743495,0.8613445378151261,0.8501112136833934,0.7226890756302522,0.6371308016877637,28,False,0.0620856360109334,False
0.322,237,46,118.0,33.0,86.0,0.0,0.2773109243697479,0.0,0.7814569536423841,1.0,0.7226890756302521,0.8773234200743495,0.8613445378151261,0.8501112136833934,0.7226890756302522,0.6371308016877637,28,False,0.0620856360109334,False
0.323,237,46,118.0,33.0,86.0,0.0,0.2773109243697479,0.0,0.7814569536423841,1.0,0.7226890756302521,0.8773234200743495,0.8613445378151261,0.8501112136833934,0.7226890756302522,0.6371308016877637,28,False,0.0620856360109334,False
0.324,237,46,118.0,33.0,86.0,0.0,0.2773109243697479,0.0,0.7814569536423841,1.0,0.7226890756302521,0.8773234200743495,0.8613445378151261,0.8501112136833934,0.7226890756302522,0.6371308016877637,28,False,0.0620856360109334,False
0.325,237,46,118.0,33.0,86.0,0.0,0.2773109243697479,0.0,0.7814569536423841,1.0,0.7226890756302521,0.8773234200743495,0.8613445378151261,0.8501112136833934,0.7226890756302522,0.6371308016877637,28,False,0.0620856360109334,False
0.326,237,46,118.0,33.0,86.0,0.0,0.2773109243697479,0.0,0.7814569536423841,1.0,0.7226890756302521,0.8773234200743495,0.8613445378151261,0.8501112136833934,0.7226890756302522,0.6371308016877637,28,False,0.0620856360109334,False
0.327,237,46,118.0,33.0,86.0,0.0,0.2773109243697479,0.0,0.7814569536423841,1.0,0.7226890756302521,0.8773234200743495,0.8613445378151261,0.8501112136833934,0.7226890756302522,0.6371308016877637,28,False,0.0620856360109334,False
0.328,237,46,118.0,33.0,86.0,0.0,0.2773109243697479,0.0,0.7814569536423841,1.0,0.7226890756302521,0.8773234200743495,0.8613445378151261,0.8501112136833934,0.7226890756302522,0.6371308016877637,28,False,0.0620856360109334,False
0.329,237,46,118.0,33.0,86.0,0.0,0.2773109243697479,0.0,0.7814569536423841,1.0,0.7226890756302521,0.8773234200743495,0.8613445378151261,0.8501112136833934,0.7226890756302522,0.6371308016877637,28,False,0.0620856360109334,False
0.33,237,46,118.0,33.0,86.0,0.0,0.2773109243697479,0.0,0.7814569536423841,1.0,0.7226890756302521,0.8773234200743495,0.8613445378151261,0.8501112136833934,0.7226890756302522,0.6371308016877637,28,False,0.0620856360109334,False
0.331,237,46,118.0,33.0,86.0,0.0,0.2773109243697479,0.0,0.7814569536423841,1.0,0.7226890756302521,0.8773234200743495,0.8613445378151261,0.8501112136833934,0.7226890756302522,0.6371308016877637,28,False,0.0620856360109334,False
0.332,237,46,118.0,33.0,86.0,0.0,0.2773109243697479,0.0,0.7814569536423841,1.0,0.7226890756302521,0.8773234200743495,0.8613445378151261,0.8501112136833934,0.7226890756302522,0.6371308016877637,28,False,0.0620856360109334,False
0.333,237,46,118.0,33.0,86.0,0.0,0.2773109243697479,0.0,0.7814569536423841,1.0,0.7226890756302521,0.8773234200743495,0.8613445378151261,0.8501112136833934,0.7226890756302522,0.6371308016877637,28,False,0.0620856360109334,False
0.333333,237,46,118.0,33.0,86.0,0.0,0.2773109243697479,0.0,0.7814569536423841,1.0,0.7226890756302521,0.8773234200743495,0.8613445378151261,0.8501112136833934,0.7226890756302522,0.6371308016877637,28,False,0.0620856360109334,False
0.334,237,46,118.0,27.0,92.0,0.0,0.226890756302521,0.0,0.8137931034482758,1.0,0.773109243697479,0.8973384030418251,0.8865546218487395,0.8792663098842575,0.7731092436974789,0.6118143459915611,22,False,0.05599861894214062,False
0.335,237,46,118.0,27.0,92.0,0.0,0.226890756302521,0.0,0.8137931034482758,1.0,0.773109243697479,0.8973384030418251,0.8865546218487395,0.8792663098842575,0.7731092436974789,0.6118143459915611,22,False,0.05599861894214062,False
0.336,237,46,118.0,27.0,92.0,0.0,0.226890756302521,0.0,0.8137931034482758,1.0,0.773109243697479,0.8973384030418251,0.8865546218487395,0.8792663098842575,0.7731092436974789,0.6118143459915611,22,False,0.05599861894214062,False
0.337,237,46,118.0,27.0,92.0,0.0,0.226890756302521,0.0,0.8137931034482758,1.0,0.773109243697479,0.8973384030418251,0.8865546218487395,0.8792663098842575,0.7731092436974789,0.6118143459915611,22,False,0.05599861894214062,False
0.338,237,46,118.0,27.0,92.0,0.0,0.226890756302521,0.0,0.8137931034482758,1.0,0.773109243697479,0.8973384030418251,0.8865546218487395,0.8792663098842575,0.7731092436974789,0.6118143459915611,22,False,0.05599861894214062,False
0.339,237,46,118.0,27.0,92.0,0.0,0.226890756302521,0.0,0.8137931034482758,1.0,0.773109243697479,0.8973384030418251,0.8865546218487395,0.8792663098842575,0.7731092436974789,0.6118143459915611,22,False,0.05599861894214062,False
0.34,237,46,118.0,27.0,92.0,0.0,0.226890756302521,0.0,0.8137931034482758,1.0,0.773109243697479,0.8973384030418251,0.8865546218487395,0.8792663098842575,0.7731092436974789,0.6118143459915611,22,False,0.05599861894214062,False
0.341,237,46,118.0,27.0,92.0,0.0,0.226890756302521,0.0,0.8137931034482758,1.0,0.773109243697479,0.8973384030418251,0.8865546218487395,0.8792663098842575,0.7731092436974789,0.6118143459915611,22,False,0.05599861894214062,False
0.3416665,237,46,118.0,27.0,92.0,0.0,0.226890756302521,0.0,0.8137931034482758,1.0,0.773109243697479,0.8973384030418251,0.8865546218487395,0.8792663098842575,0.7731092436974789,0.6118143459915611,22,False,0.05599861894214062,False
0.342,237,46,118.0,27.0,92.0,0.0,0.226890756302521,0.0,0.8137931034482758,1.0,0.773109243697479,0.8973384030418251,0.8865546218487395,0.8792663098842575,0.7731092436974789,0.6118143459915611,22,False,0.05599861894214062,False
0.343,237,46,118.0,27.0,92.0,0.0,0.226890756302521,0.0,0.8137931034482758,1.0,0.773109243697479,0.8973384030418251,0.8865546218487395,0.8792663098842575,0.7731092436974789,0.6118143459915611,22,False,0.05599861894214062,False
0.344,237,46,118.0,27.0,92.0,0.0,0.226890756302521,0.0,0.8137931034482758,1.0,0.773109243697479,0.8973384030418251,0.8865546218487395,0.8792663098842575,0.7731092436974789,0.6118143459915611,22,False,0.05599861894214062,False
0.345,237,46,118.0,27.0,92.0,0.0,0.226890756302521,0.0,0.8137931034482758,1.0,0.773109243697479,0.8973384030418251,0.8865546218487395,0.8792663098842575,0.7731092436974789,0.6118143459915611,22,False,0.05599861894214062,False
0.346,237,46,118.0,27.0,92.0,0.0,0.226890756302521,0.0,0.8137931034482758,1.0,0.773109243697479,0.8973384030418251,0.8865546218487395,0.8792663098842575,0.7731092436974789,0.6118143459915611,22,False,0.05599861894214062,False
0.347,237,46,118.0,27.0,92.0,0.0,0.226890756302521,0.0,0.8137931034482758,1.0,0.773109243697479,0.8973384030418251,0.8865546218487395,0.8792663098842575,0.7731092436974789,0.6118143459915611,22,False,0.05599861894214062,False
0.348,237,46,118.0,27.0,92.0,0.0,0.226890756302521,0.0,0.8137931034482758,1.0,0.773109243697479,0.8973384030418251,0.8865546218487395,0.8792663098842575,0.7731092436974789,0.6118143459915611,22,False,0.05599861894214062,False
0.349,237,46,118.0,27.0,92.0,0.0,0.226890756302521,0.0,0.8137931034482758,1.0,0.773109243697479,0.8973384030418251,0.8865546218487395,0.8792663098842575,0.7731092436974789,0.6118143459915611,22,False,0.05599861894214062,False
0.35,237,46,118.0,27.0,92.0,0.0,0.226890756302521,0.0,0.8137931034482758,1.0,0.773109243697479,0.8973384030418251,0.8865546218487395,0.8792663098842575,0.7731092436974789,0.6118143459915611,22,False,0.05599861894214062,False
0.351,237,46,118.0,23.0,96.0,0.0,0.19327731092436976,0.0,0.8368794326241135,1.0,0.8067226890756303,0.9111969111969112,0.9033613445378151,0.8981774262781437,0.8067226890756303,0.5949367088607594,18,False,0.04542222792490993,False
0.352,237,46,118.0,23.0,96.0,0.0,0.19327731092436976,0.0,0.8368794326241135,1.0,0.8067226890756303,0.9111969111969112,0.9033613445378151,0.8981774262781437,0.8067226890756303,0.5949367088607594,18,False,0.04542222792490993,False
0.353,237,46,118.0,23.0,96.0,0.0,0.19327731092436976,0.0,0.8368794326241135,1.0,0.8067226890756303,0.9111969111969112,0.9033613445378151,0.8981774262781437,0.8067226890756303,0.5949367088607594,18,False,0.04542222792490993,False
0.354,237,46,118.0,23.0,96.0,0.0,0.19327731092436976,0.0,0.8368794326241135,1.0,0.8067226890756303,0.9111969111969112,0.9033613445378151,0.8981774262781437,0.8067226890756303,0.5949367088607594,18,False,0.04542222792490993,False
0.355,237,46,118.0,23.0,96.0,0.0,0.19327731092436976,0.0,0.8368794326241135,1.0,0.8067226890756303,0.9111969111969112,0.9033613445378151,0.8981774262781437,0.8067226890756303,0.5949367088607594,18,False,0.04542222792490993,False
0.356,237,46,118.0,23.0,96.0,0.0,0.19327731092436976,0.0,0.8368794326241135,1.0,0.8067226890756303,0.9111969111969112,0.9033613445378151,0.8981774262781437,0.8067226890756303,0.5949367088607594,18,False,0.04542222792490993,False
0.357,237,46,118.0,23.0,96.0,0.0,0.19327731092436976,0.0,0.8368794326241135,1.0,0.8067226890756303,0.9111969111969112,0.9033613445378151,0.8981774262781437,0.8067226890756303,0.5949367088607594,18,False,0.04542222792490993,False
0.358,237,46,118.0,23.0,96.0,0.0,0.19327731092436976,0.0,0.8368794326241135,1.0,0.8067226890756303,0.9111969111969112,0.9033613445378151,0.8981774262781437,0.8067226890756303,0.5949367088607594,18,False,0.04542222792490993,False
0.359,237,46,118.0,23.0,96.0,0.0,0.19327731092436976,0.0,0.8368794326241135,1.0,0.8067226890756303,0.9111969111969112,0.9033613445378151,0.8981774262781437,0.8067226890756303,0.5949367088607594,18,False,0.04542222792490993,False
0.36,237,46,118.0,23.0,96.0,0.0,0.19327731092436976,0.0,0.8368794326241135,1.0,0.8067226890756303,0.9111969111969112,0.9033613445378151,0.8981774262781437,0.8067226890756303,0.5949367088607594,18,False,0.04542222792490993,False
0.361,237,46,118.0,23.0,96.0,0.0,0.19327731092436976,0.0,0.8368794326241135,1.0,0.8067226890756303,0.9111969111969112,0.9033613445378151,0.8981774262781437,0.8067226890756303,0.5949367088607594,18,False,0.04542222792490993,False
0.362,237,46,118.0,23.0,96.0,0.0,0.19327731092436976,0.0,0.8368794326241135,1.0,0.8067226890756303,0.9111969111969112,0.9033613445378151,0.8981774262781437,0.8067226890756303,0.5949367088607594,18,False,0.04542222792490993,False
0.363,237,46,118.0,23.0,96.0,0.0,0.19327731092436976,0.0,0.8368794326241135,1.0,0.8067226890756303,0.9111969111969112,0.9033613445378151,0.8981774262781437,0.8067226890756303,0.5949367088607594,18,False,0.04542222792490993,False
0.364,237,46,118.0,23.0,96.0,0.0,0.19327731092436976,0.0,0.8368794326241135,1.0,0.8067226890756303,0.9111969111969112,0.9033613445378151,0.8981774262781437,0.8067226890756303,0.5949367088607594,18,False,0.04542222792490993,False
0.365,237,46,118.0,23.0,96.0,0.0,0.19327731092436976,0.0,0.8368794326241135,1.0,0.8067226890756303,0.9111969111969112,0.9033613445378151,0.8981774262781437,0.8067226890756303,0.5949367088607594,18,False,0.04542222792490993,False
0.366,237,46,118.0,23.0,96.0,0.0,0.19327731092436976,0.0,0.8368794326241135,1.0,0.8067226890756303,0.9111969111969112,0.9033613445378151,0.8981774262781437,0.8067226890756303,0.5949367088607594,18,False,0.04542222792490993,False
0.367,237,46,118.0,23.0,96.0,0.0,0.19327731092436976,0.0,0.8368794326241135,1.0,0.8067226890756303,0.9111969111969112,0.9033613445378151,0.8981774262781437,0.8067226890756303,0.5949367088607594,18,False,0.04542222792490993,False
0.368,237,46,118.0,23.0,96.0,0.0,0.19327731092436976,0.0,0.8368794326241135,1.0,0.8067226890756303,0.9111969111969112,0.9033613445378151,0.8981774262781437,0.8067226890756303,0.5949367088607594,18,False,0.04542222792490993,False
0.369,237,46,118.0,23.0,96.0,0.0,0.19327731092436976,0.0,0.8368794326241135,1.0,0.8067226890756303,0.9111969111969112,0.9033613445378151,0.8981774262781437,0.8067226890756303,0.5949367088607594,18,False,0.04542222792490993,False
0.37,237,46,118.0,23.0,96.0,0.0,0.19327731092436976,0.0,0.8368794326241135,1.0,0.8067226890756303,0.9111969111969112,0.9033613445378151,0.8981774262781437,0.8067226890756303,0.5949367088607594,18,False,0.04542222792490993,False
0.371,237,46,118.0,23.0,96.0,0.0,0.19327731092436976,0.0,0.8368794326241135,1.0,0.8067226890756303,0.9111969111969112,0.9033613445378151,0.8981774262781437,0.8067226890756303,0.5949367088607594,18,False,0.04542222792490993,False
0.372,237,46,118.0,23.0,96.0,0.0,0.19327731092436976,0.0,0.8368794326241135,1.0,0.8067226890756303,0.9111969111969112,0.9033613445378151,0.8981774262781437,0.8067226890756303,0.5949367088607594,18,False,0.04542222792490993,False
0.373,237,46,118.0,23.0,96.0,0.0,0.19327731092436976,0.0,0.8368794326241135,1.0,0.8067226890756303,0.9111969111969112,0.9033613445378151,0.8981774262781437,0.8067226890756303,0.5949367088607594,18,False,0.04542222792490993,False
0.374,237,46,118.0,23.0,96.0,0.0,0.19327731092436976,0.0,0.8368794326241135,1.0,0.8067226890756303,0.9111969111969112,0.9033613445378151,0.8981774262781437,0.8067226890756303,0.5949367088607594,18,False,0.04542222792490993,False
0.375,237,46,118.0,23.0,96.0,0.0,0.19327731092436976,0.0,0.8368794326241135,1.0,0.8067226890756303,0.9111969111969112,0.9033613445378151,0.8981774262781437,0.8067226890756303,0.5949367088607594,18,False,0.04542222792490993,False
0.376,237,46,118.0,23.0,96.0,0.0,0.19327731092436976,0.0,0.8368794326241135,1.0,0.8067226890756303,0.9111969111969112,0.9033613445378151,0.8981774262781437,0.8067226890756303,0.5949367088607594,18,False,0.04542222792490993,False
0.377,237,46,118.0,23.0,96.0,0.0,0.19327731092436976,0.0,0.8368794326241135,1.0,0.8067226890756303,0.9111969111969112,0.9033613445378151,0.8981774262781437,0.8067226890756303,0.5949367088607594,18,False,0.04542222792490993,False
0.378,237,46,118.0,23.0,96.0,0.0,0.19327731092436976,0.0,0.8368794326241135,1.0,0.8067226890756303,0.9111969111969112,0.9033613445378151,0.8981774262781437,0.8067226890756303,0.5949367088607594,18,False,0.04542222792490993,False
0.379,237,46,118.0,23.0,96.0,0.0,0.19327731092436976,0.0,0.8368794326241135,1.0,0.8067226890756303,0.9111969111969112,0.9033613445378151,0.8981774262781437,0.8067226890756303,0.5949367088607594,18,False,0.04542222792490993,False
0.38,237,46,118.0,23.0,96.0,0.0,0.19327731092436976,0.0,0.8368794326241135,1.0,0.8067226890756303,0.9111969111969112,0.9033613445378151,0.8981774262781437,0.8067226890756303,0.5949367088607594,18,False,0.04542222792490993,False
0.38088,237,46,118.0,17.0,102.0,0.0,0.14285714285714285,0.0,0.8740740740740741,1.0,0.8571428571428571,0.9328063241106719,0.9285714285714286,0.9258200997725514,0.8571428571428572,0.569620253164557,12,False,0.033512027440041774,False
0.381,237,46,118.0,17.0,102.0,0.0,0.14285714285714285,0.0,0.8740740740740741,1.0,0.8571428571428571,0.9328063241106719,0.9285714285714286,0.9258200997725514,0.8571428571428572,0.569620253164557,12,False,0.033512027440041774,False
0.38176,237,46,118.0,17.0,102.0,0.0,0.14285714285714285,0.0,0.8740740740740741,1.0,0.8571428571428571,0.9328063241106719,0.9285714285714286,0.9258200997725514,0.8571428571428572,0.569620253164557,12,False,0.033512027440041774,False
0.382,237,46,117.0,17.0,102.0,1.0,0.14285714285714285,0.00847457627118644,0.8731343283582089,0.9915254237288136,0.8571428571428571,0.9285714285714285,0.9243341404358354,0.92188878647302,0.8486682808716708,0.5654008438818565,12,False,0.03286065895507282,False
0.383,237,46,117.0,17.0,102.0,1.0,0.14285714285714285,0.00847457627118644,0.8731343283582089,0.9915254237288136,0.8571428571428571,0.9285714285714285,0.9243341404358354,0.92188878647302,0.8486682808716708,0.5654008438818565,12,False,0.03286065895507282,False
0.384,237,46,117.0,17.0,102.0,1.0,0.14285714285714285,0.00847457627118644,0.8731343283582089,0.9915254237288136,0.8571428571428571,0.9285714285714285,0.9243341404358354,0.92188878647302,0.8486682808716708,0.5654008438818565,12,False,0.03286065895507282,False
0.385,237,46,117.0,17.0,102.0,1.0,0.14285714285714285,0.00847457627118644,0.8731343283582089,0.9915254237288136,0.8571428571428571,0.9285714285714285,0.9243341404358354,0.92188878647302,0.8486682808716708,0.5654008438818565,12,False,0.03286065895507282,False
0.386,237,46,117.0,17.0,102.0,1.0,0.14285714285714285,0.00847457627118644,0.8731343283582089,0.9915254237288136,0.8571428571428571,0.9285714285714285,0.9243341404358354,0.92188878647302,0.8486682808716708,0.5654008438818565,12,False,0.03286065895507282,False
0.387,237,46,117.0,17.0,102.0,1.0,0.14285714285714285,0.00847457627118644,0.8731343283582089,0.9915254237288136,0.8571428571428571,0.9285714285714285,0.9243341404358354,0.92188878647302,0.8486682808716708,0.5654008438818565,12,False,0.03286065895507282,False
0.388,237,46,117.0,17.0,102.0,1.0,0.14285714285714285,0.00847457627118644,0.8731343283582089,0.9915254237288136,0.8571428571428571,0.9285714285714285,0.9243341404358354,0.92188878647302,0.8486682808716708,0.5654008438818565,12,False,0.03286065895507282,False
0.389,237,46,117.0,17.0,102.0,1.0,0.14285714285714285,0.00847457627118644,0.8731343283582089,0.9915254237288136,0.8571428571428571,0.9285714285714285,0.9243341404358354,0.92188878647302,0.8486682808716708,0.5654008438818565,12,False,0.03286065895507282,False
0.39,237,46,117.0,17.0,102.0,1.0,0.14285714285714285,0.00847457627118644,0.8731343283582089,0.9915254237288136,0.8571428571428571,0.9285714285714285,0.9243341404358354,0.92188878647302,0.8486682808716708,0.5654008438818565,12,False,0.03286065895507282,False
0.391,237,46,117.0,17.0,102.0,1.0,0.14285714285714285,0.00847457627118644,0.8731343283582089,0.9915254237288136,0.8571428571428571,0.9285714285714285,0.9243341404358354,0.92188878647302,0.8486682808716708,0.5654008438818565,12,False,0.03286065895507282,False
0.392,237,46,117.0,17.0,102.0,1.0,0.14285714285714285,0.00847457627118644,0.8731343283582089,0.9915254237288136,0.8571428571428571,0.9285714285714285,0.9243341404358354,0.92188878647302,0.8486682808716708,0.5654008438818565,12,False,0.03286065895507282,False
0.393,237,46,117.0,17.0,102.0,1.0,0.14285714285714285,0.00847457627118644,0.8731343283582089,0.9915254237288136,0.8571428571428571,0.9285714285714285,0.9243341404358354,0.92188878647302,0.8486682808716708,0.5654008438818565,12,False,0.03286065895507282,False
0.394,237,46,117.0,17.0,102.0,1.0,0.14285714285714285,0.00847457627118644,0.8731343283582089,0.9915254237288136,0.8571428571428571,0.9285714285714285,0.9243341404358354,0.92188878647302,0.8486682808716708,0.5654008438818565,12,False,0.03286065895507282,False
0.395,237,46,117.0,17.0,102.0,1.0,0.14285714285714285,0.00847457627118644,0.8731343283582089,0.9915254237288136,0.8571428571428571,0.9285714285714285,0.9243341404358354,0.92188878647302,0.8486682808716708,0.5654008438818565,12,False,0.03286065895507282,False
0.396,237,46,117.0,17.0,102.0,1.0,0.14285714285714285,0.00847457627118644,0.8731343283582089,0.9915254237288136,0.8571428571428571,0.9285714285714285,0.9243341404358354,0.92188878647302,0.8486682808716708,0.5654008438818565,12,False,0.03286065895507282,False
0.397,237,46,117.0,17.0,102.0,1.0,0.14285714285714285,0.00847457627118644,0.8731343283582089,0.9915254237288136,0.8571428571428571,0.9285714285714285,0.9243341404358354,0.92188878647302,0.8486682808716708,0.5654008438818565,12,False,0.03286065895507282,False
0.398,237,46,117.0,17.0,102.0,1.0,0.14285714285714285,0.00847457627118644,0.8731343283582089,0.9915254237288136,0.8571428571428571,0.9285714285714285,0.9243341404358354,0.92188878647302,0.8486682808716708,0.5654008438818565,12,False,0.03286065895507282,False
0.399,237,46,117.0,17.0,102.0,1.0,0.14285714285714285,0.00847457627118644,0.8731343283582089,0.9915254237288136,0.8571428571428571,0.9285714285714285,0.9243341404358354,0.92188878647302,0.8486682808716708,0.5654008438818565,12,False,0.03286065895507282,False
0.4,237,46,117.0,17.0,102.0,1.0,0.14285714285714285,0.00847457627118644,0.8731343283582089,0.9915254237288136,0.8571428571428571,0.9285714285714285,0.9243341404358354,0.92188878647302,0.8486682808716708,0.5654008438818565,12,False,0.03286065895507282,False
0.401,237,46,117.0,17.0,102.0,1.0,0.14285714285714285,0.00847457627118644,0.8731343283582089,0.9915254237288136,0.8571428571428571,0.9285714285714285,0.9243341404358354,0.92188878647302,0.8486682808716708,0.5654008438818565,12,False,0.03286065895507282,False
0.402,237,46,117.0,17.0,102.0,1.0,0.14285714285714285,0.00847457627118644,0.8731343283582089,0.9915254237288136,0.8571428571428571,0.9285714285714285,0.9243341404358354,0.92188878647302,0.8486682808716708,0.5654008438818565,12,False,0.03286065895507282,False
0.403,237,46,117.0,17.0,102.0,1.0,0.14285714285714285,0.00847457627118644,0.8731343283582089,0.9915254237288136,0.8571428571428571,0.9285714285714285,0.9243341404358354,0.92188878647302,0.8486682808716708,0.5654008438818565,12,False,0.03286065895507282,False
0.404,237,46,117.0,17.0,102.0,1.0,0.14285714285714285,0.00847457627118644,0.8731343283582089,0.9915254237288136,0.8571428571428571,0.9285714285714285,0.9243341404358354,0.92188878647302,0.8486682808716708,0.5654008438818565,12,False,0.03286065895507282,False
0.405,237,46,117.0,17.0,102.0,1.0,0.14285714285714285,0.00847457627118644,0.8731343283582089,0.9915254237288136,0.8571428571428571,0.9285714285714285,0.9243341404358354,0.92188878647302,0.8486682808716708,0.5654008438818565,12,False,0.03286065895507282,False
0.4051655,237,46,117.0,17.0,102.0,1.0,0.14285714285714285,0.00847457627118644,0.8731343283582089,0.9915254237288136,0.8571428571428571,0.9285714285714285,0.9243341404358354,0.92188878647302,0.8486682808716708,0.5654008438818565,12,False,0.03286065895507282,False
0.406,237,46,117.0,17.0,102.0,1.0,0.14285714285714285,0.00847457627118644,0.8731343283582089,0.9915254237288136,0.8571428571428571,0.9285714285714285,0.9243341404358354,0.92188878647302,0.8486682808716708,0.5654008438818565,12,False,0.03286065895507282,False
0.407,237,46,117.0,17.0,102.0,1.0,0.14285714285714285,0.00847457627118644,0.8731343283582089,0.9915254237288136,0.8571428571428571,0.9285714285714285,0.9243341404358354,0.92188878647302,0.8486682808716708,0.5654008438818565,12,False,0.03286065895507282,False
0.408,237,46,117.0,17.0,102.0,1.0,0.14285714285714285,0.00847457627118644,0.8731343283582089,0.9915254237288136,0.8571428571428571,0.9285714285714285,0.9243341404358354,0.92188878647302,0.8486682808716708,0.5654008438818565,12,False,0.03286065895507282,False
0.409,237,46,117.0,17.0,102.0,1.0,0.14285714285714285,0.00847457627118644,0.8731343283582089,0.9915254237288136,0.8571428571428571,0.9285714285714285,0.9243341404358354,0.92188878647302,0.8486682808716708,0.5654008438818565,12,False,0.03286065895507282,False
0.41,237,46,117.0,17.0,102.0,1.0,0.14285714285714285,0.00847457627118644,0.8731343283582089,0.9915254237288136,0.8571428571428571,0.9285714285714285,0.9243341404358354,0.92188878647302,0.8486682808716708,0.5654008438818565,12,False,0.03286065895507282,False
0.411,237,46,117.0,17.0,102.0,1.0,0.14285714285714285,0.00847457627118644,0.8731343283582089,0.9915254237288136,0.8571428571428571,0.9285714285714285,0.9243341404358354,0.92188878647302,0.8486682808716708,0.5654008438818565,12,False,0.03286065895507282,False
0.412,237,46,117.0,17.0,102.0,1.0,0.14285714285714285,0.00847457627118644,0.8731343283582089,0.9915254237288136,0.8571428571428571,0.9285714285714285,0.9243341404358354,0.92188878647302,0.8486682808716708,0.5654008438818565,12,False,0.03286065895507282,False
0.413,237,46,117.0,17.0,102.0,1.0,0.14285714285714285,0.00847457627118644,0.8731343283582089,0.9915254237288136,0.8571428571428571,0.9285714285714285,0.9243341404358354,0.92188878647302,0.8486682808716708,0.5654008438818565,12,False,0.03286065895507282,False
0.414,237,46,117.0,17.0,102.0,1.0,0.14285714285714285,0.00847457627118644,0.8731343283582089,0.9915254237288136,0.8571428571428571,0.9285714285714285,0.9243341404358354,0.92188878647302,0.8486682808716708,0.5654008438818565,12,False,0.03286065895507282,False
0.415,237,46,117.0,17.0,102.0,1.0,0.14285714285714285,0.00847457627118644,0.8731343283582089,0.9915254237288136,0.8571428571428571,0.9285714285714285,0.9243341404358354,0.92188878647302,0.8486682808716708,0.5654008438818565,12,False,0.03286065895507282,False
0.416,237,46,117.0,17.0,102.0,1.0,0.14285714285714285,0.00847457627118644,0.8731343283582089,0.9915254237288136,0.8571428571428571,0.9285714285714285,0.9243341404358354,0.92188878647302,0.8486682808716708,0.5654008438818565,12,False,0.03286065895507282,False
0.417,237,46,117.0,17.0,102.0,1.0,0.14285714285714285,0.00847457627118644,0.8731343283582089,0.9915254237288136,0.8571428571428571,0.9285714285714285,0.9243341404358354,0.92188878647302,0.8486682808716708,0.5654008438818565,12,False,0.03286065895507282,False
0.418,237,46,117.0,17.0,102.0,1.0,0.14285714285714285,0.00847457627118644,0.8731343283582089,0.9915254237288136,0.8571428571428571,0.9285714285714285,0.9243341404358354,0.92188878647302,0.8486682808716708,0.5654008438818565,12,False,0.03286065895507282,False
0.419,237,46,117.0,17.0,102.0,1.0,0.14285714285714285,0.00847457627118644,0.8731343283582089,0.9915254237288136,0.8571428571428571,0.9285714285714285,0.9243341404358354,0.92188878647302,0.8486682808716708,0.5654008438818565,12,False,0.03286065895507282,False
0.42,237,46,117.0,17.0,102.0,1.0,0.14285714285714285,0.00847457627118644,0.8731343283582089,0.9915254237288136,0.8571428571428571,0.9285714285714285,0.9243341404358354,0.92188878647302,0.8486682808716708,0.5654008438818565,12,False,0.03286065895507282,False
0.421,237,46,117.0,17.0,102.0,1.0,0.14285714285714285,0.00847457627118644,0.8731343283582089,0.9915254237288136,0.8571428571428571,0.9285714285714285,0.9243341404358354,0.92188878647302,0.8486682808716708,0.5654008438818565,12,False,0.03286065895507282,False
0.422,237,46,117.0,17.0,102.0,1.0,0.14285714285714285,0.00847457627118644,0.8731343283582089,0.9915254237288136,0.8571428571428571,0.9285714285714285,0.9243341404358354,0.92188878647302,0.8486682808716708,0.5654008438818565,12,False,0.03286065895507282,False
0.423,237,46,117.0,17.0,102.0,1.0,0.14285714285714285,0.00847457627118644,0.8731343283582089,0.9915254237288136,0.8571428571428571,0.9285714285714285,0.9243341404358354,0.92188878647302,0.8486682808716708,0.5654008438818565,12,False,0.03286065895507282,False
0.424,237,46,117.0,17.0,102.0,1.0,0.14285714285714285,0.00847457627118644,0.8731343283582089,0.9915254237288136,0.8571428571428571,0.9285714285714285,0.9243341404358354,0.92188878647302,0.8486682808716708,0.5654008438818565,12,False,0.03286065895507282,False
0.425,237,46,117.0,17.0,102.0,1.0,0.14285714285714285,0.00847457627118644,0.8731343283582089,0.9915254237288136,0.8571428571428571,0.9285714285714285,0.9243341404358354,0.92188878647302,0.8486682808716708,0.5654008438818565,12,False,0.03286065895507282,False
0.426,237,46,117.0,17.0,102.0,1.0,0.14285714285714285,0.00847457627118644,0.8731343283582089,0.9915254237288136,0.8571428571428571,0.9285714285714285,0.9243341404358354,0.92188878647302,0.8486682808716708,0.5654008438818565,12,False,0.03286065895507282,False
0.427,237,46,117.0,17.0,102.0,1.0,0.14285714285714285,0.00847457627118644,0.8731343283582089,0.9915254237288136,0.8571428571428571,0.9285714285714285,0.9243341404358354,0.92188878647302,0.8486682808716708,0.5654008438818565,12,False,0.03286065895507282,False
0.428,237,46,117.0,17.0,102.0,1.0,0.14285714285714285,0.00847457627118644,0.8731343283582089,0.9915254237288136,0.8571428571428571,0.9285714285714285,0.9243341404358354,0.92188878647302,0.8486682808716708,0.5654008438818565,12,False,0.03286065895507282,False
0.428571,237,46,117.0,17.0,102.0,1.0,0.14285714285714285,0.00847457627118644,0.8731343283582089,0.9915254237288136,0.8571428571428571,0.9285714285714285,0.9243341404358354,0.92188878647302,0.8486682808716708,0.5654008438818565,12,False,0.03286065895507282,False
0.429,237,46,117.0,16.0,103.0,1.0,0.13445378151260504,0.00847457627118644,0.8796992481203008,0.9915254237288136,0.865546218487395,0.9322709163346614,0.9285358211081043,0.9263968269821452,0.8570716422162086,0.5611814345991561,12,False,0.03364085823332324,False
0.43,237,46,117.0,16.0,103.0,1.0,0.13445378151260504,0.00847457627118644,0.8796992481203008,0.9915254237288136,0.865546218487395,0.9322709163346614,0.9285358211081043,0.9263968269821452,0.8570716422162086,0.5611814345991561,12,False,0.03364085823332324,False
0.431,237,46,117.0,16.0,103.0,1.0,0.13445378151260504,0.00847457627118644,0.8796992481203008,0.9915254237288136,0.865546218487395,0.9322709163346614,0.9285358211081043,0.9263968269821452,0.8570716422162086,0.5611814345991561,12,False,0.03364085823332324,False
0.432,237,46,117.0,16.0,103.0,1.0,0.13445378151260504,0.00847457627118644,0.8796992481203008,0.9915254237288136,0.865546218487395,0.9322709163346614,0.9285358211081043,0.9263968269821452,0.8570716422162086,0.5611814345991561,12,False,0.03364085823332324,False
0.433,237,46,117.0,16.0,103.0,1.0,0.13445378151260504,0.00847457627118644,0.8796992481203008,0.9915254237288136,0.865546218487395,0.9322709163346614,0.9285358211081043,0.9263968269821452,0.8570716422162086,0.5611814345991561,12,False,0.03364085823332324,False
0.434,237,46,117.0,16.0,103.0,1.0,0.13445378151260504,0.00847457627118644,0.8796992481203008,0.9915254237288136,0.865546218487395,0.9322709163346614,0.9285358211081043,0.9263968269821452,0.8570716422162086,0.5611814345991561,12,False,0.03364085823332324,False
0.435,237,46,117.0,16.0,103.0,1.0,0.13445378151260504,0.00847457627118644,0.8796992481203008,0.9915254237288136,0.865546218487395,0.9322709163346614,0.9285358211081043,0.9263968269821452,0.8570716422162086,0.5611814345991561,12,False,0.03364085823332324,False
0.436,237,46,117.0,16.0,103.0,1.0,0.13445378151260504,0.00847457627118644,0.8796992481203008,0.9915254237288136,0.865546218487395,0.9322709163346614,0.9285358211081043,0.9263968269821452,0.8570716422162086,0.5611814345991561,12,False,0.03364085823332324,False
0.436676,237,46,117.0,16.0,103.0,1.0,0.13445378151260504,0.00847457627118644,0.8796992481203008,0.9915254237288136,0.865546218487395,0.9322709163346614,0.9285358211081043,0.9263968269821452,0.8570716422162086,0.5611814345991561,12,False,0.03364085823332324,False
0.437,237,46,117.0,16.0,103.0,1.0,0.13445378151260504,0.00847457627118644,0.8796992481203008,0.9915254237288136,0.865546218487395,0.9322709163346614,0.9285358211081043,0.9263968269821452,0.8570716422162086,0.5611814345991561,12,False,0.03364085823332324,False
0.438,237,46,117.0,16.0,103.0,1.0,0.13445378151260504,0.00847457627118644,0.8796992481203008,0.9915254237288136,0.865546218487395,0.9322709163346614,0.9285358211081043,0.9263968269821452,0.8570716422162086,0.5611814345991561,12,False,0.03364085823332324,False
0.439,237,46,117.0,16.0,103.0,1.0,0.13445378151260504,0.00847457627118644,0.8796992481203008,0.9915254237288136,0.865546218487395,0.9322709163346614,0.9285358211081043,0.9263968269821452,0.8570716422162086,0.5611814345991561,12,False,0.03364085823332324,False
0.44,237,46,117.0,16.0,103.0,1.0,0.13445378151260504,0.00847457627118644,0.8796992481203008,0.9915254237288136,0.865546218487395,0.9322709163346614,0.9285358211081043,0.9263968269821452,0.8570716422162086,0.5611814345991561,12,False,0.03364085823332324,False
0.441,237,46,117.0,16.0,103.0,1.0,0.13445378151260504,0.00847457627118644,0.8796992481203008,0.9915254237288136,0.865546218487395,0.9322709163346614,0.9285358211081043,0.9263968269821452,0.8570716422162086,0.5611814345991561,12,False,0.03364085823332324,False
0.442,237,46,117.0,16.0,103.0,1.0,0.13445378151260504,0.00847457627118644,0.8796992481203008,0.9915254237288136,0.865546218487395,0.9322709163346614,0.9285358211081043,0.9263968269821452,0.8570716422162086,0.5611814345991561,12,False,0.03364085823332324,False
0.443,237,46,117.0,16.0,103.0,1.0,0.13445378151260504,0.00847457627118644,0.8796992481203008,0.9915254237288136,0.865546218487395,0.9322709163346614,0.9285358211081043,0.9263968269821452,0.8570716422162086,0.5611814345991561,12,False,0.03364085823332324,False
0.444,237,46,117.0,16.0,103.0,1.0,0.13445378151260504,0.00847457627118644,0.8796992481203008,0.9915254237288136,0.865546218487395,0.9322709163346614,0.9285358211081043,0.9263968269821452,0.8570716422162086,0.5611814345991561,12,False,0.03364085823332324,False
0.444781,237,46,117.0,16.0,103.0,1.0,0.13445378151260504,0.00847457627118644,0.8796992481203008,0.9915254237288136,0.865546218487395,0.9322709163346614,0.9285358211081043,0.9263968269821452,0.8570716422162086,0.5611814345991561,12,False,0.03364085823332324,False
0.445,237,46,116.0,16.0,103.0,2.0,0.13445378151260504,0.01694915254237288,0.8787878787878788,0.9830508474576272,0.865546218487395,0.9279999999999999,0.9242985329725111,0.9224293705199212,0.8485970659450222,0.5569620253164557,12,False,0.036324324824004536,False
0.446,237,46,116.0,16.0,103.0,2.0,0.13445378151260504,0.01694915254237288,0.8787878787878788,0.9830508474576272,0.865546218487395,0.9279999999999999,0.9242985329725111,0.9224293705199212,0.8485970659450222,0.5569620253164557,12,False,0.036324324824004536,False
0.447,237,46,116.0,16.0,103.0,2.0,0.13445378151260504,0.01694915254237288,0.8787878787878788,0.9830508474576272,0.865546218487395,0.9279999999999999,0.9242985329725111,0.9224293705199212,0.8485970659450222,0.5569620253164557,12,False,0.036324324824004536,False
0.448,237,46,116.0,16.0,103.0,2.0,0.13445378151260504,0.01694915254237288,0.8787878787878788,0.9830508474576272,0.865546218487395,0.9279999999999999,0.9242985329725111,0.9224293705199212,0.8485970659450222,0.5569620253164557,12,False,0.036324324824004536,False
0.449,237,46,116.0,16.0,103.0,2.0,0.13445378151260504,0.01694915254237288,0.8787878787878788,0.9830508474576272,0.865546218487395,0.9279999999999999,0.9242985329725111,0.9224293705199212,0.8485970659450222,0.5569620253164557,12,False,0.036324324824004536,False
0.45,237,46,116.0,16.0,103.0,2.0,0.13445378151260504,0.01694915254237288,0.8787878787878788,0.9830508474576272,0.865546218487395,0.9279999999999999,0.9242985329725111,0.9224293705199212,0.8485970659450222,0.5569620253164557,12,False,0.036324324824004536,False
0.451,237,46,116.0,16.0,103.0,2.0,0.13445378151260504,0.01694915254237288,0.8787878787878788,0.9830508474576272,0.865546218487395,0.9279999999999999,0.9242985329725111,0.9224293705199212,0.8485970659450222,0.5569620253164557,12,False,0.036324324824004536,False
0.452,237,46,116.0,16.0,103.0,2.0,0.13445378151260504,0.01694915254237288,0.8787878787878788,0.9830508474576272,0.865546218487395,0.9279999999999999,0.9242985329725111,0.9224293705199212,0.8485970659450222,0.5569620253164557,12,False,0.036324324824004536,False
0.453,237,46,116.0,16.0,103.0,2.0,0.13445378151260504,0.01694915254237288,0.8787878787878788,0.9830508474576272,0.865546218487395,0.9279999999999999,0.9242985329725111,0.9224293705199212,0.8485970659450222,0.5569620253164557,12,False,0.036324324824004536,False
0.454,237,46,116.0,16.0,103.0,2.0,0.13445378151260504,0.01694915254237288,0.8787878787878788,0.9830508474576272,0.865546218487395,0.9279999999999999,0.9242985329725111,0.9224293705199212,0.8485970659450222,0.5569620253164557,12,False,0.036324324824004536,False
0.455,237,46,116.0,16.0,103.0,2.0,0.13445378151260504,0.01694915254237288,0.8787878787878788,0.9830508474576272,0.865546218487395,0.9279999999999999,0.9242985329725111,0.9224293705199212,0.8485970659450222,0.5569620253164557,12,False,0.036324324824004536,False
0.456,237,46,116.0,16.0,103.0,2.0,0.13445378151260504,0.01694915254237288,0.8787878787878788,0.9830508474576272,0.865546218487395,0.9279999999999999,0.9242985329725111,0.9224293705199212,0.8485970659450222,0.5569620253164557,12,False,0.036324324824004536,False
0.457,237,46,116.0,16.0,103.0,2.0,0.13445378151260504,0.01694915254237288,0.8787878787878788,0.9830508474576272,0.865546218487395,0.9279999999999999,0.9242985329725111,0.9224293705199212,0.8485970659450222,0.5569620253164557,12,False,0.036324324824004536,False
0.458,237,46,116.0,16.0,103.0,2.0,0.13445378151260504,0.01694915254237288,0.8787878787878788,0.9830508474576272,0.865546218487395,0.9279999999999999,0.9242985329725111,0.9224293705199212,0.8485970659450222,0.5569620253164557,12,False,0.036324324824004536,False
0.459,237,46,116.0,16.0,103.0,2.0,0.13445378151260504,0.01694915254237288,0.8787878787878788,0.9830508474576272,0.865546218487395,0.9279999999999999,0.9242985329725111,0.9224293705199212,0.8485970659450222,0.5569620253164557,12,False,0.036324324824004536,False
0.4598905,237,46,116.0,16.0,103.0,2.0,0.13445378151260504,0.01694915254237288,0.8787878787878788,0.9830508474576272,0.865546218487395,0.9279999999999999,0.9242985329725111,0.9224293705199212,0.8485970659450222,0.5569620253164557,12,False,0.036324324824004536,False
0.46,237,46,116.0,16.0,103.0,2.0,0.13445378151260504,0.01694915254237288,0.8787878787878788,0.9830508474576272,0.865546218487395,0.9279999999999999,0.9242985329725111,0.9224293705199212,0.8485970659450222,0.5569620253164557,12,False,0.036324324824004536,False
0.461,237,46,116.0,16.0,103.0,2.0,0.13445378151260504,0.01694915254237288,0.8787878787878788,0.9830508474576272,0.865546218487395,0.9279999999999999,0.9242985329725111,0.9224293705199212,0.8485970659450222,0.5569620253164557,12,False,0.036324324824004536,False
0.462,237,46,116.0,16.0,103.0,2.0,0.13445378151260504,0.01694915254237288,0.8787878787878788,0.9830508474576272,0.865546218487395,0.9279999999999999,0.9242985329725111,0.9224293705199212,0.8485970659450222,0.5569620253164557,12,False,0.036324324824004536,False
0.463,237,46,116.0,16.0,103.0,2.0,0.13445378151260504,0.01694915254237288,0.8787878787878788,0.9830508474576272,0.865546218487395,0.9279999999999999,0.9242985329725111,0.9224293705199212,0.8485970659450222,0.5569620253164557,12,False,0.036324324824004536,False
0.464,237,46,116.0,16.0,103.0,2.0,0.13445378151260504,0.01694915254237288,0.8787878787878788,0.9830508474576272,0.865546218487395,0.9279999999999999,0.9242985329725111,0.9224293705199212,0.8485970659450222,0.5569620253164557,12,False,0.036324324824004536,False
0.465,237,46,116.0,16.0,103.0,2.0,0.13445378151260504,0.01694915254237288,0.8787878787878788,0.9830508474576272,0.865546218487395,0.9279999999999999,0.9242985329725111,0.9224293705199212,0.8485970659450222,0.5569620253164557,12,False,0.036324324824004536,False
0.466,237,46,116.0,16.0,103.0,2.0,0.13445378151260504,0.01694915254237288,0.8787878787878788,0.9830508474576272,0.865546218487395,0.9279999999999999,0.9242985329725111,0.9224293705199212,0.8485970659450222,0.5569620253164557,12,False,0.036324324824004536,False
0.467,237,46,116.0,16.0,103.0,2.0,0.13445378151260504,0.01694915254237288,0.8787878787878788,0.9830508474576272,0.865546218487395,0.9279999999999999,0.9242985329725111,0.9224293705199212,0.8485970659450222,0.5569620253164557,12,False,0.036324324824004536,False
0.468,237,46,116.0,16.0,103.0,2.0,0.13445378151260504,0.01694915254237288,0.8787878787878788,0.9830508474576272,0.865546218487395,0.9279999999999999,0.9242985329725111,0.9224293705199212,0.8485970659450222,0.5569620253164557,12,False,0.036324324824004536,False
0.469,237,46,116.0,16.0,103.0,2.0,0.13445378151260504,0.01694915254237288,0.8787878787878788,0.9830508474576272,0.865546218487395,0.9279999999999999,0.9242985329725111,0.9224293705199212,0.8485970659450222,0.5569620253164557,12,False,0.036324324824004536,False
0.47,237,46,116.0,16.0,103.0,2.0,0.13445378151260504,0.01694915254237288,0.8787878787878788,0.9830508474576272,0.865546218487395,0.9279999999999999,0.9242985329725111,0.9224293705199212,0.8485970659450222,0.5569620253164557,12,False,0.036324324824004536,False
0.471,237,46,116.0,16.0,103.0,2.0,0.13445378151260504,0.01694915254237288,0.8787878787878788,0.9830508474576272,0.865546218487395,0.9279999999999999,0.9242985329725111,0.9224293705199212,0.8485970659450222,0.5569620253164557,12,False,0.036324324824004536,False
0.472,237,46,116.0,16.0,103.0,2.0,0.13445378151260504,0.01694915254237288,0.8787878787878788,0.9830508474576272,0.865546218487395,0.9279999999999999,0.9242985329725111,0.9224293705199212,0.8485970659450222,0.5569620253164557,12,False,0.036324324824004536,False
0.473,237,46,116.0,16.0,103.0,2.0,0.13445378151260504,0.01694915254237288,0.8787878787878788,0.9830508474576272,0.865546218487395,0.9279999999999999,0.9242985329725111,0.9224293705199212,0.8485970659450222,0.5569620253164557,12,False,0.036324324824004536,False
0.474,237,46,116.0,16.0,103.0,2.0,0.13445378151260504,0.01694915254237288,0.8787878787878788,0.9830508474576272,0.865546218487395,0.9279999999999999,0.9242985329725111,0.9224293705199212,0.8485970659450222,0.5569620253164557,12,False,0.036324324824004536,False
0.475,237,46,116.0,16.0,103.0,2.0,0.13445378151260504,0.01694915254237288,0.8787878787878788,0.9830508474576272,0.865546218487395,0.9279999999999999,0.9242985329725111,0.9224293705199212,0.8485970659450222,0.5569620253164557,12,False,0.036324324824004536,False
0.476,237,46,116.0,15.0,104.0,2.0,0.12605042016806722,0.01694915254237288,0.8854961832061069,0.9830508474576272,0.8739495798319328,0.9317269076305221,0.92850021364478,0.9268963669628977,0.8570004272895599,0.5527426160337553,12,False,0.0347055944074243,False
0.477,237,46,116.0,15.0,104.0,2.0,0.12605042016806722,0.01694915254237288,0.8854961832061069,0.9830508474576272,0.8739495798319328,0.9317269076305221,0.92850021364478,0.9268963669628977,0.8570004272895599,0.5527426160337553,12,False,0.0347055944074243,False
0.478,237,46,116.0,15.0,104.0,2.0,0.12605042016806722,0.01694915254237288,0.8854961832061069,0.9830508474576272,0.8739495798319328,0.9317269076305221,0.92850021364478,0.9268963669628977,0.8570004272895599,0.5527426160337553,12,False,0.0347055944074243,False
0.479,237,46,116.0,15.0,104.0,2.0,0.12605042016806722,0.01694915254237288,0.8854961832061069,0.9830508474576272,0.8739495798319328,0.9317269076305221,0.92850021364478,0.9268963669628977,0.8570004272895599,0.5527426160337553,12,False,0.0347055944074243,False
0.48,237,46,116.0,15.0,104.0,2.0,0.12605042016806722,0.01694915254237288,0.8854961832061069,0.9830508474576272,0.8739495798319328,0.9317269076305221,0.92850021364478,0.9268963669628977,0.8570004272895599,0.5527426160337553,12,False,0.0347055944074243,False
0.481,237,46,116.0,15.0,104.0,2.0,0.12605042016806722,0.01694915254237288,0.8854961832061069,0.9830508474576272,0.8739495798319328,0.9317269076305221,0.92850021364478,0.9268963669628977,0.8570004272895599,0.5527426160337553,12,False,0.0347055944074243,False
0.482,237,46,116.0,15.0,104.0,2.0,0.12605042016806722,0.01694915254237288,0.8854961832061069,0.9830508474576272,0.8739495798319328,0.9317269076305221,0.92850021364478,0.9268963669628977,0.8570004272895599,0.5527426160337553,12,False,0.0347055944074243,False
0.483,237,46,116.0,15.0,104.0,2.0,0.12605042016806722,0.01694915254237288,0.8854961832061069,0.9830508474576272,0.8739495798319328,0.9317269076305221,0.92850021364478,0.9268963669628977,0.8570004272895599,0.5527426160337553,12,False,0.0347055944074243,False
0.484,237,46,116.0,15.0,104.0,2.0,0.12605042016806722,0.01694915254237288,0.8854961832061069,0.9830508474576272,0.8739495798319328,0.9317269076305221,0.92850021364478,0.9268963669628977,0.8570004272895599,0.5527426160337553,12,False,0.0347055944074243,False
0.485,237,46,116.0,15.0,104.0,2.0,0.12605042016806722,0.01694915254237288,0.8854961832061069,0.9830508474576272,0.8739495798319328,0.9317269076305221,0.92850021364478,0.9268963669628977,0.8570004272895599,0.5527426160337553,12,False,0.0347055944074243,False
0.486,237,46,116.0,15.0,104.0,2.0,0.12605042016806722,0.01694915254237288,0.8854961832061069,0.9830508474576272,0.8739495798319328,0.9317269076305221,0.92850021364478,0.9268963669628977,0.8570004272895599,0.5527426160337553,12,False,0.0347055944074243,False
0.487,237,46,116.0,15.0,104.0,2.0,0.12605042016806722,0.01694915254237288,0.8854961832061069,0.9830508474576272,0.8739495798319328,0.9317269076305221,0.92850021364478,0.9268963669628977,0.8570004272895599,0.5527426160337553,12,False,0.0347055944074243,False
0.488,237,46,116.0,15.0,104.0,2.0,0.12605042016806722,0.01694915254237288,0.8854961832061069,0.9830508474576272,0.8739495798319328,0.9317269076305221,0.92850021364478,0.9268963669628977,0.8570004272895599,0.5527426160337553,12,False,0.0347055944074243,False
0.489,237,46,116.0,15.0,104.0,2.0,0.12605042016806722,0.01694915254237288,0.8854961832061069,0.9830508474576272,0.8739495798319328,0.9317269076305221,0.92850021364478,0.9268963669628977,0.8570004272895599,0.5527426160337553,12,False,0.0347055944074243,False
0.49,237,46,116.0,15.0,104.0,2.0,0.12605042016806722,0.01694915254237288,0.8854961832061069,0.9830508474576272,0.8739495798319328,0.9317269076305221,0.92850021364478,0.9268963669628977,0.8570004272895599,0.5527426160337553,12,False,0.0347055944074243,False
0.491,237,46,116.0,15.0,104.0,2.0,0.12605042016806722,0.01694915254237288,0.8854961832061069,0.9830508474576272,0.8739495798319328,0.9317269076305221,0.92850021364478,0.9268963669628977,0.8570004272895599,0.5527426160337553,12,False,0.0347055944074243,False
0.492,237,46,116.0,15.0,104.0,2.0,0.12605042016806722,0.01694915254237288,0.8854961832061069,0.9830508474576272,0.8739495798319328,0.9317269076305221,0.92850021364478,0.9268963669628977,0.8570004272895599,0.5527426160337553,12,False,0.0347055944074243,False
0.493,237,46,116.0,15.0,104.0,2.0,0.12605042016806722,0.01694915254237288,0.8854961832061069,0.9830508474576272,0.8739495798319328,0.9317269076305221,0.92850021364478,0.9268963669628977,0.8570004272895599,0.5527426160337553,12,False,0.0347055944074243,False
0.494,237,46,116.0,15.0,104.0,2.0,0.12605042016806722,0.01694915254237288,0.8854961832061069,0.9830508474576272,0.8739495798319328,0.9317269076305221,0.92850021364478,0.9268963669628977,0.8570004272895599,0.5527426160337553,12,False,0.0347055944074243,False
0.495,237,46,116.0,15.0,104.0,2.0,0.12605042016806722,0.01694915254237288,0.8854961832061069,0.9830508474576272,0.8739495798319328,0.9317269076305221,0.92850021364478,0.9268963669628977,0.8570004272895599,0.5527426160337553,12,False,0.0347055944074243,False
0.496,237,46,116.0,15.0,104.0,2.0,0.12605042016806722,0.01694915254237288,0.8854961832061069,0.9830508474576272,0.8739495798319328,0.9317269076305221,0.92850021364478,0.9268963669628977,0.8570004272895599,0.5527426160337553,12,False,0.0347055944074243,False
0.497,237,46,116.0,15.0,104.0,2.0,0.12605042016806722,0.01694915254237288,0.8854961832061069,0.9830508474576272,0.8739495798319328,0.9317269076305221,0.92850021364478,0.9268963669628977,0.8570004272895599,0.5527426160337553,12,False,0.0347055944074243,False
0.498,237,46,116.0,15.0,104.0,2.0,0.12605042016806722,0.01694915254237288,0.8854961832061069,0.9830508474576272,0.8739495798319328,0.9317269076305221,0.92850021364478,0.9268963669628977,0.8570004272895599,0.5527426160337553,12,False,0.0347055944074243,False
0.499,237,46,116.0,15.0,104.0,2.0,0.12605042016806722,0.01694915254237288,0.8854961832061069,0.9830508474576272,0.8739495798319328,0.9317269076305221,0.92850021364478,0.9268963669628977,0.8570004272895599,0.5527426160337553,12,False,0.0347055944074243,False
0.5,237,46,116.0,15.0,104.0,2.0,0.12605042016806722,0.01694915254237288,0.8854961832061069,0.9830508474576272,0.8739495798319328,0.9317269076305221,0.92850021364478,0.9268963669628977,0.8570004272895599,0.5527426160337553,12,False,0.0347055944074243,False
0.501,237,46,116.0,15.0,104.0,2.0,0.12605042016806722,0.01694915254237288,0.8854961832061069,0.9830508474576272,0.8739495798319328,0.9317269076305221,0.92850021364478,0.9268963669628977,0.8570004272895599,0.5527426160337553,12,False,0.0347055944074243,False
0.502,237,46,116.0,15.0,104.0,2.0,0.12605042016806722,0.01694915254237288,0.8854961832061069,0.9830508474576272,0.8739495798319328,0.9317269076305221,0.92850021364478,0.9268963669628977,0.8570004272895599,0.5527426160337553,12,False,0.0347055944074243,False
0.503,237,46,116.0,15.0,104.0,2.0,0.12605042016806722,0.01694915254237288,0.8854961832061069,0.9830508474576272,0.8739495798319328,0.9317269076305221,0.92850021364478,0.9268963669628977,0.8570004272895599,0.5527426160337553,12,False,0.0347055944074243,False
0.504,237,46,116.0,15.0,104.0,2.0,0.12605042016806722,0.01694915254237288,0.8854961832061069,0.9830508474576272,0.8739495798319328,0.9317269076305221,0.92850021364478,0.9268963669628977,0.8570004272895599,0.5527426160337553,12,False,0.0347055944074243,False
0.505,237,46,116.0,15.0,104.0,2.0,0.12605042016806722,0.01694915254237288,0.8854961832061069,0.9830508474576272,0.8739495798319328,0.9317269076305221,0.92850021364478,0.9268963669628977,0.8570004272895599,0.5527426160337553,12,False,0.0347055944074243,False
0.506,237,46,116.0,15.0,104.0,2.0,0.12605042016806722,0.01694915254237288,0.8854961832061069,0.9830508474576272,0.8739495798319328,0.9317269076305221,0.92850021364478,0.9268963669628977,0.8570004272895599,0.5527426160337553,12,False,0.0347055944074243,False
0.507,237,46,116.0,15.0,104.0,2.0,0.12605042016806722,0.01694915254237288,0.8854961832061069,0.9830508474576272,0.8739495798319328,0.9317269076305221,0.92850021364478,0.9268963669628977,0.8570004272895599,0.5527426160337553,12,False,0.0347055944074243,False
0.508,237,46,116.0,15.0,104.0,2.0,0.12605042016806722,0.01694915254237288,0.8854961832061069,0.9830508474576272,0.8739495798319328,0.9317269076305221,0.92850021364478,0.9268963669628977,0.8570004272895599,0.5527426160337553,12,False,0.0347055944074243,False
0.509,237,46,116.0,15.0,104.0,2.0,0.12605042016806722,0.01694915254237288,0.8854961832061069,0.9830508474576272,0.8739495798319328,0.9317269076305221,0.92850021364478,0.9268963669628977,0.8570004272895599,0.5527426160337553,12,False,0.0347055944074243,False
0.51,237,46,116.0,15.0,104.0,2.0,0.12605042016806722,0.01694915254237288,0.8854961832061069,0.9830508474576272,0.8739495798319328,0.9317269076305221,0.92850021364478,0.9268963669628977,0.8570004272895599,0.5527426160337553,12,False,0.0347055944074243,False
0.510744,237,46,116.0,15.0,104.0,2.0,0.12605042016806722,0.01694915254237288,0.8854961832061069,0.9830508474576272,0.8739495798319328,0.9317269076305221,0.92850021364478,0.9268963669628977,0.8570004272895599,0.5527426160337553,12,False,0.0347055944074243,False
0.511,237,46,116.0,15.0,104.0,2.0,0.12605042016806722,0.01694915254237288,0.8854961832061069,0.9830508474576272,0.8739495798319328,0.9317269076305221,0.92850021364478,0.9268963669628977,0.8570004272895599,0.5527426160337553,12,False,0.0347055944074243,False
0.512,237,46,116.0,15.0,104.0,2.0,0.12605042016806722,0.01694915254237288,0.8854961832061069,0.9830508474576272,0.8739495798319328,0.9317269076305221,0.92850021364478,0.9268963669628977,0.8570004272895599,0.5527426160337553,12,False,0.0347055944074243,False
0.513,237,46,116.0,15.0,104.0,2.0,0.12605042016806722,0.01694915254237288,0.8854961832061069,0.9830508474576272,0.8739495798319328,0.9317269076305221,0.92850021364478,0.9268963669628977,0.8570004272895599,0.5527426160337553,12,False,0.0347055944074243,False
0.514,237,46,116.0,15.0,104.0,2.0,0.12605042016806722,0.01694915254237288,0.8854961832061069,0.9830508474576272,0.8739495798319328,0.9317269076305221,0.92850021364478,0.9268963669628977,0.8570004272895599,0.5527426160337553,12,False,0.0347055944074243,False
0.515,237,46,116.0,15.0,104.0,2.0,0.12605042016806722,0.01694915254237288,0.8854961832061069,0.9830508474576272,0.8739495798319328,0.9317269076305221,0.92850021364478,0.9268963669628977,0.8570004272895599,0.5527426160337553,12,False,0.0347055944074243,False
0.516,237,46,116.0,15.0,104.0,2.0,0.12605042016806722,0.01694915254237288,0.8854961832061069,0.9830508474576272,0.8739495798319328,0.9317269076305221,0.92850021364478,0.9268963669628977,0.8570004272895599,0.5527426160337553,12,False,0.0347055944074243,False
0.517,237,46,116.0,15.0,104.0,2.0,0.12605042016806722,0.01694915254237288,0.8854961832061069,0.9830508474576272,0.8739495798319328,0.9317269076305221,0.92850021364478,0.9268963669628977,0.8570004272895599,0.5527426160337553,12,False,0.0347055944074243,False
0.518,237,46,116.0,15.0,104.0,2.0,0.12605042016806722,0.01694915254237288,0.8854961832061069,0.9830508474576272,0.8739495798319328,0.9317269076305221,0.92850021364478,0.9268963669628977,0.8570004272895599,0.5527426160337553,12,False,0.0347055944074243,False
0.519,237,46,116.0,15.0,104.0,2.0,0.12605042016806722,0.01694915254237288,0.8854961832061069,0.9830508474576272,0.8739495798319328,0.9317269076305221,0.92850021364478,0.9268963669628977,0.8570004272895599,0.5527426160337553,12,False,0.0347055944074243,False
0.52,237,46,116.0,15.0,104.0,2.0,0.12605042016806722,0.01694915254237288,0.8854961832061069,0.9830508474576272,0.8739495798319328,0.9317269076305221,0.92850021364478,0.9268963669628977,0.8570004272895599,0.5527426160337553,12,False,0.0347055944074243,False
0.521,237,46,116.0,15.0,104.0,2.0,0.12605042016806722,0.01694915254237288,0.8854961832061069,0.9830508474576272,0.8739495798319328,0.9317269076305221,0.92850021364478,0.9268963669628977,0.8570004272895599,0.5527426160337553,12,False,0.0347055944074243,False
0.522,237,46,116.0,15.0,104.0,2.0,0.12605042016806722,0.01694915254237288,0.8854961832061069,0.9830508474576272,0.8739495798319328,0.9317269076305221,0.92850021364478,0.9268963669628977,0.8570004272895599,0.5527426160337553,12,False,0.0347055944074243,False
0.523,237,46,116.0,15.0,104.0,2.0,0.12605042016806722,0.01694915254237288,0.8854961832061069,0.9830508474576272,0.8739495798319328,0.9317269076305221,0.92850021364478,0.9268963669628977,0.8570004272895599,0.5527426160337553,12,False,0.0347055944074243,False
0.524,237,46,116.0,15.0,104.0,2.0,0.12605042016806722,0.01694915254237288,0.8854961832061069,0.9830508474576272,0.8739495798319328,0.9317269076305221,0.92850021364478,0.9268963669628977,0.8570004272895599,0.5527426160337553,12,False,0.0347055944074243,False
0.525,237,46,116.0,15.0,104.0,2.0,0.12605042016806722,0.01694915254237288,0.8854961832061069,0.9830508474576272,0.8739495798319328,0.9317269076305221,0.92850021364478,0.9268963669628977,0.8570004272895599,0.5527426160337553,12,False,0.0347055944074243,False
0.526,237,46,116.0,15.0,104.0,2.0,0.12605042016806722,0.01694915254237288,0.8854961832061069,0.9830508474576272,0.8739495798319328,0.9317269076305221,0.92850021364478,0.9268963669628977,0.8570004272895599,0.5527426160337553,12,False,0.0347055944074243,False
0.527,237,46,116.0,15.0,104.0,2.0,0.12605042016806722,0.01694915254237288,0.8854961832061069,0.9830508474576272,0.8739495798319328,0.9317269076305221,0.92850021364478,0.9268963669628977,0.8570004272895599,0.5527426160337553,12,False,0.0347055944074243,False
0.528,237,46,116.0,15.0,104.0,2.0,0.12605042016806722,0.01694915254237288,0.8854961832061069,0.9830508474576272,0.8739495798319328,0.9317269076305221,0.92850021364478,0.9268963669628977,0.8570004272895599,0.5527426160337553,12,False,0.0347055944074243,False
0.529,237,46,116.0,15.0,104.0,2.0,0.12605042016806722,0.01694915254237288,0.8854961832061069,0.9830508474576272,0.8739495798319328,0.9317269076305221,0.92850021364478,0.9268963669628977,0.8570004272895599,0.5527426160337553,12,False,0.0347055944074243,False
0.53,237,46,116.0,15.0,104.0,2.0,0.12605042016806722,0.01694915254237288,0.8854961832061069,0.9830508474576272,0.8739495798319328,0.9317269076305221,0.92850021364478,0.9268963669628977,0.8570004272895599,0.5527426160337553,12,False,0.0347055944074243,False
0.531,237,46,116.0,15.0,104.0,2.0,0.12605042016806722,0.01694915254237288,0.8854961832061069,0.9830508474576272,0.8739495798319328,0.9317269076305221,0.92850021364478,0.9268963669628977,0.8570004272895599,0.5527426160337553,12,False,0.0347055944074243,False
0.532,237,46,116.0,15.0,104.0,2.0,0.12605042016806722,0.01694915254237288,0.8854961832061069,0.9830508474576272,0.8739495798319328,0.9317269076305221,0.92850021364478,0.9268963669628977,0.8570004272895599,0.5527426160337553,12,False,0.0347055944074243,False
0.533,237,46,116.0,15.0,104.0,2.0,0.12605042016806722,0.01694915254237288,0.8854961832061069,0.9830508474576272,0.8739495798319328,0.9317269076305221,0.92850021364478,0.9268963669628977,0.8570004272895599,0.5527426160337553,12,False,0.0347055944074243,False
0.534,237,46,116.0,15.0,104.0,2.0,0.12605042016806722,0.01694915254237288,0.8854961832061069,0.9830508474576272,0.8739495798319328,0.9317269076305221,0.92850021364478,0.9268963669628977,0.8570004272895599,0.5527426160337553,12,False,0.0347055944074243,False
0.535,237,46,116.0,15.0,104.0,2.0,0.12605042016806722,0.01694915254237288,0.8854961832061069,0.9830508474576272,0.8739495798319328,0.9317269076305221,0.92850021364478,0.9268963669628977,0.8570004272895599,0.5527426160337553,12,False,0.0347055944074243,False
0.536,237,46,116.0,15.0,104.0,2.0,0.12605042016806722,0.01694915254237288,0.8854961832061069,0.9830508474576272,0.8739495798319328,0.9317269076305221,0.92850021364478,0.9268963669628977,0.8570004272895599,0.5527426160337553,12,False,0.0347055944074243,False
0.537,237,46,116.0,15.0,104.0,2.0,0.12605042016806722,0.01694915254237288,0.8854961832061069,0.9830508474576272,0.8739495798319328,0.9317269076305221,0.92850021364478,0.9268963669628977,0.8570004272895599,0.5527426160337553,12,False,0.0347055944074243,False
0.538,237,46,116.0,15.0,104.0,2.0,0.12605042016806722,0.01694915254237288,0.8854961832061069,0.9830508474576272,0.8739495798319328,0.9317269076305221,0.92850021364478,0.9268963669628977,0.8570004272895599,0.5527426160337553,12,False,0.0347055944074243,False
0.539,237,46,116.0,15.0,104.0,2.0,0.12605042016806722,0.01694915254237288,0.8854961832061069,0.9830508474576272,0.8739495798319328,0.9317269076305221,0.92850021364478,0.9268963669628977,0.8570004272895599,0.5527426160337553,12,False,0.0347055944074243,False
0.54,237,46,116.0,15.0,104.0,2.0,0.12605042016806722,0.01694915254237288,0.8854961832061069,0.9830508474576272,0.8739495798319328,0.9317269076305221,0.92850021364478,0.9268963669628977,0.8570004272895599,0.5527426160337553,12,False,0.0347055944074243,False
0.541,237,46,116.0,15.0,104.0,2.0,0.12605042016806722,0.01694915254237288,0.8854961832061069,0.9830508474576272,0.8739495798319328,0.9317269076305221,0.92850021364478,0.9268963669628977,0.8570004272895599,0.5527426160337553,12,False,0.0347055944074243,False
0.542,237,46,116.0,15.0,104.0,2.0,0.12605042016806722,0.01694915254237288,0.8854961832061069,0.9830508474576272,0.8739495798319328,0.9317269076305221,0.92850021364478,0.9268963669628977,0.8570004272895599,0.5527426160337553,12,False,0.0347055944074243,False
0.543,237,46,116.0,15.0,104.0,2.0,0.12605042016806722,0.01694915254237288,0.8854961832061069,0.9830508474576272,0.8739495798319328,0.9317269076305221,0.92850021364478,0.9268963669628977,0.8570004272895599,0.5527426160337553,12,False,0.0347055944074243,False
0.544,237,46,116.0,15.0,104.0,2.0,0.12605042016806722,0.01694915254237288,0.8854961832061069,0.9830508474576272,0.8739495798319328,0.9317269076305221,0.92850021364478,0.9268963669628977,0.8570004272895599,0.5527426160337553,12,False,0.0347055944074243,False
0.545,237,46,116.0,15.0,104.0,2.0,0.12605042016806722,0.01694915254237288,0.8854961832061069,0.9830508474576272,0.8739495798319328,0.9317269076305221,0.92850021364478,0.9268963669628977,0.8570004272895599,0.5527426160337553,12,False,0.0347055944074243,False
0.546,237,46,116.0,15.0,104.0,2.0,0.12605042016806722,0.01694915254237288,0.8854961832061069,0.9830508474576272,0.8739495798319328,0.9317269076305221,0.92850021364478,0.9268963669628977,0.8570004272895599,0.5527426160337553,12,False,0.0347055944074243,False
0.546488,237,46,116.0,15.0,104.0,2.0,0.12605042016806722,0.01694915254237288,0.8854961832061069,0.9830508474576272,0.8739495798319328,0.9317269076305221,0.92850021364478,0.9268963669628977,0.8570004272895599,0.5527426160337553,12,False,0.0347055944074243,False
0.547,237,46,115.0,15.0,104.0,3.0,0.12605042016806722,0.025423728813559324,0.8846153846153846,0.9745762711864406,0.8739495798319328,0.9274193548387096,0.9242629255091868,0.9228924762492983,0.8485258510183735,0.5485232067510548,12,False,0.03700753407329153,False
0.548,237,46,115.0,15.0,104.0,3.0,0.12605042016806722,0.025423728813559324,0.8846153846153846,0.9745762711864406,0.8739495798319328,0.9274193548387096,0.9242629255091868,0.9228924762492983,0.8485258510183735,0.5485232067510548,12,False,0.03700753407329153,False
0.549,237,46,115.0,15.0,104.0,3.0,0.12605042016806722,0.025423728813559324,0.8846153846153846,0.9745762711864406,0.8739495798319328,0.9274193548387096,0.9242629255091868,0.9228924762492983,0.8485258510183735,0.5485232067510548,12,False,0.03700753407329153,False
0.55,237,46,115.0,15.0,104.0,3.0,0.12605042016806722,0.025423728813559324,0.8846153846153846,0.9745762711864406,0.8739495798319328,0.9274193548387096,0.9242629255091868,0.9228924762492983,0.8485258510183735,0.5485232067510548,12,False,0.03700753407329153,False
0.551,237,46,115.0,15.0,104.0,3.0,0.12605042016806722,0.025423728813559324,0.8846153846153846,0.9745762711864406,0.8739495798319328,0.9274193548387096,0.9242629255091868,0.9228924762492983,0.8485258510183735,0.5485232067510548,12,False,0.03700753407329153,False
0.552,237,46,115.0,15.0,104.0,3.0,0.12605042016806722,0.025423728813559324,0.8846153846153846,0.9745762711864406,0.8739495798319328,0.9274193548387096,0.9242629255091868,0.9228924762492983,0.8485258510183735,0.5485232067510548,12,False,0.03700753407329153,False
0.553,237,46,115.0,15.0,104.0,3.0,0.12605042016806722,0.025423728813559324,0.8846153846153846,0.9745762711864406,0.8739495798319328,0.9274193548387096,0.9242629255091868,0.9228924762492983,0.8485258510183735,0.5485232067510548,12,False,0.03700753407329153,False
0.554,237,46,115.0,15.0,104.0,3.0,0.12605042016806722,0.025423728813559324,0.8846153846153846,0.9745762711864406,0.8739495798319328,0.9274193548387096,0.9242629255091868,0.9228924762492983,0.8485258510183735,0.5485232067510548,12,False,0.03700753407329153,False
0.555,237,46,115.0,15.0,104.0,3.0,0.12605042016806722,0.025423728813559324,0.8846153846153846,0.9745762711864406,0.8739495798319328,0.9274193548387096,0.9242629255091868,0.9228924762492983,0.8485258510183735,0.5485232067510548,12,False,0.03700753407329153,False
0.556,237,46,115.0,15.0,104.0,3.0,0.12605042016806722,0.025423728813559324,0.8846153846153846,0.9745762711864406,0.8739495798319328,0.9274193548387096,0.9242629255091868,0.9228924762492983,0.8485258510183735,0.5485232067510548,12,False,0.03700753407329153,False
0.557,237,46,115.0,15.0,104.0,3.0,0.12605042016806722,0.025423728813559324,0.8846153846153846,0.9745762711864406,0.8739495798319328,0.9274193548387096,0.9242629255091868,0.9228924762492983,0.8485258510183735,0.5485232067510548,12,False,0.03700753407329153,False
0.558,237,46,115.0,15.0,104.0,3.0,0.12605042016806722,0.025423728813559324,0.8846153846153846,0.9745762711864406,0.8739495798319328,0.9274193548387096,0.9242629255091868,0.9228924762492983,0.8485258510183735,0.5485232067510548,12,False,0.03700753407329153,False
0.559,237,46,115.0,15.0,104.0,3.0,0.12605042016806722,0.025423728813559324,0.8846153846153846,0.9745762711864406,0.8739495798319328,0.9274193548387096,0.9242629255091868,0.9228924762492983,0.8485258510183735,0.5485232067510548,12,False,0.03700753407329153,False
0.56,237,46,115.0,15.0,104.0,3.0,0.12605042016806722,0.025423728813559324,0.8846153846153846,0.9745762711864406,0.8739495798319328,0.9274193548387096,0.9242629255091868,0.9228924762492983,0.8485258510183735,0.5485232067510548,12,False,0.03700753407329153,False
0.560744,237,46,115.0,15.0,104.0,3.0,0.12605042016806722,0.025423728813559324,0.8846153846153846,0.9745762711864406,0.8739495798319328,0.9274193548387096,0.9242629255091868,0.9228924762492983,0.8485258510183735,0.5485232067510548,12,False,0.03700753407329153,False
0.561,237,46,115.0,15.0,104.0,3.0,0.12605042016806722,0.025423728813559324,0.8846153846153846,0.9745762711864406,0.8739495798319328,0.9274193548387096,0.9242629255091868,0.9228924762492983,0.8485258510183735,0.5485232067510548,12,False,0.03700753407329153,False
0.562,237,46,115.0,15.0,104.0,3.0,0.12605042016806722,0.025423728813559324,0.8846153846153846,0.9745762711864406,0.8739495798319328,0.9274193548387096,0.9242629255091868,0.9228924762492983,0.8485258510183735,0.5485232067510548,12,False,0.03700753407329153,False
0.563,237,46,115.0,15.0,104.0,3.0,0.12605042016806722,0.025423728813559324,0.8846153846153846,0.9745762711864406,0.8739495798319328,0.9274193548387096,0.9242629255091868,0.9228924762492983,0.8485258510183735,0.5485232067510548,12,False,0.03700753407329153,False
0.564,237,46,115.0,15.0,104.0,3.0,0.12605042016806722,0.025423728813559324,0.8846153846153846,0.9745762711864406,0.8739495798319328,0.9274193548387096,0.9242629255091868,0.9228924762492983,0.8485258510183735,0.5485232067510548,12,False,0.03700753407329153,False
0.565,237,46,115.0,15.0,104.0,3.0,0.12605042016806722,0.025423728813559324,0.8846153846153846,0.9745762711864406,0.8739495798319328,0.9274193548387096,0.9242629255091868,0.9228924762492983,0.8485258510183735,0.5485232067510548,12,False,0.03700753407329153,False
0.566,237,46,115.0,15.0,104.0,3.0,0.12605042016806722,0.025423728813559324,0.8846153846153846,0.9745762711864406,0.8739495798319328,0.9274193548387096,0.9242629255091868,0.9228924762492983,0.8485258510183735,0.5485232067510548,12,False,0.03700753407329153,False
0.567,237,46,115.0,15.0,104.0,3.0,0.12605042016806722,0.025423728813559324,0.8846153846153846,0.9745762711864406,0.8739495798319328,0.9274193548387096,0.9242629255091868,0.9228924762492983,0.8485258510183735,0.5485232067510548,12,False,0.03700753407329153,False
0.568,237,46,115.0,15.0,104.0,3.0,0.12605042016806722,0.025423728813559324,0.8846153846153846,0.9745762711864406,0.8739495798319328,0.9274193548387096,0.9242629255091868,0.9228924762492983,0.8485258510183735,0.5485232067510548,12,False,0.03700753407329153,False
0.569,237,46,115.0,15.0,104.0,3.0,0.12605042016806722,0.025423728813559324,0.8846153846153846,0.9745762711864406,0.8739495798319328,0.9274193548387096,0.9242629255091868,0.9228924762492983,0.8485258510183735,0.5485232067510548,12,False,0.03700753407329153,False
0.57,237,46,115.0,15.0,104.0,3.0,0.12605042016806722,0.025423728813559324,0.8846153846153846,0.9745762711864406,0.8739495798319328,0.9274193548387096,0.9242629255091868,0.9228924762492983,0.8485258510183735,0.5485232067510548,12,False,0.03700753407329153,False
0.571,237,46,115.0,15.0,104.0,3.0,0.12605042016806722,0.025423728813559324,0.8846153846153846,0.9745762711864406,0.8739495798319328,0.9274193548387096,0.9242629255091868,0.9228924762492983,0.8485258510183735,0.5485232067510548,12,False,0.03700753407329153,False
0.572,237,46,115.0,15.0,104.0,3.0,0.12605042016806722,0.025423728813559324,0.8846153846153846,0.9745762711864406,0.8739495798319328,0.9274193548387096,0.9242629255091868,0.9228924762492983,0.8485258510183735,0.5485232067510548,12,False,0.03700753407329153,False
0.573,237,46,115.0,15.0,104.0,3.0,0.12605042016806722,0.025423728813559324,0.8846153846153846,0.9745762711864406,0.8739495798319328,0.9274193548387096,0.9242629255091868,0.9228924762492983,0.8485258510183735,0.5485232067510548,12,False,0.03700753407329153,False
0.574,237,46,115.0,15.0,104.0,3.0,0.12605042016806722,0.025423728813559324,0.8846153846153846,0.9745762711864406,0.8739495798319328,0.9274193548387096,0.9242629255091868,0.9228924762492983,0.8485258510183735,0.5485232067510548,12,False,0.03700753407329153,False
0.575,237,46,115.0,15.0,104.0,3.0,0.12605042016806722,0.025423728813559324,0.8846153846153846,0.9745762711864406,0.8739495798319328,0.9274193548387096,0.9242629255091868,0.9228924762492983,0.8485258510183735,0.5485232067510548,12,False,0.03700753407329153,False
0.5755,237,46,115.0,12.0,107.0,3.0,0.10084033613445378,0.025423728813559324,0.905511811023622,0.9745762711864406,0.8991596638655462,0.9387755102040816,0.9368679675259934,0.9361087930424206,0.8737359350519869,0.5358649789029536,12,False,0.03548009454449375,False
0.576,237,46,115.0,12.0,107.0,3.0,0.10084033613445378,0.025423728813559324,0.905511811023622,0.9745762711864406,0.8991596638655462,0.9387755102040816,0.9368679675259934,0.9361087930424206,0.8737359350519869,0.5358649789029536,12,False,0.03548009454449375,False
0.577,237,46,114.0,12.0,107.0,4.0,0.10084033613445378,0.03389830508474576,0.9047619047619048,0.9661016949152542,0.8991596638655462,0.9344262295081968,0.9326306793904002,0.9320298682230814,0.8652613587808005,0.5316455696202531,12,False,0.03687725026001117,False
0.578,237,46,114.0,12.0,107.0,4.0,0.10084033613445378,0.03389830508474576,0.9047619047619048,0.9661016949152542,0.8991596638655462,0.9344262295081968,0.9326306793904002,0.9320298682230814,0.8652613587808005,0.5316455696202531,12,False,0.03687725026001117,False
0.579,237,46,114.0,12.0,107.0,4.0,0.10084033613445378,0.03389830508474576,0.9047619047619048,0.9661016949152542,0.8991596638655462,0.9344262295081968,0.9326306793904002,0.9320298682230814,0.8652613587808005,0.5316455696202531,12,False,0.03687725026001117,False
0.58,237,46,114.0,12.0,107.0,4.0,0.10084033613445378,0.03389830508474576,0.9047619047619048,0.9661016949152542,0.8991596638655462,0.9344262295081968,0.9326306793904002,0.9320298682230814,0.8652613587808005,0.5316455696202531,12,False,0.03687725026001117,False
0.581,237,46,114.0,12.0,107.0,4.0,0.10084033613445378,0.03389830508474576,0.9047619047619048,0.9661016949152542,0.8991596638655462,0.9344262295081968,0.9326306793904002,0.9320298682230814,0.8652613587808005,0.5316455696202531,12,False,0.03687725026001117,False
0.582,237,46,114.0,12.0,107.0,4.0,0.10084033613445378,0.03389830508474576,0.9047619047619048,0.9661016949152542,0.8991596638655462,0.9344262295081968,0.9326306793904002,0.9320298682230814,0.8652613587808005,0.5316455696202531,12,False,0.03687725026001117,False
0.583,237,46,114.0,12.0,107.0,4.0,0.10084033613445378,0.03389830508474576,0.9047619047619048,0.9661016949152542,0.8991596638655462,0.9344262295081968,0.9326306793904002,0.9320298682230814,0.8652613587808005,0.5316455696202531,12,False,0.03687725026001117,False
0.583333,237,46,114.0,12.0,107.0,4.0,0.10084033613445378,0.03389830508474576,0.9047619047619048,0.9661016949152542,0.8991596638655462,0.9344262295081968,0.9326306793904002,0.9320298682230814,0.8652613587808005,0.5316455696202531,12,False,0.03687725026001117,False
0.584,237,46,114.0,12.0,107.0,4.0,0.10084033613445378,0.03389830508474576,0.9047619047619048,0.9661016949152542,0.8991596638655462,0.9344262295081968,0.9326306793904002,0.9320298682230814,0.8652613587808005,0.5316455696202531,12,False,0.03687725026001117,False
0.585,237,46,114.0,12.0,107.0,4.0,0.10084033613445378,0.03389830508474576,0.9047619047619048,0.9661016949152542,0.8991596638655462,0.9344262295081968,0.9326306793904002,0.9320298682230814,0.8652613587808005,0.5316455696202531,12,False,0.03687725026001117,False
0.586,237,46,114.0,12.0,107.0,4.0,0.10084033613445378,0.03389830508474576,0.9047619047619048,0.9661016949152542,0.8991596638655462,0.9344262295081968,0.9326306793904002,0.9320298682230814,0.8652613587808005,0.5316455696202531,12,False,0.03687725026001117,False
0.587,237,46,114.0,12.0,107.0,4.0,0.10084033613445378,0.03389830508474576,0.9047619047619048,0.9661016949152542,0.8991596638655462,0.9344262295081968,0.9326306793904002,0.9320298682230814,0.8652613587808005,0.5316455696202531,12,False,0.03687725026001117,False
0.588,237,46,114.0,12.0,107.0,4.0,0.10084033613445378,0.03389830508474576,0.9047619047619048,0.9661016949152542,0.8991596638655462,0.9344262295081968,0.9326306793904002,0.9320298682230814,0.8652613587808005,0.5316455696202531,12,False,0.03687725026001117,False
0.589,237,46,114.0,12.0,107.0,4.0,0.10084033613445378,0.03389830508474576,0.9047619047619048,0.9661016949152542,0.8991596638655462,0.9344262295081968,0.9326306793904002,0.9320298682230814,0.8652613587808005,0.5316455696202531,12,False,0.03687725026001117,False
0.59,237,46,114.0,12.0,107.0,4.0,0.10084033613445378,0.03389830508474576,0.9047619047619048,0.9661016949152542,0.8991596638655462,0.9344262295081968,0.9326306793904002,0.9320298682230814,0.8652613587808005,0.5316455696202531,12,False,0.03687725026001117,False
0.591,237,46,114.0,12.0,107.0,4.0,0.10084033613445378,0.03389830508474576,0.9047619047619048,0.9661016949152542,0.8991596638655462,0.9344262295081968,0.9326306793904002,0.9320298682230814,0.8652613587808005,0.5316455696202531,12,False,0.03687725026001117,False
0.592,237,46,114.0,12.0,107.0,4.0,0.10084033613445378,0.03389830508474576,0.9047619047619048,0.9661016949152542,0.8991596638655462,0.9344262295081968,0.9326306793904002,0.9320298682230814,0.8652613587808005,0.5316455696202531,12,False,0.03687725026001117,False
0.593,237,46,114.0,12.0,107.0,4.0,0.10084033613445378,0.03389830508474576,0.9047619047619048,0.9661016949152542,0.8991596638655462,0.9344262295081968,0.9326306793904002,0.9320298682230814,0.8652613587808005,0.5316455696202531,12,False,0.03687725026001117,False
0.594,237,46,114.0,12.0,107.0,4.0,0.10084033613445378,0.03389830508474576,0.9047619047619048,0.9661016949152542,0.8991596638655462,0.9344262295081968,0.9326306793904002,0.9320298682230814,0.8652613587808005,0.5316455696202531,12,False,0.03687725026001117,False
0.595,237,46,114.0,12.0,107.0,4.0,0.10084033613445378,0.03389830508474576,0.9047619047619048,0.9661016949152542,0.8991596638655462,0.9344262295081968,0.9326306793904002,0.9320298682230814,0.8652613587808005,0.5316455696202531,12,False,0.03687725026001117,False
0.596,237,46,114.0,12.0,107.0,4.0,0.10084033613445378,0.03389830508474576,0.9047619047619048,0.9661016949152542,0.8991596638655462,0.9344262295081968,0.9326306793904002,0.9320298682230814,0.8652613587808005,0.5316455696202531,12,False,0.03687725026001117,False
0.597,237,46,114.0,12.0,107.0,4.0,0.10084033613445378,0.03389830508474576,0.9047619047619048,0.9661016949152542,0.8991596638655462,0.9344262295081968,0.9326306793904002,0.9320298682230814,0.8652613587808005,0.5316455696202531,12,False,0.03687725026001117,False
0.598,237,46,114.0,12.0,107.0,4.0,0.10084033613445378,0.03389830508474576,0.9047619047619048,0.9661016949152542,0.8991596638655462,0.9344262295081968,0.9326306793904002,0.9320298682230814,0.8652613587808005,0.5316455696202531,12,False,0.03687725026001117,False
0.599,237,46,114.0,12.0,107.0,4.0,0.10084033613445378,0.03389830508474576,0.9047619047619048,0.9661016949152542,0.8991596638655462,0.9344262295081968,0.9326306793904002,0.9320298682230814,0.8652613587808005,0.5316455696202531,12,False,0.03687725026001117,False
0.6,237,46,114.0,12.0,107.0,4.0,0.10084033613445378,0.03389830508474576,0.9047619047619048,0.9661016949152542,0.8991596638655462,0.9344262295081968,0.9326306793904002,0.9320298682230814,0.8652613587808005,0.5316455696202531,12,False,0.03687725026001117,False
0.601,237,46,114.0,12.0,107.0,4.0,0.10084033613445378,0.03389830508474576,0.9047619047619048,0.9661016949152542,0.8991596638655462,0.9344262295081968,0.9326306793904002,0.9320298682230814,0.8652613587808005,0.5316455696202531,12,False,0.03687725026001117,False
0.601846,237,46,114.0,12.0,107.0,4.0,0.10084033613445378,0.03389830508474576,0.9047619047619048,0.9661016949152542,0.8991596638655462,0.9344262295081968,0.9326306793904002,0.9320298682230814,0.8652613587808005,0.5316455696202531,12,False,0.03687725026001117,False
0.602,237,46,114.0,12.0,107.0,4.0,0.10084033613445378,0.03389830508474576,0.9047619047619048,0.9661016949152542,0.8991596638655462,0.9344262295081968,0.9326306793904002,0.9320298682230814,0.8652613587808005,0.5316455696202531,12,False,0.03687725026001117,False
0.603,237,46,114.0,12.0,107.0,4.0,0.10084033613445378,0.03389830508474576,0.9047619047619048,0.9661016949152542,0.8991596638655462,0.9344262295081968,0.9326306793904002,0.9320298682230814,0.8652613587808005,0.5316455696202531,12,False,0.03687725026001117,False
0.604,237,46,114.0,12.0,107.0,4.0,0.10084033613445378,0.03389830508474576,0.9047619047619048,0.9661016949152542,0.8991596638655462,0.9344262295081968,0.9326306793904002,0.9320298682230814,0.8652613587808005,0.5316455696202531,12,False,0.03687725026001117,False
0.605,237,46,114.0,12.0,107.0,4.0,0.10084033613445378,0.03389830508474576,0.9047619047619048,0.9661016949152542,0.8991596638655462,0.9344262295081968,0.9326306793904002,0.9320298682230814,0.8652613587808005,0.5316455696202531,12,False,0.03687725026001117,False
0.606,237,46,114.0,12.0,107.0,4.0,0.10084033613445378,0.03389830508474576,0.9047619047619048,0.9661016949152542,0.8991596638655462,0.9344262295081968,0.9326306793904002,0.9320298682230814,0.8652613587808005,0.5316455696202531,12,False,0.03687725026001117,False
0.607,237,46,114.0,12.0,107.0,4.0,0.10084033613445378,0.03389830508474576,0.9047619047619048,0.9661016949152542,0.8991596638655462,0.9344262295081968,0.9326306793904002,0.9320298682230814,0.8652613587808005,0.5316455696202531,12,False,0.03687725026001117,False
0.608,237,46,114.0,12.0,107.0,4.0,0.10084033613445378,0.03389830508474576,0.9047619047619048,0.9661016949152542,0.8991596638655462,0.9344262295081968,0.9326306793904002,0.9320298682230814,0.8652613587808005,0.5316455696202531,12,False,0.03687725026001117,False
0.609,237,46,114.0,12.0,107.0,4.0,0.10084033613445378,0.03389830508474576,0.9047619047619048,0.9661016949152542,0.8991596638655462,0.9344262295081968,0.9326306793904002,0.9320298682230814,0.8652613587808005,0.5316455696202531,12,False,0.03687725026001117,False
0.61,237,46,114.0,12.0,107.0,4.0,0.10084033613445378,0.03389830508474576,0.9047619047619048,0.9661016949152542,0.8991596638655462,0.9344262295081968,0.9326306793904002,0.9320298682230814,0.8652613587808005,0.5316455696202531,12,False,0.03687725026001117,False
0.611,237,46,114.0,12.0,107.0,4.0,0.10084033613445378,0.03389830508474576,0.9047619047619048,0.9661016949152542,0.8991596638655462,0.9344262295081968,0.9326306793904002,0.9320298682230814,0.8652613587808005,0.5316455696202531,12,False,0.03687725026001117,False
0.612,237,46,114.0,12.0,107.0,4.0,0.10084033613445378,0.03389830508474576,0.9047619047619048,0.9661016949152542,0.8991596638655462,0.9344262295081968,0.9326306793904002,0.9320298682230814,0.8652613587808005,0.5316455696202531,12,False,0.03687725026001117,False
0.613,237,46,114.0,12.0,107.0,4.0,0.10084033613445378,0.03389830508474576,0.9047619047619048,0.9661016949152542,0.8991596638655462,0.9344262295081968,0.9326306793904002,0.9320298682230814,0.8652613587808005,0.5316455696202531,12,False,0.03687725026001117,False
0.614,237,46,114.0,12.0,107.0,4.0,0.10084033613445378,0.03389830508474576,0.9047619047619048,0.9661016949152542,0.8991596638655462,0.9344262295081968,0.9326306793904002,0.9320298682230814,0.8652613587808005,0.5316455696202531,12,False,0.03687725026001117,False
0.615,237,46,114.0,12.0,107.0,4.0,0.10084033613445378,0.03389830508474576,0.9047619047619048,0.9661016949152542,0.8991596638655462,0.9344262295081968,0.9326306793904002,0.9320298682230814,0.8652613587808005,0.5316455696202531,12,False,0.03687725026001117,False
0.616,237,46,114.0,12.0,107.0,4.0,0.10084033613445378,0.03389830508474576,0.9047619047619048,0.9661016949152542,0.8991596638655462,0.9344262295081968,0.9326306793904002,0.9320298682230814,0.8652613587808005,0.5316455696202531,12,False,0.03687725026001117,False
0.617,237,46,114.0,12.0,107.0,4.0,0.10084033613445378,0.03389830508474576,0.9047619047619048,0.9661016949152542,0.8991596638655462,0.9344262295081968,0.9326306793904002,0.9320298682230814,0.8652613587808005,0.5316455696202531,12,False,0.03687725026001117,False
0.618,237,46,114.0,12.0,107.0,4.0,0.10084033613445378,0.03389830508474576,0.9047619047619048,0.9661016949152542,0.8991596638655462,0.9344262295081968,0.9326306793904002,0.9320298682230814,0.8652613587808005,0.5316455696202531,12,False,0.03687725026001117,False
0.619,237,46,114.0,12.0,107.0,4.0,0.10084033613445378,0.03389830508474576,0.9047619047619048,0.9661016949152542,0.8991596638655462,0.9344262295081968,0.9326306793904002,0.9320298682230814,0.8652613587808005,0.5316455696202531,12,False,0.03687725026001117,False
0.62,237,46,114.0,12.0,107.0,4.0,0.10084033613445378,0.03389830508474576,0.9047619047619048,0.9661016949152542,0.8991596638655462,0.9344262295081968,0.9326306793904002,0.9320298682230814,0.8652613587808005,0.5316455696202531,12,False,0.03687725026001117,False
0.621,237,46,114.0,12.0,107.0,4.0,0.10084033613445378,0.03389830508474576,0.9047619047619048,0.9661016949152542,0.8991596638655462,0.9344262295081968,0.9326306793904002,0.9320298682230814,0.8652613587808005,0.5316455696202531,12,False,0.03687725026001117,False
0.622,237,46,114.0,12.0,107.0,4.0,0.10084033613445378,0.03389830508474576,0.9047619047619048,0.9661016949152542,0.8991596638655462,0.9344262295081968,0.9326306793904002,0.9320298682230814,0.8652613587808005,0.5316455696202531,12,False,0.03687725026001117,False
0.623,237,46,114.0,12.0,107.0,4.0,0.10084033613445378,0.03389830508474576,0.9047619047619048,0.9661016949152542,0.8991596638655462,0.9344262295081968,0.9326306793904002,0.9320298682230814,0.8652613587808005,0.5316455696202531,12,False,0.03687725026001117,False
0.624,237,46,114.0,12.0,107.0,4.0,0.10084033613445378,0.03389830508474576,0.9047619047619048,0.9661016949152542,0.8991596638655462,0.9344262295081968,0.9326306793904002,0.9320298682230814,0.8652613587808005,0.5316455696202531,12,False,0.03687725026001117,False
0.625,237,46,114.0,12.0,107.0,4.0,0.10084033613445378,0.03389830508474576,0.9047619047619048,0.9661016949152542,0.8991596638655462,0.9344262295081968,0.9326306793904002,0.9320298682230814,0.8652613587808005,0.5316455696202531,12,False,0.03687725026001117,False
0.626,237,46,114.0,12.0,107.0,4.0,0.10084033613445378,0.03389830508474576,0.9047619047619048,0.9661016949152542,0.8991596638655462,0.9344262295081968,0.9326306793904002,0.9320298682230814,0.8652613587808005,0.5316455696202531,12,False,0.03687725026001117,False
0.627,237,46,114.0,12.0,107.0,4.0,0.10084033613445378,0.03389830508474576,0.9047619047619048,0.9661016949152542,0.8991596638655462,0.9344262295081968,0.9326306793904002,0.9320298682230814,0.8652613587808005,0.5316455696202531,12,False,0.03687725026001117,False
0.627692,237,46,114.0,12.0,107.0,4.0,0.10084033613445378,0.03389830508474576,0.9047619047619048,0.9661016949152542,0.8991596638655462,0.9344262295081968,0.9326306793904002,0.9320298682230814,0.8652613587808005,0.5316455696202531,12,False,0.03687725026001117,False
0.628,237,46,113.0,12.0,107.0,5.0,0.10084033613445378,0.0423728813559322,0.904,0.9576271186440678,0.8991596638655462,0.9300411522633746,0.928393391254807,0.9279330138046235,0.856786782509614,0.5274261603375527,12,False,0.0391021653520484,False
0.629,237,46,113.0,12.0,107.0,5.0,0.10084033613445378,0.0423728813559322,0.904,0.9576271186440678,0.8991596638655462,0.9300411522633746,0.928393391254807,0.9279330138046235,0.856786782509614,0.5274261603375527,12,False,0.0391021653520484,False
0.63,237,46,113.0,12.0,107.0,5.0,0.10084033613445378,0.0423728813559322,0.904,0.9576271186440678,0.8991596638655462,0.9300411522633746,0.928393391254807,0.9279330138046235,0.856786782509614,0.5274261603375527,12,False,0.0391021653520484,False
0.631,237,46,113.0,12.0,107.0,5.0,0.10084033613445378,0.0423728813559322,0.904,0.9576271186440678,0.8991596638655462,0.9300411522633746,0.928393391254807,0.9279330138046235,0.856786782509614,0.5274261603375527,12,False,0.0391021653520484,False
0.632,237,46,113.0,12.0,107.0,5.0,0.10084033613445378,0.0423728813559322,0.904,0.9576271186440678,0.8991596638655462,0.9300411522633746,0.928393391254807,0.9279330138046235,0.856786782509614,0.5274261603375527,12,False,0.0391021653520484,False
0.633,237,46,113.0,12.0,107.0,5.0,0.10084033613445378,0.0423728813559322,0.904,0.9576271186440678,0.8991596638655462,0.9300411522633746,0.928393391254807,0.9279330138046235,0.856786782509614,0.5274261603375527,12,False,0.0391021653520484,False
0.634,237,46,113.0,12.0,107.0,5.0,0.10084033613445378,0.0423728813559322,0.904,0.9576271186440678,0.8991596638655462,0.9300411522633746,0.928393391254807,0.9279330138046235,0.856786782509614,0.5274261603375527,12,False,0.0391021653520484,False
0.635,237,46,113.0,12.0,107.0,5.0,0.10084033613445378,0.0423728813559322,0.904,0.9576271186440678,0.8991596638655462,0.9300411522633746,0.928393391254807,0.9279330138046235,0.856786782509614,0.5274261603375527,12,False,0.0391021653520484,False
0.636,237,46,113.0,12.0,107.0,5.0,0.10084033613445378,0.0423728813559322,0.904,0.9576271186440678,0.8991596638655462,0.9300411522633746,0.928393391254807,0.9279330138046235,0.856786782509614,0.5274261603375527,12,False,0.0391021653520484,False
0.637,237,46,113.0,12.0,107.0,5.0,0.10084033613445378,0.0423728813559322,0.904,0.9576271186440678,0.8991596638655462,0.9300411522633746,0.928393391254807,0.9279330138046235,0.856786782509614,0.5274261603375527,12,False,0.0391021653520484,False
0.638,237,46,113.0,12.0,107.0,5.0,0.10084033613445378,0.0423728813559322,0.904,0.9576271186440678,0.8991596638655462,0.9300411522633746,0.928393391254807,0.9279330138046235,0.856786782509614,0.5274261603375527,12,False,0.0391021653520484,False
0.639,237,46,113.0,12.0,107.0,5.0,0.10084033613445378,0.0423728813559322,0.904,0.9576271186440678,0.8991596638655462,0.9300411522633746,0.928393391254807,0.9279330138046235,0.856786782509614,0.5274261603375527,12,False,0.0391021653520484,False
0.64,237,46,113.0,12.0,107.0,5.0,0.10084033613445378,0.0423728813559322,0.904,0.9576271186440678,0.8991596638655462,0.9300411522633746,0.928393391254807,0.9279330138046235,0.856786782509614,0.5274261603375527,12,False,0.0391021653520484,False
0.641,237,46,113.0,12.0,107.0,5.0,0.10084033613445378,0.0423728813559322,0.904,0.9576271186440678,0.8991596638655462,0.9300411522633746,0.928393391254807,0.9279330138046235,0.856786782509614,0.5274261603375527,12,False,0.0391021653520484,False
0.642,237,46,113.0,12.0,107.0,5.0,0.10084033613445378,0.0423728813559322,0.904,0.9576271186440678,0.8991596638655462,0.9300411522633746,0.928393391254807,0.9279330138046235,0.856786782509614,0.5274261603375527,12,False,0.0391021653520484,False
0.6427805,237,46,113.0,12.0,107.0,5.0,0.10084033613445378,0.0423728813559322,0.904,0.9576271186440678,0.8991596638655462,0.9300411522633746,0.928393391254807,0.9279330138046235,0.856786782509614,0.5274261603375527,12,False,0.0391021653520484,False
0.643,237,46,113.0,12.0,107.0,5.0,0.10084033613445378,0.0423728813559322,0.904,0.9576271186440678,0.8991596638655462,0.9300411522633746,0.928393391254807,0.9279330138046235,0.856786782509614,0.5274261603375527,12,False,0.0391021653520484,False
0.644,237,46,113.0,12.0,107.0,5.0,0.10084033613445378,0.0423728813559322,0.904,0.9576271186440678,0.8991596638655462,0.9300411522633746,0.928393391254807,0.9279330138046235,0.856786782509614,0.5274261603375527,12,False,0.0391021653520484,False
0.645,237,46,113.0,12.0,107.0,5.0,0.10084033613445378,0.0423728813559322,0.904,0.9576271186440678,0.8991596638655462,0.9300411522633746,0.928393391254807,0.9279330138046235,0.856786782509614,0.5274261603375527,12,False,0.0391021653520484,False
0.646,237,46,113.0,12.0,107.0,5.0,0.10084033613445378,0.0423728813559322,0.904,0.9576271186440678,0.8991596638655462,0.9300411522633746,0.928393391254807,0.9279330138046235,0.856786782509614,0.5274261603375527,12,False,0.0391021653520484,False
0.647,237,46,113.0,12.0,107.0,5.0,0.10084033613445378,0.0423728813559322,0.904,0.9576271186440678,0.8991596638655462,0.9300411522633746,0.928393391254807,0.9279330138046235,0.856786782509614,0.5274261603375527,12,False,0.0391021653520484,False
0.648,237,46,113.0,12.0,107.0,5.0,0.10084033613445378,0.0423728813559322,0.904,0.9576271186440678,0.8991596638655462,0.9300411522633746,0.928393391254807,0.9279330138046235,0.856786782509614,0.5274261603375527,12,False,0.0391021653520484,False
0.649,237,46,113.0,12.0,107.0,5.0,0.10084033613445378,0.0423728813559322,0.904,0.9576271186440678,0.8991596638655462,0.9300411522633746,0.928393391254807,0.9279330138046235,0.856786782509614,0.5274261603375527,12,False,0.0391021653520484,False
0.65,237,46,113.0,12.0,107.0,5.0,0.10084033613445378,0.0423728813559322,0.904,0.9576271186440678,0.8991596638655462,0.9300411522633746,0.928393391254807,0.9279330138046235,0.856786782509614,0.5274261603375527,12,False,0.0391021653520484,False
0.651,237,46,113.0,12.0,107.0,5.0,0.10084033613445378,0.0423728813559322,0.904,0.9576271186440678,0.8991596638655462,0.9300411522633746,0.928393391254807,0.9279330138046235,0.856786782509614,0.5274261603375527,12,False,0.0391021653520484,False
0.652,237,46,113.0,12.0,107.0,5.0,0.10084033613445378,0.0423728813559322,0.904,0.9576271186440678,0.8991596638655462,0.9300411522633746,0.928393391254807,0.9279330138046235,0.856786782509614,0.5274261603375527,12,False,0.0391021653520484,False
0.653,237,46,113.0,12.0,107.0,5.0,0.10084033613445378,0.0423728813559322,0.904,0.9576271186440678,0.8991596638655462,0.9300411522633746,0.928393391254807,0.9279330138046235,0.856786782509614,0.5274261603375527,12,False,0.0391021653520484,False
0.654,237,46,113.0,12.0,107.0,5.0,0.10084033613445378,0.0423728813559322,0.904,0.9576271186440678,0.8991596638655462,0.9300411522633746,0.928393391254807,0.9279330138046235,0.856786782509614,0.5274261603375527,12,False,0.0391021653520484,False
0.655,237,46,113.0,12.0,107.0,5.0,0.10084033613445378,0.0423728813559322,0.904,0.9576271186440678,0.8991596638655462,0.9300411522633746,0.928393391254807,0.9279330138046235,0.856786782509614,0.5274261603375527,12,False,0.0391021653520484,False
0.656,237,46,113.0,12.0,107.0,5.0,0.10084033613445378,0.0423728813559322,0.904,0.9576271186440678,0.8991596638655462,0.9300411522633746,0.928393391254807,0.9279330138046235,0.856786782509614,0.5274261603375527,12,False,0.0391021653520484,False
0.657,237,46,113.0,12.0,107.0,5.0,0.10084033613445378,0.0423728813559322,0.904,0.9576271186440678,0.8991596638655462,0.9300411522633746,0.928393391254807,0.9279330138046235,0.856786782509614,0.5274261603375527,12,False,0.0391021653520484,False
0.657869,237,46,113.0,12.0,107.0,5.0,0.10084033613445378,0.0423728813559322,0.904,0.9576271186440678,0.8991596638655462,0.9300411522633746,0.928393391254807,0.9279330138046235,0.856786782509614,0.5274261603375527,12,False,0.0391021653520484,False
0.658,237,46,112.0,12.0,107.0,6.0,0.10084033613445378,0.05084745762711865,0.9032258064516129,0.9491525423728814,0.8991596638655462,0.9256198347107438,0.9241561031192138,0.9238179912499694,0.8483122062384276,0.5232067510548524,12,False,0.03974001974969356,False
0.659,237,46,112.0,12.0,107.0,6.0,0.10084033613445378,0.05084745762711865,0.9032258064516129,0.9491525423728814,0.8991596638655462,0.9256198347107438,0.9241561031192138,0.9238179912499694,0.8483122062384276,0.5232067510548524,12,False,0.03974001974969356,False
0.66,237,46,112.0,12.0,107.0,6.0,0.10084033613445378,0.05084745762711865,0.9032258064516129,0.9491525423728814,0.8991596638655462,0.9256198347107438,0.9241561031192138,0.9238179912499694,0.8483122062384276,0.5232067510548524,12,False,0.03974001974969356,False
0.661,237,46,112.0,12.0,107.0,6.0,0.10084033613445378,0.05084745762711865,0.9032258064516129,0.9491525423728814,0.8991596638655462,0.9256198347107438,0.9241561031192138,0.9238179912499694,0.8483122062384276,0.5232067510548524,12,False,0.03974001974969356,False
0.662,237,46,112.0,12.0,107.0,6.0,0.10084033613445378,0.05084745762711865,0.9032258064516129,0.9491525423728814,0.8991596638655462,0.9256198347107438,0.9241561031192138,0.9238179912499694,0.8483122062384276,0.5232067510548524,12,False,0.03974001974969356,False
0.662268,237,46,112.0,12.0,107.0,6.0,0.10084033613445378,0.05084745762711865,0.9032258064516129,0.9491525423728814,0.8991596638655462,0.9256198347107438,0.9241561031192138,0.9238179912499694,0.8483122062384276,0.5232067510548524,12,False,0.03974001974969356,False
0.663,237,46,112.0,12.0,107.0,6.0,0.10084033613445378,0.05084745762711865,0.9032258064516129,0.9491525423728814,0.8991596638655462,0.9256198347107438,0.9241561031192138,0.9238179912499694,0.8483122062384276,0.5232067510548524,12,False,0.03974001974969356,False
0.664,237,46,112.0,12.0,107.0,6.0,0.10084033613445378,0.05084745762711865,0.9032258064516129,0.9491525423728814,0.8991596638655462,0.9256198347107438,0.9241561031192138,0.9238179912499694,0.8483122062384276,0.5232067510548524,12,False,0.03974001974969356,False
0.665,237,46,112.0,12.0,107.0,6.0,0.10084033613445378,0.05084745762711865,0.9032258064516129,0.9491525423728814,0.8991596638655462,0.9256198347107438,0.9241561031192138,0.9238179912499694,0.8483122062384276,0.5232067510548524,12,False,0.03974001974969356,False
0.666,237,46,112.0,12.0,107.0,6.0,0.10084033613445378,0.05084745762711865,0.9032258064516129,0.9491525423728814,0.8991596638655462,0.9256198347107438,0.9241561031192138,0.9238179912499694,0.8483122062384276,0.5232067510548524,12,False,0.03974001974969356,False
0.666667,237,46,112.0,12.0,107.0,6.0,0.10084033613445378,0.05084745762711865,0.9032258064516129,0.9491525423728814,0.8991596638655462,0.9256198347107438,0.9241561031192138,0.9238179912499694,0.8483122062384276,0.5232067510548524,12,False,0.03974001974969356,False
0.667,237,46,112.0,10.0,109.0,6.0,0.08403361344537816,0.05084745762711865,0.9180327868852459,0.9491525423728814,0.9159663865546218,0.9333333333333333,0.9325594644637516,0.9324118320390516,0.8651189289275032,0.5147679324894515,10,False,0.036205951599780385,False
0.668,237,46,112.0,10.0,109.0,6.0,0.08403361344537816,0.05084745762711865,0.9180327868852459,0.9491525423728814,0.9159663865546218,0.9333333333333333,0.9325594644637516,0.9324118320390516,0.8651189289275032,0.5147679324894515,10,False,0.036205951599780385,False
0.669,237,46,112.0,10.0,109.0,6.0,0.08403361344537816,0.05084745762711865,0.9180327868852459,0.9491525423728814,0.9159663865546218,0.9333333333333333,0.9325594644637516,0.9324118320390516,0.8651189289275032,0.5147679324894515,10,False,0.036205951599780385,False
0.67,237,46,112.0,10.0,109.0,6.0,0.08403361344537816,0.05084745762711865,0.9180327868852459,0.9491525423728814,0.9159663865546218,0.9333333333333333,0.9325594644637516,0.9324118320390516,0.8651189289275032,0.5147679324894515,10,False,0.036205951599780385,False
0.6708335,237,46,112.0,10.0,109.0,6.0,0.08403361344537816,0.05084745762711865,0.9180327868852459,0.9491525423728814,0.9159663865546218,0.9333333333333333,0.9325594644637516,0.9324118320390516,0.8651189289275032,0.5147679324894515,10,False,0.036205951599780385,False
0.671,237,46,112.0,10.0,109.0,6.0,0.08403361344537816,0.05084745762711865,0.9180327868852459,0.9491525423728814,0.9159663865546218,0.9333333333333333,0.9325594644637516,0.9324118320390516,0.8651189289275032,0.5147679324894515,10,False,0.036205951599780385,False
0.672,237,46,112.0,10.0,109.0,6.0,0.08403361344537816,0.05084745762711865,0.9180327868852459,0.9491525423728814,0.9159663865546218,0.9333333333333333,0.9325594644637516,0.9324118320390516,0.8651189289275032,0.5147679324894515,10,False,0.036205951599780385,False
0.673,237,46,112.0,10.0,109.0,6.0,0.08403361344537816,0.05084745762711865,0.9180327868852459,0.9491525423728814,0.9159663865546218,0.9333333333333333,0.9325594644637516,0.9324118320390516,0.8651189289275032,0.5147679324894515,10,False,0.036205951599780385,False
0.674,237,46,112.0,10.0,109.0,6.0,0.08403361344537816,0.05084745762711865,0.9180327868852459,0.9491525423728814,0.9159663865546218,0.9333333333333333,0.9325594644637516,0.9324118320390516,0.8651189289275032,0.5147679324894515,10,False,0.036205951599780385,False
0.675,237,46,112.0,10.0,109.0,6.0,0.08403361344537816,0.05084745762711865,0.9180327868852459,0.9491525423728814,0.9159663865546218,0.9333333333333333,0.9325594644637516,0.9324118320390516,0.8651189289275032,0.5147679324894515,10,False,0.036205951599780385,False
0.6756,237,46,111.0,10.0,109.0,7.0,0.08403361344537816,0.059322033898305086,0.9173553719008265,0.940677966101695,0.9159663865546218,0.9288702928870294,0.9283221763281584,0.9282399460924533,0.8566443526563168,0.510548523206751,10,False,0.03829210665818925,False
0.676,237,46,111.0,10.0,109.0,7.0,0.08403361344537816,0.059322033898305086,0.9173553719008265,0.940677966101695,0.9159663865546218,0.9288702928870294,0.9283221763281584,0.9282399460924533,0.8566443526563168,0.510548523206751,10,False,0.03829210665818925,False
0.6762,237,46,111.0,10.0,109.0,7.0,0.08403361344537816,0.059322033898305086,0.9173553719008265,0.940677966101695,0.9159663865546218,0.9288702928870294,0.9283221763281584,0.9282399460924533,0.8566443526563168,0.510548523206751,10,False,0.03829210665818925,False
0.677,237,46,103.0,10.0,109.0,15.0,0.08403361344537816,0.1271186440677966,0.911504424778761,0.8728813559322034,0.9159663865546218,0.8917748917748918,0.8944238712434126,0.8941644040578438,0.7888477424868252,0.4767932489451477,10,False,0.0559805198823242,False
0.678,237,46,103.0,10.0,109.0,15.0,0.08403361344537816,0.1271186440677966,0.911504424778761,0.8728813559322034,0.9159663865546218,0.8917748917748918,0.8944238712434126,0.8941644040578438,0.7888477424868252,0.4767932489451477,10,False,0.0559805198823242,False
0.679,237,46,103.0,10.0,109.0,15.0,0.08403361344537816,0.1271186440677966,0.911504424778761,0.8728813559322034,0.9159663865546218,0.8917748917748918,0.8944238712434126,0.8941644040578438,0.7888477424868252,0.4767932489451477,10,False,0.0559805198823242,False
0.68,237,46,103.0,10.0,109.0,15.0,0.08403361344537816,0.1271186440677966,0.911504424778761,0.8728813559322034,0.9159663865546218,0.8917748917748918,0.8944238712434126,0.8941644040578438,0.7888477424868252,0.4767932489451477,10,False,0.0559805198823242,False
0.681,237,46,103.0,10.0,109.0,15.0,0.08403361344537816,0.1271186440677966,0.911504424778761,0.8728813559322034,0.9159663865546218,0.8917748917748918,0.8944238712434126,0.8941644040578438,0.7888477424868252,0.4767932489451477,10,False,0.0559805198823242,False
0.682,237,46,103.0,10.0,109.0,15.0,0.08403361344537816,0.1271186440677966,0.911504424778761,0.8728813559322034,0.9159663865546218,0.8917748917748918,0.8944238712434126,0.8941644040578438,0.7888477424868252,0.4767932489451477,10,False,0.0559805198823242,False
0.683,237,46,103.0,10.0,109.0,15.0,0.08403361344537816,0.1271186440677966,0.911504424778761,0.8728813559322034,0.9159663865546218,0.8917748917748918,0.8944238712434126,0.8941644040578438,0.7888477424868252,0.4767932489451477,10,False,0.0559805198823242,False
0.684,237,46,103.0,10.0,109.0,15.0,0.08403361344537816,0.1271186440677966,0.911504424778761,0.8728813559322034,0.9159663865546218,0.8917748917748918,0.8944238712434126,0.8941644040578438,0.7888477424868252,0.4767932489451477,10,False,0.0559805198823242,False
0.685,237,46,103.0,10.0,109.0,15.0,0.08403361344537816,0.1271186440677966,0.911504424778761,0.8728813559322034,0.9159663865546218,0.8917748917748918,0.8944238712434126,0.8941644040578438,0.7888477424868252,0.4767932489451477,10,False,0.0559805198823242,False
0.686,237,46,103.0,10.0,109.0,15.0,0.08403361344537816,0.1271186440677966,0.911504424778761,0.8728813559322034,0.9159663865546218,0.8917748917748918,0.8944238712434126,0.8941644040578438,0.7888477424868252,0.4767932489451477,10,False,0.0559805198823242,False
0.687,237,46,103.0,10.0,109.0,15.0,0.08403361344537816,0.1271186440677966,0.911504424778761,0.8728813559322034,0.9159663865546218,0.8917748917748918,0.8944238712434126,0.8941644040578438,0.7888477424868252,0.4767932489451477,10,False,0.0559805198823242,False
0.688,237,46,103.0,10.0,109.0,15.0,0.08403361344537816,0.1271186440677966,0.911504424778761,0.8728813559322034,0.9159663865546218,0.8917748917748918,0.8944238712434126,0.8941644040578438,0.7888477424868252,0.4767932489451477,10,False,0.0559805198823242,False
0.689,237,46,103.0,10.0,109.0,15.0,0.08403361344537816,0.1271186440677966,0.911504424778761,0.8728813559322034,0.9159663865546218,0.8917748917748918,0.8944238712434126,0.8941644040578438,0.7888477424868252,0.4767932489451477,10,False,0.0559805198823242,False
0.69,237,46,103.0,10.0,109.0,15.0,0.08403361344537816,0.1271186440677966,0.911504424778761,0.8728813559322034,0.9159663865546218,0.8917748917748918,0.8944238712434126,0.8941644040578438,0.7888477424868252,0.4767932489451477,10,False,0.0559805198823242,False
0.691,237,46,103.0,10.0,109.0,15.0,0.08403361344537816,0.1271186440677966,0.911504424778761,0.8728813559322034,0.9159663865546218,0.8917748917748918,0.8944238712434126,0.8941644040578438,0.7888477424868252,0.4767932489451477,10,False,0.0559805198823242,False
0.692,237,46,103.0,10.0,109.0,15.0,0.08403361344537816,0.1271186440677966,0.911504424778761,0.8728813559322034,0.9159663865546218,0.8917748917748918,0.8944238712434126,0.8941644040578438,0.7888477424868252,0.4767932489451477,10,False,0.0559805198823242,False
0.6923855,237,46,103.0,10.0,109.0,15.0,0.08403361344537816,0.1271186440677966,0.911504424778761,0.8728813559322034,0.9159663865546218,0.8917748917748918,0.8944238712434126,0.8941644040578438,0.7888477424868252,0.4767932489451477,10,False,0.0559805198823242,False
0.693,237,46,103.0,10.0,109.0,15.0,0.08403361344537816,0.1271186440677966,0.911504424778761,0.8728813559322034,0.9159663865546218,0.8917748917748918,0.8944238712434126,0.8941644040578438,0.7888477424868252,0.4767932489451477,10,False,0.0559805198823242,False
0.694,237,46,103.0,10.0,109.0,15.0,0.08403361344537816,0.1271186440677966,0.911504424778761,0.8728813559322034,0.9159663865546218,0.8917748917748918,0.8944238712434126,0.8941644040578438,0.7888477424868252,0.4767932489451477,10,False,0.0559805198823242,False
0.695,237,46,103.0,10.0,109.0,15.0,0.08403361344537816,0.1271186440677966,0.911504424778761,0.8728813559322034,0.9159663865546218,0.8917748917748918,0.8944238712434126,0.8941644040578438,0.7888477424868252,0.4767932489451477,10,False,0.0559805198823242,False
0.696,237,46,103.0,10.0,109.0,15.0,0.08403361344537816,0.1271186440677966,0.911504424778761,0.8728813559322034,0.9159663865546218,0.8917748917748918,0.8944238712434126,0.8941644040578438,0.7888477424868252,0.4767932489451477,10,False,0.0559805198823242,False
0.697,237,46,103.0,10.0,109.0,15.0,0.08403361344537816,0.1271186440677966,0.911504424778761,0.8728813559322034,0.9159663865546218,0.8917748917748918,0.8944238712434126,0.8941644040578438,0.7888477424868252,0.4767932489451477,10,False,0.0559805198823242,False
0.698,237,46,103.0,10.0,109.0,15.0,0.08403361344537816,0.1271186440677966,0.911504424778761,0.8728813559322034,0.9159663865546218,0.8917748917748918,0.8944238712434126,0.8941644040578438,0.7888477424868252,0.4767932489451477,10,False,0.0559805198823242,False
0.699,237,46,103.0,10.0,109.0,15.0,0.08403361344537816,0.1271186440677966,0.911504424778761,0.8728813559322034,0.9159663865546218,0.8917748917748918,0.8944238712434126,0.8941644040578438,0.7888477424868252,0.4767932489451477,10,False,0.0559805198823242,False
0.7,237,46,103.0,10.0,109.0,15.0,0.08403361344537816,0.1271186440677966,0.911504424778761,0.8728813559322034,0.9159663865546218,0.8917748917748918,0.8944238712434126,0.8941644040578438,0.7888477424868252,0.4767932489451477,10,False,0.0559805198823242,False
0.701,237,46,103.0,10.0,109.0,15.0,0.08403361344537816,0.1271186440677966,0.911504424778761,0.8728813559322034,0.9159663865546218,0.8917748917748918,0.8944238712434126,0.8941644040578438,0.7888477424868252,0.4767932489451477,10,False,0.0559805198823242,False
0.702,237,46,103.0,10.0,109.0,15.0,0.08403361344537816,0.1271186440677966,0.911504424778761,0.8728813559322034,0.9159663865546218,0.8917748917748918,0.8944238712434126,0.8941644040578438,0.7888477424868252,0.4767932489451477,10,False,0.0559805198823242,False
0.703,237,46,103.0,10.0,109.0,15.0,0.08403361344537816,0.1271186440677966,0.911504424778761,0.8728813559322034,0.9159663865546218,0.8917748917748918,0.8944238712434126,0.8941644040578438,0.7888477424868252,0.4767932489451477,10,False,0.0559805198823242,False
0.704,237,46,103.0,10.0,109.0,15.0,0.08403361344537816,0.1271186440677966,0.911504424778761,0.8728813559322034,0.9159663865546218,0.8917748917748918,0.8944238712434126,0.8941644040578438,0.7888477424868252,0.4767932489451477,10,False,0.0559805198823242,False
0.705,237,46,103.0,10.0,109.0,15.0,0.08403361344537816,0.1271186440677966,0.911504424778761,0.8728813559322034,0.9159663865546218,0.8917748917748918,0.8944238712434126,0.8941644040578438,0.7888477424868252,0.4767932489451477,10,False,0.0559805198823242,False
0.706,237,46,103.0,10.0,109.0,15.0,0.08403361344537816,0.1271186440677966,0.911504424778761,0.8728813559322034,0.9159663865546218,0.8917748917748918,0.8944238712434126,0.8941644040578438,0.7888477424868252,0.4767932489451477,10,False,0.0559805198823242,False
0.707,237,46,103.0,10.0,109.0,15.0,0.08403361344537816,0.1271186440677966,0.911504424778761,0.8728813559322034,0.9159663865546218,0.8917748917748918,0.8944238712434126,0.8941644040578438,0.7888477424868252,0.4767932489451477,10,False,0.0559805198823242,False
0.708,237,46,103.0,10.0,109.0,15.0,0.08403361344537816,0.1271186440677966,0.911504424778761,0.8728813559322034,0.9159663865546218,0.8917748917748918,0.8944238712434126,0.8941644040578438,0.7888477424868252,0.4767932489451477,10,False,0.0559805198823242,False
0.708571,237,46,103.0,10.0,109.0,15.0,0.08403361344537816,0.1271186440677966,0.911504424778761,0.8728813559322034,0.9159663865546218,0.8917748917748918,0.8944238712434126,0.8941644040578438,0.7888477424868252,0.4767932489451477,10,False,0.0559805198823242,False
0.709,237,46,103.0,0.0,119.0,15.0,0.0,0.1271186440677966,1.0,0.8728813559322034,1.0,0.9321266968325792,0.9364406779661016,0.9342811974626287,0.8728813559322033,0.4345991561181435,0,False,0.03756676036412951,False
0.71,237,46,103.0,0.0,119.0,15.0,0.0,0.1271186440677966,1.0,0.8728813559322034,1.0,0.9321266968325792,0.9364406779661016,0.9342811974626287,0.8728813559322033,0.4345991561181435,0,False,0.03756676036412951,False
0.711,237,46,103.0,0.0,119.0,15.0,0.0,0.1271186440677966,1.0,0.8728813559322034,1.0,0.9321266968325792,0.9364406779661016,0.9342811974626287,0.8728813559322033,0.4345991561181435,0,False,0.03756676036412951,False
0.712,237,46,103.0,0.0,119.0,15.0,0.0,0.1271186440677966,1.0,0.8728813559322034,1.0,0.9321266968325792,0.9364406779661016,0.9342811974626287,0.8728813559322033,0.4345991561181435,0,False,0.03756676036412951,False
0.713,237,46,103.0,0.0,119.0,15.0,0.0,0.1271186440677966,1.0,0.8728813559322034,1.0,0.9321266968325792,0.9364406779661016,0.9342811974626287,0.8728813559322033,0.4345991561181435,0,False,0.03756676036412951,False
0.714,237,46,103.0,0.0,119.0,15.0,0.0,0.1271186440677966,1.0,0.8728813559322034,1.0,0.9321266968325792,0.9364406779661016,0.9342811974626287,0.8728813559322033,0.4345991561181435,0,False,0.03756676036412951,False
0.715,237,46,103.0,0.0,119.0,15.0,0.0,0.1271186440677966,1.0,0.8728813559322034,1.0,0.9321266968325792,0.9364406779661016,0.9342811974626287,0.8728813559322033,0.4345991561181435,0,False,0.03756676036412951,False
0.716,237,46,103.0,0.0,119.0,15.0,0.0,0.1271186440677966,1.0,0.8728813559322034,1.0,0.9321266968325792,0.9364406779661016,0.9342811974626287,0.8728813559322033,0.4345991561181435,0,False,0.03756676036412951,False
0.717,237,46,103.0,0.0,119.0,15.0,0.0,0.1271186440677966,1.0,0.8728813559322034,1.0,0.9321266968325792,0.9364406779661016,0.9342811974626287,0.8728813559322033,0.4345991561181435,0,False,0.03756676036412951,False
0.718,237,46,103.0,0.0,119.0,15.0,0.0,0.1271186440677966,1.0,0.8728813559322034,1.0,0.9321266968325792,0.9364406779661016,0.9342811974626287,0.8728813559322033,0.4345991561181435,0,False,0.03756676036412951,False
0.719,237,46,103.0,0.0,119.0,15.0,0.0,0.1271186440677966,1.0,0.8728813559322034,1.0,0.9321266968325792,0.9364406779661016,0.9342811974626287,0.8728813559322033,0.4345991561181435,0,False,0.03756676036412951,False
0.72,237,46,103.0,0.0,119.0,15.0,0.0,0.1271186440677966,1.0,0.8728813559322034,1.0,0.9321266968325792,0.9364406779661016,0.9342811974626287,0.8728813559322033,0.4345991561181435,0,False,0.03756676036412951,False
0.721,237,46,103.0,0.0,119.0,15.0,0.0,0.1271186440677966,1.0,0.8728813559322034,1.0,0.9321266968325792,0.9364406779661016,0.9342811974626287,0.8728813559322033,0.4345991561181435,0,False,0.03756676036412951,False
0.722,237,46,103.0,0.0,119.0,15.0,0.0,0.1271186440677966,1.0,0.8728813559322034,1.0,0.9321266968325792,0.9364406779661016,0.9342811974626287,0.8728813559322033,0.4345991561181435,0,False,0.03756676036412951,False
0.723,237,46,103.0,0.0,119.0,15.0,0.0,0.1271186440677966,1.0,0.8728813559322034,1.0,0.9321266968325792,0.9364406779661016,0.9342811974626287,0.8728813559322033,0.4345991561181435,0,False,0.03756676036412951,False
0.724,237,46,103.0,0.0,119.0,15.0,0.0,0.1271186440677966,1.0,0.8728813559322034,1.0,0.9321266968325792,0.9364406779661016,0.9342811974626287,0.8728813559322033,0.4345991561181435,0,False,0.03756676036412951,False
0.725,237,46,103.0,0.0,119.0,15.0,0.0,0.1271186440677966,1.0,0.8728813559322034,1.0,0.9321266968325792,0.9364406779661016,0.9342811974626287,0.8728813559322033,0.4345991561181435,0,False,0.03756676036412951,False
0.726,237,46,103.0,0.0,119.0,15.0,0.0,0.1271186440677966,1.0,0.8728813559322034,1.0,0.9321266968325792,0.9364406779661016,0.9342811974626287,0.8728813559322033,0.4345991561181435,0,False,0.03756676036412951,False
0.727,237,46,103.0,0.0,119.0,15.0,0.0,0.1271186440677966,1.0,0.8728813559322034,1.0,0.9321266968325792,0.9364406779661016,0.9342811974626287,0.8728813559322033,0.4345991561181435,0,False,0.03756676036412951,False
0.728,237,46,103.0,0.0,119.0,15.0,0.0,0.1271186440677966,1.0,0.8728813559322034,1.0,0.9321266968325792,0.9364406779661016,0.9342811974626287,0.8728813559322033,0.4345991561181435,0,False,0.03756676036412951,False
0.729,237,46,103.0,0.0,119.0,15.0,0.0,0.1271186440677966,1.0,0.8728813559322034,1.0,0.9321266968325792,0.9364406779661016,0.9342811974626287,0.8728813559322033,0.4345991561181435,0,False,0.03756676036412951,False
0.73,237,46,103.0,0.0,119.0,15.0,0.0,0.1271186440677966,1.0,0.8728813559322034,1.0,0.9321266968325792,0.9364406779661016,0.9342811974626287,0.8728813559322033,0.4345991561181435,0,False,0.03756676036412951,False
0.731,237,46,103.0,0.0,119.0,15.0,0.0,0.1271186440677966,1.0,0.8728813559322034,1.0,0.9321266968325792,0.9364406779661016,0.9342811974626287,0.8728813559322033,0.4345991561181435,0,False,0.03756676036412951,False
0.732,237,46,103.0,0.0,119.0,15.0,0.0,0.1271186440677966,1.0,0.8728813559322034,1.0,0.9321266968325792,0.9364406779661016,0.9342811974626287,0.8728813559322033,0.4345991561181435,0,False,0.03756676036412951,False
0.733,237,46,103.0,0.0,119.0,15.0,0.0,0.1271186440677966,1.0,0.8728813559322034,1.0,0.9321266968325792,0.9364406779661016,0.9342811974626287,0.8728813559322033,0.4345991561181435,0,False,0.03756676036412951,False
0.734,237,46,103.0,0.0,119.0,15.0,0.0,0.1271186440677966,1.0,0.8728813559322034,1.0,0.9321266968325792,0.9364406779661016,0.9342811974626287,0.8728813559322033,0.4345991561181435,0,False,0.03756676036412951,False
0.735,237,46,103.0,0.0,119.0,15.0,0.0,0.1271186440677966,1.0,0.8728813559322034,1.0,0.9321266968325792,0.9364406779661016,0.9342811974626287,0.8728813559322033,0.4345991561181435,0,False,0.03756676036412951,False
0.736,237,46,103.0,0.0,119.0,15.0,0.0,0.1271186440677966,1.0,0.8728813559322034,1.0,0.9321266968325792,0.9364406779661016,0.9342811974626287,0.8728813559322033,0.4345991561181435,0,False,0.03756676036412951,False
0.737,237,46,103.0,0.0,119.0,15.0,0.0,0.1271186440677966,1.0,0.8728813559322034,1.0,0.9321266968325792,0.9364406779661016,0.9342811974626287,0.8728813559322033,0.4345991561181435,0,False,0.03756676036412951,False
0.738,237,46,103.0,0.0,119.0,15.0,0.0,0.1271186440677966,1.0,0.8728813559322034,1.0,0.9321266968325792,0.9364406779661016,0.9342811974626287,0.8728813559322033,0.4345991561181435,0,False,0.03756676036412951,False
0.739,237,46,103.0,0.0,119.0,15.0,0.0,0.1271186440677966,1.0,0.8728813559322034,1.0,0.9321266968325792,0.9364406779661016,0.9342811974626287,0.8728813559322033,0.4345991561181435,0,False,0.03756676036412951,False
0.74,237,46,103.0,0.0,119.0,15.0,0.0,0.1271186440677966,1.0,0.8728813559322034,1.0,0.9321266968325792,0.9364406779661016,0.9342811974626287,0.8728813559322033,0.4345991561181435,0,False,0.03756676036412951,False
0.741,237,46,103.0,0.0,119.0,15.0,0.0,0.1271186440677966,1.0,0.8728813559322034,1.0,0.9321266968325792,0.9364406779661016,0.9342811974626287,0.8728813559322033,0.4345991561181435,0,False,0.03756676036412951,False
0.742,237,46,103.0,0.0,119.0,15.0,0.0,0.1271186440677966,1.0,0.8728813559322034,1.0,0.9321266968325792,0.9364406779661016,0.9342811974626287,0.8728813559322033,0.4345991561181435,0,False,0.03756676036412951,False
0.743,237,46,103.0,0.0,119.0,15.0,0.0,0.1271186440677966,1.0,0.8728813559322034,1.0,0.9321266968325792,0.9364406779661016,0.9342811974626287,0.8728813559322033,0.4345991561181435,0,False,0.03756676036412951,False
0.744,237,46,103.0,0.0,119.0,15.0,0.0,0.1271186440677966,1.0,0.8728813559322034,1.0,0.9321266968325792,0.9364406779661016,0.9342811974626287,0.8728813559322033,0.4345991561181435,0,False,0.03756676036412951,False
0.745,237,46,103.0,0.0,119.0,15.0,0.0,0.1271186440677966,1.0,0.8728813559322034,1.0,0.9321266968325792,0.9364406779661016,0.9342811974626287,0.8728813559322033,0.4345991561181435,0,False,0.03756676036412951,False
0.746,237,46,103.0,0.0,119.0,15.0,0.0,0.1271186440677966,1.0,0.8728813559322034,1.0,0.9321266968325792,0.9364406779661016,0.9342811974626287,0.8728813559322033,0.4345991561181435,0,False,0.03756676036412951,False
0.747,237,46,103.0,0.0,119.0,15.0,0.0,0.1271186440677966,1.0,0.8728813559322034,1.0,0.9321266968325792,0.9364406779661016,0.9342811974626287,0.8728813559322033,0.4345991561181435,0,False,0.03756676036412951,False
0.748,237,46,103.0,0.0,119.0,15.0,0.0,0.1271186440677966,1.0,0.8728813559322034,1.0,0.9321266968325792,0.9364406779661016,0.9342811974626287,0.8728813559322033,0.4345991561181435,0,False,0.03756676036412951,False
0.7486855,237,46,103.0,0.0,119.0,15.0,0.0,0.1271186440677966,1.0,0.8728813559322034,1.0,0.9321266968325792,0.9364406779661016,0.9342811974626287,0.8728813559322033,0.4345991561181435,0,False,0.03756676036412951,False
0.749,237,46,103.0,0.0,119.0,15.0,0.0,0.1271186440677966,1.0,0.8728813559322034,1.0,0.9321266968325792,0.9364406779661016,0.9342811974626287,0.8728813559322033,0.4345991561181435,0,False,0.03756676036412951,False
0.75,237,46,103.0,0.0,119.0,15.0,0.0,0.1271186440677966,1.0,0.8728813559322034,1.0,0.9321266968325792,0.9364406779661016,0.9342811974626287,0.8728813559322033,0.4345991561181435,0,False,0.03756676036412951,False
0.751,237,46,103.0,0.0,119.0,15.0,0.0,0.1271186440677966,1.0,0.8728813559322034,1.0,0.9321266968325792,0.9364406779661016,0.9342811974626287,0.8728813559322033,0.4345991561181435,0,False,0.03756676036412951,False
0.752,237,46,103.0,0.0,119.0,15.0,0.0,0.1271186440677966,1.0,0.8728813559322034,1.0,0.9321266968325792,0.9364406779661016,0.9342811974626287,0.8728813559322033,0.4345991561181435,0,False,0.03756676036412951,False
0.753,237,46,103.0,0.0,119.0,15.0,0.0,0.1271186440677966,1.0,0.8728813559322034,1.0,0.9321266968325792,0.9364406779661016,0.9342811974626287,0.8728813559322033,0.4345991561181435,0,False,0.03756676036412951,False
0.754,237,46,103.0,0.0,119.0,15.0,0.0,0.1271186440677966,1.0,0.8728813559322034,1.0,0.9321266968325792,0.9364406779661016,0.9342811974626287,0.8728813559322033,0.4345991561181435,0,False,0.03756676036412951,False
0.755,237,46,103.0,0.0,119.0,15.0,0.0,0.1271186440677966,1.0,0.8728813559322034,1.0,0.9321266968325792,0.9364406779661016,0.9342811974626287,0.8728813559322033,0.4345991561181435,0,False,0.03756676036412951,False
0.756,237,46,103.0,0.0,119.0,15.0,0.0,0.1271186440677966,1.0,0.8728813559322034,1.0,0.9321266968325792,0.9364406779661016,0.9342811974626287,0.8728813559322033,0.4345991561181435,0,False,0.03756676036412951,False
0.757,237,46,103.0,0.0,119.0,15.0,0.0,0.1271186440677966,1.0,0.8728813559322034,1.0,0.9321266968325792,0.9364406779661016,0.9342811974626287,0.8728813559322033,0.4345991561181435,0,False,0.03756676036412951,False
0.758,237,46,103.0,0.0,119.0,15.0,0.0,0.1271186440677966,1.0,0.8728813559322034,1.0,0.9321266968325792,0.9364406779661016,0.9342811974626287,0.8728813559322033,0.4345991561181435,0,False,0.03756676036412951,False
0.759,237,46,103.0,0.0,119.0,15.0,0.0,0.1271186440677966,1.0,0.8728813559322034,1.0,0.9321266968325792,0.9364406779661016,0.9342811974626287,0.8728813559322033,0.4345991561181435,0,False,0.03756676036412951,False
0.76,237,46,103.0,0.0,119.0,15.0,0.0,0.1271186440677966,1.0,0.8728813559322034,1.0,0.9321266968325792,0.9364406779661016,0.9342811974626287,0.8728813559322033,0.4345991561181435,0,False,0.03756676036412951,False
0.761,237,46,103.0,0.0,119.0,15.0,0.0,0.1271186440677966,1.0,0.8728813559322034,1.0,0.9321266968325792,0.9364406779661016,0.9342811974626287,0.8728813559322033,0.4345991561181435,0,False,0.03756676036412951,False
0.762,237,46,103.0,0.0,119.0,15.0,0.0,0.1271186440677966,1.0,0.8728813559322034,1.0,0.9321266968325792,0.9364406779661016,0.9342811974626287,0.8728813559322033,0.4345991561181435,0,False,0.03756676036412951,False
0.763,237,46,103.0,0.0,119.0,15.0,0.0,0.1271186440677966,1.0,0.8728813559322034,1.0,0.9321266968325792,0.9364406779661016,0.9342811974626287,0.8728813559322033,0.4345991561181435,0,False,0.03756676036412951,False
0.764,237,46,103.0,0.0,119.0,15.0,0.0,0.1271186440677966,1.0,0.8728813559322034,1.0,0.9321266968325792,0.9364406779661016,0.9342811974626287,0.8728813559322033,0.4345991561181435,0,False,0.03756676036412951,False
0.765,237,46,103.0,0.0,119.0,15.0,0.0,0.1271186440677966,1.0,0.8728813559322034,1.0,0.9321266968325792,0.9364406779661016,0.9342811974626287,0.8728813559322033,0.4345991561181435,0,False,0.03756676036412951,False
0.766,237,46,103.0,0.0,119.0,15.0,0.0,0.1271186440677966,1.0,0.8728813559322034,1.0,0.9321266968325792,0.9364406779661016,0.9342811974626287,0.8728813559322033,0.4345991561181435,0,False,0.03756676036412951,False
0.767,237,46,103.0,0.0,119.0,15.0,0.0,0.1271186440677966,1.0,0.8728813559322034,1.0,0.9321266968325792,0.9364406779661016,0.9342811974626287,0.8728813559322033,0.4345991561181435,0,False,0.03756676036412951,False
0.768,237,46,103.0,0.0,119.0,15.0,0.0,0.1271186440677966,1.0,0.8728813559322034,1.0,0.9321266968325792,0.9364406779661016,0.9342811974626287,0.8728813559322033,0.4345991561181435,0,False,0.03756676036412951,False
0.769,237,46,103.0,0.0,119.0,15.0,0.0,0.1271186440677966,1.0,0.8728813559322034,1.0,0.9321266968325792,0.9364406779661016,0.9342811974626287,0.8728813559322033,0.4345991561181435,0,False,0.03756676036412951,False
0.77,237,46,103.0,0.0,119.0,15.0,0.0,0.1271186440677966,1.0,0.8728813559322034,1.0,0.9321266968325792,0.9364406779661016,0.9342811974626287,0.8728813559322033,0.4345991561181435,0,False,0.03756676036412951,False
0.771,237,46,103.0,0.0,119.0,15.0,0.0,0.1271186440677966,1.0,0.8728813559322034,1.0,0.9321266968325792,0.9364406779661016,0.9342811974626287,0.8728813559322033,0.4345991561181435,0,False,0.03756676036412951,False
0.772,237,46,103.0,0.0,119.0,15.0,0.0,0.1271186440677966,1.0,0.8728813559322034,1.0,0.9321266968325792,0.9364406779661016,0.9342811974626287,0.8728813559322033,0.4345991561181435,0,False,0.03756676036412951,False
0.773,237,46,103.0,0.0,119.0,15.0,0.0,0.1271186440677966,1.0,0.8728813559322034,1.0,0.9321266968325792,0.9364406779661016,0.9342811974626287,0.8728813559322033,0.4345991561181435,0,False,0.03756676036412951,False
0.774,237,46,103.0,0.0,119.0,15.0,0.0,0.1271186440677966,1.0,0.8728813559322034,1.0,0.9321266968325792,0.9364406779661016,0.9342811974626287,0.8728813559322033,0.4345991561181435,0,False,0.03756676036412951,False
0.775,237,46,103.0,0.0,119.0,15.0,0.0,0.1271186440677966,1.0,0.8728813559322034,1.0,0.9321266968325792,0.9364406779661016,0.9342811974626287,0.8728813559322033,0.4345991561181435,0,False,0.03756676036412951,False
0.776,237,46,103.0,0.0,119.0,15.0,0.0,0.1271186440677966,1.0,0.8728813559322034,1.0,0.9321266968325792,0.9364406779661016,0.9342811974626287,0.8728813559322033,0.4345991561181435,0,False,0.03756676036412951,False
0.777,237,46,103.0,0.0,119.0,15.0,0.0,0.1271186440677966,1.0,0.8728813559322034,1.0,0.9321266968325792,0.9364406779661016,0.9342811974626287,0.8728813559322033,0.4345991561181435,0,False,0.03756676036412951,False
0.778,237,46,103.0,0.0,119.0,15.0,0.0,0.1271186440677966,1.0,0.8728813559322034,1.0,0.9321266968325792,0.9364406779661016,0.9342811974626287,0.8728813559322033,0.4345991561181435,0,False,0.03756676036412951,False
0.779,237,46,103.0,0.0,119.0,15.0,0.0,0.1271186440677966,1.0,0.8728813559322034,1.0,0.9321266968325792,0.9364406779661016,0.9342811974626287,0.8728813559322033,0.4345991561181435,0,False,0.03756676036412951,False
0.78,237,46,103.0,0.0,119.0,15.0,0.0,0.1271186440677966,1.0,0.8728813559322034,1.0,0.9321266968325792,0.9364406779661016,0.9342811974626287,0.8728813559322033,0.4345991561181435,0,False,0.03756676036412951,False
0.781,237,46,103.0,0.0,119.0,15.0,0.0,0.1271186440677966,1.0,0.8728813559322034,1.0,0.9321266968325792,0.9364406779661016,0.9342811974626287,0.8728813559322033,0.4345991561181435,0,False,0.03756676036412951,False
0.782,237,46,103.0,0.0,119.0,15.0,0.0,0.1271186440677966,1.0,0.8728813559322034,1.0,0.9321266968325792,0.9364406779661016,0.9342811974626287,0.8728813559322033,0.4345991561181435,0,False,0.03756676036412951,False
0.783,237,46,103.0,0.0,119.0,15.0,0.0,0.1271186440677966,1.0,0.8728813559322034,1.0,0.9321266968325792,0.9364406779661016,0.9342811974626287,0.8728813559322033,0.4345991561181435,0,False,0.03756676036412951,False
0.784,237,46,103.0,0.0,119.0,15.0,0.0,0.1271186440677966,1.0,0.8728813559322034,1.0,0.9321266968325792,0.9364406779661016,0.9342811974626287,0.8728813559322033,0.4345991561181435,0,False,0.03756676036412951,False
0.785,237,46,103.0,0.0,119.0,15.0,0.0,0.1271186440677966,1.0,0.8728813559322034,1.0,0.9321266968325792,0.9364406779661016,0.9342811974626287,0.8728813559322033,0.4345991561181435,0,False,0.03756676036412951,False
0.786,237,46,103.0,0.0,119.0,15.0,0.0,0.1271186440677966,1.0,0.8728813559322034,1.0,0.9321266968325792,0.9364406779661016,0.9342811974626287,0.8728813559322033,0.4345991561181435,0,False,0.03756676036412951,False
0.787,237,46,103.0,0.0,119.0,15.0,0.0,0.1271186440677966,1.0,0.8728813559322034,1.0,0.9321266968325792,0.9364406779661016,0.9342811974626287,0.8728813559322033,0.4345991561181435,0,False,0.03756676036412951,False
0.788,237,46,103.0,0.0,119.0,15.0,0.0,0.1271186440677966,1.0,0.8728813559322034,1.0,0.9321266968325792,0.9364406779661016,0.9342811974626287,0.8728813559322033,0.4345991561181435,0,False,0.03756676036412951,False
0.7888,237,46,103.0,0.0,119.0,15.0,0.0,0.1271186440677966,1.0,0.8728813559322034,1.0,0.9321266968325792,0.9364406779661016,0.9342811974626287,0.8728813559322033,0.4345991561181435,0,False,0.03756676036412951,True
0.789,237,46,102.0,0.0,119.0,16.0,0.0,0.13559322033898305,1.0,0.864406779661017,1.0,0.9272727272727274,0.9322033898305084,0.92973478995949,0.8644067796610169,0.43037974683544306,0,False,0.038099354327207346,False
0.79,237,46,102.0,0.0,119.0,16.0,0.0,0.13559322033898305,1.0,0.864406779661017,1.0,0.9272727272727274,0.9322033898305084,0.92973478995949,0.8644067796610169,0.43037974683544306,0,False,0.038099354327207346,False
0.791,237,46,102.0,0.0,119.0,16.0,0.0,0.13559322033898305,1.0,0.864406779661017,1.0,0.9272727272727274,0.9322033898305084,0.92973478995949,0.8644067796610169,0.43037974683544306,0,False,0.038099354327207346,False
0.792,237,46,102.0,0.0,119.0,16.0,0.0,0.13559322033898305,1.0,0.864406779661017,1.0,0.9272727272727274,0.9322033898305084,0.92973478995949,0.8644067796610169,0.43037974683544306,0,False,0.038099354327207346,False
0.793,237,46,102.0,0.0,119.0,16.0,0.0,0.13559322033898305,1.0,0.864406779661017,1.0,0.9272727272727274,0.9322033898305084,0.92973478995949,0.8644067796610169,0.43037974683544306,0,False,0.038099354327207346,False
0.794,237,46,102.0,0.0,119.0,16.0,0.0,0.13559322033898305,1.0,0.864406779661017,1.0,0.9272727272727274,0.9322033898305084,0.92973478995949,0.8644067796610169,0.43037974683544306,0,False,0.038099354327207346,False
0.795,237,46,102.0,0.0,119.0,16.0,0.0,0.13559322033898305,1.0,0.864406779661017,1.0,0.9272727272727274,0.9322033898305084,0.92973478995949,0.8644067796610169,0.43037974683544306,0,False,0.038099354327207346,False
0.796,237,46,102.0,0.0,119.0,16.0,0.0,0.13559322033898305,1.0,0.864406779661017,1.0,0.9272727272727274,0.9322033898305084,0.92973478995949,0.8644067796610169,0.43037974683544306,0,False,0.038099354327207346,False
0.797,237,46,102.0,0.0,119.0,16.0,0.0,0.13559322033898305,1.0,0.864406779661017,1.0,0.9272727272727274,0.9322033898305084,0.92973478995949,0.8644067796610169,0.43037974683544306,0,False,0.038099354327207346,False
0.798,237,46,102.0,0.0,119.0,16.0,0.0,0.13559322033898305,1.0,0.864406779661017,1.0,0.9272727272727274,0.9322033898305084,0.92973478995949,0.8644067796610169,0.43037974683544306,0,False,0.038099354327207346,False
0.799,237,46,102.0,0.0,119.0,16.0,0.0,0.13559322033898305,1.0,0.864406779661017,1.0,0.9272727272727274,0.9322033898305084,0.92973478995949,0.8644067796610169,0.43037974683544306,0,False,0.038099354327207346,False
0.8,237,46,102.0,0.0,119.0,16.0,0.0,0.13559322033898305,1.0,0.864406779661017,1.0,0.9272727272727274,0.9322033898305084,0.92973478995949,0.8644067796610169,0.43037974683544306,0,False,0.038099354327207346,False
0.8009,237,46,102.0,0.0,119.0,16.0,0.0,0.13559322033898305,1.0,0.864406779661017,1.0,0.9272727272727274,0.9322033898305084,0.92973478995949,0.8644067796610169,0.43037974683544306,0,False,0.038099354327207346,False
0.801,237,46,102.0,0.0,119.0,16.0,0.0,0.13559322033898305,1.0,0.864406779661017,1.0,0.9272727272727274,0.9322033898305084,0.92973478995949,0.8644067796610169,0.43037974683544306,0,False,0.038099354327207346,False
0.802,237,46,102.0,0.0,119.0,16.0,0.0,0.13559322033898305,1.0,0.864406779661017,1.0,0.9272727272727274,0.9322033898305084,0.92973478995949,0.8644067796610169,0.43037974683544306,0,False,0.038099354327207346,False
0.803,237,46,102.0,0.0,119.0,16.0,0.0,0.13559322033898305,1.0,0.864406779661017,1.0,0.9272727272727274,0.9322033898305084,0.92973478995949,0.8644067796610169,0.43037974683544306,0,False,0.038099354327207346,False
0.804,237,46,102.0,0.0,119.0,16.0,0.0,0.13559322033898305,1.0,0.864406779661017,1.0,0.9272727272727274,0.9322033898305084,0.92973478995949,0.8644067796610169,0.43037974683544306,0,False,0.038099354327207346,False
0.805,237,46,102.0,0.0,119.0,16.0,0.0,0.13559322033898305,1.0,0.864406779661017,1.0,0.9272727272727274,0.9322033898305084,0.92973478995949,0.8644067796610169,0.43037974683544306,0,False,0.038099354327207346,False
0.806,237,46,102.0,0.0,119.0,16.0,0.0,0.13559322033898305,1.0,0.864406779661017,1.0,0.9272727272727274,0.9322033898305084,0.92973478995949,0.8644067796610169,0.43037974683544306,0,False,0.038099354327207346,False
0.807,237,46,102.0,0.0,119.0,16.0,0.0,0.13559322033898305,1.0,0.864406779661017,1.0,0.9272727272727274,0.9322033898305084,0.92973478995949,0.8644067796610169,0.43037974683544306,0,False,0.038099354327207346,False
0.808,237,46,102.0,0.0,119.0,16.0,0.0,0.13559322033898305,1.0,0.864406779661017,1.0,0.9272727272727274,0.9322033898305084,0.92973478995949,0.8644067796610169,0.43037974683544306,0,False,0.038099354327207346,False
0.809,237,46,102.0,0.0,119.0,16.0,0.0,0.13559322033898305,1.0,0.864406779661017,1.0,0.9272727272727274,0.9322033898305084,0.92973478995949,0.8644067796610169,0.43037974683544306,0,False,0.038099354327207346,False
0.81,237,46,102.0,0.0,119.0,16.0,0.0,0.13559322033898305,1.0,0.864406779661017,1.0,0.9272727272727274,0.9322033898305084,0.92973478995949,0.8644067796610169,0.43037974683544306,0,False,0.038099354327207346,False
0.811,237,46,102.0,0.0,119.0,16.0,0.0,0.13559322033898305,1.0,0.864406779661017,1.0,0.9272727272727274,0.9322033898305084,0.92973478995949,0.8644067796610169,0.43037974683544306,0,False,0.038099354327207346,False
0.812,237,46,102.0,0.0,119.0,16.0,0.0,0.13559322033898305,1.0,0.864406779661017,1.0,0.9272727272727274,0.9322033898305084,0.92973478995949,0.8644067796610169,0.43037974683544306,0,False,0.038099354327207346,False
0.813,237,46,102.0,0.0,119.0,16.0,0.0,0.13559322033898305,1.0,0.864406779661017,1.0,0.9272727272727274,0.9322033898305084,0.92973478995949,0.8644067796610169,0.43037974683544306,0,False,0.038099354327207346,False
0.814,237,46,101.0,0.0,119.0,17.0,0.0,0.1440677966101695,1.0,0.8559322033898306,1.0,0.9223744292237444,0.9279661016949152,0.9251660409839039,0.8559322033898304,0.42616033755274263,0,False,0.03952527747671025,False
0.815,237,46,101.0,0.0,119.0,17.0,0.0,0.1440677966101695,1.0,0.8559322033898306,1.0,0.9223744292237444,0.9279661016949152,0.9251660409839039,0.8559322033898304,0.42616033755274263,0,False,0.03952527747671025,False
0.816,237,46,101.0,0.0,119.0,17.0,0.0,0.1440677966101695,1.0,0.8559322033898306,1.0,0.9223744292237444,0.9279661016949152,0.9251660409839039,0.8559322033898304,0.42616033755274263,0,False,0.03952527747671025,False
0.8167585,237,46,101.0,0.0,119.0,17.0,0.0,0.1440677966101695,1.0,0.8559322033898306,1.0,0.9223744292237444,0.9279661016949152,0.9251660409839039,0.8559322033898304,0.42616033755274263,0,False,0.03952527747671025,False
0.817,237,46,101.0,0.0,119.0,17.0,0.0,0.1440677966101695,1.0,0.8559322033898306,1.0,0.9223744292237444,0.9279661016949152,0.9251660409839039,0.8559322033898304,0.42616033755274263,0,False,0.03952527747671025,False
0.818,237,46,101.0,0.0,119.0,17.0,0.0,0.1440677966101695,1.0,0.8559322033898306,1.0,0.9223744292237444,0.9279661016949152,0.9251660409839039,0.8559322033898304,0.42616033755274263,0,False,0.03952527747671025,False
0.819,237,46,101.0,0.0,119.0,17.0,0.0,0.1440677966101695,1.0,0.8559322033898306,1.0,0.9223744292237444,0.9279661016949152,0.9251660409839039,0.8559322033898304,0.42616033755274263,0,False,0.03952527747671025,False
0.82,237,46,101.0,0.0,119.0,17.0,0.0,0.1440677966101695,1.0,0.8559322033898306,1.0,0.9223744292237444,0.9279661016949152,0.9251660409839039,0.8559322033898304,0.42616033755274263,0,False,0.03952527747671025,False
0.820517,237,46,101.0,0.0,119.0,17.0,0.0,0.1440677966101695,1.0,0.8559322033898306,1.0,0.9223744292237444,0.9279661016949152,0.9251660409839039,0.8559322033898304,0.42616033755274263,0,False,0.03952527747671025,False
0.821,237,46,100.0,0.0,119.0,18.0,0.0,0.15254237288135594,1.0,0.847457627118644,1.0,0.9174311926605504,0.923728813559322,0.9205746178983234,0.847457627118644,0.4219409282700422,0,False,0.04406642442893182,False
0.822,237,46,100.0,0.0,119.0,18.0,0.0,0.15254237288135594,1.0,0.847457627118644,1.0,0.9174311926605504,0.923728813559322,0.9205746178983234,0.847457627118644,0.4219409282700422,0,False,0.04406642442893182,False
0.823,237,46,100.0,0.0,119.0,18.0,0.0,0.15254237288135594,1.0,0.847457627118644,1.0,0.9174311926605504,0.923728813559322,0.9205746178983234,0.847457627118644,0.4219409282700422,0,False,0.04406642442893182,False
0.824,237,46,100.0,0.0,119.0,18.0,0.0,0.15254237288135594,1.0,0.847457627118644,1.0,0.9174311926605504,0.923728813559322,0.9205746178983234,0.847457627118644,0.4219409282700422,0,False,0.04406642442893182,False
0.825,237,46,100.0,0.0,119.0,18.0,0.0,0.15254237288135594,1.0,0.847457627118644,1.0,0.9174311926605504,0.923728813559322,0.9205746178983234,0.847457627118644,0.4219409282700422,0,False,0.04406642442893182,False
0.826,237,46,100.0,0.0,119.0,18.0,0.0,0.15254237288135594,1.0,0.847457627118644,1.0,0.9174311926605504,0.923728813559322,0.9205746178983234,0.847457627118644,0.4219409282700422,0,False,0.04406642442893182,False
0.8269015,237,46,100.0,0.0,119.0,18.0,0.0,0.15254237288135594,1.0,0.847457627118644,1.0,0.9174311926605504,0.923728813559322,0.9205746178983234,0.847457627118644,0.4219409282700422,0,False,0.04406642442893182,False
0.827,237,46,100.0,0.0,119.0,18.0,0.0,0.15254237288135594,1.0,0.847457627118644,1.0,0.9174311926605504,0.923728813559322,0.9205746178983234,0.847457627118644,0.4219409282700422,0,False,0.04406642442893182,False
0.828,237,46,100.0,0.0,119.0,18.0,0.0,0.15254237288135594,1.0,0.847457627118644,1.0,0.9174311926605504,0.923728813559322,0.9205746178983234,0.847457627118644,0.4219409282700422,0,False,0.04406642442893182,False
0.829,237,46,100.0,0.0,119.0,18.0,0.0,0.15254237288135594,1.0,0.847457627118644,1.0,0.9174311926605504,0.923728813559322,0.9205746178983234,0.847457627118644,0.4219409282700422,0,False,0.04406642442893182,False
0.83,237,46,100.0,0.0,119.0,18.0,0.0,0.15254237288135594,1.0,0.847457627118644,1.0,0.9174311926605504,0.923728813559322,0.9205746178983234,0.847457627118644,0.4219409282700422,0,False,0.04406642442893182,False
0.831,237,46,100.0,0.0,119.0,18.0,0.0,0.15254237288135594,1.0,0.847457627118644,1.0,0.9174311926605504,0.923728813559322,0.9205746178983234,0.847457627118644,0.4219409282700422,0,False,0.04406642442893182,False
0.832,237,46,100.0,0.0,119.0,18.0,0.0,0.15254237288135594,1.0,0.847457627118644,1.0,0.9174311926605504,0.923728813559322,0.9205746178983234,0.847457627118644,0.4219409282700422,0,False,0.04406642442893182,False
0.833,237,46,100.0,0.0,119.0,18.0,0.0,0.15254237288135594,1.0,0.847457627118644,1.0,0.9174311926605504,0.923728813559322,0.9205746178983234,0.847457627118644,0.4219409282700422,0,False,0.04406642442893182,False
0.833286,237,46,100.0,0.0,119.0,18.0,0.0,0.15254237288135594,1.0,0.847457627118644,1.0,0.9174311926605504,0.923728813559322,0.9205746178983234,0.847457627118644,0.4219409282700422,0,False,0.04406642442893182,False
0.834,237,46,99.0,0.0,119.0,19.0,0.0,0.16101694915254236,1.0,0.8389830508474576,1.0,0.9124423963133641,0.9194915254237288,0.9159601797280587,0.8389830508474576,0.4177215189873418,0,False,0.04517198399982779,False
0.835,237,46,99.0,0.0,119.0,19.0,0.0,0.16101694915254236,1.0,0.8389830508474576,1.0,0.9124423963133641,0.9194915254237288,0.9159601797280587,0.8389830508474576,0.4177215189873418,0,False,0.04517198399982779,False
0.836,237,46,99.0,0.0,119.0,19.0,0.0,0.16101694915254236,1.0,0.8389830508474576,1.0,0.9124423963133641,0.9194915254237288,0.9159601797280587,0.8389830508474576,0.4177215189873418,0,False,0.04517198399982779,False
0.837,237,46,99.0,0.0,119.0,19.0,0.0,0.16101694915254236,1.0,0.8389830508474576,1.0,0.9124423963133641,0.9194915254237288,0.9159601797280587,0.8389830508474576,0.4177215189873418,0,False,0.04517198399982779,False
0.838,237,46,99.0,0.0,119.0,19.0,0.0,0.16101694915254236,1.0,0.8389830508474576,1.0,0.9124423963133641,0.9194915254237288,0.9159601797280587,0.8389830508474576,0.4177215189873418,0,False,0.04517198399982779,False
0.839,237,46,99.0,0.0,119.0,19.0,0.0,0.16101694915254236,1.0,0.8389830508474576,1.0,0.9124423963133641,0.9194915254237288,0.9159601797280587,0.8389830508474576,0.4177215189873418,0,False,0.04517198399982779,False
0.839667,237,46,99.0,0.0,119.0,19.0,0.0,0.16101694915254236,1.0,0.8389830508474576,1.0,0.9124423963133641,0.9194915254237288,0.9159601797280587,0.8389830508474576,0.4177215189873418,0,False,0.04517198399982779,False
0.84,237,46,99.0,0.0,119.0,19.0,0.0,0.16101694915254236,1.0,0.8389830508474576,1.0,0.9124423963133641,0.9194915254237288,0.9159601797280587,0.8389830508474576,0.4177215189873418,0,False,0.04517198399982779,False
0.841,237,46,99.0,0.0,119.0,19.0,0.0,0.16101694915254236,1.0,0.8389830508474576,1.0,0.9124423963133641,0.9194915254237288,0.9159601797280587,0.8389830508474576,0.4177215189873418,0,False,0.04517198399982779,False
0.842,237,46,99.0,0.0,119.0,19.0,0.0,0.16101694915254236,1.0,0.8389830508474576,1.0,0.9124423963133641,0.9194915254237288,0.9159601797280587,0.8389830508474576,0.4177215189873418,0,False,0.04517198399982779,False
0.843,237,46,99.0,0.0,119.0,19.0,0.0,0.16101694915254236,1.0,0.8389830508474576,1.0,0.9124423963133641,0.9194915254237288,0.9159601797280587,0.8389830508474576,0.4177215189873418,0,False,0.04517198399982779,False
0.844,237,46,99.0,0.0,119.0,19.0,0.0,0.16101694915254236,1.0,0.8389830508474576,1.0,0.9124423963133641,0.9194915254237288,0.9159601797280587,0.8389830508474576,0.4177215189873418,0,False,0.04517198399982779,False
0.845,237,46,99.0,0.0,119.0,19.0,0.0,0.16101694915254236,1.0,0.8389830508474576,1.0,0.9124423963133641,0.9194915254237288,0.9159601797280587,0.8389830508474576,0.4177215189873418,0,False,0.04517198399982779,False
0.846,237,46,99.0,0.0,119.0,19.0,0.0,0.16101694915254236,1.0,0.8389830508474576,1.0,0.9124423963133641,0.9194915254237288,0.9159601797280587,0.8389830508474576,0.4177215189873418,0,False,0.04517198399982779,False
0.846048,237,46,99.0,0.0,119.0,19.0,0.0,0.16101694915254236,1.0,0.8389830508474576,1.0,0.9124423963133641,0.9194915254237288,0.9159601797280587,0.8389830508474576,0.4177215189873418,0,False,0.04517198399982779,False
0.847,237,46,98.0,0.0,119.0,20.0,0.0,0.1694915254237288,1.0,0.8305084745762712,1.0,0.9074074074074074,0.9152542372881356,0.9113223768657671,0.8305084745762712,0.41350210970464135,0,False,0.049912881839118,False
0.848,237,46,98.0,0.0,119.0,20.0,0.0,0.1694915254237288,1.0,0.8305084745762712,1.0,0.9074074074074074,0.9152542372881356,0.9113223768657671,0.8305084745762712,0.41350210970464135,0,False,0.049912881839118,False
0.848024,237,46,98.0,0.0,119.0,20.0,0.0,0.1694915254237288,1.0,0.8305084745762712,1.0,0.9074074074074074,0.9152542372881356,0.9113223768657671,0.8305084745762712,0.41350210970464135,0,False,0.049912881839118,False
0.849,237,46,98.0,0.0,119.0,20.0,0.0,0.1694915254237288,1.0,0.8305084745762712,1.0,0.9074074074074074,0.9152542372881356,0.9113223768657671,0.8305084745762712,0.41350210970464135,0,False,0.049912881839118,False
0.85,237,46,98.0,0.0,119.0,20.0,0.0,0.1694915254237288,1.0,0.8305084745762712,1.0,0.9074074074074074,0.9152542372881356,0.9113223768657671,0.8305084745762712,0.41350210970464135,0,False,0.049912881839118,False
0.851,237,46,97.0,0.0,119.0,21.0,0.0,0.17796610169491525,1.0,0.8220338983050848,1.0,0.9023255813953489,0.9110169491525424,0.906660850762337,0.8220338983050848,0.4092827004219409,0,False,0.04989034724814832,False
0.852,237,46,97.0,0.0,119.0,21.0,0.0,0.17796610169491525,1.0,0.8220338983050848,1.0,0.9023255813953489,0.9110169491525424,0.906660850762337,0.8220338983050848,0.4092827004219409,0,False,0.04989034724814832,False
0.853,237,46,97.0,0.0,119.0,21.0,0.0,0.17796610169491525,1.0,0.8220338983050848,1.0,0.9023255813953489,0.9110169491525424,0.906660850762337,0.8220338983050848,0.4092827004219409,0,False,0.04989034724814832,False
0.854,237,46,97.0,0.0,119.0,21.0,0.0,0.17796610169491525,1.0,0.8220338983050848,1.0,0.9023255813953489,0.9110169491525424,0.906660850762337,0.8220338983050848,0.4092827004219409,0,False,0.04989034724814832,False
0.855,237,46,97.0,0.0,119.0,21.0,0.0,0.17796610169491525,1.0,0.8220338983050848,1.0,0.9023255813953489,0.9110169491525424,0.906660850762337,0.8220338983050848,0.4092827004219409,0,False,0.04989034724814832,False
0.856,237,46,97.0,0.0,119.0,21.0,0.0,0.17796610169491525,1.0,0.8220338983050848,1.0,0.9023255813953489,0.9110169491525424,0.906660850762337,0.8220338983050848,0.4092827004219409,0,False,0.04989034724814832,False
0.857,237,46,97.0,0.0,119.0,21.0,0.0,0.17796610169491525,1.0,0.8220338983050848,1.0,0.9023255813953489,0.9110169491525424,0.906660850762337,0.8220338983050848,0.4092827004219409,0,False,0.04989034724814832,False
0.858,237,46,97.0,0.0,119.0,21.0,0.0,0.17796610169491525,1.0,0.8220338983050848,1.0,0.9023255813953489,0.9110169491525424,0.906660850762337,0.8220338983050848,0.4092827004219409,0,False,0.04989034724814832,False
0.859,237,46,97.0,0.0,119.0,21.0,0.0,0.17796610169491525,1.0,0.8220338983050848,1.0,0.9023255813953489,0.9110169491525424,0.906660850762337,0.8220338983050848,0.4092827004219409,0,False,0.04989034724814832,False
0.86,237,46,97.0,0.0,119.0,21.0,0.0,0.17796610169491525,1.0,0.8220338983050848,1.0,0.9023255813953489,0.9110169491525424,0.906660850762337,0.8220338983050848,0.4092827004219409,0,False,0.04989034724814832,False
0.861,237,46,97.0,0.0,119.0,21.0,0.0,0.17796610169491525,1.0,0.8220338983050848,1.0,0.9023255813953489,0.9110169491525424,0.906660850762337,0.8220338983050848,0.4092827004219409,0,False,0.04989034724814832,False
0.862,237,46,97.0,0.0,119.0,21.0,0.0,0.17796610169491525,1.0,0.8220338983050848,1.0,0.9023255813953489,0.9110169491525424,0.906660850762337,0.8220338983050848,0.4092827004219409,0,False,0.04989034724814832,False
0.863,237,46,97.0,0.0,119.0,21.0,0.0,0.17796610169491525,1.0,0.8220338983050848,1.0,0.9023255813953489,0.9110169491525424,0.906660850762337,0.8220338983050848,0.4092827004219409,0,False,0.04989034724814832,False
0.864,237,46,97.0,0.0,119.0,21.0,0.0,0.17796610169491525,1.0,0.8220338983050848,1.0,0.9023255813953489,0.9110169491525424,0.906660850762337,0.8220338983050848,0.4092827004219409,0,False,0.04989034724814832,False
0.865,237,46,97.0,0.0,119.0,21.0,0.0,0.17796610169491525,1.0,0.8220338983050848,1.0,0.9023255813953489,0.9110169491525424,0.906660850762337,0.8220338983050848,0.4092827004219409,0,False,0.04989034724814832,False
0.866,237,46,97.0,0.0,119.0,21.0,0.0,0.17796610169491525,1.0,0.8220338983050848,1.0,0.9023255813953489,0.9110169491525424,0.906660850762337,0.8220338983050848,0.4092827004219409,0,False,0.04989034724814832,False
0.867,237,46,97.0,0.0,119.0,21.0,0.0,0.17796610169491525,1.0,0.8220338983050848,1.0,0.9023255813953489,0.9110169491525424,0.906660850762337,0.8220338983050848,0.4092827004219409,0,False,0.04989034724814832,False
0.868,237,46,97.0,0.0,119.0,21.0,0.0,0.17796610169491525,1.0,0.8220338983050848,1.0,0.9023255813953489,0.9110169491525424,0.906660850762337,0.8220338983050848,0.4092827004219409,0,False,0.04989034724814832,False
0.869,237,46,97.0,0.0,119.0,21.0,0.0,0.17796610169491525,1.0,0.8220338983050848,1.0,0.9023255813953489,0.9110169491525424,0.906660850762337,0.8220338983050848,0.4092827004219409,0,False,0.04989034724814832,False
0.87,237,46,97.0,0.0,119.0,21.0,0.0,0.17796610169491525,1.0,0.8220338983050848,1.0,0.9023255813953489,0.9110169491525424,0.906660850762337,0.8220338983050848,0.4092827004219409,0,False,0.04989034724814832,False
0.871,237,46,97.0,0.0,119.0,21.0,0.0,0.17796610169491525,1.0,0.8220338983050848,1.0,0.9023255813953489,0.9110169491525424,0.906660850762337,0.8220338983050848,0.4092827004219409,0,False,0.04989034724814832,False
0.872,237,46,97.0,0.0,119.0,21.0,0.0,0.17796610169491525,1.0,0.8220338983050848,1.0,0.9023255813953489,0.9110169491525424,0.906660850762337,0.8220338983050848,0.4092827004219409,0,False,0.04989034724814832,False
0.873,237,46,97.0,0.0,119.0,21.0,0.0,0.17796610169491525,1.0,0.8220338983050848,1.0,0.9023255813953489,0.9110169491525424,0.906660850762337,0.8220338983050848,0.4092827004219409,0,False,0.04989034724814832,False
0.874,237,46,97.0,0.0,119.0,21.0,0.0,0.17796610169491525,1.0,0.8220338983050848,1.0,0.9023255813953489,0.9110169491525424,0.906660850762337,0.8220338983050848,0.4092827004219409,0,False,0.04989034724814832,False
0.875,237,46,97.0,0.0,119.0,21.0,0.0,0.17796610169491525,1.0,0.8220338983050848,1.0,0.9023255813953489,0.9110169491525424,0.906660850762337,0.8220338983050848,0.4092827004219409,0,False,0.04989034724814832,False
0.876,237,46,97.0,0.0,119.0,21.0,0.0,0.17796610169491525,1.0,0.8220338983050848,1.0,0.9023255813953489,0.9110169491525424,0.906660850762337,0.8220338983050848,0.4092827004219409,0,False,0.04989034724814832,False
0.877,237,46,96.0,0.0,119.0,22.0,0.0,0.1864406779661017,1.0,0.8135593220338984,1.0,0.897196261682243,0.9067796610169492,0.9019752336033946,0.8135593220338984,0.4050632911392405,0,False,0.05290254913848771,False
0.877884,237,46,96.0,0.0,119.0,22.0,0.0,0.1864406779661017,1.0,0.8135593220338984,1.0,0.897196261682243,0.9067796610169492,0.9019752336033946,0.8135593220338984,0.4050632911392405,0,False,0.05290254913848771,False
0.878,237,46,96.0,0.0,119.0,22.0,0.0,0.1864406779661017,1.0,0.8135593220338984,1.0,0.897196261682243,0.9067796610169492,0.9019752336033946,0.8135593220338984,0.4050632911392405,0,False,0.05290254913848771,False
0.879,237,46,96.0,0.0,119.0,22.0,0.0,0.1864406779661017,1.0,0.8135593220338984,1.0,0.897196261682243,0.9067796610169492,0.9019752336033946,0.8135593220338984,0.4050632911392405,0,False,0.05290254913848771,False
0.879768,237,46,96.0,0.0,119.0,22.0,0.0,0.1864406779661017,1.0,0.8135593220338984,1.0,0.897196261682243,0.9067796610169492,0.9019752336033946,0.8135593220338984,0.4050632911392405,0,False,0.05290254913848771,False
0.88,237,46,95.0,0.0,119.0,23.0,0.0,0.19491525423728814,1.0,0.8050847457627118,1.0,0.8920187793427229,0.902542372881356,0.8972651479706051,0.8050847457627119,0.4008438818565401,0,False,0.056681810925669505,False
0.880102,237,46,95.0,0.0,119.0,23.0,0.0,0.19491525423728814,1.0,0.8050847457627118,1.0,0.8920187793427229,0.902542372881356,0.8972651479706051,0.8050847457627119,0.4008438818565401,0,False,0.056681810925669505,False
0.880436,237,46,95.0,0.0,119.0,23.0,0.0,0.19491525423728814,1.0,0.8050847457627118,1.0,0.8920187793427229,0.902542372881356,0.8972651479706051,0.8050847457627119,0.4008438818565401,0,False,0.056681810925669505,False
0.8804535,237,46,94.0,0.0,119.0,24.0,0.0,0.2033898305084746,1.0,0.7966101694915254,1.0,0.8867924528301886,0.8983050847457628,0.8925302064868872,0.7966101694915255,0.39662447257383965,0,False,0.06305875526097443,False
0.880471,237,46,94.0,0.0,119.0,24.0,0.0,0.2033898305084746,1.0,0.7966101694915254,1.0,0.8867924528301886,0.8983050847457628,0.8925302064868872,0.7966101694915255,0.39662447257383965,0,False,0.06305875526097443,False
0.881,237,46,93.0,0.0,119.0,25.0,0.0,0.211864406779661,1.0,0.788135593220339,1.0,0.8815165876777251,0.8940677966101696,0.8877700114445964,0.7881355932203391,0.3924050632911392,0,False,0.06391183497339485,False
0.882,237,46,93.0,0.0,119.0,25.0,0.0,0.211864406779661,1.0,0.788135593220339,1.0,0.8815165876777251,0.8940677966101696,0.8877700114445964,0.7881355932203391,0.3924050632911392,0,False,0.06391183497339485,False
0.883,237,46,93.0,0.0,119.0,25.0,0.0,0.211864406779661,1.0,0.788135593220339,1.0,0.8815165876777251,0.8940677966101696,0.8877700114445964,0.7881355932203391,0.3924050632911392,0,False,0.06391183497339485,False
0.8838145,237,46,93.0,0.0,119.0,25.0,0.0,0.211864406779661,1.0,0.788135593220339,1.0,0.8815165876777251,0.8940677966101696,0.8877700114445964,0.7881355932203391,0.3924050632911392,0,False,0.06391183497339485,False
0.884,237,46,93.0,0.0,119.0,25.0,0.0,0.211864406779661,1.0,0.788135593220339,1.0,0.8815165876777251,0.8940677966101696,0.8877700114445964,0.7881355932203391,0.3924050632911392,0,False,0.06391183497339485,False
0.885,237,46,93.0,0.0,119.0,25.0,0.0,0.211864406779661,1.0,0.788135593220339,1.0,0.8815165876777251,0.8940677966101696,0.8877700114445964,0.7881355932203391,0.3924050632911392,0,False,0.06391183497339485,False
0.886,237,46,93.0,0.0,119.0,25.0,0.0,0.211864406779661,1.0,0.788135593220339,1.0,0.8815165876777251,0.8940677966101696,0.8877700114445964,0.7881355932203391,0.3924050632911392,0,False,0.06391183497339485,False
0.887,237,46,93.0,0.0,119.0,25.0,0.0,0.211864406779661,1.0,0.788135593220339,1.0,0.8815165876777251,0.8940677966101696,0.8877700114445964,0.7881355932203391,0.3924050632911392,0,False,0.06391183497339485,False
0.887158,237,46,93.0,0.0,119.0,25.0,0.0,0.211864406779661,1.0,0.788135593220339,1.0,0.8815165876777251,0.8940677966101696,0.8877700114445964,0.7881355932203391,0.3924050632911392,0,False,0.06391183497339485,False
0.888,237,46,92.0,0.0,119.0,26.0,0.0,0.22033898305084745,1.0,0.7796610169491526,1.0,0.8761904761904762,0.8898305084745763,0.8829841544156682,0.7796610169491527,0.3881856540084388,0,False,0.07343574562005277,False
0.889,237,46,92.0,0.0,119.0,26.0,0.0,0.22033898305084745,1.0,0.7796610169491526,1.0,0.8761904761904762,0.8898305084745763,0.8829841544156682,0.7796610169491527,0.3881856540084388,0,False,0.07343574562005277,False
0.89,237,46,92.0,0.0,119.0,26.0,0.0,0.22033898305084745,1.0,0.7796610169491526,1.0,0.8761904761904762,0.8898305084745763,0.8829841544156682,0.7796610169491527,0.3881856540084388,0,False,0.07343574562005277,False
0.891,237,46,92.0,0.0,119.0,26.0,0.0,0.22033898305084745,1.0,0.7796610169491526,1.0,0.8761904761904762,0.8898305084745763,0.8829841544156682,0.7796610169491527,0.3881856540084388,0,False,0.07343574562005277,False
0.892,237,46,92.0,0.0,119.0,26.0,0.0,0.22033898305084745,1.0,0.7796610169491526,1.0,0.8761904761904762,0.8898305084745763,0.8829841544156682,0.7796610169491527,0.3881856540084388,0,False,0.07343574562005277,False
0.893,237,46,92.0,0.0,119.0,26.0,0.0,0.22033898305084745,1.0,0.7796610169491526,1.0,0.8761904761904762,0.8898305084745763,0.8829841544156682,0.7796610169491527,0.3881856540084388,0,False,0.07343574562005277,False
0.894,237,46,92.0,0.0,119.0,26.0,0.0,0.22033898305084745,1.0,0.7796610169491526,1.0,0.8761904761904762,0.8898305084745763,0.8829841544156682,0.7796610169491527,0.3881856540084388,0,False,0.07343574562005277,False
0.894779,237,46,92.0,0.0,119.0,26.0,0.0,0.22033898305084745,1.0,0.7796610169491526,1.0,0.8761904761904762,0.8898305084745763,0.8829841544156682,0.7796610169491527,0.3881856540084388,0,False,0.07343574562005277,False
0.895,237,46,92.0,0.0,119.0,26.0,0.0,0.22033898305084745,1.0,0.7796610169491526,1.0,0.8761904761904762,0.8898305084745763,0.8829841544156682,0.7796610169491527,0.3881856540084388,0,False,0.07343574562005277,False
0.896,237,46,92.0,0.0,119.0,26.0,0.0,0.22033898305084745,1.0,0.7796610169491526,1.0,0.8761904761904762,0.8898305084745763,0.8829841544156682,0.7796610169491527,0.3881856540084388,0,False,0.07343574562005277,False
0.897,237,46,92.0,0.0,119.0,26.0,0.0,0.22033898305084745,1.0,0.7796610169491526,1.0,0.8761904761904762,0.8898305084745763,0.8829841544156682,0.7796610169491527,0.3881856540084388,0,False,0.07343574562005277,False
0.898,237,46,92.0,0.0,119.0,26.0,0.0,0.22033898305084745,1.0,0.7796610169491526,1.0,0.8761904761904762,0.8898305084745763,0.8829841544156682,0.7796610169491527,0.3881856540084388,0,False,0.07343574562005277,False
0.899,237,46,92.0,0.0,119.0,26.0,0.0,0.22033898305084745,1.0,0.7796610169491526,1.0,0.8761904761904762,0.8898305084745763,0.8829841544156682,0.7796610169491527,0.3881856540084388,0,False,0.07343574562005277,False
0.9,237,46,92.0,0.0,119.0,26.0,0.0,0.22033898305084745,1.0,0.7796610169491526,1.0,0.8761904761904762,0.8898305084745763,0.8829841544156682,0.7796610169491527,0.3881856540084388,0,False,0.07343574562005277,False
0.901,237,46,92.0,0.0,119.0,26.0,0.0,0.22033898305084745,1.0,0.7796610169491526,1.0,0.8761904761904762,0.8898305084745763,0.8829841544156682,0.7796610169491527,0.3881856540084388,0,False,0.07343574562005277,False
0.902,237,46,92.0,0.0,119.0,26.0,0.0,0.22033898305084745,1.0,0.7796610169491526,1.0,0.8761904761904762,0.8898305084745763,0.8829841544156682,0.7796610169491527,0.3881856540084388,0,False,0.07343574562005277,False
0.9024,237,46,92.0,0.0,119.0,26.0,0.0,0.22033898305084745,1.0,0.7796610169491526,1.0,0.8761904761904762,0.8898305084745763,0.8829841544156682,0.7796610169491527,0.3881856540084388,0,False,0.07343574562005277,False
0.902753,237,46,91.0,0.0,119.0,27.0,0.0,0.2288135593220339,1.0,0.7711864406779662,1.0,0.8708133971291866,0.8855932203389831,0.8781722158426365,0.7711864406779663,0.38396624472573837,0,False,0.07356683223097654,False
0.903,237,46,91.0,0.0,119.0,27.0,0.0,0.2288135593220339,1.0,0.7711864406779662,1.0,0.8708133971291866,0.8855932203389831,0.8781722158426365,0.7711864406779663,0.38396624472573837,0,False,0.07356683223097654,False
0.903106,237,46,91.0,0.0,119.0,27.0,0.0,0.2288135593220339,1.0,0.7711864406779662,1.0,0.8708133971291866,0.8855932203389831,0.8781722158426365,0.7711864406779663,0.38396624472573837,0,False,0.07356683223097654,False
0.904,237,46,90.0,0.0,119.0,28.0,0.0,0.23728813559322035,1.0,0.7627118644067796,1.0,0.8653846153846153,0.8813559322033898,0.873333764609373,0.7627118644067796,0.379746835443038,0,False,0.07666933188672186,False
0.905,237,46,90.0,0.0,119.0,28.0,0.0,0.23728813559322035,1.0,0.7627118644067796,1.0,0.8653846153846153,0.8813559322033898,0.873333764609373,0.7627118644067796,0.379746835443038,0,False,0.07666933188672186,False
0.906,237,46,90.0,0.0,119.0,28.0,0.0,0.23728813559322035,1.0,0.7627118644067796,1.0,0.8653846153846153,0.8813559322033898,0.873333764609373,0.7627118644067796,0.379746835443038,0,False,0.07666933188672186,False
0.907,237,46,90.0,0.0,119.0,28.0,0.0,0.23728813559322035,1.0,0.7627118644067796,1.0,0.8653846153846153,0.8813559322033898,0.873333764609373,0.7627118644067796,0.379746835443038,0,False,0.07666933188672186,False
0.908,237,46,90.0,0.0,119.0,28.0,0.0,0.23728813559322035,1.0,0.7627118644067796,1.0,0.8653846153846153,0.8813559322033898,0.873333764609373,0.7627118644067796,0.379746835443038,0,False,0.07666933188672186,False
0.909,237,46,90.0,0.0,119.0,28.0,0.0,0.23728813559322035,1.0,0.7627118644067796,1.0,0.8653846153846153,0.8813559322033898,0.873333764609373,0.7627118644067796,0.379746835443038,0,False,0.07666933188672186,False
0.909814,237,46,90.0,0.0,119.0,28.0,0.0,0.23728813559322035,1.0,0.7627118644067796,1.0,0.8653846153846153,0.8813559322033898,0.873333764609373,0.7627118644067796,0.379746835443038,0,False,0.07666933188672186,False
0.91,237,46,90.0,0.0,119.0,28.0,0.0,0.23728813559322035,1.0,0.7627118644067796,1.0,0.8653846153846153,0.8813559322033898,0.873333764609373,0.7627118644067796,0.379746835443038,0,False,0.07666933188672186,False
0.911,237,46,90.0,0.0,119.0,28.0,0.0,0.23728813559322035,1.0,0.7627118644067796,1.0,0.8653846153846153,0.8813559322033898,0.873333764609373,0.7627118644067796,0.379746835443038,0,False,0.07666933188672186,False
0.912,237,46,90.0,0.0,119.0,28.0,0.0,0.23728813559322035,1.0,0.7627118644067796,1.0,0.8653846153846153,0.8813559322033898,0.873333764609373,0.7627118644067796,0.379746835443038,0,False,0.07666933188672186,False
0.913,237,46,90.0,0.0,119.0,28.0,0.0,0.23728813559322035,1.0,0.7627118644067796,1.0,0.8653846153846153,0.8813559322033898,0.873333764609373,0.7627118644067796,0.379746835443038,0,False,0.07666933188672186,False
0.914,237,46,90.0,0.0,119.0,28.0,0.0,0.23728813559322035,1.0,0.7627118644067796,1.0,0.8653846153846153,0.8813559322033898,0.873333764609373,0.7627118644067796,0.379746835443038,0,False,0.07666933188672186,False
0.915,237,46,90.0,0.0,119.0,28.0,0.0,0.23728813559322035,1.0,0.7627118644067796,1.0,0.8653846153846153,0.8813559322033898,0.873333764609373,0.7627118644067796,0.379746835443038,0,False,0.07666933188672186,False
0.916,237,46,90.0,0.0,119.0,28.0,0.0,0.23728813559322035,1.0,0.7627118644067796,1.0,0.8653846153846153,0.8813559322033898,0.873333764609373,0.7627118644067796,0.379746835443038,0,False,0.07666933188672186,False
0.916522,237,46,90.0,0.0,119.0,28.0,0.0,0.23728813559322035,1.0,0.7627118644067796,1.0,0.8653846153846153,0.8813559322033898,0.873333764609373,0.7627118644067796,0.379746835443038,0,False,0.07666933188672186,False
0.917,237,46,89.0,0.0,119.0,29.0,0.0,0.2457627118644068,1.0,0.7542372881355932,1.0,0.8599033816425121,0.8771186440677966,0.8684683575903,0.7542372881355932,0.3755274261603376,0,False,0.1445410255358458,False
0.918,237,46,89.0,0.0,119.0,29.0,0.0,0.2457627118644068,1.0,0.7542372881355932,1.0,0.8599033816425121,0.8771186440677966,0.8684683575903,0.7542372881355932,0.3755274261603376,0,False,0.1445410255358458,False
0.919,237,46,89.0,0.0,119.0,29.0,0.0,0.2457627118644068,1.0,0.7542372881355932,1.0,0.8599033816425121,0.8771186440677966,0.8684683575903,0.7542372881355932,0.3755274261603376,0,False,0.1445410255358458,False
0.92,237,46,89.0,0.0,119.0,29.0,0.0,0.2457627118644068,1.0,0.7542372881355932,1.0,0.8599033816425121,0.8771186440677966,0.8684683575903,0.7542372881355932,0.3755274261603376,0,False,0.1445410255358458,False
0.9200575,237,46,89.0,0.0,119.0,29.0,0.0,0.2457627118644068,1.0,0.7542372881355932,1.0,0.8599033816425121,0.8771186440677966,0.8684683575903,0.7542372881355932,0.3755274261603376,0,False,0.1445410255358458,False
0.921,237,46,89.0,0.0,119.0,29.0,0.0,0.2457627118644068,1.0,0.7542372881355932,1.0,0.8599033816425121,0.8771186440677966,0.8684683575903,0.7542372881355932,0.3755274261603376,0,False,0.1445410255358458,False
0.922,237,46,89.0,0.0,119.0,29.0,0.0,0.2457627118644068,1.0,0.7542372881355932,1.0,0.8599033816425121,0.8771186440677966,0.8684683575903,0.7542372881355932,0.3755274261603376,0,False,0.1445410255358458,False
0.923,237,46,89.0,0.0,119.0,29.0,0.0,0.2457627118644068,1.0,0.7542372881355932,1.0,0.8599033816425121,0.8771186440677966,0.8684683575903,0.7542372881355932,0.3755274261603376,0,False,0.1445410255358458,False
0.923593,237,46,89.0,0.0,119.0,29.0,0.0,0.2457627118644068,1.0,0.7542372881355932,1.0,0.8599033816425121,0.8771186440677966,0.8684683575903,0.7542372881355932,0.3755274261603376,0,False,0.1445410255358458,False
0.9237165,237,46,88.0,0.0,119.0,30.0,0.0,0.2542372881355932,1.0,0.7457627118644068,1.0,0.8543689320388349,0.8728813559322034,0.8635755391767456,0.7457627118644068,0.37130801687763715,0,False,0.14552128785292118,False
0.92384,237,46,88.0,0.0,119.0,30.0,0.0,0.2542372881355932,1.0,0.7457627118644068,1.0,0.8543689320388349,0.8728813559322034,0.8635755391767456,0.7457627118644068,0.37130801687763715,0,False,0.14552128785292118,False
0.924,237,46,84.0,0.0,119.0,34.0,0.0,0.288135593220339,1.0,0.711864406779661,1.0,0.8316831683168318,0.8559322033898304,0.8437205738748232,0.7118644067796609,0.35443037974683544,0,False,0.14504827994576722,False
0.925,237,46,84.0,0.0,119.0,34.0,0.0,0.288135593220339,1.0,0.711864406779661,1.0,0.8316831683168318,0.8559322033898304,0.8437205738748232,0.7118644067796609,0.35443037974683544,0,False,0.14504827994576722,False
0.926,237,46,84.0,0.0,119.0,34.0,0.0,0.288135593220339,1.0,0.711864406779661,1.0,0.8316831683168318,0.8559322033898304,0.8437205738748232,0.7118644067796609,0.35443037974683544,0,False,0.14504827994576722,False
0.927,237,46,84.0,0.0,119.0,34.0,0.0,0.288135593220339,1.0,0.711864406779661,1.0,0.8316831683168318,0.8559322033898304,0.8437205738748232,0.7118644067796609,0.35443037974683544,0,False,0.14504827994576722,False
0.9277655,237,46,84.0,0.0,119.0,34.0,0.0,0.288135593220339,1.0,0.711864406779661,1.0,0.8316831683168318,0.8559322033898304,0.8437205738748232,0.7118644067796609,0.35443037974683544,0,False,0.14504827994576722,False
0.928,237,46,84.0,0.0,119.0,34.0,0.0,0.288135593220339,1.0,0.711864406779661,1.0,0.8316831683168318,0.8559322033898304,0.8437205738748232,0.7118644067796609,0.35443037974683544,0,False,0.14504827994576722,False
0.929,237,46,84.0,0.0,119.0,34.0,0.0,0.288135593220339,1.0,0.711864406779661,1.0,0.8316831683168318,0.8559322033898304,0.8437205738748232,0.7118644067796609,0.35443037974683544,0,False,0.14504827994576722,False
0.93,237,46,84.0,0.0,119.0,34.0,0.0,0.288135593220339,1.0,0.711864406779661,1.0,0.8316831683168318,0.8559322033898304,0.8437205738748232,0.7118644067796609,0.35443037974683544,0,False,0.14504827994576722,False
0.931,237,46,84.0,0.0,119.0,34.0,0.0,0.288135593220339,1.0,0.711864406779661,1.0,0.8316831683168318,0.8559322033898304,0.8437205738748232,0.7118644067796609,0.35443037974683544,0,False,0.14504827994576722,False
0.931691,237,46,84.0,0.0,119.0,34.0,0.0,0.288135593220339,1.0,0.711864406779661,1.0,0.8316831683168318,0.8559322033898304,0.8437205738748232,0.7118644067796609,0.35443037974683544,0,False,0.14504827994576722,False
0.932,237,46,82.0,0.0,119.0,36.0,0.0,0.3050847457627119,1.0,0.6949152542372882,1.0,0.8200000000000001,0.847457627118644,0.8336157713463008,0.6949152542372881,0.3459915611814346,0,False,0.14545016717936657,False
0.933,237,46,82.0,0.0,119.0,36.0,0.0,0.3050847457627119,1.0,0.6949152542372882,1.0,0.8200000000000001,0.847457627118644,0.8336157713463008,0.6949152542372881,0.3459915611814346,0,False,0.14545016717936657,False
0.934,237,46,82.0,0.0,119.0,36.0,0.0,0.3050847457627119,1.0,0.6949152542372882,1.0,0.8200000000000001,0.847457627118644,0.8336157713463008,0.6949152542372881,0.3459915611814346,0,False,0.14545016717936657,False
0.9341385,237,46,82.0,0.0,119.0,36.0,0.0,0.3050847457627119,1.0,0.6949152542372882,1.0,0.8200000000000001,0.847457627118644,0.8336157713463008,0.6949152542372881,0.3459915611814346,0,False,0.14545016717936657,False
0.935,237,46,82.0,0.0,119.0,36.0,0.0,0.3050847457627119,1.0,0.6949152542372882,1.0,0.8200000000000001,0.847457627118644,0.8336157713463008,0.6949152542372881,0.3459915611814346,0,False,0.14545016717936657,False
0.936,237,46,82.0,0.0,119.0,36.0,0.0,0.3050847457627119,1.0,0.6949152542372882,1.0,0.8200000000000001,0.847457627118644,0.8336157713463008,0.6949152542372881,0.3459915611814346,0,False,0.14545016717936657,False
0.936586,237,46,82.0,0.0,119.0,36.0,0.0,0.3050847457627119,1.0,0.6949152542372882,1.0,0.8200000000000001,0.847457627118644,0.8336157713463008,0.6949152542372881,0.3459915611814346,0,False,0.14545016717936657,False
0.937,237,46,81.0,0.0,119.0,37.0,0.0,0.3135593220338983,1.0,0.6864406779661016,1.0,0.8140703517587939,0.8432203389830508,0.828517156108491,0.6864406779661016,0.34177215189873417,0,False,0.15006424452884065,False
0.937315,237,46,81.0,0.0,119.0,37.0,0.0,0.3135593220338983,1.0,0.6864406779661016,1.0,0.8140703517587939,0.8432203389830508,0.828517156108491,0.6864406779661016,0.34177215189873417,0,False,0.15006424452884065,False
0.938,237,46,81.0,0.0,119.0,37.0,0.0,0.3135593220338983,1.0,0.6864406779661016,1.0,0.8140703517587939,0.8432203389830508,0.828517156108491,0.6864406779661016,0.34177215189873417,0,False,0.15006424452884065,False
0.938044,237,46,81.0,0.0,119.0,37.0,0.0,0.3135593220338983,1.0,0.6864406779661016,1.0,0.8140703517587939,0.8432203389830508,0.828517156108491,0.6864406779661016,0.34177215189873417,0,False,0.15006424452884065,False
0.939,237,46,71.0,0.0,119.0,47.0,0.0,0.3983050847457627,1.0,0.6016949152542372,1.0,0.7513227513227513,0.8008474576271186,0.775689960779587,0.6016949152542372,0.29957805907172996,0,False,0.15849458902709537,False
0.94,237,46,71.0,0.0,119.0,47.0,0.0,0.3983050847457627,1.0,0.6016949152542372,1.0,0.7513227513227513,0.8008474576271186,0.775689960779587,0.6016949152542372,0.29957805907172996,0,False,0.15849458902709537,False
0.941,237,46,71.0,0.0,119.0,47.0,0.0,0.3983050847457627,1.0,0.6016949152542372,1.0,0.7513227513227513,0.8008474576271186,0.775689960779587,0.6016949152542372,0.29957805907172996,0,False,0.15849458902709537,False
0.942,237,46,71.0,0.0,119.0,47.0,0.0,0.3983050847457627,1.0,0.6016949152542372,1.0,0.7513227513227513,0.8008474576271186,0.775689960779587,0.6016949152542372,0.29957805907172996,0,False,0.15849458902709537,False
0.943,237,46,71.0,0.0,119.0,47.0,0.0,0.3983050847457627,1.0,0.6016949152542372,1.0,0.7513227513227513,0.8008474576271186,0.775689960779587,0.6016949152542372,0.29957805907172996,0,False,0.15849458902709537,False
0.944,237,46,71.0,0.0,119.0,47.0,0.0,0.3983050847457627,1.0,0.6016949152542372,1.0,0.7513227513227513,0.8008474576271186,0.775689960779587,0.6016949152542372,0.29957805907172996,0,False,0.15849458902709537,False
0.945,237,46,71.0,0.0,119.0,47.0,0.0,0.3983050847457627,1.0,0.6016949152542372,1.0,0.7513227513227513,0.8008474576271186,0.775689960779587,0.6016949152542372,0.29957805907172996,0,False,0.15849458902709537,False
0.946,237,46,71.0,0.0,119.0,47.0,0.0,0.3983050847457627,1.0,0.6016949152542372,1.0,0.7513227513227513,0.8008474576271186,0.775689960779587,0.6016949152542372,0.29957805907172996,0,False,0.15849458902709537,False
0.947,237,46,71.0,0.0,119.0,47.0,0.0,0.3983050847457627,1.0,0.6016949152542372,1.0,0.7513227513227513,0.8008474576271186,0.775689960779587,0.6016949152542372,0.29957805907172996,0,False,0.15849458902709537,False
0.947772,237,46,71.0,0.0,119.0,47.0,0.0,0.3983050847457627,1.0,0.6016949152542372,1.0,0.7513227513227513,0.8008474576271186,0.775689960779587,0.6016949152542372,0.29957805907172996,0,False,0.15849458902709537,False
0.948,237,46,71.0,0.0,119.0,47.0,0.0,0.3983050847457627,1.0,0.6016949152542372,1.0,0.7513227513227513,0.8008474576271186,0.775689960779587,0.6016949152542372,0.29957805907172996,0,False,0.15849458902709537,False
0.949,237,46,71.0,0.0,119.0,47.0,0.0,0.3983050847457627,1.0,0.6016949152542372,1.0,0.7513227513227513,0.8008474576271186,0.775689960779587,0.6016949152542372,0.29957805907172996,0,False,0.15849458902709537,False
0.95,237,46,71.0,0.0,119.0,47.0,0.0,0.3983050847457627,1.0,0.6016949152542372,1.0,0.7513227513227513,0.8008474576271186,0.775689960779587,0.6016949152542372,0.29957805907172996,0,False,0.15849458902709537,False
0.951,237,46,71.0,0.0,119.0,47.0,0.0,0.3983050847457627,1.0,0.6016949152542372,1.0,0.7513227513227513,0.8008474576271186,0.775689960779587,0.6016949152542372,0.29957805907172996,0,False,0.15849458902709537,False
0.952,237,46,71.0,0.0,119.0,47.0,0.0,0.3983050847457627,1.0,0.6016949152542372,1.0,0.7513227513227513,0.8008474576271186,0.775689960779587,0.6016949152542372,0.29957805907172996,0,False,0.15849458902709537,False
0.953,237,46,71.0,0.0,119.0,47.0,0.0,0.3983050847457627,1.0,0.6016949152542372,1.0,0.7513227513227513,0.8008474576271186,0.775689960779587,0.6016949152542372,0.29957805907172996,0,False,0.15849458902709537,False
0.954,237,46,71.0,0.0,119.0,47.0,0.0,0.3983050847457627,1.0,0.6016949152542372,1.0,0.7513227513227513,0.8008474576271186,0.775689960779587,0.6016949152542372,0.29957805907172996,0,False,0.15849458902709537,False
0.955,237,46,71.0,0.0,119.0,47.0,0.0,0.3983050847457627,1.0,0.6016949152542372,1.0,0.7513227513227513,0.8008474576271186,0.775689960779587,0.6016949152542372,0.29957805907172996,0,False,0.15849458902709537,False
0.956,237,46,71.0,0.0,119.0,47.0,0.0,0.3983050847457627,1.0,0.6016949152542372,1.0,0.7513227513227513,0.8008474576271186,0.775689960779587,0.6016949152542372,0.29957805907172996,0,False,0.15849458902709537,False
0.957,237,46,71.0,0.0,119.0,47.0,0.0,0.3983050847457627,1.0,0.6016949152542372,1.0,0.7513227513227513,0.8008474576271186,0.775689960779587,0.6016949152542372,0.29957805907172996,0,False,0.15849458902709537,False
0.9575,237,46,71.0,0.0,119.0,47.0,0.0,0.3983050847457627,1.0,0.6016949152542372,1.0,0.7513227513227513,0.8008474576271186,0.775689960779587,0.6016949152542372,0.29957805907172996,0,False,0.15849458902709537,False
0.958,237,46,70.0,0.0,119.0,48.0,0.0,0.4067796610169492,1.0,0.5932203389830508,1.0,0.7446808510638298,0.7966101694915254,0.7702079842374077,0.5932203389830508,0.29535864978902954,0,False,0.16018179281428396,False
0.959,237,46,70.0,0.0,119.0,48.0,0.0,0.4067796610169492,1.0,0.5932203389830508,1.0,0.7446808510638298,0.7966101694915254,0.7702079842374077,0.5932203389830508,0.29535864978902954,0,False,0.16018179281428396,False
0.959861,237,46,70.0,0.0,119.0,48.0,0.0,0.4067796610169492,1.0,0.5932203389830508,1.0,0.7446808510638298,0.7966101694915254,0.7702079842374077,0.5932203389830508,0.29535864978902954,0,False,0.16018179281428396,False
0.96,237,46,70.0,0.0,119.0,48.0,0.0,0.4067796610169492,1.0,0.5932203389830508,1.0,0.7446808510638298,0.7966101694915254,0.7702079842374077,0.5932203389830508,0.29535864978902954,0,False,0.16018179281428396,False
0.961,237,46,70.0,0.0,119.0,48.0,0.0,0.4067796610169492,1.0,0.5932203389830508,1.0,0.7446808510638298,0.7966101694915254,0.7702079842374077,0.5932203389830508,0.29535864978902954,0,False,0.16018179281428396,False
0.962,237,46,70.0,0.0,119.0,48.0,0.0,0.4067796610169492,1.0,0.5932203389830508,1.0,0.7446808510638298,0.7966101694915254,0.7702079842374077,0.5932203389830508,0.29535864978902954,0,False,0.16018179281428396,False
0.962222,237,46,70.0,0.0,119.0,48.0,0.0,0.4067796610169492,1.0,0.5932203389830508,1.0,0.7446808510638298,0.7966101694915254,0.7702079842374077,0.5932203389830508,0.29535864978902954,0,False,0.16018179281428396,False
0.963,237,46,66.0,0.0,119.0,52.0,0.0,0.4406779661016949,1.0,0.559322033898305,1.0,0.717391304347826,0.7796610169491525,0.7478783550139053,0.5593220338983049,0.27848101265822783,0,False,0.16870876358902828,False
0.9632165,237,46,66.0,0.0,119.0,52.0,0.0,0.4406779661016949,1.0,0.559322033898305,1.0,0.717391304347826,0.7796610169491525,0.7478783550139053,0.5593220338983049,0.27848101265822783,0,False,0.16870876358902828,False
0.964,237,46,66.0,0.0,119.0,52.0,0.0,0.4406779661016949,1.0,0.559322033898305,1.0,0.717391304347826,0.7796610169491525,0.7478783550139053,0.5593220338983049,0.27848101265822783,0,False,0.16870876358902828,False
0.964211,237,46,66.0,0.0,119.0,52.0,0.0,0.4406779661016949,1.0,0.559322033898305,1.0,0.717391304347826,0.7796610169491525,0.7478783550139053,0.5593220338983049,0.27848101265822783,0,False,0.16870876358902828,False
0.965,237,46,65.0,0.0,119.0,53.0,0.0,0.4491525423728814,1.0,0.5508474576271186,1.0,0.7103825136612022,0.7754237288135593,0.7421909846037734,0.5508474576271185,0.2742616033755274,0,False,0.17130616160199993,False
0.9651055,237,46,65.0,0.0,119.0,53.0,0.0,0.4491525423728814,1.0,0.5508474576271186,1.0,0.7103825136612022,0.7754237288135593,0.7421909846037734,0.5508474576271185,0.2742616033755274,0,False,0.17130616160199993,False
0.966,237,46,65.0,0.0,119.0,53.0,0.0,0.4491525423728814,1.0,0.5508474576271186,1.0,0.7103825136612022,0.7754237288135593,0.7421909846037734,0.5508474576271185,0.2742616033755274,0,False,0.17130616160199993,False
0.967,237,46,62.0,0.0,119.0,56.0,0.0,0.4745762711864407,1.0,0.5254237288135594,1.0,0.688888888888889,0.7627118644067796,0.7248611789946813,0.5254237288135593,0.2616033755274262,0,False,0.18027810424767177,False
0.968,237,46,62.0,0.0,119.0,56.0,0.0,0.4745762711864407,1.0,0.5254237288135594,1.0,0.688888888888889,0.7627118644067796,0.7248611789946813,0.5254237288135593,0.2616033755274262,0,False,0.18027810424767177,False
0.969,237,46,62.0,0.0,119.0,56.0,0.0,0.4745762711864407,1.0,0.5254237288135594,1.0,0.688888888888889,0.7627118644067796,0.7248611789946813,0.5254237288135593,0.2616033755274262,0,False,0.18027810424767177,False
0.97,237,46,62.0,0.0,119.0,56.0,0.0,0.4745762711864407,1.0,0.5254237288135594,1.0,0.688888888888889,0.7627118644067796,0.7248611789946813,0.5254237288135593,0.2616033755274262,0,False,0.18027810424767177,False
0.971,237,46,62.0,0.0,119.0,56.0,0.0,0.4745762711864407,1.0,0.5254237288135594,1.0,0.688888888888889,0.7627118644067796,0.7248611789946813,0.5254237288135593,0.2616033755274262,0,False,0.18027810424767177,False
0.972,237,46,62.0,0.0,119.0,56.0,0.0,0.4745762711864407,1.0,0.5254237288135594,1.0,0.688888888888889,0.7627118644067796,0.7248611789946813,0.5254237288135593,0.2616033755274262,0,False,0.18027810424767177,False
0.973,237,46,62.0,0.0,119.0,56.0,0.0,0.4745762711864407,1.0,0.5254237288135594,1.0,0.688888888888889,0.7627118644067796,0.7248611789946813,0.5254237288135593,0.2616033755274262,0,False,0.18027810424767177,False
0.974,237,46,62.0,0.0,119.0,56.0,0.0,0.4745762711864407,1.0,0.5254237288135594,1.0,0.688888888888889,0.7627118644067796,0.7248611789946813,0.5254237288135593,0.2616033755274262,0,False,0.18027810424767177,False
0.975,237,46,62.0,0.0,119.0,56.0,0.0,0.4745762711864407,1.0,0.5254237288135594,1.0,0.688888888888889,0.7627118644067796,0.7248611789946813,0.5254237288135593,0.2616033755274262,0,False,0.18027810424767177,False
0.976,237,46,62.0,0.0,119.0,56.0,0.0,0.4745762711864407,1.0,0.5254237288135594,1.0,0.688888888888889,0.7627118644067796,0.7248611789946813,0.5254237288135593,0.2616033755274262,0,False,0.18027810424767177,False
0.977,237,46,62.0,0.0,119.0,56.0,0.0,0.4745762711864407,1.0,0.5254237288135594,1.0,0.688888888888889,0.7627118644067796,0.7248611789946813,0.5254237288135593,0.2616033755274262,0,False,0.18027810424767177,False
0.978,237,46,62.0,0.0,119.0,56.0,0.0,0.4745762711864407,1.0,0.5254237288135594,1.0,0.688888888888889,0.7627118644067796,0.7248611789946813,0.5254237288135593,0.2616033755274262,0,False,0.18027810424767177,False
0.979,237,46,62.0,0.0,119.0,56.0,0.0,0.4745762711864407,1.0,0.5254237288135594,1.0,0.688888888888889,0.7627118644067796,0.7248611789946813,0.5254237288135593,0.2616033755274262,0,False,0.18027810424767177,False
0.98,237,46,62.0,0.0,119.0,56.0,0.0,0.4745762711864407,1.0,0.5254237288135594,1.0,0.688888888888889,0.7627118644067796,0.7248611789946813,0.5254237288135593,0.2616033755274262,0,False,0.18027810424767177,False
0.981,237,46,62.0,0.0,119.0,56.0,0.0,0.4745762711864407,1.0,0.5254237288135594,1.0,0.688888888888889,0.7627118644067796,0.7248611789946813,0.5254237288135593,0.2616033755274262,0,False,0.18027810424767177,False
0.982,237,46,62.0,0.0,119.0,56.0,0.0,0.4745762711864407,1.0,0.5254237288135594,1.0,0.688888888888889,0.7627118644067796,0.7248611789946813,0.5254237288135593,0.2616033755274262,0,False,0.18027810424767177,False
0.983,237,46,62.0,0.0,119.0,56.0,0.0,0.4745762711864407,1.0,0.5254237288135594,1.0,0.688888888888889,0.7627118644067796,0.7248611789946813,0.5254237288135593,0.2616033755274262,0,False,0.18027810424767177,False
0.984,237,46,62.0,0.0,119.0,56.0,0.0,0.4745762711864407,1.0,0.5254237288135594,1.0,0.688888888888889,0.7627118644067796,0.7248611789946813,0.5254237288135593,0.2616033755274262,0,False,0.18027810424767177,False
0.985,237,46,62.0,0.0,119.0,56.0,0.0,0.4745762711864407,1.0,0.5254237288135594,1.0,0.688888888888889,0.7627118644067796,0.7248611789946813,0.5254237288135593,0.2616033755274262,0,False,0.18027810424767177,False
0.986,237,46,62.0,0.0,119.0,56.0,0.0,0.4745762711864407,1.0,0.5254237288135594,1.0,0.688888888888889,0.7627118644067796,0.7248611789946813,0.5254237288135593,0.2616033755274262,0,False,0.18027810424767177,False
0.987,237,46,62.0,0.0,119.0,56.0,0.0,0.4745762711864407,1.0,0.5254237288135594,1.0,0.688888888888889,0.7627118644067796,0.7248611789946813,0.5254237288135593,0.2616033755274262,0,False,0.18027810424767177,False
0.988,237,46,62.0,0.0,119.0,56.0,0.0,0.4745762711864407,1.0,0.5254237288135594,1.0,0.688888888888889,0.7627118644067796,0.7248611789946813,0.5254237288135593,0.2616033755274262,0,False,0.18027810424767177,False
0.989,237,46,62.0,0.0,119.0,56.0,0.0,0.4745762711864407,1.0,0.5254237288135594,1.0,0.688888888888889,0.7627118644067796,0.7248611789946813,0.5254237288135593,0.2616033755274262,0,False,0.18027810424767177,False
0.99,237,46,62.0,0.0,119.0,56.0,0.0,0.4745762711864407,1.0,0.5254237288135594,1.0,0.688888888888889,0.7627118644067796,0.7248611789946813,0.5254237288135593,0.2616033755274262,0,False,0.18027810424767177,False
0.991,237,46,62.0,0.0,119.0,56.0,0.0,0.4745762711864407,1.0,0.5254237288135594,1.0,0.688888888888889,0.7627118644067796,0.7248611789946813,0.5254237288135593,0.2616033755274262,0,False,0.18027810424767177,False
0.992,237,46,62.0,0.0,119.0,56.0,0.0,0.4745762711864407,1.0,0.5254237288135594,1.0,0.688888888888889,0.7627118644067796,0.7248611789946813,0.5254237288135593,0.2616033755274262,0,False,0.18027810424767177,False
0.993,237,46,62.0,0.0,119.0,56.0,0.0,0.4745762711864407,1.0,0.5254237288135594,1.0,0.688888888888889,0.7627118644067796,0.7248611789946813,0.5254237288135593,0.2616033755274262,0,False,0.18027810424767177,False
0.994,237,46,62.0,0.0,119.0,56.0,0.0,0.4745762711864407,1.0,0.5254237288135594,1.0,0.688888888888889,0.7627118644067796,0.7248611789946813,0.5254237288135593,0.2616033755274262,0,False,0.18027810424767177,False
0.995,237,46,62.0,0.0,119.0,56.0,0.0,0.4745762711864407,1.0,0.5254237288135594,1.0,0.688888888888889,0.7627118644067796,0.7248611789946813,0.5254237288135593,0.2616033755274262,0,False,0.18027810424767177,False
0.996,237,46,62.0,0.0,119.0,56.0,0.0,0.4745762711864407,1.0,0.5254237288135594,1.0,0.688888888888889,0.7627118644067796,0.7248611789946813,0.5254237288135593,0.2616033755274262,0,False,0.18027810424767177,False
0.997,237,46,62.0,0.0,119.0,56.0,0.0,0.4745762711864407,1.0,0.5254237288135594,1.0,0.688888888888889,0.7627118644067796,0.7248611789946813,0.5254237288135593,0.2616033755274262,0,False,0.18027810424767177,False
0.998,237,46,62.0,0.0,119.0,56.0,0.0,0.4745762711864407,1.0,0.5254237288135594,1.0,0.688888888888889,0.7627118644067796,0.7248611789946813,0.5254237288135593,0.2616033755274262,0,False,0.18027810424767177,False
0.999,237,46,62.0,0.0,119.0,56.0,0.0,0.4745762711864407,1.0,0.5254237288135594,1.0,0.688888888888889,0.7627118644067796,0.7248611789946813,0.5254237288135593,0.2616033755274262,0,False,0.18027810424767177,False
1.0,237,46,62.0,0.0,119.0,56.0,0.0,0.4745762711864407,1.0,0.5254237288135594,1.0,0.688888888888889,0.7627118644067796,0.7248611789946813,0.5254237288135593,0.2616033755274262,0,False,0.18027810424767177,False
