blind_case_id,language,question,context,candidate_answer,reviewer_label,error_category,criticality,confidence,notes
GHR-0001,English,How Much Does Car Insurance Increase After DUI?,"Question: How Much Does Car Insurance Increase After DUI?
Answer: Car insurance rates typically increase after a DUI ... although the amount of the increase will vary depending on the company you are insured with . There are other costs associated with getting a DUI , including possible reinstatement of your driver 's license and purchase of a Bond , as required by the state . Question answered by E. Harris ... Car insurance broker since 1980 with top-rated website .","A big part of that answer depends on which company you were insured with beforehand , and how much shopping around you plan to do afterwards . Some companies go harder on DUI 's than other companies . Getting multiple quotes from high risk companies would be the best way to minimize the damage done . An independent agent who specializes in high risk auto insurance would be the ideal place to look .",,,,,
GHR-0002,English,How Much Does Car Insurance Increase After DUI?,"Question: How Much Does Car Insurance Increase After DUI?
Answer: Car insurance rates typically increase after a DUI ... although the amount of the increase will vary depending on the company you are insured with . There are other costs associated with getting a DUI , including possible reinstatement of your driver 's license and purchase of a Bond , as required by the state . Question answered by E. Harris ... Car insurance broker since 1980 with top-rated website .","Car insurance rates typically increase after a DUI ... although the amount of the increase will vary depending on the company you are insured with . There are other costs associated with getting a DUI , including possible reinstatement of your driver 's license and purchase of a Bond , as required by the state . Question answered by E. Harris ... Car insurance broker since 1980 with top-rated website .",,,,,
GHR-0003,English,Whose insured vehicle has glass coverage?,Insured person: Lara Neumann. Her insured vehicle has windshield glass coverage.,The covered insured vehicle belongs to Lara Neumann.,,,,,
GHR-0004,English,Do Insurance Companies Look At Psychiatric Records?,"Question: Do Insurance Companies Look At Psychiatric Records?
Answer: In respect to life insurance , underwriters are most concerned with conditions that impair or prevent a potential insured from completing daily tasks , interactions and living . In the event that your answers to the medical questionnaire on insurance application , attending physician statement & recordsor results from a insurance examindicate that you are being treated through therapy or medication , the underwriters will first seek clarification through your agent . Depending on the severity of the condition , the course of treatment and time elapsed since last episode or event related to your condition , the underwriter may not have much concern and thus not require additional information . Simply put mild conditions such as milddepression , anxiety or stress treated by counseling and low dose medicine may not require deep underwriting depending on the age of the insured and history of condition . More significant conditions , for example schizophrenia , treated with significant medication and therapy , will require additional records from treating physicians to ensure that the insured fits within their risk parameters . In your case , grief counselingcan soundambiguous ; if it were for the loss of a loved one , the absence of whom is not preventing your daily living , it should not require additional review . If the on the other hand , it is being used to cope with another traumatic event , additional questions or requests may be posed by the underwriters . A letter from your treating psychiatrist highlighting your improvements from treatment will help mitigate the need for additional information . In order to ensure that you get the best underwriting class , I suggest that you work with an independent agent that works with multiple carriers as different carriers each have their own points of view on various healthy issues . Additionally , question your insurance agent ! Ask them what experience , if any , have they had with placing business on clients such as yourself . At the end of the day , the most experienced agents will get the best underwriting results for their clients with the least disruption and scrutiny of one 's private issues . Please feel free to contact me to discuss your facts in order to give you more accurate information .","There are hundreds of annuity companies and perhaps a thousand annuity contracts . You can find excellent spreadsheets online distributed by independent brokerage firms . There are two categories of non-qualified annuities are : tax deferred and immediate . Tax deferred annuities have three basic crediting methods : fixed interest rates , domestic/foreign indices and separate subaccounts using equity and bond instruments . Immediate annuities offer various distribution periods like 10 or 20 years certain and lifetime income on the annuitant .",,,,,
GHR-0005,English,Do Insurance Companies Look At Psychiatric Records?,"Question: Do Insurance Companies Look At Psychiatric Records?
Answer: In respect to life insurance , underwriters are most concerned with conditions that impair or prevent a potential insured from completing daily tasks , interactions and living . In the event that your answers to the medical questionnaire on insurance application , attending physician statement & recordsor results from a insurance examindicate that you are being treated through therapy or medication , the underwriters will first seek clarification through your agent . Depending on the severity of the condition , the course of treatment and time elapsed since last episode or event related to your condition , the underwriter may not have much concern and thus not require additional information . Simply put mild conditions such as milddepression , anxiety or stress treated by counseling and low dose medicine may not require deep underwriting depending on the age of the insured and history of condition . More significant conditions , for example schizophrenia , treated with significant medication and therapy , will require additional records from treating physicians to ensure that the insured fits within their risk parameters . In your case , grief counselingcan soundambiguous ; if it were for the loss of a loved one , the absence of whom is not preventing your daily living , it should not require additional review . If the on the other hand , it is being used to cope with another traumatic event , additional questions or requests may be posed by the underwriters . A letter from your treating psychiatrist highlighting your improvements from treatment will help mitigate the need for additional information . In order to ensure that you get the best underwriting class , I suggest that you work with an independent agent that works with multiple carriers as different carriers each have their own points of view on various healthy issues . Additionally , question your insurance agent ! Ask them what experience , if any , have they had with placing business on clients such as yourself . At the end of the day , the most experienced agents will get the best underwriting results for their clients with the least disruption and scrutiny of one 's private issues . Please feel free to contact me to discuss your facts in order to give you more accurate information .","In respect to life insurance , underwriters are most concerned with conditions that impair or prevent a potential insured from completing daily tasks , interactions and living . In the event that your answers to the medical questionnaire on insurance application , attending physician statement & recordsor results from a insurance examindicate that you are being treated through therapy or medication , the underwriters will first seek clarification through your agent . Depending on the severity of the condition , the course of treatment and time elapsed since last episode or event related to your condition , the underwriter may not have much concern and thus not require additional information . Simply put mild conditions such as milddepression , anxiety or stress treated by counseling and low dose medicine may not require deep underwriting depending on the age of the insured and history of condition . More significant conditions , for example schizophrenia , treated with significant medication and therapy , will require additional records from treating physicians to ensure that the insured fits within their risk parameters . In your case , grief counselingcan soundambiguous ; if it were for the loss of a loved one , the absence of whom is not preventing your daily living , it should not require additional review . If the on the other hand , it is being used to cope with another traumatic event , additional questions or requests may be posed by the underwriters . A letter from your treating psychiatrist highlighting your improvements from treatment will help mitigate the need for additional information . In order to ensure that you get the best underwriting class , I suggest that you work with an independent agent that works with multiple carriers as different carriers each have their own points of view on various healthy issues . Additionally , question your insurance agent ! Ask them what experience , if any , have they had with placing business on clients such as yourself . At the end of the day , the most experienced agents will get the best underwriting results for their clients with the least disruption and scrutiny of one 's private issues . Please feel free to contact me to discuss your facts in order to give you more accurate information .",,,,,
GHR-0006,English,Does Nationwide Offer Long Term Care Insurance?,"Question: Does Nationwide Offer Long Term Care Insurance?
Answer: Actually , Nationwide has a very good hybrid policy that combines permanent life insurance and a comprehensive long term care rider . I use this product alot in my practice for people that have a need for both life insurance and LTC . Advantages of this product is that the benefit will always be used no matter what happens to the individual ; either they will have a long term care claim , or they will pass away and the death benefit will pass to their beneficiaries . Disadvantages of this approach to LTC planning is that there is no potential for any premium write-off and no Partnership protection .","No . Allstate used to market long-term care insurance through Lincoln Benefit Life , but has not done sofor at least 5 years . All long-term care policies sold by Allstate through LBL are being fully administered and claims paid as approved . Since the carrier is not currently marketing LTC insurance , no new premiums are coming in . As a result , policy holders of this carrier 's long-term care plans of insurance are likely to experience increases in premium in the 30-50 % range . Such an increase occurred in 2010 . However , while those percentages seem extremely high , consumers need to understand that in spite of the increase , the higher premium is probably still a bargain compared to what LTCi costs today . Carriers that increase premiums are making every effort to help people keep at least some of their coverage by making adjustments to benefits , features , or riders going forward .",,,,,
GHR-0007,English,Does Nationwide Offer Long Term Care Insurance?,"Question: Does Nationwide Offer Long Term Care Insurance?
Answer: Actually , Nationwide has a very good hybrid policy that combines permanent life insurance and a comprehensive long term care rider . I use this product alot in my practice for people that have a need for both life insurance and LTC . Advantages of this product is that the benefit will always be used no matter what happens to the individual ; either they will have a long term care claim , or they will pass away and the death benefit will pass to their beneficiaries . Disadvantages of this approach to LTC planning is that there is no potential for any premium write-off and no Partnership protection .","Actually , Nationwide has a very good hybrid policy that combines permanent life insurance and a comprehensive long term care rider . I use this product alot in my practice for people that have a need for both life insurance and LTC . Advantages of this product is that the benefit will always be used no matter what happens to the individual ; either they will have a long term care claim , or they will pass away and the death benefit will pass to their beneficiaries . Disadvantages of this approach to LTC planning is that there is no potential for any premium write-off and no Partnership protection .",,,,,
GHR-0008,English,What is the status of the contract?,Contract TEST-KFZ-2026-1001 is active from 2026-01-01 through 2026-12-31.,Contract TEST-KFZ-2026-1001 was cancelled on 2026-06-30.,,,,,
GHR-0009,English,What Are The Current Interest Rates On Annuities?,"Question: What Are The Current Interest Rates On Annuities?
Answer: The Current Fixed Interest Rates on Annuities average 2.95 % for 5 years , 3.25 % for 10 years . The rates can change quickly so always call your annuity distributor before using any quotes including these quotes . Most advisers are selling 5 year fixed with an expectation that rates are going to rise in the future . The 35 basis point spread between the 5 and 10 year rate is not enough go long .",The supplied context does not contain enough information to answer this question.,,,,,
GHR-0010,English,What Are The Current Interest Rates On Annuities?,"Question: What Are The Current Interest Rates On Annuities?
Answer: The Current Fixed Interest Rates on Annuities average 2.95 % for 5 years , 3.25 % for 10 years . The rates can change quickly so always call your annuity distributor before using any quotes including these quotes . Most advisers are selling 5 year fixed with an expectation that rates are going to rise in the future . The 35 basis point spread between the 5 and 10 year rate is not enough go long .","Based on the supplied context, the Current Fixed Interest Rates on Annuities average 2.95 % for 5 years , 3.25 % for 10 years . The rates can change quickly so always call your annuity distributor before using any quotes including these quotes . Most advisers are selling 5 year fixed with an expectation that rates are going to rise in the future . The 35 basis point spread between the 5 and 10 year rate is not enough go long .",,,,,
GHR-0011,English,Summarize the motor glass benefit.,The motor policy covers windshield glass damage under partial comprehensive coverage.,Windshield glass damage is covered. The policy also provides unlimited towing anywhere in Europe.,,,,,
GHR-0012,English,Will My Home Insurance Go Up If I File A Claim?,"Question: Will My Home Insurance Go Up If I File A Claim?
Answer: This is nearly impossible to answer . Whether or not your rates go up at renewal after a claim is strictly up to your carrier . There are many factors that go into determining your premium for your homeowners insurance coverage and claims history is one of them . In my opinion and experience I would say that the frequency and amount of the claims will be given greater weight the higher the number is for either .",This is nearly impossible to answer . Whether or not your rates go up at renewal after a claim is strictly up to your carrier . There are many factors that go into determining your premium for your homeowners insurance coverage and claims history is one of them . In my opinion and experience I would say that the frequency and amount of the claims will be given greater weight the higher the number is for either . [insuranceqa:490],,,,,
GHR-0013,English,How Does Home Insurance Escrow Work?,"Question: How Does Home Insurance Escrow Work?
Answer: Some banks these days require that your Homeowners Insurance be paid by them froman escrow account . If that is the case , then when you are closing on your home and obtaining insurance , they will require you to pay your insurance professional an amount equal to the full first year 's premium . The policy will then be set up to bill your mortgage company upon each renewal . The monthly payments that you make to your mortgage company , in addition to principal and interest , will include an amount for the next renewal on your Homeowners Insurance . Your insurance company will bill your mortgage company at the renewal and the annual premium will then be paid by your mortgage company from your escrow account .","Buy home insurance from an agent that you can trust . If you havent an agent , get recommendations from friends , colleagues or neighbors . A good agent will listen to you , give sound advice , accurately record information and most importantly , answer your questions . A computer can do one of those functions . At the time of claim the critical issues will be , is the coverage in force , is it adequate to restore the loss and is there someone there to answer questions .",,,,,
GHR-0014,English,How Does Home Insurance Escrow Work?,"Question: How Does Home Insurance Escrow Work?
Answer: Some banks these days require that your Homeowners Insurance be paid by them froman escrow account . If that is the case , then when you are closing on your home and obtaining insurance , they will require you to pay your insurance professional an amount equal to the full first year 's premium . The policy will then be set up to bill your mortgage company upon each renewal . The monthly payments that you make to your mortgage company , in addition to principal and interest , will include an amount for the next renewal on your Homeowners Insurance . Your insurance company will bill your mortgage company at the renewal and the annual premium will then be paid by your mortgage company from your escrow account .","Some banks these days require that your Homeowners Insurance be paid by them froman escrow account . If that is the case , then when you are closing on your home and obtaining insurance , they will require you to pay your insurance professional an amount equal to the full first year 's premium . The policy will then be set up to bill your mortgage company upon each renewal . The monthly payments that you make to your mortgage company , in addition to principal and interest , will include an amount for the next renewal on your Homeowners Insurance . Your insurance company will bill your mortgage company at the renewal and the annual premium will then be paid by your mortgage company from your escrow account .",,,,,
GHR-0015,English,Does Homeowners Insurance Cover Property During Move?,"Question: Does Homeowners Insurance Cover Property During Move?
Answer: The personal property covered under a homeowners policy is covered at full value in a new home for 30 days under most circumstances . However , the limit of coverage is only 10 % of the normal personal property limit while the property is outside the old residence and not in the new . If you are planning a move , contact your insurance agent for advice on how to minimize your exposure and provide adequate protection for your property .","The personal property covered under a homeowners policy is covered at full value in a new home for 30 days under most circumstances . However , the limit of coverage is only 20 % of the normal personal property limit while the property is outside the old residence and not in the new . If you are planning a move , contact your insurance agent for advice on how to minimize your exposure and provide adequate protection for your property .",,,,,
GHR-0016,English,How Much Disability Insurance Is Enough?,"Question: How Much Disability Insurance Is Enough?
Answer: Typically disability insurance benefits are equal to a maximum of 60 % of the insured 's income . The maximum one can buy then is based on the annual income of the individual . If you can live comfortably on a lesser amount than 60 % of what you earn , then you may consider buying a policy that would pay less than 60 % of your earned income .","where do I get disability insurance ? In Washington State , you 'd get it from me ! ;-RRB- What you would want to do is meet with an agent and go over your options , with a great deal of time spent on understanding the definitions of disability . With disability coverage , the definition is everything . Without a good definition , the premium may be cheap , but collecting on a claim may be hard .",,,,,
GHR-0017,English,What Is Occupational Disability Insurance?,"Question: What Is Occupational Disability Insurance?
Answer: What is occupational disability insurance ? Usually it is called own occupation and it is used in the definition of disability . It is very much to the insured 's favor to have that definition in their disability policy . It is a specific rather than general definition . For example your disability policy would pay if you could n't work in that specific job , and it would continue to pay you if you could work in another occupation .","where do I get disability insurance ? In Washington State , you 'd get it from me ! ;-RRB- What you would want to do is meet with an agent and go over your options , with a great deal of time spent on understanding the definitions of disability . With disability coverage , the definition is everything . Without a good definition , the premium may be cheap , but collecting on a claim may be hard .",,,,,
GHR-0018,English,Where Can I Buy Disability Insurance?,"Question: Where Can I Buy Disability Insurance?
Answer: Disability insurance can be purchased from a variety of companies . You may apply online , call a company direct or purchase it from your local insurance agent . However , it truly is one of the complex insurance policies on the market . I recommend using an experienced disability insurance broker to shop the market to find the best product at the best price for your unique situation .","where do I get disability insurance ? In Washington State , you 'd get it from me ! ;-RRB- What you would want to do is meet with an agent and go over your options , with a great deal of time spent on understanding the definitions of disability . With disability coverage , the definition is everything . Without a good definition , the premium may be cheap , but collecting on a claim may be hard .",,,,,
GHR-0019,English,How Much Disability Insurance Is Enough?,"Question: How Much Disability Insurance Is Enough?
Answer: Typically disability insurance benefits are equal to a maximum of 60 % of the insured 's income . The maximum one can buy then is based on the annual income of the individual . If you can live comfortably on a lesser amount than 60 % of what you earn , then you may consider buying a policy that would pay less than 60 % of your earned income .","Typically disability insurance benefits are equal to a maximum of 60 % of the insured 's income . The maximum one can buy then is based on the annual income of the individual . If you can live comfortably on a lesser amount than 60 % of what you earn , then you may consider buying a policy that would pay less than 60 % of your earned income .",,,,,
GHR-0020,English,What Is Occupational Disability Insurance?,"Question: What Is Occupational Disability Insurance?
Answer: What is occupational disability insurance ? Usually it is called own occupation and it is used in the definition of disability . It is very much to the insured 's favor to have that definition in their disability policy . It is a specific rather than general definition . For example your disability policy would pay if you could n't work in that specific job , and it would continue to pay you if you could work in another occupation .","What is occupational disability insurance ? Usually it is called own occupation and it is used in the definition of disability . It is very much to the insured 's favor to have that definition in their disability policy . It is a specific rather than general definition . For example your disability policy would pay if you could n't work in that specific job , and it would continue to pay you if you could work in another occupation .",,,,,
GHR-0021,English,Where Can I Buy Disability Insurance?,"Question: Where Can I Buy Disability Insurance?
Answer: Disability insurance can be purchased from a variety of companies . You may apply online , call a company direct or purchase it from your local insurance agent . However , it truly is one of the complex insurance policies on the market . I recommend using an experienced disability insurance broker to shop the market to find the best product at the best price for your unique situation .","Disability insurance can be purchased from a variety of companies . You may apply online , call a company direct or purchase it from your local insurance agent . However , it truly is one of the complex insurance policies on the market . I recommend using an experienced disability insurance broker to shop the market to find the best product at the best price for your unique situation .",,,,,
GHR-0022,English,How Much Is Health Insurance Out Of Pocket?,"Question: How Much Is Health Insurance Out Of Pocket?
Answer: This depends on a number of factors in your plan including , your premium is , your deductible , coinsurance , copayments , maximum out-of-pocket - these amounts will vary by plan so you want to make sure of what you have and that it 's a plan that is suitable to your needs and budget . It 's not always best to just buy what 's cheapest or the most comprehensive . There are many moving parts to health insurance and it 's always helpful to consult with an experienced broker to make sure that the plan you have/want to apply for is going to best serve your needs . Please let me know if I can be of further assistance . Thanks very much .","This depends on a number of factors in your plan including , your premium is , your deductible , coinsurance , copayments , maximum out-of-pocket - these amounts will vary by plan so you want to make sure of what you have and that it 's a plan that is suitable to your needs and budget . It 's not always best to just buy what 's cheapest or the most comprehensive . There are many moving parts to health insurance and it 's always helpful to consult with an experienced broker to make sure that the plan you have/want to apply for is going to best serve your needs . Please let me know if I can be of further assistance . Thanks very much . [insuranceqa:1]",,,,,
GHR-0023,English,What applies to insured water damage?,Home insurance covers escape-of-water damage with a deductible of EUR 500 per claim.,Insured water damage has a EUR 500 deductible per claim.,,,,,
GHR-0024,English,Summarize the motor glass benefit.,Partial comprehensive motor insurance covers glass damage. The deductible for each glass claim is EUR 150.,Glass damage is covered by partial comprehensive insurance [motor_policy:1]. The deductible is EUR 150 per claim [motor_policy:1].,,,,,
GHR-0025,English,Does Renters Insurance Cover Sewage Backup?,"Question: Does Renters Insurance Cover Sewage Backup?
Answer: Renters insurance does not cover sewage backup on its own . There is an endorsement available to add this coverage , usually for just a few dollars per month . It 's worth remembering that endorsements must be made before a loss occurs . You can not call your insurance agent and add the water and sewage backup endorsement after you discover the problem , there will be no coverage because the endorsement was not applied at the time the loss occurred .","Renters insurance does not cover sewage backup on its own . I believe you will find that for the most part , property plicies will exclude any motor powered vehicles from coverage .",,,,,
GHR-0026,English,Does Renters Insurance Cover Sewage Backup?,"Question: Does Renters Insurance Cover Sewage Backup?
Answer: Renters insurance does not cover sewage backup on its own . There is an endorsement available to add this coverage , usually for just a few dollars per month . It 's worth remembering that endorsements must be made before a loss occurs . You can not call your insurance agent and add the water and sewage backup endorsement after you discover the problem , there will be no coverage because the endorsement was not applied at the time the loss occurred .","Based on the supplied context, renters insurance does not cover sewage backup on its own . There is an endorsement available to add this coverage , usually for just a few dollars per month . It 's worth remembering that endorsements must be made before a loss occurs . You can not call your insurance agent and add the water and sewage backup endorsement after you discover the problem , there will be no coverage because the endorsement was not applied at the time the loss occurred .",,,,,
GHR-0027,English,Does Home Owners Insurance Cover Asbestos Removal?,"Question: Does Home Owners Insurance Cover Asbestos Removal?
Answer: Generally the answer to that would be no . Your Homeowners is not designed to cover this type of renovation . If your home is damaged by a covered peril then the removal of asbestos would be covered as part of the repairs , but otherwise you will have to pay .","Great Question . Condo Insurance covers you for liability if some one falls in your condo . Also cover you for fire , theft and water damage . You would alos need to have coverage for the inside of your unit for the wall in case of a fire and your unit was damaged . Good Luck",,,,,
GHR-0028,English,Does Home Owners Insurance Cover Asbestos Removal?,"Question: Does Home Owners Insurance Cover Asbestos Removal?
Answer: Generally the answer to that would be no . Your Homeowners is not designed to cover this type of renovation . If your home is damaged by a covered peril then the removal of asbestos would be covered as part of the repairs , but otherwise you will have to pay .","Generally the answer to that would be no . Your Homeowners is not designed to cover this type of renovation . If your home is damaged by a covered peril then the removal of asbestos would be covered as part of the repairs , but otherwise you will have to pay .",,,,,
GHR-0029,English,At What Age Can You Collect Medicare?,"Question: At What Age Can You Collect Medicare?
Answer: You can collect Medicare Part A and Part B at age 65 if you or your spouse has paid Medicare taxes for at least 40 quarters . You can collect Medicare under age 65 if you have been receiving Social Security Disability benefits for 24 months , and in several other circumstances .","Rates are typically know to adjust at ages 18 , 21 , and 25 . Rates are also known to adjust based on credit history and marital status . Please remember every carrier and every policy is different . Every carrier has its own level of risk willing to accept . This will set the premium levels based on the risk they are willing to take on .",,,,,
GHR-0030,English,At What Age Can You Collect Medicare?,"Question: At What Age Can You Collect Medicare?
Answer: You can collect Medicare Part A and Part B at age 65 if you or your spouse has paid Medicare taxes for at least 40 quarters . You can collect Medicare under age 65 if you have been receiving Social Security Disability benefits for 24 months , and in several other circumstances .","You can collect Medicare Part A and Part B at age 65 if you or your spouse has paid Medicare taxes for at least 40 quarters . You can collect Medicare under age 65 if you have been receiving Social Security Disability benefits for 24 months , and in several other circumstances .",,,,,
GHR-0031,English,When To Cash In A Whole Life Insurance Policy?,"Question: When To Cash In A Whole Life Insurance Policy?
Answer: That is a great question ! I 'm not really sure what your motives are for cashing it in -LRB- `` surrendering '' -RRB- , but there are definitely some things you want to think about first . What protection will you have if you do surrender it ? Will you be left uninsured , or put into a position where finding a policy that is as affordable as the one your dropping is unreasonable ? If so , maybe keeping the policy is a better idea . Is it just that you need a smaller premium , or some quick cash ? If so , maybe reducing the face value is a better idea - the premium would be less , and you would still have coverage . If quick cash is the need , perhaps a policy loan would be better , all you have to do is find out from your agent how much is safely available to borrow from the policy , and keep the policy active . I hope this helps , contact me if you need help , okay ? Thanks for asking !","That is a great question ! I 'm not really sure what your motives are for cashing it in -LRB- `` surrendering '' -RRB- , but there are definitely some things you want to think about first . What protection will you have if you do surrender it ? Will you be left uninsured , or put into a position where finding a policy that is as affordable as the one your dropping is unreasonable ? If so , maybe keeping the policy is a better idea . Is it just that you need a smaller premium , or some quick cash ? If so , maybe reducing the face value is a better idea - the premium would be less , and you would still have coverage . If quick cash is the need , perhaps a policy loan would be better , all you have to do is find out from your agent how much is safely available to borrow from the policy , and keep the policy active . I hope this helps , contact me if you need help , okay ? Thanks for asking ! [insuranceqa:673]",,,,,
GHR-0032,English,"My father passed in 2007 i recently found his life policy, where do i start?","Question: My father passed in 2007 i recently found his life policy, where do i start?
Answer: The best place to start is to call the life insurance company through which he took out the policy . If the company has changed hands , you can google the name of the old company and the company that bought it will come up in some results . Look at the Contact tab on the company website for Customer Service .","Based on the supplied context, the best place to start is to call the life insurance company through which he took out the policy . If the company has changed hands , you can google the name of the old company and the company that bought it will come up in some results . Look at the Contact tab on the company website for Customer Service .",,,,,
GHR-0033,English,When Should Someone Buy Long Term Care Insurance?,"Question: When Should Someone Buy Long Term Care Insurance?
Answer: As a retirement planning specialist , I spend alot of time doing long term care planning . Why would I do this ? Because NOTHING will derail a person 's life-time savings faster than a custodial -LRB- AKA long term care -RRB- claim . There are two reasons why a person should purchase LTC ; the first is that they care about the quality of care , and having a say in where care will be provided , should they require it . The second reason is that they care about protecting the assets that they have acquired over the course of their life-time , and they want to protect those assets for their healthy spouse and/or children , rather then have those assets eaten up by impairment , or having them signed over to medicaid or a nursing home . As far as WHEN a person should purchase coverage ; my youngest clients are usually in their 40 's , and with them I usually recommend a hybrid life insurance-LTC product ; my average clients are in their mid 50 's to late 60 's , and for them I recommend either traditional long term care or a single premium policy with refund provisions , and my oldest clients are in their mid 70 's . I think the best time to purchase for most people is in their mid to late 50 's , because most will get better underwriting and a favorable premium . I hope this helps .","The cost of care keeps rising . If you need a nursing home it would not be uncommon to see the cost of care to be $ 7,000 - $ 8000 per month and it is expected to keep increasing . The question becomes if you do n't get a Long Term Care policy what assets are you prepared to liquidate to pay for the care . At $ 7,000 a month for 3 years that comes out to a cost of $ 252,000 based on today 's cost . What will the cost be when you need it in 10 , 20 or 30 years ? We can assume it will be much more . The yearly premium will be only a fraction of the cost if you did n't have a policy . A good Long Term Care policy will include assisted living , home healthcare and nursing home care . The chance of you needing one or all of those at some point in your life is pretty high .",,,,,
GHR-0034,English,When Should Someone Buy Long Term Care Insurance?,"Question: When Should Someone Buy Long Term Care Insurance?
Answer: As a retirement planning specialist , I spend alot of time doing long term care planning . Why would I do this ? Because NOTHING will derail a person 's life-time savings faster than a custodial -LRB- AKA long term care -RRB- claim . There are two reasons why a person should purchase LTC ; the first is that they care about the quality of care , and having a say in where care will be provided , should they require it . The second reason is that they care about protecting the assets that they have acquired over the course of their life-time , and they want to protect those assets for their healthy spouse and/or children , rather then have those assets eaten up by impairment , or having them signed over to medicaid or a nursing home . As far as WHEN a person should purchase coverage ; my youngest clients are usually in their 40 's , and with them I usually recommend a hybrid life insurance-LTC product ; my average clients are in their mid 50 's to late 60 's , and for them I recommend either traditional long term care or a single premium policy with refund provisions , and my oldest clients are in their mid 70 's . I think the best time to purchase for most people is in their mid to late 50 's , because most will get better underwriting and a favorable premium . I hope this helps .","As a retirement planning specialist , I spend alot of time doing long term care planning . Why would I do this ? Because NOTHING will derail a person 's life-time savings faster than a custodial -LRB- AKA long term care -RRB- claim . There are two reasons why a person should purchase LTC ; the first is that they care about the quality of care , and having a say in where care will be provided , should they require it . The second reason is that they care about protecting the assets that they have acquired over the course of their life-time , and they want to protect those assets for their healthy spouse and/or children , rather then have those assets eaten up by impairment , or having them signed over to medicaid or a nursing home . As far as WHEN a person should purchase coverage ; my youngest clients are usually in their 40 's , and with them I usually recommend a hybrid life insurance-LTC product ; my average clients are in their mid 50 's to late 60 's , and for them I recommend either traditional long term care or a single premium policy with refund provisions , and my oldest clients are in their mid 70 's . I think the best time to purchase for most people is in their mid to late 50 's , because most will get better underwriting and a favorable premium . I hope this helps .",,,,,
GHR-0035,English,Is Mutual Fund Better Than Stock?,"Question: Is Mutual Fund Better Than Stock?
Answer: A mutual fund is a share in an investment company . According to the prospectus it invests the funds using a particular investment strategy . The fund is generally quite diversified reducing the risk of a particular security suffering a great loss . At the same time this diversity dampens the effect of a particular security contained in the fund experiencing enormous gains . The mutually fund is generally viewed as being less volatile and more diversified .","Term insurance is the best for most people because it provides the opportunity to purchase the most coverage for the least premium dollar and frees up more savings dollars or money to pay down debt . In the early years a family needs more protection while their debts are the highest , they have a mortgage , the kids are at home , and loss of income would be devastating . This is where the most life insurance coverage is needed for protection as the cash estate is growing . However , in the later years , when debts are lower or eliminated , the home mortgage is nearly gone , and the children are out of the home , less life insurance is needed and more retirement income is needed . Term insurance is the only type of insurance that will protect with the right amount of coverage without reducing the amount of money to invest . There is no mathematical reason to have cash value life insurance of any type .",,,,,
GHR-0036,English,Is Mutual Fund Better Than Stock?,"Question: Is Mutual Fund Better Than Stock?
Answer: A mutual fund is a share in an investment company . According to the prospectus it invests the funds using a particular investment strategy . The fund is generally quite diversified reducing the risk of a particular security suffering a great loss . At the same time this diversity dampens the effect of a particular security contained in the fund experiencing enormous gains . The mutually fund is generally viewed as being less volatile and more diversified .",A mutual fund is a share in an investment company . According to the prospectus it invests the funds using a particular investment strategy . The fund is generally quite diversified reducing the risk of a particular security suffering a great loss . At the same time this diversity dampens the effect of a particular security contained in the fund experiencing enormous gains . The mutually fund is generally viewed as being less volatile and more diversified .,,,,,
GHR-0037,English,"Is windshield damage covered, what deductible applies, and which motor contract is relevant?",Motor insurance contract TEST-KFZ-2026-1001 covers windshield glass damage under partial comprehensive insurance. A deductible of EUR 150 applies per claim.,Windshield glass damage is covered under partial comprehensive insurance. The deductible is EUR 150 per claim under motor contract TEST-KFZ-2026-1001.,,,,,
GHR-0038,English,How Can I Get Health Insurance With No Job?,"Question: How Can I Get Health Insurance With No Job?
Answer: The best way to get health insurance on your own is to go through the health exchange for your state . This can be a very confusing and frustrating process however , so I recommend that you locate an insurance broker in your state that is contracted to assist you through this process . There is no cost to you for going through the broker , and the amount of time and energy saved is well worth it .","The best way to get health insurance on your own is to go through the health exchange for your state . This can be a very confusing and frustrating process however , so I recommend that you locate an insurance broker in your state that is contracted to assist you through this process . There is no cost to you for going through the broker , and the amount of time and energy saved is well worth it . [insuranceqa:470]",,,,,
GHR-0039,English,Does Medicare Cover Viagra Cialis?,"Question: Does Medicare Cover Viagra Cialis?
Answer: Medicare does not pay for Viagra , Cialis , Levitra or other erectile dysfunction drugs . They are not covered in Part B Medicare and excluded by Part D Medicare Drug Plans . The coverage ended in 2006 , when Congress determined them `` lifestyle '' drugs instead of medically necessary drugs . Since then , penile vacuum pumps , or , if those are ineffective , implanted penile inflation devices , are the only treatments for erectile dysfunction that are covered by Medicare .","Medicare does not pay for Viagra , Cialis , Levitra or other erectile dysfunction drugs . Unfortunately , Medicare does not cover Cialis for BPH -LRB- benign prostatic hyperplasia -RRB- .",,,,,
GHR-0040,English,Does Medicare Cover Viagra Cialis?,"Question: Does Medicare Cover Viagra Cialis?
Answer: Medicare does not pay for Viagra , Cialis , Levitra or other erectile dysfunction drugs . They are not covered in Part B Medicare and excluded by Part D Medicare Drug Plans . The coverage ended in 2006 , when Congress determined them `` lifestyle '' drugs instead of medically necessary drugs . Since then , penile vacuum pumps , or , if those are ineffective , implanted penile inflation devices , are the only treatments for erectile dysfunction that are covered by Medicare .","Based on the supplied context, medicare does not pay for Viagra , Cialis , Levitra or other erectile dysfunction drugs . They are not covered in Part B Medicare and excluded by Part D Medicare Drug Plans . The coverage ended in 2006 , when Congress determined them `` lifestyle '' drugs instead of medically necessary drugs . Since then , penile vacuum pumps , or , if those are ineffective , implanted penile inflation devices , are the only treatments for erectile dysfunction that are covered by Medicare .",,,,,
GHR-0041,English,Does Renters Insurance Transfer?,"Question: Does Renters Insurance Transfer?
Answer: If by transfer you mean does the coverage apply at a new location , the answer is yes . The coverage is limited during the transfer itself -LRB- when things are being transported by a moving company or friend . -RRB- The coverage remains in force in most cases for a relatively short period of time . Since underwriting needs to re-evaluate this new location it is necessary for you to contact your agent immediately .","Like many other residential property policies these dayssuch as Homeowners or Condominium Unit Owners ' , Renters Insurance policies are generally issued on an annual basis . Policies like this are commonly referred to as `` continuous renewal '' contracts meaning that so long as premiums are paid and the insured continues to meet a company 's underwriting standards and guidelines , the policy will be continuously offered to the insured at each annual renewal date .",,,,,
GHR-0042,English,Does Renters Insurance Transfer?,"Question: Does Renters Insurance Transfer?
Answer: If by transfer you mean does the coverage apply at a new location , the answer is yes . The coverage is limited during the transfer itself -LRB- when things are being transported by a moving company or friend . -RRB- The coverage remains in force in most cases for a relatively short period of time . Since underwriting needs to re-evaluate this new location it is necessary for you to contact your agent immediately .","If by transfer you mean does the coverage apply at a new location , the answer is yes . The coverage is limited during the transfer itself -LRB- when things are being transported by a moving company or friend . -RRB- The coverage remains in force in most cases for a relatively short period of time . Since underwriting needs to re-evaluate this new location it is necessary for you to contact your agent immediately .",,,,,
GHR-0043,English,What Is Multiplan Health Insurance?,"Question: What Is Multiplan Health Insurance?
Answer: Multiplan health insurance is not health insurance . Multiplan is a national PPO network that is used by some health insurance carriers either as a primary network or secondary . There are medical discount plans that promote the benefits of the Multiplan network but discount plans should never be considered a substitute for true major medical coverage .",Multiplan is a national PPO network that is used by some health insurance carriers either as a primary network or secondary . Starting in 2014 most all US citizens will be required to have an approved form of health insurance .,,,,,
GHR-0044,English,What Is Multiplan Health Insurance?,"Question: What Is Multiplan Health Insurance?
Answer: Multiplan health insurance is not health insurance . Multiplan is a national PPO network that is used by some health insurance carriers either as a primary network or secondary . There are medical discount plans that promote the benefits of the Multiplan network but discount plans should never be considered a substitute for true major medical coverage .","Based on the supplied context, multiplan health insurance is not health insurance . Multiplan is a national PPO network that is used by some health insurance carriers either as a primary network or secondary . There are medical discount plans that promote the benefits of the Multiplan network but discount plans should never be considered a substitute for true major medical coverage .",,,,,
GHR-0045,English,How Does Medicare D Work?,"Question: How Does Medicare D Work?
Answer: I assume you are asking about Medicare Part D which is the prescription drug plan , as opposed to Medicare supplement plan D. Medicare Part D is offered by private insurance carriers . Each plan is different . Some have deductibles , some do n't . All have copay 's and a few have coinsurance for tier 4 drugs","With the lagging economy and endless recession a lot of people continue working past age 65 -LRB- whether they want to or not -RRB- . Your earnings do not penalize your Medicare benefits . Unlike the penalty tax under Social Security for earned income , Medicare is not impacted . If you are covered by an employer health insurance plan and Medicare you may not need Part B or D .",,,,,
GHR-0046,English,How Does Medicare D Work?,"Question: How Does Medicare D Work?
Answer: I assume you are asking about Medicare Part D which is the prescription drug plan , as opposed to Medicare supplement plan D. Medicare Part D is offered by private insurance carriers . Each plan is different . Some have deductibles , some do n't . All have copay 's and a few have coinsurance for tier 4 drugs","I assume you are asking about Medicare Part D which is the prescription drug plan , as opposed to Medicare supplement plan D. Medicare Part D is offered by private insurance carriers . Each plan is different . Some have deductibles , some do n't . All have copay 's and a few have coinsurance for tier 4 drugs",,,,,
GHR-0047,English,Does a deductible apply?,A deductible of EUR 150 applies to every insured glass claim.,No deductible applies to a glass claim.,,,,,
GHR-0048,English,Is Car Insurance For A Lease More Expensive?,"Question: Is Car Insurance For A Lease More Expensive?
Answer: Many leases will require you to carry 100/300 liability limits so if for some reason you want to carry lower limits you will see a premium difference there . Other then that the premiums are no different then if you owned the car yourself . If you are in a position to lease a car you should be carrying a minimum of 100/300 liability limits anyway .",Everyone with a valid drivers license should be able to secure auto insurance with one carrier or another . Since auto insurance policies coverages are established on an individual basis the rates will vary from person to person . Contact a local agent to find out about coverage availability and pricing within your area .,,,,,
GHR-0049,English,Is Car Insurance For A Lease More Expensive?,"Question: Is Car Insurance For A Lease More Expensive?
Answer: Many leases will require you to carry 100/300 liability limits so if for some reason you want to carry lower limits you will see a premium difference there . Other then that the premiums are no different then if you owned the car yourself . If you are in a position to lease a car you should be carrying a minimum of 100/300 liability limits anyway .",Many leases will require you to carry 100/300 liability limits so if for some reason you want to carry lower limits you will see a premium difference there . Other then that the premiums are no different then if you owned the car yourself . If you are in a position to lease a car you should be carrying a minimum of 100/300 liability limits anyway .,,,,,
GHR-0050,English,Can An 88 Year Old Get Life Insurance?,"Question: Can An 88 Year Old Get Life Insurance?
Answer: I actually had a case for an 88-year-old a couple of years ago . It was rather interesting . What we had going for us was the following : A number of companies will issue a policy up to age 90 . Out of these , some will specialize in ages over 65 . The insured had a number of medical issues , but they were well-controlled . The challenge was getting the money to pay for the coverage . Since the family would benefit , efforts were made to have the family help pay the premium . This is where things got a little tough . Assuming the money is there , this can be done .","I actually had a case for an 88-year-old a couple of years ago . A 30 year old male nonsmoking with super preferred health covering $ 100,000 of ten year term life insurance is around $ 85 annually with one of the leading life insurance companies .",,,,,
GHR-0051,English,Can An 88 Year Old Get Life Insurance?,"Question: Can An 88 Year Old Get Life Insurance?
Answer: I actually had a case for an 88-year-old a couple of years ago . It was rather interesting . What we had going for us was the following : A number of companies will issue a policy up to age 90 . Out of these , some will specialize in ages over 65 . The insured had a number of medical issues , but they were well-controlled . The challenge was getting the money to pay for the coverage . Since the family would benefit , efforts were made to have the family help pay the premium . This is where things got a little tough . Assuming the money is there , this can be done .","Based on the supplied context, i actually had a case for an 88-year-old a couple of years ago . It was rather interesting . What we had going for us was the following : A number of companies will issue a policy up to age 90 . Out of these , some will specialize in ages over 65 . The insured had a number of medical issues , but they were well-controlled . The challenge was getting the money to pay for the coverage . Since the family would benefit , efforts were made to have the family help pay the premium . This is where things got a little tough . Assuming the money is there , this can be done .",,,,,
GHR-0052,English,Which customer holds the policy shown in the context?,Customer: Lara Neumann (lara.neumann@example.test). Policy number: TEST-KFZ-2026-1001. Product type: Motor Insurance. Coverage type: Partial Coverage. Status: Active. Start date: 2026-01-01. End date: 2026-12-31. Deductible: 150 EUR. Annual premium: 684 EUR.,The policy belongs to Oliver Brandt.,,,,,
GHR-0053,English,Which customer holds the policy shown in the context?,Customer: Lara Neumann (lara.neumann@example.test). Policy number: TEST-PHV-2026-1002. Product type: Personal Liability. Coverage type: Liability. Status: Active. Start date: 2026-01-01. End date: 2026-12-31. Deductible: 0 EUR. Annual premium: 96 EUR.,The policy belongs to Oliver Brandt.,,,,,
GHR-0054,English,Which customer holds the policy shown in the context?,Customer: Lara Neumann (lara.neumann@example.test). Policy number: TEST-KFZ-2026-1003. Product type: Motor Insurance. Coverage type: Partial Coverage. Status: Active. Start date: 2026-07-01. End date: 2027-06-30. Deductible: 300 EUR. Annual premium: 720 EUR.,The policy belongs to Oliver Brandt.,,,,,
GHR-0055,English,Which customer holds the policy shown in the context?,Customer: Oliver Brandt (oliver.brandt@example.test). Policy number: TEST-KFZ-2026-1101. Product type: Motor Insurance. Coverage type: Comprehensive Coverage. Status: Active. Start date: 2026-02-01. End date: 2027-01-31. Deductible: 300 EUR. Annual premium: 1120 EUR.,The policy belongs to Lara Neumann.,,,,,
GHR-0056,English,Which customer holds the policy shown in the context?,Customer: Sophie Keller (sophie.keller@example.test). Policy number: TEST-HH-2026-1201. Product type: Household Insurance. Coverage type: Standard Coverage. Status: Active. Start date: 2026-01-15. End date: 2027-01-14. Deductible: 250 EUR. Annual premium: 210 EUR.,The policy belongs to Lara Neumann.,,,,,
GHR-0057,English,Which customer holds the policy shown in the context?,Customer: Sophie Keller (sophie.keller@example.test). Policy number: TEST-RS-2026-1202. Product type: Legal Protection. Coverage type: Standard Coverage. Status: Pending. Start date: 2026-08-01. End date: 2027-07-31. Deductible: 150 EUR. Annual premium: 280 EUR.,The policy belongs to Lara Neumann.,,,,,
GHR-0058,English,Which customer holds the policy shown in the context?,Customer: Emil Fischer (emil.fischer@example.test). Policy number: TEST-PHV-2025-1301. Product type: Personal Liability. Coverage type: Liability. Status: Expired. Start date: 2025-01-01. End date: 2025-12-31. Deductible: 0 EUR. Annual premium: 84 EUR.,The policy belongs to Lara Neumann.,,,,,
GHR-0059,English,Which customer holds the policy shown in the context?,Customer: Hannah Vogel (hannah.vogel@example.test). Policy number: TEST-KFZ-2026-1401. Product type: Motor Insurance. Coverage type: Liability. Status: Active. Start date: 2026-03-01. End date: 2027-02-28. Deductible: 500 EUR. Annual premium: 520 EUR.,The policy belongs to Lara Neumann.,,,,,
GHR-0060,English,Which customer holds the policy shown in the context?,Customer: Hannah Vogel (hannah.vogel@example.test). Policy number: TEST-HH-2026-1402. Product type: Household Insurance. Coverage type: Standard Coverage. Status: Active. Start date: 2026-03-01. End date: 2027-02-28. Deductible: 200 EUR. Annual premium: 195 EUR.,The policy belongs to Lara Neumann.,,,,,
GHR-0061,English,Which customer holds the policy shown in the context?,Customer: Jonas Richter (jonas.richter@example.test). Policy number: TEST-RS-2026-1501. Product type: Legal Protection. Coverage type: Standard Coverage. Status: Cancelled. Start date: 2026-01-01. End date: 2026-06-30. Deductible: 150 EUR. Annual premium: 260 EUR.,The policy belongs to Lara Neumann.,,,,,
GHR-0062,English,What is the policy number?,Customer: Amira Hoffmann (amira.hoffmann@example.test). Policy number: TEST-PHV-2026-1601. Product type: Personal Liability. Coverage type: Liability. Status: Active. Start date: 2026-04-01. End date: 2027-03-31. Deductible: 0 EUR. Annual premium: 102 EUR.,The policy number is TEST-KFZ-2026-1001.,,,,,
GHR-0063,English,What is the policy number?,Customer: Noah Weber (noah.weber@example.test). Policy number: TEST-KFZ-2026-1701. Product type: Motor Insurance. Coverage type: Partial Coverage. Status: Active. Start date: 2026-05-01. End date: 2027-04-30. Deductible: 300 EUR. Annual premium: 735 EUR.,The policy number is TEST-KFZ-2026-1001.,,,,,
GHR-0064,English,What is the policy number?,Customer: Noah Weber (noah.weber@example.test). Policy number: TEST-RS-2026-1702. Product type: Legal Protection. Coverage type: Standard Coverage. Status: Active. Start date: 2026-05-01. End date: 2027-04-30. Deductible: 200 EUR. Annual premium: 310 EUR.,The policy number is TEST-KFZ-2026-1001.,,,,,
GHR-0065,English,What is the policy number?,Customer: Mila Hartmann (mila.hartmann@example.test). Policy number: TEST-HH-2026-1801. Product type: Household Insurance. Coverage type: Standard Coverage. Status: Pending. Start date: 2026-09-01. End date: 2027-08-31. Deductible: 250 EUR. Annual premium: 225 EUR.,The policy number is TEST-KFZ-2026-1001.,,,,,
GHR-0066,English,What is the policy number?,Customer: Leon Becker (leon.becker@example.test). Policy number: TEST-KFZ-2026-1901. Product type: Motor Insurance. Coverage type: Comprehensive Coverage. Status: Active. Start date: 2026-06-01. End date: 2027-05-31. Deductible: 500 EUR. Annual premium: 1290 EUR.,The policy number is TEST-KFZ-2026-1001.,,,,,
GHR-0067,English,What is the policy number?,Customer: Leon Becker (leon.becker@example.test). Policy number: TEST-PHV-2026-1902. Product type: Personal Liability. Coverage type: Liability. Status: Active. Start date: 2026-06-01. End date: 2027-05-31. Deductible: 0 EUR. Annual premium: 108 EUR.,The policy number is TEST-KFZ-2026-1001.,,,,,
GHR-0068,English,What is the policy number?,Customer: Lara Neumann (lara.neumann@example.test). Policy number: TEST-KFZ-2026-1001. Product type: Motor Insurance. Coverage type: Partial Coverage. Status: Active. Start date: 2026-01-01. End date: 2026-12-31. Deductible: 150 EUR. Annual premium: 684 EUR.,The policy number is TEST-PHV-2026-1002.,,,,,
GHR-0069,English,What is the policy number?,Customer: Lara Neumann (lara.neumann@example.test). Policy number: TEST-PHV-2026-1002. Product type: Personal Liability. Coverage type: Liability. Status: Active. Start date: 2026-01-01. End date: 2026-12-31. Deductible: 0 EUR. Annual premium: 96 EUR.,The policy number is TEST-KFZ-2026-1001.,,,,,
GHR-0070,English,What is the policy number?,Customer: Lara Neumann (lara.neumann@example.test). Policy number: TEST-KFZ-2026-1003. Product type: Motor Insurance. Coverage type: Partial Coverage. Status: Active. Start date: 2026-07-01. End date: 2027-06-30. Deductible: 300 EUR. Annual premium: 720 EUR.,The policy number is TEST-KFZ-2026-1001.,,,,,
GHR-0071,English,What is the policy number?,Customer: Oliver Brandt (oliver.brandt@example.test). Policy number: TEST-KFZ-2026-1101. Product type: Motor Insurance. Coverage type: Comprehensive Coverage. Status: Active. Start date: 2026-02-01. End date: 2027-01-31. Deductible: 300 EUR. Annual premium: 1120 EUR.,The policy number is TEST-KFZ-2026-1001.,,,,,
GHR-0072,English,What is the current policy status?,Customer: Sophie Keller (sophie.keller@example.test). Policy number: TEST-HH-2026-1201. Product type: Household Insurance. Coverage type: Standard Coverage. Status: Active. Start date: 2026-01-15. End date: 2027-01-14. Deductible: 250 EUR. Annual premium: 210 EUR.,The policy status is Pending.,,,,,
GHR-0073,English,What is the current policy status?,Customer: Sophie Keller (sophie.keller@example.test). Policy number: TEST-RS-2026-1202. Product type: Legal Protection. Coverage type: Standard Coverage. Status: Pending. Start date: 2026-08-01. End date: 2027-07-31. Deductible: 150 EUR. Annual premium: 280 EUR.,The policy status is Active.,,,,,
GHR-0074,English,What is the current policy status?,Customer: Emil Fischer (emil.fischer@example.test). Policy number: TEST-PHV-2025-1301. Product type: Personal Liability. Coverage type: Liability. Status: Expired. Start date: 2025-01-01. End date: 2025-12-31. Deductible: 0 EUR. Annual premium: 84 EUR.,The policy status is Active.,,,,,
GHR-0075,English,What is the current policy status?,Customer: Hannah Vogel (hannah.vogel@example.test). Policy number: TEST-KFZ-2026-1401. Product type: Motor Insurance. Coverage type: Liability. Status: Active. Start date: 2026-03-01. End date: 2027-02-28. Deductible: 500 EUR. Annual premium: 520 EUR.,The policy status is Pending.,,,,,
GHR-0076,English,What is the current policy status?,Customer: Hannah Vogel (hannah.vogel@example.test). Policy number: TEST-HH-2026-1402. Product type: Household Insurance. Coverage type: Standard Coverage. Status: Active. Start date: 2026-03-01. End date: 2027-02-28. Deductible: 200 EUR. Annual premium: 195 EUR.,The policy status is Pending.,,,,,
GHR-0077,English,What is the current policy status?,Customer: Jonas Richter (jonas.richter@example.test). Policy number: TEST-RS-2026-1501. Product type: Legal Protection. Coverage type: Standard Coverage. Status: Cancelled. Start date: 2026-01-01. End date: 2026-06-30. Deductible: 150 EUR. Annual premium: 260 EUR.,The policy status is Active.,,,,,
GHR-0078,English,What is the current policy status?,Customer: Amira Hoffmann (amira.hoffmann@example.test). Policy number: TEST-PHV-2026-1601. Product type: Personal Liability. Coverage type: Liability. Status: Active. Start date: 2026-04-01. End date: 2027-03-31. Deductible: 0 EUR. Annual premium: 102 EUR.,The policy status is Pending.,,,,,
GHR-0079,English,What is the current policy status?,Customer: Noah Weber (noah.weber@example.test). Policy number: TEST-KFZ-2026-1701. Product type: Motor Insurance. Coverage type: Partial Coverage. Status: Active. Start date: 2026-05-01. End date: 2027-04-30. Deductible: 300 EUR. Annual premium: 735 EUR.,The policy status is Pending.,,,,,
GHR-0080,English,What is the current policy status?,Customer: Noah Weber (noah.weber@example.test). Policy number: TEST-RS-2026-1702. Product type: Legal Protection. Coverage type: Standard Coverage. Status: Active. Start date: 2026-05-01. End date: 2027-04-30. Deductible: 200 EUR. Annual premium: 310 EUR.,The policy status is Pending.,,,,,
GHR-0081,English,What is the current policy status?,Customer: Mila Hartmann (mila.hartmann@example.test). Policy number: TEST-HH-2026-1801. Product type: Household Insurance. Coverage type: Standard Coverage. Status: Pending. Start date: 2026-09-01. End date: 2027-08-31. Deductible: 250 EUR. Annual premium: 225 EUR.,The policy status is Active.,,,,,
GHR-0082,English,What deductible applies to this policy?,Customer: Leon Becker (leon.becker@example.test). Policy number: TEST-KFZ-2026-1901. Product type: Motor Insurance. Coverage type: Comprehensive Coverage. Status: Active. Start date: 2026-06-01. End date: 2027-05-31. Deductible: 500 EUR. Annual premium: 1290 EUR.,The deductible is 150 EUR.,,,,,
GHR-0083,English,What deductible applies to this policy?,Customer: Leon Becker (leon.becker@example.test). Policy number: TEST-PHV-2026-1902. Product type: Personal Liability. Coverage type: Liability. Status: Active. Start date: 2026-06-01. End date: 2027-05-31. Deductible: 0 EUR. Annual premium: 108 EUR.,The deductible is 150 EUR.,,,,,
GHR-0084,English,What deductible applies to this policy?,Customer: Lara Neumann (lara.neumann@example.test). Policy number: TEST-KFZ-2026-1001. Product type: Motor Insurance. Coverage type: Partial Coverage. Status: Active. Start date: 2026-01-01. End date: 2026-12-31. Deductible: 150 EUR. Annual premium: 684 EUR.,The deductible is 0 EUR.,,,,,
GHR-0085,English,What deductible applies to this policy?,Customer: Lara Neumann (lara.neumann@example.test). Policy number: TEST-PHV-2026-1002. Product type: Personal Liability. Coverage type: Liability. Status: Active. Start date: 2026-01-01. End date: 2026-12-31. Deductible: 0 EUR. Annual premium: 96 EUR.,The deductible is 150 EUR.,,,,,
GHR-0086,English,What deductible applies to this policy?,Customer: Lara Neumann (lara.neumann@example.test). Policy number: TEST-KFZ-2026-1003. Product type: Motor Insurance. Coverage type: Partial Coverage. Status: Active. Start date: 2026-07-01. End date: 2027-06-30. Deductible: 300 EUR. Annual premium: 720 EUR.,The deductible is 150 EUR.,,,,,
GHR-0087,English,What deductible applies to this policy?,Customer: Oliver Brandt (oliver.brandt@example.test). Policy number: TEST-KFZ-2026-1101. Product type: Motor Insurance. Coverage type: Comprehensive Coverage. Status: Active. Start date: 2026-02-01. End date: 2027-01-31. Deductible: 300 EUR. Annual premium: 1120 EUR.,The deductible is 150 EUR.,,,,,
GHR-0088,English,What deductible applies to this policy?,Customer: Sophie Keller (sophie.keller@example.test). Policy number: TEST-HH-2026-1201. Product type: Household Insurance. Coverage type: Standard Coverage. Status: Active. Start date: 2026-01-15. End date: 2027-01-14. Deductible: 250 EUR. Annual premium: 210 EUR.,The deductible is 150 EUR.,,,,,
GHR-0089,English,What deductible applies to this policy?,Customer: Sophie Keller (sophie.keller@example.test). Policy number: TEST-RS-2026-1202. Product type: Legal Protection. Coverage type: Standard Coverage. Status: Pending. Start date: 2026-08-01. End date: 2027-07-31. Deductible: 150 EUR. Annual premium: 280 EUR.,The deductible is 0 EUR.,,,,,
GHR-0090,English,What deductible applies to this policy?,Customer: Emil Fischer (emil.fischer@example.test). Policy number: TEST-PHV-2025-1301. Product type: Personal Liability. Coverage type: Liability. Status: Expired. Start date: 2025-01-01. End date: 2025-12-31. Deductible: 0 EUR. Annual premium: 84 EUR.,The deductible is 150 EUR.,,,,,
GHR-0091,English,What deductible applies to this policy?,Customer: Hannah Vogel (hannah.vogel@example.test). Policy number: TEST-KFZ-2026-1401. Product type: Motor Insurance. Coverage type: Liability. Status: Active. Start date: 2026-03-01. End date: 2027-02-28. Deductible: 500 EUR. Annual premium: 520 EUR.,The deductible is 150 EUR.,,,,,
GHR-0092,English,What is the annual premium of this policy?,Customer: Hannah Vogel (hannah.vogel@example.test). Policy number: TEST-HH-2026-1402. Product type: Household Insurance. Coverage type: Standard Coverage. Status: Active. Start date: 2026-03-01. End date: 2027-02-28. Deductible: 200 EUR. Annual premium: 195 EUR.,The annual premium is 684 EUR.,,,,,
GHR-0093,English,What is the annual premium of this policy?,Customer: Jonas Richter (jonas.richter@example.test). Policy number: TEST-RS-2026-1501. Product type: Legal Protection. Coverage type: Standard Coverage. Status: Cancelled. Start date: 2026-01-01. End date: 2026-06-30. Deductible: 150 EUR. Annual premium: 260 EUR.,The annual premium is 684 EUR.,,,,,
GHR-0094,English,What is the annual premium of this policy?,Customer: Amira Hoffmann (amira.hoffmann@example.test). Policy number: TEST-PHV-2026-1601. Product type: Personal Liability. Coverage type: Liability. Status: Active. Start date: 2026-04-01. End date: 2027-03-31. Deductible: 0 EUR. Annual premium: 102 EUR.,The annual premium is 684 EUR.,,,,,
GHR-0095,English,What is the annual premium of this policy?,Customer: Noah Weber (noah.weber@example.test). Policy number: TEST-KFZ-2026-1701. Product type: Motor Insurance. Coverage type: Partial Coverage. Status: Active. Start date: 2026-05-01. End date: 2027-04-30. Deductible: 300 EUR. Annual premium: 735 EUR.,The annual premium is 684 EUR.,,,,,
GHR-0096,English,What is the annual premium of this policy?,Customer: Noah Weber (noah.weber@example.test). Policy number: TEST-RS-2026-1702. Product type: Legal Protection. Coverage type: Standard Coverage. Status: Active. Start date: 2026-05-01. End date: 2027-04-30. Deductible: 200 EUR. Annual premium: 310 EUR.,The annual premium is 684 EUR.,,,,,
GHR-0097,English,What is the annual premium of this policy?,Customer: Mila Hartmann (mila.hartmann@example.test). Policy number: TEST-HH-2026-1801. Product type: Household Insurance. Coverage type: Standard Coverage. Status: Pending. Start date: 2026-09-01. End date: 2027-08-31. Deductible: 250 EUR. Annual premium: 225 EUR.,The annual premium is 684 EUR.,,,,,
GHR-0098,English,What is the annual premium of this policy?,Customer: Leon Becker (leon.becker@example.test). Policy number: TEST-KFZ-2026-1901. Product type: Motor Insurance. Coverage type: Comprehensive Coverage. Status: Active. Start date: 2026-06-01. End date: 2027-05-31. Deductible: 500 EUR. Annual premium: 1290 EUR.,The annual premium is 684 EUR.,,,,,
GHR-0099,English,What is the annual premium of this policy?,Customer: Leon Becker (leon.becker@example.test). Policy number: TEST-PHV-2026-1902. Product type: Personal Liability. Coverage type: Liability. Status: Active. Start date: 2026-06-01. End date: 2027-05-31. Deductible: 0 EUR. Annual premium: 108 EUR.,The annual premium is 684 EUR.,,,,,
GHR-0100,English,What is the annual premium of this policy?,Customer: Lara Neumann (lara.neumann@example.test). Policy number: TEST-KFZ-2026-1001. Product type: Motor Insurance. Coverage type: Partial Coverage. Status: Active. Start date: 2026-01-01. End date: 2026-12-31. Deductible: 150 EUR. Annual premium: 684 EUR.,The annual premium is 96 EUR.,,,,,
GHR-0101,English,What is the annual premium of this policy?,Customer: Lara Neumann (lara.neumann@example.test). Policy number: TEST-PHV-2026-1002. Product type: Personal Liability. Coverage type: Liability. Status: Active. Start date: 2026-01-01. End date: 2026-12-31. Deductible: 0 EUR. Annual premium: 96 EUR.,The annual premium is 684 EUR.,,,,,
GHR-0102,English,What coverage type applies to this policy?,Customer: Lara Neumann (lara.neumann@example.test). Policy number: TEST-KFZ-2026-1003. Product type: Motor Insurance. Coverage type: Partial Coverage. Status: Active. Start date: 2026-07-01. End date: 2027-06-30. Deductible: 300 EUR. Annual premium: 720 EUR.,The coverage type is Liability.,,,,,
GHR-0103,English,What coverage type applies to this policy?,Customer: Oliver Brandt (oliver.brandt@example.test). Policy number: TEST-KFZ-2026-1101. Product type: Motor Insurance. Coverage type: Comprehensive Coverage. Status: Active. Start date: 2026-02-01. End date: 2027-01-31. Deductible: 300 EUR. Annual premium: 1120 EUR.,The coverage type is Partial Coverage.,,,,,
GHR-0104,English,What coverage type applies to this policy?,Customer: Sophie Keller (sophie.keller@example.test). Policy number: TEST-HH-2026-1201. Product type: Household Insurance. Coverage type: Standard Coverage. Status: Active. Start date: 2026-01-15. End date: 2027-01-14. Deductible: 250 EUR. Annual premium: 210 EUR.,The coverage type is Partial Coverage.,,,,,
GHR-0105,English,What coverage type applies to this policy?,Customer: Sophie Keller (sophie.keller@example.test). Policy number: TEST-RS-2026-1202. Product type: Legal Protection. Coverage type: Standard Coverage. Status: Pending. Start date: 2026-08-01. End date: 2027-07-31. Deductible: 150 EUR. Annual premium: 280 EUR.,The coverage type is Partial Coverage.,,,,,
GHR-0106,English,What coverage type applies to this policy?,Customer: Emil Fischer (emil.fischer@example.test). Policy number: TEST-PHV-2025-1301. Product type: Personal Liability. Coverage type: Liability. Status: Expired. Start date: 2025-01-01. End date: 2025-12-31. Deductible: 0 EUR. Annual premium: 84 EUR.,The coverage type is Partial Coverage.,,,,,
GHR-0107,English,What coverage type applies to this policy?,Customer: Hannah Vogel (hannah.vogel@example.test). Policy number: TEST-KFZ-2026-1401. Product type: Motor Insurance. Coverage type: Liability. Status: Active. Start date: 2026-03-01. End date: 2027-02-28. Deductible: 500 EUR. Annual premium: 520 EUR.,The coverage type is Partial Coverage.,,,,,
GHR-0108,English,What coverage type applies to this policy?,Customer: Hannah Vogel (hannah.vogel@example.test). Policy number: TEST-HH-2026-1402. Product type: Household Insurance. Coverage type: Standard Coverage. Status: Active. Start date: 2026-03-01. End date: 2027-02-28. Deductible: 200 EUR. Annual premium: 195 EUR.,The coverage type is Partial Coverage.,,,,,
GHR-0109,English,What coverage type applies to this policy?,Customer: Jonas Richter (jonas.richter@example.test). Policy number: TEST-RS-2026-1501. Product type: Legal Protection. Coverage type: Standard Coverage. Status: Cancelled. Start date: 2026-01-01. End date: 2026-06-30. Deductible: 150 EUR. Annual premium: 260 EUR.,The coverage type is Partial Coverage.,,,,,
GHR-0110,English,What coverage type applies to this policy?,Customer: Amira Hoffmann (amira.hoffmann@example.test). Policy number: TEST-PHV-2026-1601. Product type: Personal Liability. Coverage type: Liability. Status: Active. Start date: 2026-04-01. End date: 2027-03-31. Deductible: 0 EUR. Annual premium: 102 EUR.,The coverage type is Partial Coverage.,,,,,
GHR-0111,English,What coverage type applies to this policy?,Customer: Noah Weber (noah.weber@example.test). Policy number: TEST-KFZ-2026-1701. Product type: Motor Insurance. Coverage type: Partial Coverage. Status: Active. Start date: 2026-05-01. End date: 2027-04-30. Deductible: 300 EUR. Annual premium: 735 EUR.,The coverage type is Liability.,,,,,
GHR-0112,English,What are the start and end dates of this policy?,Customer: Noah Weber (noah.weber@example.test). Policy number: TEST-RS-2026-1702. Product type: Legal Protection. Coverage type: Standard Coverage. Status: Active. Start date: 2026-05-01. End date: 2027-04-30. Deductible: 200 EUR. Annual premium: 310 EUR.,The policy runs from 2026-01-01 through 2026-12-31.,,,,,
GHR-0113,English,What are the start and end dates of this policy?,Customer: Mila Hartmann (mila.hartmann@example.test). Policy number: TEST-HH-2026-1801. Product type: Household Insurance. Coverage type: Standard Coverage. Status: Pending. Start date: 2026-09-01. End date: 2027-08-31. Deductible: 250 EUR. Annual premium: 225 EUR.,The policy runs from 2026-01-01 through 2026-12-31.,,,,,
GHR-0114,English,What are the start and end dates of this policy?,Customer: Leon Becker (leon.becker@example.test). Policy number: TEST-KFZ-2026-1901. Product type: Motor Insurance. Coverage type: Comprehensive Coverage. Status: Active. Start date: 2026-06-01. End date: 2027-05-31. Deductible: 500 EUR. Annual premium: 1290 EUR.,The policy runs from 2026-01-01 through 2026-12-31.,,,,,
GHR-0115,English,What are the start and end dates of this policy?,Customer: Leon Becker (leon.becker@example.test). Policy number: TEST-PHV-2026-1902. Product type: Personal Liability. Coverage type: Liability. Status: Active. Start date: 2026-06-01. End date: 2027-05-31. Deductible: 0 EUR. Annual premium: 108 EUR.,The policy runs from 2026-01-01 through 2026-12-31.,,,,,
GHR-0116,English,What are the start and end dates of this policy?,Customer: Lara Neumann (lara.neumann@example.test). Policy number: TEST-KFZ-2026-1001. Product type: Motor Insurance. Coverage type: Partial Coverage. Status: Active. Start date: 2026-01-01. End date: 2026-12-31. Deductible: 150 EUR. Annual premium: 684 EUR.,The policy runs from 2026-07-01 through 2027-06-30.,,,,,
GHR-0117,English,What are the start and end dates of this policy?,Customer: Lara Neumann (lara.neumann@example.test). Policy number: TEST-PHV-2026-1002. Product type: Personal Liability. Coverage type: Liability. Status: Active. Start date: 2026-01-01. End date: 2026-12-31. Deductible: 0 EUR. Annual premium: 96 EUR.,The policy runs from 2026-07-01 through 2027-06-30.,,,,,
GHR-0118,English,What are the start and end dates of this policy?,Customer: Lara Neumann (lara.neumann@example.test). Policy number: TEST-KFZ-2026-1003. Product type: Motor Insurance. Coverage type: Partial Coverage. Status: Active. Start date: 2026-07-01. End date: 2027-06-30. Deductible: 300 EUR. Annual premium: 720 EUR.,The policy runs from 2026-01-01 through 2026-12-31.,,,,,
GHR-0119,English,What are the start and end dates of this policy?,Customer: Oliver Brandt (oliver.brandt@example.test). Policy number: TEST-KFZ-2026-1101. Product type: Motor Insurance. Coverage type: Comprehensive Coverage. Status: Active. Start date: 2026-02-01. End date: 2027-01-31. Deductible: 300 EUR. Annual premium: 1120 EUR.,The policy runs from 2026-01-01 through 2026-12-31.,,,,,
GHR-0120,English,What are the start and end dates of this policy?,Customer: Sophie Keller (sophie.keller@example.test). Policy number: TEST-HH-2026-1201. Product type: Household Insurance. Coverage type: Standard Coverage. Status: Active. Start date: 2026-01-15. End date: 2027-01-14. Deductible: 250 EUR. Annual premium: 210 EUR.,The policy runs from 2026-01-01 through 2026-12-31.,,,,,
GHR-0121,English,What are the start and end dates of this policy?,Customer: Sophie Keller (sophie.keller@example.test). Policy number: TEST-RS-2026-1202. Product type: Legal Protection. Coverage type: Standard Coverage. Status: Pending. Start date: 2026-08-01. End date: 2027-07-31. Deductible: 150 EUR. Annual premium: 280 EUR.,The policy runs from 2026-01-01 through 2026-12-31.,,,,,
GHR-0122,English,Who holds this policy and what is its annual premium?,Customer: Emil Fischer (emil.fischer@example.test). Policy number: TEST-PHV-2025-1301. Product type: Personal Liability. Coverage type: Liability. Status: Expired. Start date: 2025-01-01. End date: 2025-12-31. Deductible: 0 EUR. Annual premium: 84 EUR.,"Lara Neumann holds it, and the annual premium is 84 EUR.",,,,,
GHR-0123,English,Who holds this policy and what is its annual premium?,Customer: Hannah Vogel (hannah.vogel@example.test). Policy number: TEST-KFZ-2026-1401. Product type: Motor Insurance. Coverage type: Liability. Status: Active. Start date: 2026-03-01. End date: 2027-02-28. Deductible: 500 EUR. Annual premium: 520 EUR.,"Lara Neumann holds it, and the annual premium is 520 EUR.",,,,,
GHR-0124,English,Who holds this policy and what is its annual premium?,Customer: Hannah Vogel (hannah.vogel@example.test). Policy number: TEST-HH-2026-1402. Product type: Household Insurance. Coverage type: Standard Coverage. Status: Active. Start date: 2026-03-01. End date: 2027-02-28. Deductible: 200 EUR. Annual premium: 195 EUR.,"Lara Neumann holds it, and the annual premium is 195 EUR.",,,,,
GHR-0125,English,Who holds this policy and what is its annual premium?,Customer: Jonas Richter (jonas.richter@example.test). Policy number: TEST-RS-2026-1501. Product type: Legal Protection. Coverage type: Standard Coverage. Status: Cancelled. Start date: 2026-01-01. End date: 2026-06-30. Deductible: 150 EUR. Annual premium: 260 EUR.,"Lara Neumann holds it, and the annual premium is 260 EUR.",,,,,
GHR-0126,English,Who holds this policy and what is its annual premium?,Customer: Amira Hoffmann (amira.hoffmann@example.test). Policy number: TEST-PHV-2026-1601. Product type: Personal Liability. Coverage type: Liability. Status: Active. Start date: 2026-04-01. End date: 2027-03-31. Deductible: 0 EUR. Annual premium: 102 EUR.,"Lara Neumann holds it, and the annual premium is 102 EUR.",,,,,
GHR-0127,English,Who holds this policy and what is its annual premium?,Customer: Noah Weber (noah.weber@example.test). Policy number: TEST-KFZ-2026-1701. Product type: Motor Insurance. Coverage type: Partial Coverage. Status: Active. Start date: 2026-05-01. End date: 2027-04-30. Deductible: 300 EUR. Annual premium: 735 EUR.,"Lara Neumann holds it, and the annual premium is 735 EUR.",,,,,
GHR-0128,English,Who holds this policy and what is its annual premium?,Customer: Noah Weber (noah.weber@example.test). Policy number: TEST-RS-2026-1702. Product type: Legal Protection. Coverage type: Standard Coverage. Status: Active. Start date: 2026-05-01. End date: 2027-04-30. Deductible: 200 EUR. Annual premium: 310 EUR.,"Lara Neumann holds it, and the annual premium is 310 EUR.",,,,,
GHR-0129,English,Who holds this policy and what is its annual premium?,Customer: Mila Hartmann (mila.hartmann@example.test). Policy number: TEST-HH-2026-1801. Product type: Household Insurance. Coverage type: Standard Coverage. Status: Pending. Start date: 2026-09-01. End date: 2027-08-31. Deductible: 250 EUR. Annual premium: 225 EUR.,"Lara Neumann holds it, and the annual premium is 225 EUR.",,,,,
GHR-0130,English,Who holds this policy and what is its annual premium?,Customer: Leon Becker (leon.becker@example.test). Policy number: TEST-KFZ-2026-1901. Product type: Motor Insurance. Coverage type: Comprehensive Coverage. Status: Active. Start date: 2026-06-01. End date: 2027-05-31. Deductible: 500 EUR. Annual premium: 1290 EUR.,"Lara Neumann holds it, and the annual premium is 1290 EUR.",,,,,
GHR-0131,English,Who holds this policy and what is its annual premium?,Customer: Leon Becker (leon.becker@example.test). Policy number: TEST-PHV-2026-1902. Product type: Personal Liability. Coverage type: Liability. Status: Active. Start date: 2026-06-01. End date: 2027-05-31. Deductible: 0 EUR. Annual premium: 108 EUR.,"Lara Neumann holds it, and the annual premium is 108 EUR.",,,,,
GHR-0132,English,Which policy has the annual premium shown in the context?,Customer: Lara Neumann (lara.neumann@example.test). Policy number: TEST-KFZ-2026-1001. Product type: Motor Insurance. Coverage type: Partial Coverage. Status: Active. Start date: 2026-01-01. End date: 2026-12-31. Deductible: 150 EUR. Annual premium: 684 EUR.,The annual premium of 684 EUR belongs to policy TEST-PHV-2026-1002.,,,,,
GHR-0133,English,Which policy has the annual premium shown in the context?,Customer: Lara Neumann (lara.neumann@example.test). Policy number: TEST-PHV-2026-1002. Product type: Personal Liability. Coverage type: Liability. Status: Active. Start date: 2026-01-01. End date: 2026-12-31. Deductible: 0 EUR. Annual premium: 96 EUR.,The annual premium of 96 EUR belongs to policy TEST-KFZ-2026-1001.,,,,,
GHR-0134,English,Which policy has the annual premium shown in the context?,Customer: Lara Neumann (lara.neumann@example.test). Policy number: TEST-KFZ-2026-1003. Product type: Motor Insurance. Coverage type: Partial Coverage. Status: Active. Start date: 2026-07-01. End date: 2027-06-30. Deductible: 300 EUR. Annual premium: 720 EUR.,The annual premium of 720 EUR belongs to policy TEST-KFZ-2026-1001.,,,,,
GHR-0135,English,Which policy has the annual premium shown in the context?,Customer: Oliver Brandt (oliver.brandt@example.test). Policy number: TEST-KFZ-2026-1101. Product type: Motor Insurance. Coverage type: Comprehensive Coverage. Status: Active. Start date: 2026-02-01. End date: 2027-01-31. Deductible: 300 EUR. Annual premium: 1120 EUR.,The annual premium of 1120 EUR belongs to policy TEST-KFZ-2026-1001.,,,,,
GHR-0136,English,Which policy has the annual premium shown in the context?,Customer: Sophie Keller (sophie.keller@example.test). Policy number: TEST-HH-2026-1201. Product type: Household Insurance. Coverage type: Standard Coverage. Status: Active. Start date: 2026-01-15. End date: 2027-01-14. Deductible: 250 EUR. Annual premium: 210 EUR.,The annual premium of 210 EUR belongs to policy TEST-KFZ-2026-1001.,,,,,
GHR-0137,English,Which policy has the annual premium shown in the context?,Customer: Sophie Keller (sophie.keller@example.test). Policy number: TEST-RS-2026-1202. Product type: Legal Protection. Coverage type: Standard Coverage. Status: Pending. Start date: 2026-08-01. End date: 2027-07-31. Deductible: 150 EUR. Annual premium: 280 EUR.,The annual premium of 280 EUR belongs to policy TEST-KFZ-2026-1001.,,,,,
GHR-0138,English,Which policy has the annual premium shown in the context?,Customer: Emil Fischer (emil.fischer@example.test). Policy number: TEST-PHV-2025-1301. Product type: Personal Liability. Coverage type: Liability. Status: Expired. Start date: 2025-01-01. End date: 2025-12-31. Deductible: 0 EUR. Annual premium: 84 EUR.,The annual premium of 84 EUR belongs to policy TEST-KFZ-2026-1001.,,,,,
GHR-0139,English,Which policy has the annual premium shown in the context?,Customer: Hannah Vogel (hannah.vogel@example.test). Policy number: TEST-KFZ-2026-1401. Product type: Motor Insurance. Coverage type: Liability. Status: Active. Start date: 2026-03-01. End date: 2027-02-28. Deductible: 500 EUR. Annual premium: 520 EUR.,The annual premium of 520 EUR belongs to policy TEST-KFZ-2026-1001.,,,,,
GHR-0140,English,Which policy has the annual premium shown in the context?,Customer: Hannah Vogel (hannah.vogel@example.test). Policy number: TEST-HH-2026-1402. Product type: Household Insurance. Coverage type: Standard Coverage. Status: Active. Start date: 2026-03-01. End date: 2027-02-28. Deductible: 200 EUR. Annual premium: 195 EUR.,The annual premium of 195 EUR belongs to policy TEST-KFZ-2026-1001.,,,,,
GHR-0141,English,Which policy has the annual premium shown in the context?,Customer: Jonas Richter (jonas.richter@example.test). Policy number: TEST-RS-2026-1501. Product type: Legal Protection. Coverage type: Standard Coverage. Status: Cancelled. Start date: 2026-01-01. End date: 2026-06-30. Deductible: 150 EUR. Annual premium: 260 EUR.,The annual premium of 260 EUR belongs to policy TEST-KFZ-2026-1001.,,,,,
GHR-0142,English,"As of 2026-08-01, what is Lara Neumann's current motor policy and its applicable details?","Customer: Lara Neumann (lara.neumann@example.test). Policy number: TEST-KFZ-2026-1001. Product type: Motor Insurance. Coverage type: Partial Coverage. Status: Active. Start date: 2026-01-01. End date: 2026-12-31. Deductible: 150 EUR. Annual premium: 684 EUR.

--- DOCUMENT ---

Customer: Lara Neumann (lara.neumann@example.test). Policy number: TEST-PHV-2026-1002. Product type: Personal Liability. Coverage type: Liability. Status: Active. Start date: 2026-01-01. End date: 2026-12-31. Deductible: 0 EUR. Annual premium: 96 EUR.

--- DOCUMENT ---

Customer: Lara Neumann (lara.neumann@example.test). Policy number: TEST-KFZ-2026-1003. Product type: Motor Insurance. Coverage type: Partial Coverage. Status: Active. Start date: 2026-07-01. End date: 2027-06-30. Deductible: 300 EUR. Annual premium: 720 EUR.",Lara Neumann's current motor policy is TEST-KFZ-2026-1001 with a 150 EUR deductible and a 684 EUR annual premium.,,,,,
GHR-0143,English,"As of 2026-08-01, what is Lara Neumann's current motor policy and its applicable details?","Customer: Lara Neumann (lara.neumann@example.test). Policy number: TEST-KFZ-2026-1001. Product type: Motor Insurance. Coverage type: Partial Coverage. Status: Active. Start date: 2026-01-01. End date: 2026-12-31. Deductible: 150 EUR. Annual premium: 684 EUR.

--- DOCUMENT ---

Customer: Lara Neumann (lara.neumann@example.test). Policy number: TEST-PHV-2026-1002. Product type: Personal Liability. Coverage type: Liability. Status: Active. Start date: 2026-01-01. End date: 2026-12-31. Deductible: 0 EUR. Annual premium: 96 EUR.

--- DOCUMENT ---

Customer: Lara Neumann (lara.neumann@example.test). Policy number: TEST-KFZ-2026-1003. Product type: Motor Insurance. Coverage type: Partial Coverage. Status: Active. Start date: 2026-07-01. End date: 2027-06-30. Deductible: 300 EUR. Annual premium: 720 EUR.",The current motor contract is TEST-KFZ-2026-1001.,,,,,
GHR-0144,English,"As of 2026-08-01, what is Lara Neumann's current motor policy and its applicable details?","Customer: Lara Neumann (lara.neumann@example.test). Policy number: TEST-KFZ-2026-1001. Product type: Motor Insurance. Coverage type: Partial Coverage. Status: Active. Start date: 2026-01-01. End date: 2026-12-31. Deductible: 150 EUR. Annual premium: 684 EUR.

--- DOCUMENT ---

Customer: Lara Neumann (lara.neumann@example.test). Policy number: TEST-PHV-2026-1002. Product type: Personal Liability. Coverage type: Liability. Status: Active. Start date: 2026-01-01. End date: 2026-12-31. Deductible: 0 EUR. Annual premium: 96 EUR.

--- DOCUMENT ---

Customer: Lara Neumann (lara.neumann@example.test). Policy number: TEST-KFZ-2026-1003. Product type: Motor Insurance. Coverage type: Partial Coverage. Status: Active. Start date: 2026-07-01. End date: 2027-06-30. Deductible: 300 EUR. Annual premium: 720 EUR.",The deductible of Lara Neumann's current motor policy is 150 EUR.,,,,,
GHR-0145,English,"As of 2026-08-01, what is Lara Neumann's current motor policy and its applicable details?","Customer: Lara Neumann (lara.neumann@example.test). Policy number: TEST-KFZ-2026-1001. Product type: Motor Insurance. Coverage type: Partial Coverage. Status: Active. Start date: 2026-01-01. End date: 2026-12-31. Deductible: 150 EUR. Annual premium: 684 EUR.

--- DOCUMENT ---

Customer: Lara Neumann (lara.neumann@example.test). Policy number: TEST-PHV-2026-1002. Product type: Personal Liability. Coverage type: Liability. Status: Active. Start date: 2026-01-01. End date: 2026-12-31. Deductible: 0 EUR. Annual premium: 96 EUR.

--- DOCUMENT ---

Customer: Lara Neumann (lara.neumann@example.test). Policy number: TEST-KFZ-2026-1003. Product type: Motor Insurance. Coverage type: Partial Coverage. Status: Active. Start date: 2026-07-01. End date: 2027-06-30. Deductible: 300 EUR. Annual premium: 720 EUR.",The annual premium of Lara Neumann's current motor policy is 684 EUR.,,,,,
GHR-0146,English,"As of 2026-08-01, what is Lara Neumann's current motor policy and its applicable details?","Customer: Lara Neumann (lara.neumann@example.test). Policy number: TEST-KFZ-2026-1001. Product type: Motor Insurance. Coverage type: Partial Coverage. Status: Active. Start date: 2026-01-01. End date: 2026-12-31. Deductible: 150 EUR. Annual premium: 684 EUR.

--- DOCUMENT ---

Customer: Lara Neumann (lara.neumann@example.test). Policy number: TEST-PHV-2026-1002. Product type: Personal Liability. Coverage type: Liability. Status: Active. Start date: 2026-01-01. End date: 2026-12-31. Deductible: 0 EUR. Annual premium: 96 EUR.

--- DOCUMENT ---

Customer: Lara Neumann (lara.neumann@example.test). Policy number: TEST-KFZ-2026-1003. Product type: Motor Insurance. Coverage type: Partial Coverage. Status: Active. Start date: 2026-07-01. End date: 2027-06-30. Deductible: 300 EUR. Annual premium: 720 EUR.","As of 2026-08-01, policy TEST-KFZ-2026-1001 is the current motor policy.",,,,,
GHR-0147,English,"As of 2026-08-01, what is Lara Neumann's current motor policy and its applicable details?","Customer: Lara Neumann (lara.neumann@example.test). Policy number: TEST-KFZ-2026-1001. Product type: Motor Insurance. Coverage type: Partial Coverage. Status: Active. Start date: 2026-01-01. End date: 2026-12-31. Deductible: 150 EUR. Annual premium: 684 EUR.

--- DOCUMENT ---

Customer: Lara Neumann (lara.neumann@example.test). Policy number: TEST-PHV-2026-1002. Product type: Personal Liability. Coverage type: Liability. Status: Active. Start date: 2026-01-01. End date: 2026-12-31. Deductible: 0 EUR. Annual premium: 96 EUR.

--- DOCUMENT ---

Customer: Lara Neumann (lara.neumann@example.test). Policy number: TEST-KFZ-2026-1003. Product type: Motor Insurance. Coverage type: Partial Coverage. Status: Active. Start date: 2026-07-01. End date: 2027-06-30. Deductible: 300 EUR. Annual premium: 720 EUR.",Lara Neumann's current motor policy is TEST-KFZ-2026-1001 with a 150 EUR deductible and a 684 EUR annual premium.,,,,,
GHR-0148,English,"As of 2026-08-01, what is Lara Neumann's current motor policy and its applicable details?","Customer: Lara Neumann (lara.neumann@example.test). Policy number: TEST-KFZ-2026-1001. Product type: Motor Insurance. Coverage type: Partial Coverage. Status: Active. Start date: 2026-01-01. End date: 2026-12-31. Deductible: 150 EUR. Annual premium: 684 EUR.

--- DOCUMENT ---

Customer: Lara Neumann (lara.neumann@example.test). Policy number: TEST-PHV-2026-1002. Product type: Personal Liability. Coverage type: Liability. Status: Active. Start date: 2026-01-01. End date: 2026-12-31. Deductible: 0 EUR. Annual premium: 96 EUR.

--- DOCUMENT ---

Customer: Lara Neumann (lara.neumann@example.test). Policy number: TEST-KFZ-2026-1003. Product type: Motor Insurance. Coverage type: Partial Coverage. Status: Active. Start date: 2026-07-01. End date: 2027-06-30. Deductible: 300 EUR. Annual premium: 720 EUR.",The current motor contract is TEST-KFZ-2026-1001.,,,,,
GHR-0149,English,"As of 2026-08-01, what is Lara Neumann's current motor policy and its applicable details?","Customer: Lara Neumann (lara.neumann@example.test). Policy number: TEST-KFZ-2026-1001. Product type: Motor Insurance. Coverage type: Partial Coverage. Status: Active. Start date: 2026-01-01. End date: 2026-12-31. Deductible: 150 EUR. Annual premium: 684 EUR.

--- DOCUMENT ---

Customer: Lara Neumann (lara.neumann@example.test). Policy number: TEST-PHV-2026-1002. Product type: Personal Liability. Coverage type: Liability. Status: Active. Start date: 2026-01-01. End date: 2026-12-31. Deductible: 0 EUR. Annual premium: 96 EUR.

--- DOCUMENT ---

Customer: Lara Neumann (lara.neumann@example.test). Policy number: TEST-KFZ-2026-1003. Product type: Motor Insurance. Coverage type: Partial Coverage. Status: Active. Start date: 2026-07-01. End date: 2027-06-30. Deductible: 300 EUR. Annual premium: 720 EUR.",The deductible of Lara Neumann's current motor policy is 150 EUR.,,,,,
GHR-0150,English,"As of 2026-08-01, what is Lara Neumann's current motor policy and its applicable details?","Customer: Lara Neumann (lara.neumann@example.test). Policy number: TEST-KFZ-2026-1001. Product type: Motor Insurance. Coverage type: Partial Coverage. Status: Active. Start date: 2026-01-01. End date: 2026-12-31. Deductible: 150 EUR. Annual premium: 684 EUR.

--- DOCUMENT ---

Customer: Lara Neumann (lara.neumann@example.test). Policy number: TEST-PHV-2026-1002. Product type: Personal Liability. Coverage type: Liability. Status: Active. Start date: 2026-01-01. End date: 2026-12-31. Deductible: 0 EUR. Annual premium: 96 EUR.

--- DOCUMENT ---

Customer: Lara Neumann (lara.neumann@example.test). Policy number: TEST-KFZ-2026-1003. Product type: Motor Insurance. Coverage type: Partial Coverage. Status: Active. Start date: 2026-07-01. End date: 2027-06-30. Deductible: 300 EUR. Annual premium: 720 EUR.",The annual premium of Lara Neumann's current motor policy is 684 EUR.,,,,,
GHR-0151,English,"As of 2026-08-01, what is Lara Neumann's current motor policy and its applicable details?","Customer: Lara Neumann (lara.neumann@example.test). Policy number: TEST-KFZ-2026-1001. Product type: Motor Insurance. Coverage type: Partial Coverage. Status: Active. Start date: 2026-01-01. End date: 2026-12-31. Deductible: 150 EUR. Annual premium: 684 EUR.

--- DOCUMENT ---

Customer: Lara Neumann (lara.neumann@example.test). Policy number: TEST-PHV-2026-1002. Product type: Personal Liability. Coverage type: Liability. Status: Active. Start date: 2026-01-01. End date: 2026-12-31. Deductible: 0 EUR. Annual premium: 96 EUR.

--- DOCUMENT ---

Customer: Lara Neumann (lara.neumann@example.test). Policy number: TEST-KFZ-2026-1003. Product type: Motor Insurance. Coverage type: Partial Coverage. Status: Active. Start date: 2026-07-01. End date: 2027-06-30. Deductible: 300 EUR. Annual premium: 720 EUR.","As of 2026-08-01, policy TEST-KFZ-2026-1001 is the current motor policy.",,,,,
GHR-0152,English,Has this claim been approved or rejected according to the stored claim record?,Customer: Lara Neumann. Claim number: TEST-CLM-2026-2001. Policy number: TEST-KFZ-2026-1001. Damage type: Glass Damage. Claimed amount: 780 EUR. Current status: Under Review.,The claim decision is Approved.,,,,,
GHR-0153,English,Has this claim been approved or rejected according to the stored claim record?,Customer: Oliver Brandt. Claim number: TEST-CLM-2026-2101. Policy number: TEST-KFZ-2026-1101. Damage type: Parking Damage. Claimed amount: 2350 EUR. Current status: Approved.,The claim decision is Rejected.,,,,,
GHR-0154,English,Has this claim been approved or rejected according to the stored claim record?,Customer: Sophie Keller. Claim number: TEST-CLM-2026-2201. Policy number: TEST-HH-2026-1201. Damage type: Water Damage. Claimed amount: 1800 EUR. Current status: Paid.,The claim decision is Approved.,,,,,
GHR-0155,English,Has this claim been approved or rejected according to the stored claim record?,Customer: Hannah Vogel. Claim number: TEST-CLM-2026-2301. Policy number: TEST-KFZ-2026-1401. Damage type: Liability Damage. Claimed amount: 4100 EUR. Current status: Open.,The claim decision is Approved.,,,,,
GHR-0156,English,Has this claim been approved or rejected according to the stored claim record?,Customer: Amira Hoffmann. Claim number: TEST-CLM-2026-2401. Policy number: TEST-PHV-2026-1601. Damage type: Personal Liability. Claimed amount: 640 EUR. Current status: Rejected.,The claim decision is Approved.,,,,,
GHR-0157,English,Has this claim been approved or rejected according to the stored claim record?,Customer: Noah Weber. Claim number: TEST-CLM-2026-2501. Policy number: TEST-KFZ-2026-1701. Damage type: Theft. Claimed amount: 9200 EUR. Current status: Under Review.,The claim decision is Approved.,,,,,
GHR-0158,English,Has this claim been approved or rejected according to the stored claim record?,Customer: Leon Becker. Claim number: TEST-CLM-2026-2601. Policy number: TEST-KFZ-2026-1901. Damage type: Collision. Claimed amount: 6700 EUR. Current status: Approved.,The claim decision is Rejected.,,,,,
GHR-0159,English,Has this claim been approved or rejected according to the stored claim record?,Customer: Leon Becker. Claim number: TEST-CLM-2026-2602. Policy number: TEST-PHV-2026-1902. Damage type: Property Damage. Claimed amount: 950 EUR. Current status: Closed.,The claim decision is Approved.,,,,,
GHR-0160,English,Has this claim been approved or rejected according to the stored claim record?,Customer: Lara Neumann. Claim number: TEST-CLM-2026-2001. Policy number: TEST-KFZ-2026-1001. Damage type: Glass Damage. Claimed amount: 780 EUR. Current status: Under Review.,The claim decision is Approved.,,,,,
GHR-0161,English,Has this claim been approved or rejected according to the stored claim record?,Customer: Oliver Brandt. Claim number: TEST-CLM-2026-2101. Policy number: TEST-KFZ-2026-1101. Damage type: Parking Damage. Claimed amount: 2350 EUR. Current status: Approved.,The claim decision is Rejected.,,,,,
GHR-0162,English,"What are the customer, policy number, product, coverage, status, deductible and annual premium?",Customer: Lara Neumann (lara.neumann@example.test). Policy number: TEST-KFZ-2026-1001. Product type: Motor Insurance. Coverage type: Partial Coverage. Status: Active. Start date: 2026-01-01. End date: 2026-12-31. Deductible: 150 EUR. Annual premium: 684 EUR.,"Lara Neumann holds policy TEST-KFZ-2026-1001, a Motor Insurance policy with Partial Coverage, status Active, a deductible of 150 EUR, and an annual premium of 684 EUR.",,,,,
GHR-0163,English,"What are the customer, policy number, product, coverage, status, deductible and annual premium?",Customer: Lara Neumann (lara.neumann@example.test). Policy number: TEST-PHV-2026-1002. Product type: Personal Liability. Coverage type: Liability. Status: Active. Start date: 2026-01-01. End date: 2026-12-31. Deductible: 0 EUR. Annual premium: 96 EUR.,"Lara Neumann holds policy TEST-PHV-2026-1002, a Personal Liability policy with Liability, status Active, a deductible of 0 EUR, and an annual premium of 96 EUR.",,,,,
GHR-0164,English,"What are the customer, policy number, product, coverage, status, deductible and annual premium?",Customer: Lara Neumann (lara.neumann@example.test). Policy number: TEST-KFZ-2026-1003. Product type: Motor Insurance. Coverage type: Partial Coverage. Status: Active. Start date: 2026-07-01. End date: 2027-06-30. Deductible: 300 EUR. Annual premium: 720 EUR.,"Lara Neumann holds policy TEST-KFZ-2026-1003, a Motor Insurance policy with Partial Coverage, status Active, a deductible of 300 EUR, and an annual premium of 720 EUR.",,,,,
GHR-0165,English,"What are the customer, policy number, product, coverage, status, deductible and annual premium?",Customer: Oliver Brandt (oliver.brandt@example.test). Policy number: TEST-KFZ-2026-1101. Product type: Motor Insurance. Coverage type: Comprehensive Coverage. Status: Active. Start date: 2026-02-01. End date: 2027-01-31. Deductible: 300 EUR. Annual premium: 1120 EUR.,"Oliver Brandt holds policy TEST-KFZ-2026-1101, a Motor Insurance policy with Comprehensive Coverage, status Active, a deductible of 300 EUR, and an annual premium of 1120 EUR.",,,,,
GHR-0166,English,"What are the customer, policy number, product, coverage, status, deductible and annual premium?",Customer: Sophie Keller (sophie.keller@example.test). Policy number: TEST-HH-2026-1201. Product type: Household Insurance. Coverage type: Standard Coverage. Status: Active. Start date: 2026-01-15. End date: 2027-01-14. Deductible: 250 EUR. Annual premium: 210 EUR.,"Sophie Keller holds policy TEST-HH-2026-1201, a Household Insurance policy with Standard Coverage, status Active, a deductible of 250 EUR, and an annual premium of 210 EUR.",,,,,
GHR-0167,English,"What are the customer, policy number, product, coverage, status, deductible and annual premium?",Customer: Sophie Keller (sophie.keller@example.test). Policy number: TEST-RS-2026-1202. Product type: Legal Protection. Coverage type: Standard Coverage. Status: Pending. Start date: 2026-08-01. End date: 2027-07-31. Deductible: 150 EUR. Annual premium: 280 EUR.,"Sophie Keller holds policy TEST-RS-2026-1202, a Legal Protection policy with Standard Coverage, status Pending, a deductible of 150 EUR, and an annual premium of 280 EUR.",,,,,
GHR-0168,English,"What are the customer, policy number, product, coverage, status, deductible and annual premium?",Customer: Emil Fischer (emil.fischer@example.test). Policy number: TEST-PHV-2025-1301. Product type: Personal Liability. Coverage type: Liability. Status: Expired. Start date: 2025-01-01. End date: 2025-12-31. Deductible: 0 EUR. Annual premium: 84 EUR.,"Emil Fischer holds policy TEST-PHV-2025-1301, a Personal Liability policy with Liability, status Expired, a deductible of 0 EUR, and an annual premium of 84 EUR.",,,,,
GHR-0169,English,"What are the customer, policy number, product, coverage, status, deductible and annual premium?",Customer: Hannah Vogel (hannah.vogel@example.test). Policy number: TEST-KFZ-2026-1401. Product type: Motor Insurance. Coverage type: Liability. Status: Active. Start date: 2026-03-01. End date: 2027-02-28. Deductible: 500 EUR. Annual premium: 520 EUR.,"Hannah Vogel holds policy TEST-KFZ-2026-1401, a Motor Insurance policy with Liability, status Active, a deductible of 500 EUR, and an annual premium of 520 EUR.",,,,,
GHR-0170,English,"What are the customer, policy number, product, coverage, status, deductible and annual premium?",Customer: Hannah Vogel (hannah.vogel@example.test). Policy number: TEST-HH-2026-1402. Product type: Household Insurance. Coverage type: Standard Coverage. Status: Active. Start date: 2026-03-01. End date: 2027-02-28. Deductible: 200 EUR. Annual premium: 195 EUR.,"Hannah Vogel holds policy TEST-HH-2026-1402, a Household Insurance policy with Standard Coverage, status Active, a deductible of 200 EUR, and an annual premium of 195 EUR.",,,,,
GHR-0171,English,"What are the customer, policy number, product, coverage, status, deductible and annual premium?",Customer: Jonas Richter (jonas.richter@example.test). Policy number: TEST-RS-2026-1501. Product type: Legal Protection. Coverage type: Standard Coverage. Status: Cancelled. Start date: 2026-01-01. End date: 2026-06-30. Deductible: 150 EUR. Annual premium: 260 EUR.,"Jonas Richter holds policy TEST-RS-2026-1501, a Legal Protection policy with Standard Coverage, status Cancelled, a deductible of 150 EUR, and an annual premium of 260 EUR.",,,,,
GHR-0172,English,"What are the customer, policy number, product, coverage, status, deductible and annual premium?",Customer: Amira Hoffmann (amira.hoffmann@example.test). Policy number: TEST-PHV-2026-1601. Product type: Personal Liability. Coverage type: Liability. Status: Active. Start date: 2026-04-01. End date: 2027-03-31. Deductible: 0 EUR. Annual premium: 102 EUR.,"Amira Hoffmann holds policy TEST-PHV-2026-1601, a Personal Liability policy with Liability, status Active, a deductible of 0 EUR, and an annual premium of 102 EUR.",,,,,
GHR-0173,English,"What are the customer, policy number, product, coverage, status, deductible and annual premium?",Customer: Noah Weber (noah.weber@example.test). Policy number: TEST-KFZ-2026-1701. Product type: Motor Insurance. Coverage type: Partial Coverage. Status: Active. Start date: 2026-05-01. End date: 2027-04-30. Deductible: 300 EUR. Annual premium: 735 EUR.,"Noah Weber holds policy TEST-KFZ-2026-1701, a Motor Insurance policy with Partial Coverage, status Active, a deductible of 300 EUR, and an annual premium of 735 EUR.",,,,,
GHR-0174,English,"What are the customer, policy number, product, coverage, status, deductible and annual premium?",Customer: Noah Weber (noah.weber@example.test). Policy number: TEST-RS-2026-1702. Product type: Legal Protection. Coverage type: Standard Coverage. Status: Active. Start date: 2026-05-01. End date: 2027-04-30. Deductible: 200 EUR. Annual premium: 310 EUR.,"Noah Weber holds policy TEST-RS-2026-1702, a Legal Protection policy with Standard Coverage, status Active, a deductible of 200 EUR, and an annual premium of 310 EUR.",,,,,
GHR-0175,English,"What are the customer, policy number, product, coverage, status, deductible and annual premium?",Customer: Mila Hartmann (mila.hartmann@example.test). Policy number: TEST-HH-2026-1801. Product type: Household Insurance. Coverage type: Standard Coverage. Status: Pending. Start date: 2026-09-01. End date: 2027-08-31. Deductible: 250 EUR. Annual premium: 225 EUR.,"Mila Hartmann holds policy TEST-HH-2026-1801, a Household Insurance policy with Standard Coverage, status Pending, a deductible of 250 EUR, and an annual premium of 225 EUR.",,,,,
GHR-0176,English,"What are the customer, policy number, product, coverage, status, deductible and annual premium?",Customer: Leon Becker (leon.becker@example.test). Policy number: TEST-KFZ-2026-1901. Product type: Motor Insurance. Coverage type: Comprehensive Coverage. Status: Active. Start date: 2026-06-01. End date: 2027-05-31. Deductible: 500 EUR. Annual premium: 1290 EUR.,"Leon Becker holds policy TEST-KFZ-2026-1901, a Motor Insurance policy with Comprehensive Coverage, status Active, a deductible of 500 EUR, and an annual premium of 1290 EUR.",,,,,
GHR-0177,English,"What are the customer, policy number, product, coverage, status, deductible and annual premium?",Customer: Leon Becker (leon.becker@example.test). Policy number: TEST-PHV-2026-1902. Product type: Personal Liability. Coverage type: Liability. Status: Active. Start date: 2026-06-01. End date: 2027-05-31. Deductible: 0 EUR. Annual premium: 108 EUR.,"Leon Becker holds policy TEST-PHV-2026-1902, a Personal Liability policy with Liability, status Active, a deductible of 0 EUR, and an annual premium of 108 EUR.",,,,,
GHR-0178,English,What deductible and annual premium apply to this policy?,Customer: Lara Neumann (lara.neumann@example.test). Policy number: TEST-KFZ-2026-1001. Product type: Motor Insurance. Coverage type: Partial Coverage. Status: Active. Start date: 2026-01-01. End date: 2026-12-31. Deductible: 150 EUR. Annual premium: 684 EUR.,The deductible is 150 EUR and the annual premium is 684 EUR.,,,,,
GHR-0179,English,What deductible and annual premium apply to this policy?,Customer: Lara Neumann (lara.neumann@example.test). Policy number: TEST-PHV-2026-1002. Product type: Personal Liability. Coverage type: Liability. Status: Active. Start date: 2026-01-01. End date: 2026-12-31. Deductible: 0 EUR. Annual premium: 96 EUR.,The deductible is 0 EUR and the annual premium is 96 EUR.,,,,,
GHR-0180,English,What deductible and annual premium apply to this policy?,Customer: Lara Neumann (lara.neumann@example.test). Policy number: TEST-KFZ-2026-1003. Product type: Motor Insurance. Coverage type: Partial Coverage. Status: Active. Start date: 2026-07-01. End date: 2027-06-30. Deductible: 300 EUR. Annual premium: 720 EUR.,The deductible is 300 EUR and the annual premium is 720 EUR.,,,,,
GHR-0181,English,What deductible and annual premium apply to this policy?,Customer: Oliver Brandt (oliver.brandt@example.test). Policy number: TEST-KFZ-2026-1101. Product type: Motor Insurance. Coverage type: Comprehensive Coverage. Status: Active. Start date: 2026-02-01. End date: 2027-01-31. Deductible: 300 EUR. Annual premium: 1120 EUR.,The deductible is 300 EUR and the annual premium is 1120 EUR.,,,,,
GHR-0182,English,What deductible and annual premium apply to this policy?,Customer: Sophie Keller (sophie.keller@example.test). Policy number: TEST-HH-2026-1201. Product type: Household Insurance. Coverage type: Standard Coverage. Status: Active. Start date: 2026-01-15. End date: 2027-01-14. Deductible: 250 EUR. Annual premium: 210 EUR.,The deductible is 250 EUR and the annual premium is 210 EUR.,,,,,
GHR-0183,English,What deductible and annual premium apply to this policy?,Customer: Sophie Keller (sophie.keller@example.test). Policy number: TEST-RS-2026-1202. Product type: Legal Protection. Coverage type: Standard Coverage. Status: Pending. Start date: 2026-08-01. End date: 2027-07-31. Deductible: 150 EUR. Annual premium: 280 EUR.,The deductible is 150 EUR and the annual premium is 280 EUR.,,,,,
GHR-0184,English,What deductible and annual premium apply to this policy?,Customer: Emil Fischer (emil.fischer@example.test). Policy number: TEST-PHV-2025-1301. Product type: Personal Liability. Coverage type: Liability. Status: Expired. Start date: 2025-01-01. End date: 2025-12-31. Deductible: 0 EUR. Annual premium: 84 EUR.,The deductible is 0 EUR and the annual premium is 84 EUR.,,,,,
GHR-0185,English,What deductible and annual premium apply to this policy?,Customer: Hannah Vogel (hannah.vogel@example.test). Policy number: TEST-KFZ-2026-1401. Product type: Motor Insurance. Coverage type: Liability. Status: Active. Start date: 2026-03-01. End date: 2027-02-28. Deductible: 500 EUR. Annual premium: 520 EUR.,The deductible is 500 EUR and the annual premium is 520 EUR.,,,,,
GHR-0186,English,What deductible and annual premium apply to this policy?,Customer: Hannah Vogel (hannah.vogel@example.test). Policy number: TEST-HH-2026-1402. Product type: Household Insurance. Coverage type: Standard Coverage. Status: Active. Start date: 2026-03-01. End date: 2027-02-28. Deductible: 200 EUR. Annual premium: 195 EUR.,The deductible is 200 EUR and the annual premium is 195 EUR.,,,,,
GHR-0187,English,What deductible and annual premium apply to this policy?,Customer: Jonas Richter (jonas.richter@example.test). Policy number: TEST-RS-2026-1501. Product type: Legal Protection. Coverage type: Standard Coverage. Status: Cancelled. Start date: 2026-01-01. End date: 2026-06-30. Deductible: 150 EUR. Annual premium: 260 EUR.,The deductible is 150 EUR and the annual premium is 260 EUR.,,,,,
GHR-0188,English,What deductible and annual premium apply to this policy?,Customer: Amira Hoffmann (amira.hoffmann@example.test). Policy number: TEST-PHV-2026-1601. Product type: Personal Liability. Coverage type: Liability. Status: Active. Start date: 2026-04-01. End date: 2027-03-31. Deductible: 0 EUR. Annual premium: 102 EUR.,The deductible is 0 EUR and the annual premium is 102 EUR.,,,,,
GHR-0189,English,What deductible and annual premium apply to this policy?,Customer: Noah Weber (noah.weber@example.test). Policy number: TEST-KFZ-2026-1701. Product type: Motor Insurance. Coverage type: Partial Coverage. Status: Active. Start date: 2026-05-01. End date: 2027-04-30. Deductible: 300 EUR. Annual premium: 735 EUR.,The deductible is 300 EUR and the annual premium is 735 EUR.,,,,,
GHR-0190,English,What deductible and annual premium apply to this policy?,Customer: Noah Weber (noah.weber@example.test). Policy number: TEST-RS-2026-1702. Product type: Legal Protection. Coverage type: Standard Coverage. Status: Active. Start date: 2026-05-01. End date: 2027-04-30. Deductible: 200 EUR. Annual premium: 310 EUR.,The deductible is 200 EUR and the annual premium is 310 EUR.,,,,,
GHR-0191,English,What deductible and annual premium apply to this policy?,Customer: Mila Hartmann (mila.hartmann@example.test). Policy number: TEST-HH-2026-1801. Product type: Household Insurance. Coverage type: Standard Coverage. Status: Pending. Start date: 2026-09-01. End date: 2027-08-31. Deductible: 250 EUR. Annual premium: 225 EUR.,The deductible is 250 EUR and the annual premium is 225 EUR.,,,,,
GHR-0192,English,What deductible and annual premium apply to this policy?,Customer: Leon Becker (leon.becker@example.test). Policy number: TEST-KFZ-2026-1901. Product type: Motor Insurance. Coverage type: Comprehensive Coverage. Status: Active. Start date: 2026-06-01. End date: 2027-05-31. Deductible: 500 EUR. Annual premium: 1290 EUR.,The deductible is 500 EUR and the annual premium is 1290 EUR.,,,,,
GHR-0193,English,What deductible and annual premium apply to this policy?,Customer: Leon Becker (leon.becker@example.test). Policy number: TEST-PHV-2026-1902. Product type: Personal Liability. Coverage type: Liability. Status: Active. Start date: 2026-06-01. End date: 2027-05-31. Deductible: 0 EUR. Annual premium: 108 EUR.,The deductible is 0 EUR and the annual premium is 108 EUR.,,,,,
GHR-0194,English,"What are the coverage type, policy status and contract dates?",Customer: Lara Neumann (lara.neumann@example.test). Policy number: TEST-KFZ-2026-1001. Product type: Motor Insurance. Coverage type: Partial Coverage. Status: Active. Start date: 2026-01-01. End date: 2026-12-31. Deductible: 150 EUR. Annual premium: 684 EUR.,The coverage type is Partial Coverage; the policy is Active from 2026-01-01 through 2026-12-31.,,,,,
GHR-0195,English,"What are the coverage type, policy status and contract dates?",Customer: Lara Neumann (lara.neumann@example.test). Policy number: TEST-PHV-2026-1002. Product type: Personal Liability. Coverage type: Liability. Status: Active. Start date: 2026-01-01. End date: 2026-12-31. Deductible: 0 EUR. Annual premium: 96 EUR.,The coverage type is Liability; the policy is Active from 2026-01-01 through 2026-12-31.,,,,,
GHR-0196,English,"What are the coverage type, policy status and contract dates?",Customer: Lara Neumann (lara.neumann@example.test). Policy number: TEST-KFZ-2026-1003. Product type: Motor Insurance. Coverage type: Partial Coverage. Status: Active. Start date: 2026-07-01. End date: 2027-06-30. Deductible: 300 EUR. Annual premium: 720 EUR.,The coverage type is Partial Coverage; the policy is Active from 2026-07-01 through 2027-06-30.,,,,,
GHR-0197,English,"What are the coverage type, policy status and contract dates?",Customer: Oliver Brandt (oliver.brandt@example.test). Policy number: TEST-KFZ-2026-1101. Product type: Motor Insurance. Coverage type: Comprehensive Coverage. Status: Active. Start date: 2026-02-01. End date: 2027-01-31. Deductible: 300 EUR. Annual premium: 1120 EUR.,The coverage type is Comprehensive Coverage; the policy is Active from 2026-02-01 through 2027-01-31.,,,,,
GHR-0198,English,"What are the coverage type, policy status and contract dates?",Customer: Sophie Keller (sophie.keller@example.test). Policy number: TEST-HH-2026-1201. Product type: Household Insurance. Coverage type: Standard Coverage. Status: Active. Start date: 2026-01-15. End date: 2027-01-14. Deductible: 250 EUR. Annual premium: 210 EUR.,The coverage type is Standard Coverage; the policy is Active from 2026-01-15 through 2027-01-14.,,,,,
GHR-0199,English,"What are the coverage type, policy status and contract dates?",Customer: Sophie Keller (sophie.keller@example.test). Policy number: TEST-RS-2026-1202. Product type: Legal Protection. Coverage type: Standard Coverage. Status: Pending. Start date: 2026-08-01. End date: 2027-07-31. Deductible: 150 EUR. Annual premium: 280 EUR.,The coverage type is Standard Coverage; the policy is Pending from 2026-08-01 through 2027-07-31.,,,,,
GHR-0200,English,"What are the coverage type, policy status and contract dates?",Customer: Emil Fischer (emil.fischer@example.test). Policy number: TEST-PHV-2025-1301. Product type: Personal Liability. Coverage type: Liability. Status: Expired. Start date: 2025-01-01. End date: 2025-12-31. Deductible: 0 EUR. Annual premium: 84 EUR.,The coverage type is Liability; the policy is Expired from 2025-01-01 through 2025-12-31.,,,,,
GHR-0201,English,"What are the coverage type, policy status and contract dates?",Customer: Hannah Vogel (hannah.vogel@example.test). Policy number: TEST-KFZ-2026-1401. Product type: Motor Insurance. Coverage type: Liability. Status: Active. Start date: 2026-03-01. End date: 2027-02-28. Deductible: 500 EUR. Annual premium: 520 EUR.,The coverage type is Liability; the policy is Active from 2026-03-01 through 2027-02-28.,,,,,
GHR-0202,English,"What are the coverage type, policy status and contract dates?",Customer: Hannah Vogel (hannah.vogel@example.test). Policy number: TEST-HH-2026-1402. Product type: Household Insurance. Coverage type: Standard Coverage. Status: Active. Start date: 2026-03-01. End date: 2027-02-28. Deductible: 200 EUR. Annual premium: 195 EUR.,The coverage type is Standard Coverage; the policy is Active from 2026-03-01 through 2027-02-28.,,,,,
GHR-0203,English,"What are the coverage type, policy status and contract dates?",Customer: Jonas Richter (jonas.richter@example.test). Policy number: TEST-RS-2026-1501. Product type: Legal Protection. Coverage type: Standard Coverage. Status: Cancelled. Start date: 2026-01-01. End date: 2026-06-30. Deductible: 150 EUR. Annual premium: 260 EUR.,The coverage type is Standard Coverage; the policy is Cancelled from 2026-01-01 through 2026-06-30.,,,,,
GHR-0204,English,"What are the coverage type, policy status and contract dates?",Customer: Amira Hoffmann (amira.hoffmann@example.test). Policy number: TEST-PHV-2026-1601. Product type: Personal Liability. Coverage type: Liability. Status: Active. Start date: 2026-04-01. End date: 2027-03-31. Deductible: 0 EUR. Annual premium: 102 EUR.,The coverage type is Liability; the policy is Active from 2026-04-01 through 2027-03-31.,,,,,
GHR-0205,English,"What are the coverage type, policy status and contract dates?",Customer: Noah Weber (noah.weber@example.test). Policy number: TEST-KFZ-2026-1701. Product type: Motor Insurance. Coverage type: Partial Coverage. Status: Active. Start date: 2026-05-01. End date: 2027-04-30. Deductible: 300 EUR. Annual premium: 735 EUR.,The coverage type is Partial Coverage; the policy is Active from 2026-05-01 through 2027-04-30.,,,,,
GHR-0206,English,"What are the coverage type, policy status and contract dates?",Customer: Noah Weber (noah.weber@example.test). Policy number: TEST-RS-2026-1702. Product type: Legal Protection. Coverage type: Standard Coverage. Status: Active. Start date: 2026-05-01. End date: 2027-04-30. Deductible: 200 EUR. Annual premium: 310 EUR.,The coverage type is Standard Coverage; the policy is Active from 2026-05-01 through 2027-04-30.,,,,,
GHR-0207,English,"What are the coverage type, policy status and contract dates?",Customer: Mila Hartmann (mila.hartmann@example.test). Policy number: TEST-HH-2026-1801. Product type: Household Insurance. Coverage type: Standard Coverage. Status: Pending. Start date: 2026-09-01. End date: 2027-08-31. Deductible: 250 EUR. Annual premium: 225 EUR.,The coverage type is Standard Coverage; the policy is Pending from 2026-09-01 through 2027-08-31.,,,,,
GHR-0208,English,"What are the coverage type, policy status and contract dates?",Customer: Leon Becker (leon.becker@example.test). Policy number: TEST-KFZ-2026-1901. Product type: Motor Insurance. Coverage type: Comprehensive Coverage. Status: Active. Start date: 2026-06-01. End date: 2027-05-31. Deductible: 500 EUR. Annual premium: 1290 EUR.,The coverage type is Comprehensive Coverage; the policy is Active from 2026-06-01 through 2027-05-31.,,,,,
GHR-0209,English,"What are the coverage type, policy status and contract dates?",Customer: Leon Becker (leon.becker@example.test). Policy number: TEST-PHV-2026-1902. Product type: Personal Liability. Coverage type: Liability. Status: Active. Start date: 2026-06-01. End date: 2027-05-31. Deductible: 0 EUR. Annual premium: 108 EUR.,The coverage type is Liability; the policy is Active from 2026-06-01 through 2027-05-31.,,,,,
GHR-0210,English,"As of 2026-08-01, what is Lara Neumann's current motor policy?","Customer: Lara Neumann (lara.neumann@example.test). Policy number: TEST-KFZ-2026-1001. Product type: Motor Insurance. Coverage type: Partial Coverage. Status: Active. Start date: 2026-01-01. End date: 2026-12-31. Deductible: 150 EUR. Annual premium: 684 EUR.

--- DOCUMENT ---

Customer: Lara Neumann (lara.neumann@example.test). Policy number: TEST-PHV-2026-1002. Product type: Personal Liability. Coverage type: Liability. Status: Active. Start date: 2026-01-01. End date: 2026-12-31. Deductible: 0 EUR. Annual premium: 96 EUR.

--- DOCUMENT ---

Customer: Lara Neumann (lara.neumann@example.test). Policy number: TEST-KFZ-2026-1003. Product type: Motor Insurance. Coverage type: Partial Coverage. Status: Active. Start date: 2026-07-01. End date: 2027-06-30. Deductible: 300 EUR. Annual premium: 720 EUR.","Lara Neumann's current motor policy is TEST-KFZ-2026-1003 with Partial Coverage, a 300 EUR deductible and a 720 EUR annual premium.",,,,,
GHR-0211,English,"What are the claim number, policy number, damage type, claimed amount and current status?",Customer: Lara Neumann. Claim number: TEST-CLM-2026-2001. Policy number: TEST-KFZ-2026-1001. Claim date: 2026-07-10. Damage type: Glass Damage. Claimed amount: 780 EUR. Status: Under Review.,"Claim TEST-CLM-2026-2001 concerns Glass Damage under policy TEST-KFZ-2026-1001, with 780 EUR claimed and status Under Review.",,,,,
GHR-0212,English,Why Is An Equity Indexed Annuity Considered To Be A Fixed Annuity?,"Question: Why Is An Equity Indexed Annuity Considered To Be A Fixed Annuity?
Answer: Because it a FIXED AND GUARANTEED RATEBOF RETURN . You ca n't lose your principle and average GUARANTEED rates are around 2 % on the low end to 4 % on the high end . You get a nominal/limited upside gain of the stock market along with knowing you ca n't lose any money . Somewhat fixed .",You ca n't lose your principle and average GUARANTEED rates are around 2 % on the low end to 4 % on the high end . A fixed annuity is a way to give yourself an easily defined amount of money to provide a steady income stream from in retirement .,,,,,
GHR-0213,English,Why Is An Equity Indexed Annuity Considered To Be A Fixed Annuity?,"Question: Why Is An Equity Indexed Annuity Considered To Be A Fixed Annuity?
Answer: Because it a FIXED AND GUARANTEED RATEBOF RETURN . You ca n't lose your principle and average GUARANTEED rates are around 2 % on the low end to 4 % on the high end . You get a nominal/limited upside gain of the stock market along with knowing you ca n't lose any money . Somewhat fixed .","Based on the supplied context, because it a FIXED AND GUARANTEED RATEBOF RETURN . You ca n't lose your principle and average GUARANTEED rates are around 2 % on the low end to 4 % on the high end . You get a nominal/limited upside gain of the stock market along with knowing you ca n't lose any money . Somewhat fixed .",,,,,
GHR-0214,English,Do I Need Home Insurance For A Condo?,"Question: Do I Need Home Insurance For A Condo?
Answer: Condominium coverage requires a different form from the standard homeowners package . However , it provides many of the same coverages . The chief difference is that the structure itself is generally insured under a blanket condominium association policy , not the condominium form . The owner of each unit is normally not responsible for the structure , its maintenance or insurance . The owner of a unit is not responsible for the general areas such as gardens and walkways surrounding the condominium . The owners responsibility is for property contained within the structure , to include internal walls , and paint . When a person purchases a condominium they generally secure a mortgage . The mortgage companies will require the owner to purchase a policy to protect the lenders interest in the property . They want coverage for what they loaned you money to purchase . The amount of coverage under a condominium policy includes the amount required to restore the condominium in the event of a covered loss . At the same time the condominium policy provides a way for the homeowner to insure their own personal property -LRB- furniture , decorations , appliances and other property . -RRB-",For many this amount is determined in part by the mortgage company . You need sufficient coverage to satisfy your lender . In California the lender can not ask for more than the amount necessary to replace the residence . That calculation can be done in the office of an insurance agent . You might find that the amount to rebuild differs from the purchase price but that is because the purchase price is influenced by market pressure where costs of repair remain rather stable .,,,,,
GHR-0215,English,Do I Need Home Insurance For A Condo?,"Question: Do I Need Home Insurance For A Condo?
Answer: Condominium coverage requires a different form from the standard homeowners package . However , it provides many of the same coverages . The chief difference is that the structure itself is generally insured under a blanket condominium association policy , not the condominium form . The owner of each unit is normally not responsible for the structure , its maintenance or insurance . The owner of a unit is not responsible for the general areas such as gardens and walkways surrounding the condominium . The owners responsibility is for property contained within the structure , to include internal walls , and paint . When a person purchases a condominium they generally secure a mortgage . The mortgage companies will require the owner to purchase a policy to protect the lenders interest in the property . They want coverage for what they loaned you money to purchase . The amount of coverage under a condominium policy includes the amount required to restore the condominium in the event of a covered loss . At the same time the condominium policy provides a way for the homeowner to insure their own personal property -LRB- furniture , decorations , appliances and other property . -RRB-","Condominium coverage requires a different form from the standard homeowners package . However , it provides many of the same coverages . The chief difference is that the structure itself is generally insured under a blanket condominium association policy , not the condominium form . The owner of each unit is normally not responsible for the structure , its maintenance or insurance . The owner of a unit is not responsible for the general areas such as gardens and walkways surrounding the condominium . The owners responsibility is for property contained within the structure , to include internal walls , and paint . When a person purchases a condominium they generally secure a mortgage . The mortgage companies will require the owner to purchase a policy to protect the lenders interest in the property . They want coverage for what they loaned you money to purchase . The amount of coverage under a condominium policy includes the amount required to restore the condominium in the event of a covered loss . At the same time the condominium policy provides a way for the homeowner to insure their own personal property -LRB- furniture , decorations , appliances and other property . -RRB-",,,,,
GHR-0216,English,"According to assistance-brochure.pdf, what provision is stated in the supplied policy context?",Helvetia Assistance. Entirely according to your needs. Our Assistance insurance consists of four components you can combine individually. Cancellation cost insurance Cancellation cost insurance covers you for unforeseen events occurring before your departure that make it impossible for you to set off on your journey. Assistance for persons Assistance for persons provides insurance to cover you if anything happens while you're travelling. 1 2 2/8 | Helvetia Assistance – product information sheet,Cancellation cost insurance Cancellation cost insurance does not cover you for unforeseen events occurring before your departure that make it impossible for you to set off on your journey.,,,,,
GHR-0217,English,"According to assistance-brochure.pdf, what provision is stated in the supplied policy context?","Cancellation cost insurance and Assistance for persons. Cancellation cost insurance covers you for unforeseen events occurring before your departure that make it impossible for you to set off on your journey. Assistance for persons provides insurance to cover you if anything happens while you're travelling. Insured events • Illness, accident or death • Loss of employment • Breakdown/delay of public transport • Breakdown of the vehicle or taxi you are travelling in • Damage to your property at home • Incidents occurring en route to or after arrival at your destination (e.g. strikes, terrorism, volcanic eruption or other natural events) • Grounding, strike or bankruptcy of your airline or tour operator Insured benefits We will cover the cost if you have to cancel, abort or extend your trip. Pre-departure benefits • Cancellation costs, incl. administration fees • Additional travel expenses in the event of delayed departure • Additional expenses Benefits while travelling • Call-back and transport costs • Refundable cost advance while abroad • Add",Cancellation cost insurance does not cover you for unforeseen events occurring before your departure that make it impossible for you to set off on your journey.,,,,,
GHR-0218,English,"According to assistance-brochure.pdf, what provision is stated in the supplied policy context?",Helvetia Assistance. Entirely according to your needs. Our Assistance insurance consists of four components you can combine individually. Cancellation cost insurance Cancellation cost insurance covers you for unforeseen events occurring before your departure that make it impossible for you to set off on your journey. Assistance for persons Assistance for persons provides insurance to cover you if anything happens while you're travelling. 1 2 2/8 | Helvetia Assistance – product information sheet,Our Assistance insurance consists of four components you can combine individually.,,,,,
GHR-0219,English,"According to assistance-brochure.pdf, what provision is stated in the supplied policy context?",Helvetia Assistance. Entirely according to your needs. Our Assistance insurance consists of four components you can combine individually. Cancellation cost insurance Cancellation cost insurance covers you for unforeseen events occurring before your departure that make it impossible for you to set off on your journey. Assistance for persons Assistance for persons provides insurance to cover you if anything happens while you're travelling. 1 2 2/8 | Helvetia Assistance – product information sheet,Cancellation cost insurance Cancellation cost insurance covers you for unforeseen events occurring before your departure that make it impossible for you to set off on your journey.,,,,,
GHR-0220,English,"According to assistance-brochure.pdf, what provision is stated in the supplied policy context?",Helvetia Assistance. Entirely according to your needs. Our Assistance insurance consists of four components you can combine individually. Cancellation cost insurance Cancellation cost insurance covers you for unforeseen events occurring before your departure that make it impossible for you to set off on your journey. Assistance for persons Assistance for persons provides insurance to cover you if anything happens while you're travelling. 1 2 2/8 | Helvetia Assistance – product information sheet,Assistance for persons Assistance for persons provides insurance to cover you if anything happens while you're travelling.,,,,,
GHR-0221,English,"According to assistance-brochure.pdf, what provision is stated in the supplied policy context?","“All-round insurance: in your leisure time, while travelling, worldwide.” Good to know With Assistance for persons insurance, all booked holidays, trips, events and concerts are insured throughout the year. 3/8 | Helvetia Assistance – product information sheet","“All-round insurance: in your leisure time, while travelling, worldwide.” Good to know With Assistance for persons insurance, all booked holidays, trips, events and concerts are insured throughout the year.",,,,,
GHR-0222,English,"According to assistance-brochure.pdf, what provision is stated in the supplied policy context?","Cancellation cost insurance and Assistance for persons. Cancellation cost insurance covers you for unforeseen events occurring before your departure that make it impossible for you to set off on your journey. Assistance for persons provides insurance to cover you if anything happens while you're travelling. Insured events • Illness, accident or death • Loss of employment • Breakdown/delay of public transport • Breakdown of the vehicle or taxi you are travelling in • Damage to your property at home • Incidents occurring en route to or after arrival at your destination (e.g. strikes, terrorism, volcanic eruption or other natural events) • Grounding, strike or bankruptcy of your airline or tour operator Insured benefits We will cover the cost if you have to cancel, abort or extend your trip. Pre-departure benefits • Cancellation costs, incl. administration fees • Additional travel expenses in th","Cancellation cost insurance and Assistance for persons. [assistance-brochure.pdf, page 4]",,,,,
GHR-0223,English,"According to assistance-brochure.pdf, what provision is stated in the supplied policy context?","Cancellation cost insurance and Assistance for persons. Cancellation cost insurance covers you for unforeseen events occurring before your departure that make it impossible for you to set off on your journey. Assistance for persons provides insurance to cover you if anything happens while you're travelling. Insured events • Illness, accident or death • Loss of employment • Breakdown/delay of public transport • Breakdown of the vehicle or taxi you are travelling in • Damage to your property at home • Incidents occurring en route to or after arrival at your destination (e.g. strikes, terrorism, volcanic eruption or other natural events) • Grounding, strike or bankruptcy of your airline or tour operator Insured benefits We will cover the cost if you have to cancel, abort or extend your trip. Pre-departure benefits • Cancellation costs, incl. administration fees • Additional travel expenses in the event of delayed departure • Additional expenses Benefits while travelling • Call-back and transport costs • Refundable cost advance while abroad • Add","Cancellation cost insurance covers you for unforeseen events occurring before your departure that make it impossible for you to set off on your journey. [assistance-brochure.pdf, page 4]",,,,,
GHR-0224,English,Does Subway Offer Health Insurance?,"Question: Does Subway Offer Health Insurance?
Answer: This is a good Question . With any Company , whether they provide employee health coverage or not will depend on many factors . Whether you are Part time or Full time , if there is a waiting period , etc etc. . It is important to know that even if your employer does not offer health benefits , you can apply for your OWN individual plan that you pay for and manage on your own . This may also be a good option because if you happen to leave that job , you wo n't have to worry about loosing your health coverage .","With any Company , whether they provide employee health coverage or not will depend on many factors . It is possible for an employer to legally offer health insurance to some employees and not others using employment-based classifications .",,,,,
GHR-0225,English,Does Subway Offer Health Insurance?,"Question: Does Subway Offer Health Insurance?
Answer: This is a good Question . With any Company , whether they provide employee health coverage or not will depend on many factors . Whether you are Part time or Full time , if there is a waiting period , etc etc. . It is important to know that even if your employer does not offer health benefits , you can apply for your OWN individual plan that you pay for and manage on your own . This may also be a good option because if you happen to leave that job , you wo n't have to worry about loosing your health coverage .","Based on the supplied context, this is a good Question . With any Company , whether they provide employee health coverage or not will depend on many factors . Whether you are Part time or Full time , if there is a waiting period , etc etc. . It is important to know that even if your employer does not offer health benefits , you can apply for your OWN individual plan that you pay for and manage on your own . This may also be a good option because if you happen to leave that job , you wo n't have to worry about loosing your health coverage .",,,,,
GHR-0226,English,Is windshield damage covered and what deductible applies?,Windshield glass damage is covered under partial comprehensive insurance. The deductible is EUR 150 per claim.,The available documents do not state whether windshield damage is covered or whether a deductible applies.,,,,,
GHR-0227,English,What Is AD&D Life Insurance?,"Question: What Is AD&D Life Insurance?
Answer: There actually are not any policies that I know of called AD&D Life Insurance . AD&D policies pay proceeds for death or dismemberment caused by accident , and the death or dismemberment must occur within a certain amount of time from when the accident occurred . Life insurance policies pay for loss of life , period , regardless of how death occurred -LRB- with very few exceptions , such as suicide during the first two years -RRB- . Some Life insurance policies offer an accidental death and dismemberment rider that causes the policy to pay double if death is caused by accident . Those type of policies still pay a death benefit for death due to illness , as well .","There actually are not any policies that I know of called AD&D Life Insurance . AD&D policies pay proceeds for death or dismemberment caused by accident , and the death or dismemberment must occur within a certain amount of time from when the accident occurred . Life insurance policies pay for loss of life , period , regardless of how death occurred -LRB- with very few exceptions , such as suicide during the first two years -RRB- . Some Life insurance policies offer an accidental death and dismemberment rider that causes the policy to pay double if death is caused by accident . Those type of policies still pay a death benefit for death due to illness , as well . [insuranceqa:745]",,,,,
GHR-0228,English,How Much Does It Cost For Level Term Life Insurance?,"Question: How Much Does It Cost For Level Term Life Insurance?
Answer: There is no one set cost to level Term Life Insurance . However , a rule of thumb is , the longer the term , the higher the premium . That is because the insurance companies average out what the policy would cost at your starting age , and the cost of insurance for the ending age of the term policy you chose . If you took out a 10 year Term policy at age 35 , the policy will end -LRB- or the price will go up drastically -RRB- at your age 45 . Mortality rates are not real high at age 45 , so the premium will be relatively low . If you locked that premium in for 30 years , the policy will end at your age 65 , which is when mortality rates are much higher . Therefore , the premium will be higher . However , the premium you have locked in is based on your health at age 35 . And that can make it be a very good deal .","Great question . Often clients are afraid to ask I think they believe is it expensive but actually its relatively inexpensive . Typically if you insure two vehicles with a company the discount you gain by having a second policy on your auto insurance will if not cover the cost of a renters policy it will be close ! So the average cost is 60-120 dollars a year . So for ten dollars or less you have coverage for your phone , computers , books , clothes , medications , cd 's , movies , art , guns or whatever else you own ! Ten dollars a month is very inexpensive , also these are covered anywhere in the world !",,,,,
GHR-0229,English,How Much Does It Cost For Level Term Life Insurance?,"Question: How Much Does It Cost For Level Term Life Insurance?
Answer: There is no one set cost to level Term Life Insurance . However , a rule of thumb is , the longer the term , the higher the premium . That is because the insurance companies average out what the policy would cost at your starting age , and the cost of insurance for the ending age of the term policy you chose . If you took out a 10 year Term policy at age 35 , the policy will end -LRB- or the price will go up drastically -RRB- at your age 45 . Mortality rates are not real high at age 45 , so the premium will be relatively low . If you locked that premium in for 30 years , the policy will end at your age 65 , which is when mortality rates are much higher . Therefore , the premium will be higher . However , the premium you have locked in is based on your health at age 35 . And that can make it be a very good deal .","There is no one set cost to level Term Life Insurance . However , a rule of thumb is , the longer the term , the higher the premium . That is because the insurance companies average out what the policy would cost at your starting age , and the cost of insurance for the ending age of the term policy you chose . If you took out a 10 year Term policy at age 35 , the policy will end -LRB- or the price will go up drastically -RRB- at your age 45 . Mortality rates are not real high at age 45 , so the premium will be relatively low . If you locked that premium in for 30 years , the policy will end at your age 65 , which is when mortality rates are much higher . Therefore , the premium will be higher . However , the premium you have locked in is based on your health at age 35 . And that can make it be a very good deal .",,,,,
GHR-0230,English,How Does Car Insurance Value Totaled Car?,"Question: How Does Car Insurance Value Totaled Car?
Answer: A car insurance company will generally provide you with the value of your car - - pre wreck . A car insurance company will typically take a look at similar vehicles and how much they are selling for in your area . They may also take a look at the Kelly Blue Book Value .",The supplied context does not contain enough information to answer this question.,,,,,
GHR-0231,English,How Does Car Insurance Value Totaled Car?,"Question: How Does Car Insurance Value Totaled Car?
Answer: A car insurance company will generally provide you with the value of your car - - pre wreck . A car insurance company will typically take a look at similar vehicles and how much they are selling for in your area . They may also take a look at the Kelly Blue Book Value .","Based on the supplied context, a car insurance company will generally provide you with the value of your car - - pre wreck . A car insurance company will typically take a look at similar vehicles and how much they are selling for in your area . They may also take a look at the Kelly Blue Book Value .",,,,,
GHR-0232,English,When Does Your Car Insurance Go Down?,"Question: When Does Your Car Insurance Go Down?
Answer: In California car insurance premiums decline as you become a more experienced driver . They decline if you elect to forgo certain coverages . They decline when you get farther away from your bad driving record . They go down if a student in your household is a good student . They go down when you drive fewer miles annually .",In California car insurance premiums decline as you become a more experienced driver . They decline if you elect to forgo certain coverages . They decline when you get farther away from your bad driving record . They go down if a student in your household is a good student . They go down when you drive fewer miles annually . [insuranceqa:366],,,,,
GHR-0233,English,"According to buildings-insurance-sti.pdf, what provision is stated in the supplied policy context?","defective joints, missing or inadequate checking and maintenance of water pipes) or failure to implement preventive measures; A15 Damage caused by deficient construction techniques, execution and planning errors, and defective materials; A16 Damage caused by atomic structure changes irrespective of the cause; A17 Damage caused by water from reservoirs or other man-made water installations irrespective of the cause; A18 Damage from tremors caused by the collapse of man-made cavities; A19 Damage caused by war events or warlike events, neutrality violations, revolution, rebellion or riots, unless the policyholder can provide evidence that the damage is not related to these events; A20 Damage caused by terrorist activities and counterterrorism measures, unless the policyholder provides evidence that the damage is not related to these events. This exclusion does not apply if the sum insured for the building does not exceed CHF 10 million per building; A21 Costs for replacing locks, for locks which cannot be opened with the keys in question; A22 Damage to land, air and water. B7 Damage caused by the purpose-related or gradual effects of heat or smoke; B8 Damage caused to electrical safety mechanisms such as fuses in the performance of their normal function; B9 Overvoltage damage caused by a defect inside a device, a machine or an installation (so-called operating damage); B10 Damage caused by water hammer, centrifugal and other mechanical forces; B11 Damage caused by earthquake or volcanic eruption, and by civil unrest. Period of validity (duration of liability) F1 The obligation to pay benefits for loss of rental income, loss of earnings and/or additional costs commences upon the occurrence of the insured event and lasts for a maximum period of 24 months. F2 The obligation to pay benefits for standing costs and and/or subsequent increase commences upon the occurrence of the insured event and lasts for a maxi","This exclusion does not apply if the sum insured for the building does not exceed CHF 24 million per building; A21 Costs for replacing locks, for locks which cannot be opened with the keys in question; A22 Damage to land, air and water.",,,,,
GHR-0234,English,"According to buildings-insurance-sti.pdf, what provision is stated in the supplied policy context?","ave been caused by: D1 Theft or attempted theft. Destruction, damage or loss as a result of: E1 Leakage of liquids and gas: a) from pipelines or connected instal lations or apparatus; b) from decorative fountains, aquaria waterbeds, pools, liquids from humidifiers; c) and the resultant loss of liquids or gas; E2 Water condensation from cooling equipment and devices; E3 Penetration of rain and melting snow into the building through the roof, from roof gutters or from outdoor drain pipes, through closed windows, doors and skylights; E4 Backpressure from sewage ducts as well as underground slope water, ground water, rock water and seepage water inside the building; E5 Pipelines frozen or damaged by frost, tanks and containers serving the insured company and/or the insured buildings as well as adjacent installations, apparatus and machinery. Costs for the thawing of frozen pipelines are covered; E6 Fungal or pest infestation of any kind if proven to have been caused by insured water damage, if reported to Helvetia immediately, and provided that the construction has not been modified or extended in any way in the meantime. Sum insured according to policy Sum insured according to policy money assets from coin-operated vending machines CHF 500 Sum insured according to policy Insured if specified in the policy Sum insured according to policy Sum insured according to policy Sum insured according to policy Insured if specified in the policy CHF 2ʼ000 Sum insured according to policy Sum insured according to policy Sum insured according to policy CHF 5ʼ000 CHF 5ʼ000 CHF 5ʼ000 CHF 5ʼ000 CHF 5ʼ000 CHF 5ʼ000 Sum insured according to policy Sum insured according to policy CHF 1ʼ000 for theft without use of force Sum insured according to policy CHF 5ʼ000 CHF 5ʼ000 CHF 5ʼ000 Sum insured according to policy Sum insured according to policy Sum insured according to policy Sum insured according to policy Sum insured according to policy Sum insured according to policy Sum i","Costs for the thawing of frozen pipelines are not covered; E6 Fungal or pest infestation of any kind if proven to have been caused by insured water damage, if reported to Helvetia immediately, and provided that the construction has not been modified or extended in any way in the meantime.",,,,,
GHR-0235,English,"According to buildings-insurance-sti.pdf, what provision is stated in the supplied policy context?",3/28 | Helvetia Swiss Insurance Company Ltd STI Helvetia Buildings Insurance – September 2022 edition Building property insurance 4 Fire 4 Natural forces 5 Theft 5 Liquids and gas 5 Glass breakage 8 Earthquake and volcanic eruption 9 all risks 10 Ownerʼs liability insurance 16 Bodily injury 17 Property damage 17 Purely financial loss 17 Building legal protection insurance 22 Building legal protection insurance 23 Definition of terms 24 The original German wording governs the legal interpretation of your policy. Table of contents,"3/28 | Helvetia Swiss Insurance Company Ltd STI Helvetia Buildings Insurance – September 2022 edition Building property insurance 4 Fire 4 Natural forces 5 Theft 5 Liquids and gas 5 Glass breakage 8 Earthquake and volcanic eruption 9 all risks 10 Ownerʼs liability insurance 16 Bodily injury 17 Property damage 17 Purely financial loss 17 Building legal protection insurance 22 Building legal protection insurance 23 Definition of terms 24 The original German wording governs the legal interpretation of your policy. [buildings-insurance-sti.pdf, page 3]",,,,,
GHR-0236,English,"According to buildings-insurance-sti.pdf, what provision is stated in the supplied policy context?",3/28 | Helvetia Swiss Insurance Company Ltd STI Helvetia Buildings Insurance – September 2022 edition Building property insurance 4 Fire 4 Natural forces 5 Theft 5 Liquids and gas 5 Glass breakage 8 Earthquake and volcanic eruption 9 all risks 10 Ownerʼs liability insurance 16 Bodily injury 17 Property damage 17 Purely financial loss 17 Building legal protection insurance 22 Building legal protection insurance 23 Definition of terms 24 The original German wording governs the legal interpretation of your policy. Table of contents,"3/28 | Helvetia Swiss Insurance Company Ltd STI Helvetia Buildings Insurance – September 2022 edition Building property insurance 4 Fire 4 Natural forces 5 Theft 5 Liquids and gas 5 Glass breakage 8 Earthquake and volcanic eruption 9 all risks 10 Ownerʼs liability insurance 16 Bodily injury 17 Property damage 17 Purely financial loss 17 Building legal protection insurance 22 Building legal protection insurance 23 Definition of terms 24 The original German wording governs the legal interpretation of your policy. H3 Vehicle recovery If the vehicle is unroadworthy, the costs for recovering the vehicle are insured.",,,,,
GHR-0237,English,"According to buildings-insurance-sti.pdf, what provision is stated in the supplied policy context?",3/28 | Helvetia Swiss Insurance Company Ltd STI Helvetia Buildings Insurance – September 2022 edition Building property insurance 4 Fire 4 Natural forces 5 Theft 5 Liquids and gas 5 Glass breakage 8 Earthquake and volcanic eruption 9 all risks 10 Ownerʼs liability insurance 16 Bodily injury 17 Property damage 17 Purely financial loss 17 Building legal protection insurance 22 Building legal protection insurance 23 Definition of terms 24 The original German wording governs the legal interpretation of your policy. Table of contents,3/28 | Helvetia Swiss Insurance Company Ltd STI Helvetia Buildings Insurance – September 2022 edition Building property insurance 4 Fire 4 Natural forces 5 Theft 5 Liquids and gas 5 Glass breakage 8 Earthquake and volcanic eruption 9 all risks 10 Ownerʼs liability insurance 16 Bodily injury 17 Property damage 17 Purely financial loss 17 Building legal protection insurance 22 Building legal protection insurance 23 Definition of terms 24 The original German wording governs the legal interpretation of your policy.,,,,,
GHR-0238,English,"According to buildings-insurance-sti.pdf, what provision is stated in the supplied policy context?","4/28 | Helvetia Swiss Insurance Company Ltd STI Helvetia Buildings Insurance – September 2022 edition 5/28 | Helvetia Swiss Insurance Company Ltd STI Helvetia Buildings Insurance – September 2022 edition Natural forces Theft Liquids and gas Destruction, damage or loss as a result of: C1 Flooding and inundation; C2 Storms (wind of 75 km/h or more that uproots trees or takes the roofs off buildings in the vicinity of the insured property); C3 Hail; C4 Avalanches; C5 Snow pressure; C6 Rockslides and rock impacts; C7 Landslides. Damage conclusively proven by physical traces, witnesses or circumstances to have been caused by: D1 Theft or attempted theft. Destruction, damage or loss as a result of: E1 Leakage of liquids and gas: a) from pipelines or connected instal lations or apparatus; b) from decorative fountains, aquaria waterbeds, pools, liquids from humidifiers; c) and the resultant loss of liquids or gas; E2 Water condensation from cooling equipment and devices; E3 Penetration of rain and melting snow into the building through the roof, from roof gutters or from outdoor drain pipes, through closed windows, doors and skylights; E4 Backpressure from sewage ducts as well as underground slope water, ground water, rock water and seepage water inside the building; E5 Pipelines frozen or damaged by frost, tanks and containers serving the insured company and/or the insured buildings as well as adjacent installations, apparatus and machinery. Costs for the thawing of frozen pipelines are co","Damage conclusively proven by physical traces, witnesses or circumstances to have been caused by: D1 Theft or attempted theft.",,,,,
GHR-0239,English,"According to buildings-insurance-sti.pdf, what provision is stated in the supplied policy context?","ave been caused by: D1 Theft or attempted theft. Destruction, damage or loss as a result of: E1 Leakage of liquids and gas: a) from pipelines or connected instal lations or apparatus; b) from decorative fountains, aquaria waterbeds, pools, liquids from humidifiers; c) and the resultant loss of liquids or gas; E2 Water condensation from cooling equipment and devices; E3 Penetration of rain and melting snow into the building through the roof, from roof gutters or from outdoor drain pipes, through closed windows, doors and skylights; E4 Backpressure from sewage ducts as well as underground slope water, ground water, rock water and seepage water inside the building; E5 Pipelines frozen or damaged by frost, tanks and containers serving the insured company and/or the insured buildings as well as adjacent installations, apparatus and machinery. Costs for the thawing of frozen pipelines are covered; E6 Fungal or pest infestation of any kind if proven to have been caused by insured water damage, if reported to Helvetia immediately, and provided that the construction has not been modified or extended in any way in the meantime. Sum insured according to policy Sum insured according to policy money assets from coin-operated vending machines CHF 500 Sum insured according to policy Insured if specified in the policy Sum insured according to policy Sum insured according to policy Sum insured according to policy Insured if specified in the policy CHF 2ʼ000 Sum insured according to policy Sum insured according to policy Sum insured according to policy CHF 5ʼ000 CHF 5ʼ000 CHF 5ʼ000 CHF 5ʼ000 CHF 5ʼ000 CHF 5ʼ000 Sum insured according to policy Sum insured according to policy CHF 1ʼ000 for theft without use of force Sum insured according to policy CHF 5ʼ000 CHF 5ʼ000 CHF 5ʼ000 Sum insured according to policy Sum insured according to policy Sum insured according to policy Sum insured according to policy Sum insured according to policy Sum insured according to policy Sum i","Costs for the thawing of frozen pipelines are covered; E6 Fungal or pest infestation of any kind if proven to have been caused by insured water damage, if reported to Helvetia immediately, and provided that the construction has not been modified or extended in any way in the meantime.",,,,,
GHR-0240,English,"According to buildings-insurance-sti.pdf, what provision is stated in the supplied policy context?","nsured according to policy Insured if specified in the policy Sum insured according to policy Sum insured according to policy Sum insured according to policy Insured if specified in the policy CHF 2ʼ000 Sum insured according to policy Sum insured according to policy Sum insured according to policy CHF 5ʼ000 CHF 5ʼ000 CHF 5ʼ000 CHF 5ʼ000 CHF 5ʼ000 CHF 5ʼ000 Sum insured according to policy Sum insured according to policy CHF 1ʼ000 for theft without use of force Sum insured according to policy CHF 5ʼ000 CHF 5ʼ000 CHF 5ʼ000 Sum insured according to policy Sum insured according to policy Sum insured according to policy Sum insured according to policy Sum insured according to policy Sum insured according to policy Sum insured according to policy Building property insurance The insurance covers Fire Do you want to know what you are covered for? The coverage and sums insured of the insurance you required are listed in your policy. The explanation of terms must be used additionally to determine the insurance coverage. Underinsurance Destruction, damage or loss as a result of: B1 Fire, smoke (sudden and accidental influence) and water used to extinguish fire; B2 Lightning and overvoltage; B3 Explosion, detonation and implosion; B4 Crash-landings or emergency landings of aircraft, spacecraft or parts thereof, meteorites and other celestial bodies; B5 Pressure waves emitted by aircraft flying at supersonic speeds; B6 Scorch and smoulder damage. A1 Building ■ Sum insured according to policy A2 Supplementary insurance coverage for cantonal buildings insurance Insured if specified in the policy A3 Parts of the building not insured by cantonal buildings insurance ■ Sum insured according to policy A4 Costs for locating, exposing and repairing pipes A4.1 Costs for locating,",The coverage and sums insured of the insurance you required are listed in your policy.,,,,,
GHR-0241,English,"According to buildings-insurance-sti.pdf, what provision is stated in the supplied policy context?","policy Sum insured according to policy Sum insured according to policy Insured if specified in the policy CHF 2ʼ000 Sum insured according to policy Sum insured according to policy Sum insured according to policy CHF 5ʼ000 CHF 5ʼ000 CHF 5ʼ000 CHF 5ʼ000 CHF 5ʼ000 CHF 5ʼ000 Sum insured according to policy Sum insured according to policy CHF 1ʼ000 for theft without use of force Sum insured according to policy CHF 5ʼ000 CHF 5ʼ000 CHF 5ʼ000 Sum insured according to policy Sum insured according to policy Sum insured according to policy Sum insured according to policy Sum insured according to policy Sum insured according to policy Sum insured according to policy Building property insurance The insurance covers Fire Do you want to know what you are covered for? The coverage and sums insured of the insurance you required are listed in your policy. The explanation of terms must be used additionally to determine the insurance coverage. Underinsurance Destruction, damage or loss as a result of: B1 Fire, smoke (sudden and accidental influence) and water used to extinguish fire; B2 Lightning and overvoltage; B3 Explosion, detonation and implosion; B4 Crash-landings or emergency landings of aircraft, spacecraft or parts thereof, meteorites and other celestial bodies; B5 Pressure waves emitted by aircraft flying at supersonic speeds; B6 Scorch and smoulder damage. A1 Building ■ Sum insured according to policy A2 Supplementary insurance coverage for cantonal buildings insurance Insured if specified in the policy A3 Parts of the building not insured by cantonal buildings insurance ■ Sum insured according to policy A4 Costs for locating, exposing and repairing pipes A4.1 Costs for locating, exposing and repairing pipes related to a pipe burst A4.2 Costs for location work not r","The explanation of terms must be used additionally to determine the insurance coverage. [buildings-insurance-sti.pdf, page 3]",,,,,
GHR-0242,English,"According to buildings-insurance-sti.pdf, what provision is stated in the supplied policy context?","ied in the policy CHF 2ʼ000 Sum insured according to policy Sum insured according to policy Sum insured according to policy CHF 5ʼ000 CHF 5ʼ000 CHF 5ʼ000 CHF 5ʼ000 CHF 5ʼ000 CHF 5ʼ000 Sum insured according to policy Sum insured according to policy CHF 1ʼ000 for theft without use of force Sum insured according to policy CHF 5ʼ000 CHF 5ʼ000 CHF 5ʼ000 Sum insured according to policy Sum insured according to policy Sum insured according to policy Sum insured according to policy Sum insured according to policy Sum insured according to policy Sum insured according to policy Building property insurance The insurance covers Fire Do you want to know what you are covered for? The coverage and sums insured of the insurance you required are listed in your policy. The explanation of terms must be used additionally to determine the insurance coverage. Underinsurance Destruction, damage or loss as a result of: B1 Fire, smoke (sudden and accidental influence) and water used to extinguish fire; B2 Lightning and overvoltage; B3 Explosion, detonation and implosion; B4 Crash-landings or emergency landings of aircraft, spacecraft or parts thereof, meteorites and other celestial bodies; B5 Pressure waves emitted by aircraft flying at supersonic speeds; B6 Scorch and smoulder damage. A1 Building ■ Sum insured according to policy A2 Supplementary insurance coverage for cantonal buildings insurance Insured if specified in the policy A3 Parts of the building not insured by cantonal buildings insurance ■ Sum insured according to policy A4 Costs for locating, exposing and repairing pipes A4.1 Costs for locating, exposing and repairing pipes related to a pipe burst A4.2 Costs for location work not related to a pipe burst A5 Follow-up costs and loss prevention costs A5.1 a) Necessary follow-up costs b) Standing costs c) Artistic or historic values d) Subsequent increase Sum insured according to policy A5.2 Costs for risk-reducing measures CHF 5ʼ000 A5.3 Costs due to regulatory reconstruction restrictions CHF 5ʼ000 A5.4 Costs for replacing locks Sum insured according to policy A5.5 Loss / damage prevention costs CHF 5ʼ000 A6","Underinsurance Destruction, damage or loss as a result of: B1 Fire, smoke (sudden and accidental influence) and water used to extinguish fire; B2 Lightning and overvoltage; B3 Explosion, detonation and implosion; B4 Crash-landings or emergency landings of aircraft, spacecraft or parts thereof, meteorites and other celestial bodies; B5 Pressure waves emitted by aircraft flying at supersonic speeds; B6 Scorch and smoulder damage. [buildings-insurance-sti.pdf, page 3]",,,,,
GHR-0243,English,Can I Deduct Auto Insurance Premiums?,"Question: Can I Deduct Auto Insurance Premiums?
Answer: That is more of a question for your accountant actually . Under normal circumstances , no . However , if you own a business and use your car at least in part for that business , then your accountant may tell you that at least a portion of the premiums that you pay may be deductible as a business expense .","That is more of a question for your accountant actually . Under normal circumstances , no . However , if you own a business and use your car at least in part for that business , then your accountant may tell you that at least a portion of the premiums that you pay may be deductible as a business expense . [insuranceqa:702]",,,,,
GHR-0244,English,Can I Get Health Insurance Without A Physical?,"Question: Can I Get Health Insurance Without A Physical?
Answer: Yes . Health insurance under the new Affordable Care Act is , in short , guaranteed issue - meaning carriers can not decline you for any pre-existing condition or health-related illness . There are no physicals required to secure an individual health insurance policy . To review available health plans in your area , talk to an independent agent/broker . If you 'd like some assistance , send me a message using the `` contact me '' button","Based on the supplied context, yes . Health insurance under the new Affordable Care Act is , in short , guaranteed issue - meaning carriers can not decline you for any pre-existing condition or health-related illness . There are no physicals required to secure an individual health insurance policy . To review available health plans in your area , talk to an independent agent/broker . If you 'd like some assistance , send me a message using the `` contact me '' button",,,,,
GHR-0245,English,Is Short Term Disability Considered Health Insurance?,"Question: Is Short Term Disability Considered Health Insurance?
Answer: No short term disability is a different policy than health insurance . Health insurance is designed to pay the providers , i.e. doctors , hospitals , clinics , etc. . Short term disability is designed to pay you for the income that is lost due to an injury or illness . It can be used for medical expenses , food , mortgage or anything else needed to survive during a difficult time .","Based on the supplied context, no short term disability is a different policy than health insurance . Health insurance is designed to pay the providers , i.e. doctors , hospitals , clinics , etc. . Short term disability is designed to pay you for the income that is lost due to an injury or illness . It can be used for medical expenses , food , mortgage or anything else needed to survive during a difficult time .",,,,,
GHR-0246,English,Do I Qualify For Medicare In Wyoming?,"Question: Do I Qualify For Medicare In Wyoming?
Answer: If you have paid Social Security taxes for at least 10 years , or are married to someone over age 64 who paid SS taxes that long , and if you are age 65 , you qualify for Medicare in Wyoming and all 50 states . Your Part A will be free . If you do not qualify based on that criteria but are a US citizen , you can pay a premium for Medicare Part A . You can also qualify for Medicare if you have ESRD or ALS or have been on Social Security Disability for two years . Contact Medicare.gov for specifics .","If you have paid Social Security taxes for at least 10 years , or are married to someone over age 64 who paid SS taxes that long , and if you are age 65 , you qualify for Medicare in Wyoming and all 50 states . Your Part A will be free . If you do not qualify based on that criteria but are a US citizen , you can pay a premium for Medicare Part A . You can also qualify for Medicare if you have ESRD or ALS or have been on Social Security Disability for two years . Contact Medicare.gov for specifics . [insuranceqa:514]",,,,,
GHR-0247,English,Is Home Insurance Included In Condo Fee?,"Question: Is Home Insurance Included In Condo Fee?
Answer: If you are talking about your monthly Condo Association fee , then no it is not . The fee that ou pay each month includes the Association 's coverage on the complex 's buildings . As a Condo Unit Owner , you should or may be required to obtain a Condominium Unit Owner 's Insurance policy to protect your interest in the property , your personal belongings and liability exposures . This would be paid separately by you to your insurance company .","If you are talking about your monthly Condo Association fee , then no it is not . The fee that ou pay each month includes the Association 's coverage on the complex 's buildings . As a Condo Unit Owner , you should or may be required to obtain a Condominium Unit Owner 's Insurance policy to protect your interest in the property , your personal belongings and liability exposures . This would be paid separately by you to your insurance company . [insuranceqa:270]",,,,,
GHR-0248,English,Which motor contract applies?,The applicable motor contract is TEST-KFZ-2026-1001.,The applicable motor contract is TEST-KFZ-2026-9999.,,,,,
GHR-0249,English,What Is Extended Coverage Homeowners Insurance?,"Question: What Is Extended Coverage Homeowners Insurance?
Answer: Different companies and different states have different nomenclature for coverages . What this typically means is limit that coverage extends to another higher limit in the event of a total loss exceeding the Coverage A -LRB- homeowner Dwelling limit -RRB- . If you have a replacement value of say 400,000 on the house , then the maximum that would normally be paid for replacing the house would be $ 400,000 . But setting the value of replacement is not exact science and is also a moving target . If your home is destroyed by a fire it may be possible to rebuild within that 400,000 limit . But suppose the the city you live in is ripped apart by a tornado . Now there could be escalating costs of material and labor . What the extension does is give you an extension to another limit if needed . The extensions are usually sold in percentage increments such as 25 % ,50 % or even 100 % . So , back to the 400,000 coverage on the house . If 25 % extension then the limit of coverage is increased to a maximum of 500,000 -LRB- 400,000 X 1.25 -RRB- I hope that helps . If you live in one of the following states I would be glad to assist you : AZ , CA , MO , TX and GA. -LRB- call 1.866-933-4372 -RRB- otherwise seek out an Independent agent in your area who represents sever companies . Jack Heller , CPCU","Different companies and different states have different nomenclature for coverages . What this typically means is limit that coverage extends to another higher limit in the event of a total loss exceeding the Coverage A -LRB- homeowner Dwelling limit -RRB- . If you have a replacement value of say 400,000 on the house , then the maximum that would normally be paid for replacing the house would be $ 400,000 . But setting the value of replacement is not exact science and is also a moving target . If your home is destroyed by a fire it may be possible to rebuild within that 400,000 limit . But suppose the the city you live in is ripped apart by a tornado . Now there could be escalating costs of material and labor . What the extension does is give you an extension to another limit if needed . The extensions are usually sold in percentage increments such as 35 % ,50 % or even 100 % . So , back to the 400,000 coverage on the house . If 25 % extension then the limit of coverage is increased to a maximum of 500,000 -LRB- 400,000 X 1.25 -RRB- I hope that helps . If you live in one of the following states I would be glad to assist you : AZ , CA , MO , TX and GA. -LRB- call 1.866-933-4372 -RRB- otherwise seek out an Independent agent in your area who represents sever companies . Jack Heller , CPCU",,,,,
GHR-0250,English,Which contract applies?,Applicable motor insurance contract number: TEST-KFZ-2026-1001.,The applicable contract number is TEST-KFZ-2026-1001.,,,,,
GHR-0251,English,"According to motor-vehicle-insurance-product-sheet.pdf, what provision is stated in the supplied policy context?","Comprehensive car insurance. With Helvetia’s comprehensive insurance your vehicle is insured for every trip. Choose between partially comprehensive and fully comprehensive, either with or without damage to parked vehicles. Scope of insurance • Repair of damage to your vehicle, including equipment and accessories, with an option of unlimited value • Replacement in the event of a total loss or theft Insured benefits with partially comprehensive insurance • Fire and natural forces such as storm, hail, rockfall, high water • Earthquakes and volcanic eruptions • Theft • Glass breakage • Marten damage and collision with animals • Wilful damage by third parties such as breaking off wing mirrors Insured benefits with fully comprehensive cover • All benefits of partially comprehensive cover • Damage to your vehicle resulting from a collision Total loss cover • All partial comprehensive insurance benefits • Total loss of your vehicle due to a collision R",Complaints 10 Liability insurance 11 Comprehensive insurance 13 Supplementary cover 16 Passenger accident 22 General provisions 24,,,,,
GHR-0252,English,"According to motor-vehicle-insurance-product-sheet.pdf, what provision is stated in the supplied policy context?",Liability insurance. Inattentiveness on the road can easily occur. Helvetia’s liability insurance protects you against unexpected financial burdens arising from an accident you cause. Scope of insurance • Cover for property damage and personal injury caused by you • Defence against unjustified claims Insured persons • Owner and driver of the insured vehicle Insured benefits • Damage to or destruction of third-party property • Injury or death of persons and animals Helvetia customer portal Your insurance at a glance. helvetia.ch/customer-portal 2/8 | Helvetia car insurance,"Helvetia’s liability insurance protects you against unexpected financial burdens arising from an accident you cause. [motor-vehicle-insurance-product-sheet.pdf, page 3]",,,,,
GHR-0253,English,"According to motor-vehicle-insurance-product-sheet.pdf, what provision is stated in the supplied policy context?",Liability insurance. Inattentiveness on the road can easily occur. Helvetia’s liability insurance protects you against unexpected financial burdens arising from an accident you cause. Scope of insurance • Cover for property damage and personal injury caused by you • Defence against unjustified claims Insured persons • Owner and driver of the insured vehicle Insured benefits • Damage to or destruction of third-party property • Injury or death of persons and animals Helvetia customer portal Your insurance at a glance. helvetia.ch/customer-portal 2/8 | Helvetia car insurance,"Helvetia’s liability insurance protects you against unexpected financial burdens arising from an accident you cause. H3 Vehicle recovery If the vehicle is unroadworthy, the costs for recovering the vehicle are insured.",,,,,
GHR-0254,English,"According to motor-vehicle-insurance-product-sheet.pdf, what provision is stated in the supplied policy context?",Liability insurance. Inattentiveness on the road can easily occur. Helvetia’s liability insurance protects you against unexpected financial burdens arising from an accident you cause. Scope of insurance • Cover for property damage and personal injury caused by you • Defence against unjustified claims Insured persons • Owner and driver of the insured vehicle Insured benefits • Damage to or destruction of third-party property • Injury or death of persons and animals Helvetia customer portal Your insurance at a glance. helvetia.ch/customer-portal 2/8 | Helvetia car insurance,Helvetia’s liability insurance protects you against unexpected financial burdens arising from an accident you cause.,,,,,
GHR-0255,English,"According to motor-vehicle-insurance-product-sheet.pdf, what provision is stated in the supplied policy context?",Liability insurance. Inattentiveness on the road can easily occur. Helvetia’s liability insurance protects you against unexpected financial burdens arising from an accident you cause. Scope of insurance • Cover for property damage and personal injury caused by you • Defence against unjustified claims Insured persons • Owner and driver of the insured vehicle Insured benefits • Damage to or destruction of third-party property • Injury or death of persons and animals Helvetia customer portal Your insurance at a glance. helvetia.ch/customer-portal 2/8 | Helvetia car insurance,Cover for property damage and personal injury caused by you,,,,,
GHR-0256,English,"According to motor-vehicle-insurance-product-sheet.pdf, what provision is stated in the supplied policy context?",Liability insurance. Inattentiveness on the road can easily occur. Helvetia’s liability insurance protects you against unexpected financial burdens arising from an accident you cause. Scope of insurance • Cover for property damage and personal injury caused by you • Defence against unjustified claims Insured persons • Owner and driver of the insured vehicle Insured benefits • Damage to or destruction of third-party property • Injury or death of persons and animals Helvetia customer portal Your insurance at a glance. helvetia.ch/customer-portal 2/8 | Helvetia car insurance,Owner and driver of the insured vehicle Insured benefits,,,,,
GHR-0257,English,"According to motor-vehicle-insurance-product-sheet.pdf, what provision is stated in the supplied policy context?",Liability insurance. Inattentiveness on the road can easily occur. Helvetia’s liability insurance protects you against unexpected financial burdens arising from an accident you cause. Scope of insurance • Cover for property damage and personal injury caused by you • Defence against unjustified claims Insured persons • Owner and driver of the insured vehicle Insured benefits • Damage to or destruction of third-party property • Injury or death of persons and animals Helvetia customer portal Your insurance at a glance. helvetia.ch/customer-portal 2/8 | Helvetia car insurance,"Injury or death of persons and animals Helvetia customer portal Your insurance at a glance. [motor-vehicle-insurance-product-sheet.pdf, page 2]",,,,,
GHR-0258,English,"According to motor-vehicle-insurance-product-sheet.pdf, what provision is stated in the supplied policy context?",Liability insurance. Inattentiveness on the road can easily occur. Helvetia’s liability insurance protects you against unexpected financial burdens arising from an accident you cause. Scope of insurance • Cover for property damage and personal injury caused by you • Defence against unjustified claims Insured persons • Owner and driver of the insured vehicle Insured benefits • Damage to or destruction of third-party property • Injury or death of persons and animals Helvetia customer portal Your insurance at a glance. helvetia.ch/customer-portal 2/8 | Helvetia car insurance,"helvetia.ch/customer-portal 2/8 | Helvetia car insurance [motor-vehicle-insurance-product-sheet.pdf, page 2]",,,,,
GHR-0259,English,Which coverage includes windshield damage?,Windshield damage is covered under partial comprehensive insurance.,Windshield damage is covered under fully comprehensive insurance.,,,,,
GHR-0260,English,When is the motor policy active?,Motor policy period: 2026-01-01 to 2026-12-31. Status: active.,The policy is active from 2026-01-01 through 2026-12-31.,,,,,
GHR-0261,English,Will Annuity Rates Go Up?,"Question: Will Annuity Rates Go Up?
Answer: Annuity Rates are directly tied to the Fed Funds Rate & to 10 Year Treasury Rates . Both of these are at historical lows at the moment . Most financial experts claim that interest rates should rise over the next 5 years . If this happens , Annuity Rates will rise as along with them .",Annuity Rates are directly tied to the Fed Funds Rate & to 10 Year Treasury Rates . You ca n't lose your principle and average GUARANTEED rates are around 2 % on the low end to 4 % on the high end .,,,,,
GHR-0262,English,Will Annuity Rates Go Up?,"Question: Will Annuity Rates Go Up?
Answer: Annuity Rates are directly tied to the Fed Funds Rate & to 10 Year Treasury Rates . Both of these are at historical lows at the moment . Most financial experts claim that interest rates should rise over the next 5 years . If this happens , Annuity Rates will rise as along with them .","Based on the supplied context, annuity Rates are directly tied to the Fed Funds Rate & to 10 Year Treasury Rates . Both of these are at historical lows at the moment . Most financial experts claim that interest rates should rise over the next 5 years . If this happens , Annuity Rates will rise as along with them .",,,,,
GHR-0263,English,Which motor coverage and contract cover windshield damage?,"Motor contract TEST-KFZ-2026-1001 covers windshield damage under partial comprehensive insurance with a EUR 150 deductible.

--- DOCUMENT ---

Personal liability contract TEST-PHV-2026-2001 does not cover windshield damage to the insured person's own vehicle and has no general deductible.",Personal liability contract TEST-PHV-2026-2001 covers the windshield damage with no deductible.,,,,,
GHR-0264,English,How To Find Life Insurance Policies After Death?,"Question: How To Find Life Insurance Policies After Death?
Answer: Finding a life insurance policy after death can be accomplished . Often a deceased had many policies that the beneficiaries may not have been aware of . Of course , checking bank and financial records of any payment made to an insurer in the last 10-20 years would be ideal . Also , get in contact with the deceased 's agent , who may be aware of any missing policies .","Finding a life insurance policy after death can be accomplished . Often a deceased had many policies that the beneficiaries may not have been aware of . Of course , checking bank and financial records of any payment made to an insurer in the last 10-20 years would be ideal . Also , get in contact with the deceased 's agent , who may be aware of any missing policies . [insuranceqa:417]",,,,,
GHR-0265,English,What is the baggage limit?,"The travel policy covers lost baggage up to a maximum of EUR 2,000.","Travel baggage is covered up to EUR 2,000.",,,,,
GHR-0266,English,Does Home Insurance Automatically Renew?,"Question: Does Home Insurance Automatically Renew?
Answer: Here in Connecticut , Homeowners ' Insurance policies are among those that continuously renew provided that your home continues to meet our insurance company 's underwriting guidelines as they have filed with the State Insurance Department . That having been said , is you fail to pay your premium , if the claims history becomes adverse or if you leave your home abandoned and vacant , The insurance company may non renew or mid term cancel .",The supplied context does not contain enough information to answer this question.,,,,,
GHR-0267,English,Does Home Insurance Automatically Renew?,"Question: Does Home Insurance Automatically Renew?
Answer: Here in Connecticut , Homeowners ' Insurance policies are among those that continuously renew provided that your home continues to meet our insurance company 's underwriting guidelines as they have filed with the State Insurance Department . That having been said , is you fail to pay your premium , if the claims history becomes adverse or if you leave your home abandoned and vacant , The insurance company may non renew or mid term cancel .","Based on the supplied context, here in Connecticut , Homeowners ' Insurance policies are among those that continuously renew provided that your home continues to meet our insurance company 's underwriting guidelines as they have filed with the State Insurance Department . That having been said , is you fail to pay your premium , if the claims history becomes adverse or if you leave your home abandoned and vacant , The insurance company may non renew or mid term cancel .",,,,,
GHR-0268,English,When is the policy active?,The policy is active from 2026-01-01 through 2026-12-31.,The policy is active from 2025-01-01 through 2025-12-31.,,,,,
GHR-0269,English,What Services Does Medicare Part D Cover?,"Question: What Services Does Medicare Part D Cover?
Answer: Medicare Part D covers a portion of your outpatient Rx benefits . Part D is available from private insurance carriers and has a monthly premium of anywhere from $ 15 monthly on up to over $ 100 . Each plan is different . Some have deductibles , some do n't . All have copay 's . Check your formulary before signing up .","Medicare does cover hospice care for terminally ill patients . Care must be given by a doctor , nurse or skilled attendant . Once you are in hospice , Medicare will not cover any treatment intended to cure your illness . This includes prescription drugs for your illness . Medicare will not cover room and board in a hospital or nursing home if you are under hospice care .",,,,,
GHR-0270,English,What Services Does Medicare Part D Cover?,"Question: What Services Does Medicare Part D Cover?
Answer: Medicare Part D covers a portion of your outpatient Rx benefits . Part D is available from private insurance carriers and has a monthly premium of anywhere from $ 15 monthly on up to over $ 100 . Each plan is different . Some have deductibles , some do n't . All have copay 's . Check your formulary before signing up .","Medicare Part D covers a portion of your outpatient Rx benefits . Part D is available from private insurance carriers and has a monthly premium of anywhere from $ 15 monthly on up to over $ 100 . Each plan is different . Some have deductibles , some do n't . All have copay 's . Check your formulary before signing up .",,,,,
GHR-0271,English,What Do I Need To Know To Get Homeowners Insurance?,"Question: What Do I Need To Know To Get Homeowners Insurance?
Answer: It would be best if you knew the current value of your personal property and the replacement cost of the same items . That way you can compare the premiums for the two types of coverage . The only other critical thing to know is the highest amount of liability insurance that you can afford . These issues can be handled smoothly by a competent insurance agent .","Based on the supplied context, it would be best if you knew the current value of your personal property and the replacement cost of the same items . That way you can compare the premiums for the two types of coverage . The only other critical thing to know is the highest amount of liability insurance that you can afford . These issues can be handled smoothly by a competent insurance agent .",,,,,
GHR-0272,English,Can You Get Car Insurance With A Suspended Drivers License?,"Question: Can You Get Car Insurance With A Suspended Drivers License?
Answer: That is a great question ! While it will be difficult to get insurance , it is possible . What you will need to do is contact your agent , and find out what they will need to issue you a policy . In most cases , that will mean satisfying the requirements to get your license reinstated - fines paid , classes taken , whatever was required of you . Having your license suspended is bad , but it will be infinitely worse for you if you get caught driving on it , and you are uninsured . Please do n't even consider it ! Good luck , and thanks for asking !",Everyone with a valid drivers license should be able to secure auto insurance with one carrier or another . Since auto insurance policies coverages are established on an individual basis the rates will vary from person to person . Contact a local agent to find out about coverage availability and pricing within your area .,,,,,
GHR-0273,English,Can You Get Car Insurance With A Suspended Drivers License?,"Question: Can You Get Car Insurance With A Suspended Drivers License?
Answer: That is a great question ! While it will be difficult to get insurance , it is possible . What you will need to do is contact your agent , and find out what they will need to issue you a policy . In most cases , that will mean satisfying the requirements to get your license reinstated - fines paid , classes taken , whatever was required of you . Having your license suspended is bad , but it will be infinitely worse for you if you get caught driving on it , and you are uninsured . Please do n't even consider it ! Good luck , and thanks for asking !","That is a great question ! While it will be difficult to get insurance , it is possible . What you will need to do is contact your agent , and find out what they will need to issue you a policy . In most cases , that will mean satisfying the requirements to get your license reinstated - fines paid , classes taken , whatever was required of you . Having your license suspended is bad , but it will be infinitely worse for you if you get caught driving on it , and you are uninsured . Please do n't even consider it ! Good luck , and thanks for asking !",,,,,
GHR-0274,English,Which Section Of Medicare Pays For Ambulatory Service?,"Question: Which Section Of Medicare Pays For Ambulatory Service?
Answer: Medicare Part B will cover ambulance services that are medically necessary . Even though original Medicare does not have networks , you need to understand that Medicare has a fee schedule for things such as medical transport companies . What Medicare is willing to pay for ambulance transport may not be enough to satisfy the bill presented by the ambulance company .",Medicare Part B will cover ambulance services that are medically necessary . You will receive Medicare Part A benefits automatically when you qualify .,,,,,
GHR-0275,English,Which Section Of Medicare Pays For Ambulatory Service?,"Question: Which Section Of Medicare Pays For Ambulatory Service?
Answer: Medicare Part B will cover ambulance services that are medically necessary . Even though original Medicare does not have networks , you need to understand that Medicare has a fee schedule for things such as medical transport companies . What Medicare is willing to pay for ambulance transport may not be enough to satisfy the bill presented by the ambulance company .","Based on the supplied context, medicare Part B will cover ambulance services that are medically necessary . Even though original Medicare does not have networks , you need to understand that Medicare has a fee schedule for things such as medical transport companies . What Medicare is willing to pay for ambulance transport may not be enough to satisfy the bill presented by the ambulance company .",,,,,
GHR-0276,English,Why Is A 401K Loan A Bad Idea?,"Question: Why Is A 401K Loan A Bad Idea?
Answer: That is a great question ! There are some reasons why taking a loan out of your 401k might not be the best option . Before doing so , please consult your plan administrator and be certain to understand the rules for your particular plan . The first reason is that you may lose the ability to contribute to your fund while your loan is outstanding . Some companies will disallow contributions or matches until the loan is repaid . That can seriously derail your long term growth potential of your plan . Other companies will deduct the loan payments from your check , reducing your flexibility with other payments . The second reason is that you lose your tax sheltered advantage . The interest that you are paying yourself on the loan -LRB- you are both borrower and lender in the transaction -RRB- is considered a taxable income by the IRS , and reduces your returns . It 's also possible that the opportunity cost of having invested that repaid interest could be more than what you 'd make having used it in an investment . The third reason is that if you were to God forbid lose your job , the loan amount is repayable within 60 days . If that is n't done , you are subject to a 10 % penalty on the balance , -LRB- if you 're under 59 1/2 -RRB- and are due for whatever State and Federal taxes apply , as it is no longer considered a loan , but an early withdrawal . An alternative to consider might be a home equity line of credit , if the interest rates and your equity allow . Some things to consider . Again , I 'd advise you to speak with your plan administrator and see exactly what your plan rules are . Thanks for asking !","That is a great question ! There are some reasons why taking a loan out of your 401k might not be the best option . Before doing so , please consult your plan administrator and be certain to understand the rules for your particular plan . The first reason is that you may lose the ability to contribute to your fund while your loan is outstanding . Some companies will disallow contributions or matches until the loan is repaid . That can seriously derail your long term growth potential of your plan . Other companies will deduct the loan payments from your check , reducing your flexibility with other payments . The second reason is that you lose your tax sheltered advantage . The interest that you are paying yourself on the loan -LRB- you are both borrower and lender in the transaction -RRB- is considered a taxable income by the IRS , and reduces your returns . It 's also possible that the opportunity cost of having invested that repaid interest could be more than what you 'd make having used it in an investment . The third reason is that if you were to God forbid lose your job , the loan amount is repayable within 60 days . If that is n't done , you are subject to a 20 % penalty on the balance , -LRB- if you 're under 59 1/2 -RRB- and are due for whatever State and Federal taxes apply , as it is no longer considered a loan , but an early withdrawal . An alternative to consider might be a home equity line of credit , if the interest rates and your equity allow . Some things to consider . Again , I 'd advise you to speak with your plan administrator and see exactly what your plan rules are . Thanks for asking !",,,,,
GHR-0277,English,"According to mutual-provisions-pkv.pdf, what provision is stated in the supplied policy context?","ation. The right of revocation is excluded in the case of group personal insurance, provisional confirmation of cover, agreements with a term of less than one month. 6 Increase and decrease in risk If any circumstance that is material to the assessment of the risk should change during the term of the contract, and if its extent was determined by the parties on concluding the contract, the policyholder is required to give Helvetia immediate notice of such change in writing or any other text form. All risk factors about which Helvetia requests the policyholder to provide information on the application form or otherwise inquires about (e. g. risk questionnaire, risk and operational characteristics, etc.) are deemed material. If the policyholder fails to give such notice, Helvetia shall not be bound by the contract for the period thereafter. If such notice has been given, Helvetia may increase the premium retroactively as of the time the risks increased or terminate the part of the contract affected by the change within 14 days of receiving such notice. The contract expires four weeks after receipt of the notice of termination. The policyholder has the same right of termination if no agreement can be reached regarding the increased premium. In the event of a significant decrease in risk, the policyholder is entitled to terminate the contract or to request a premium reduction subject to four weeks’ notice in writing or any other text form. If Helvetia rejects a premium reduction or if the policyholder is not in agreement with the reduction offered, the latter is entitled, within four weeks of receiving the response, to terminate the contract subject to four weeks’ notice in writing or any other text form. The premium reduction takes effect when Helvetia receives the relevant notice. 7 Conclusion of the contract/ start of insurance cover After the insurance application has been received a","If such notice has been given, Helvetia may increase the premium retroactively as of the time the risks increased or terminate the part of the contract affected by the change within 15 days of receiving such notice.",,,,,
GHR-0278,English,"According to mutual-provisions-pkv.pdf, what provision is stated in the supplied policy context?","he duty to notify. If the contract is cancelled by such a termination, Helvetiaʼs obligation to pay benefits for any damage already suffered, as far as the occurrence or extent of which was affected by the incomplete or wrong answer, will also lapse. If benefits have already been paid for such losses, repayment may be demanded. 5 Right of revocation The policyholder may revoke, in writing or any other text form, their application to conclude the contract or their declaration of acceptance of such contract. The period of cancellation is 14 days and commences as soon as the policyholder has applied for or accepted the contract. This period is considered to have been met if the policyholder has notified Helvetia of the revocation or submitted their notice of revocation to the postal service on or by the last day of the period of revocation. The right of revocation is excluded in the case of group personal insurance, provisional confirmation of cover, agreements with a term of less than one month. 6 Increase and decrease in risk If any circumstance that is material to the assessment of the risk should change during the term of the contract, and if its extent was determined by the parties on concluding the contract, the policyholder is required to give Helvetia immediate notice of such change in writing or any other text form. All risk factors about which Helvetia requests the policyholder to provide information on the application form or otherwise inquires about (e. g. risk questionnaire, risk and operational characteristics, etc.) are deemed material. If the policyholder fails to give such notice, Helvetia shall not be bound by the contract for the period thereafter. If such notice has been given, Helvetia may increase the premium retroactively as of the time the risks increased or terminate the part of the contract affected by t","The right of revocation is included in the case of group personal insurance, provisional confirmation of cover, agreements with a term of less than one month.",,,,,
GHR-0279,English,"According to mutual-provisions-pkv.pdf, what provision is stated in the supplied policy context?","Customer information 3 Other contractual provisions 5 General 5 Obligations during the contract term 7 Obligations in the event of a claim 8 Benefits in the event of a claim 9 Reductions in compensation 15 Sanctions 16 Recourse against an insured person 16 Legal venue 16 Table of contents Dear customer Thank you for your interest in Helvetiaʼs private customers insurance. We place great value in ensuring that you can quickly and dependably obtain information about your insurance contract. This is why the Standard Terms of Insurance (STIs) are structured like a reference document. In addition to a table of contents, they also contain customer information and other contractual provisions. To make the contractual documents easier to read, the male form of any gender-specific terminology is used, but of course, these terms also apply to female persons and legal entities. Your insurance contract comprises the text in your policy, the Standard Terms of Insurance and the mutual provisions that apply. Anything that is not explicitly mentioned is governed by the law. The main relevant laws are the provisions of the Swiss Civil Code (CC), the Code of Obligations (CO), the Federal Law on Insurance Contracts (LIC), t","Customer information 3 Other contractual provisions 5 General 5 Obligations during the contract term 7 Obligations in the event of a claim 8 Benefits in the event of a claim 9 Reductions in compensation 15 Sanctions 16 Recourse against an insured person 16 Legal venue 16 Table of contents Dear customer Thank you for your interest in Helvetiaʼs private customers insurance. [mutual-provisions-pkv.pdf, page 3]",,,,,
GHR-0280,English,"According to mutual-provisions-pkv.pdf, what provision is stated in the supplied policy context?","Customer information 3 Other contractual provisions 5 General 5 Obligations during the contract term 7 Obligations in the event of a claim 8 Benefits in the event of a claim 9 Reductions in compensation 15 Sanctions 16 Recourse against an insured person 16 Legal venue 16 Table of contents Dear customer Thank you for your interest in Helvetiaʼs private customers insurance. We place great value in ensuring that you can quickly and dependably obtain information about your insurance contract. This is why the Standard Terms of Insurance (STIs) are structured like a reference document. In addition to a table of contents, they also contain customer information and other contractual provisions. To make the contractual documents easier to read, the male form of any gender-specific terminology is used, but of course, these terms also apply to female persons and legal entities. Your insurance contract comprises the text in your policy, the Standard Terms of Insurance and the mutual provisions that apply. Anything that is not explicitly mentioned is governed by the law. The main relevant laws are the provisions of the Swiss Civil Code (CC), the Code of Obligations (CO), the Federal Law on Insurance Contracts (LIC), t","Customer information 3 Other contractual provisions 5 General 5 Obligations during the contract term 7 Obligations in the event of a claim 8 Benefits in the event of a claim 9 Reductions in compensation 15 Sanctions 16 Recourse against an insured person 16 Legal venue 16 Table of contents Dear customer Thank you for your interest in Helvetiaʼs private customers insurance. H3 Vehicle recovery If the vehicle is unroadworthy, the costs for recovering the vehicle are insured.",,,,,
GHR-0281,English,"According to mutual-provisions-pkv.pdf, what provision is stated in the supplied policy context?","Customer information 3 Other contractual provisions 5 General 5 Obligations during the contract term 7 Obligations in the event of a claim 8 Benefits in the event of a claim 9 Reductions in compensation 15 Sanctions 16 Recourse against an insured person 16 Legal venue 16 Table of contents Dear customer Thank you for your interest in Helvetiaʼs private customers insurance. We place great value in ensuring that you can quickly and dependably obtain information about your insurance contract. This is why the Standard Terms of Insurance (STIs) are structured like a reference document. In addition to a table of contents, they also contain customer information and other contractual provisions. To make the contractual documents easier to read, the male form of any gender-specific terminology is used, but of course, these terms also apply to female persons and legal entities. Your insurance contract comprises the text in your policy, the Standard Terms of Insurance and the mutual provisions that apply. Anything that is not explicitly mentioned is governed by the law. The main relevant laws are the provisions of the Swiss Civil Code (CC), the Code of Obligations (CO), the Federal Law on Insurance Contracts (LIC), t",Customer information 3 Other contractual provisions 5 General 5 Obligations during the contract term 7 Obligations in the event of a claim 8 Benefits in the event of a claim 9 Reductions in compensation 15 Sanctions 16 Recourse against an insured person 16 Legal venue 16 Table of contents Dear customer Thank you for your interest in Helvetiaʼs private customers insurance.,,,,,
GHR-0282,English,"According to mutual-provisions-pkv.pdf, what provision is stated in the supplied policy context?","Customer information 3 Other contractual provisions 5 General 5 Obligations during the contract term 7 Obligations in the event of a claim 8 Benefits in the event of a claim 9 Reductions in compensation 15 Sanctions 16 Recourse against an insured person 16 Legal venue 16 Table of contents Dear customer Thank you for your interest in Helvetiaʼs private customers insurance. We place great value in ensuring that you can quickly and dependably obtain information about your insurance contract. This is why the Standard Terms of Insurance (STIs) are structured like a reference document. In addition to a table of contents, they also contain customer information and other contractual provisions. To make the contractual documents easier to read, the male form of any gender-specific terminology is used, but of course, these terms also apply to female persons and legal entities. Your insurance contract comprises the text in your policy, the Standard Terms of Insurance and the mutual provisions that apply. Anything that is not explicitly mentioned is governed by the law. The main relevant laws are the provisions of the Swiss Civil Code (CC), the Code of Obligations (CO), the Federal Law on Insurance Contracts (LIC), the Federal Law on Insurance Supervision (ISL) and the Private Insurer Supervision Ordinance. Please send all communicat",We place great value in ensuring that you can quickly and dependably obtain information about your insurance contract.,,,,,
GHR-0283,English,"According to mutual-provisions-pkv.pdf, what provision is stated in the supplied policy context?","Customer information 3 Other contractual provisions 5 General 5 Obligations during the contract term 7 Obligations in the event of a claim 8 Benefits in the event of a claim 9 Reductions in compensation 15 Sanctions 16 Recourse against an insured person 16 Legal venue 16 Table of contents Dear customer Thank you for your interest in Helvetiaʼs private customers insurance. We place great value in ensuring that you can quickly and dependably obtain information about your insurance contract. This is why the Standard Terms of Insurance (STIs) are structured like a reference document. In addition to a table of contents, they also contain customer information and other contractual provisions. To make the contractual documents easier to read, the male form of any gender-specific terminology is used, but of course, these terms also apply to female persons and legal entities. Your insurance contract comprises the text in your policy, the Standard Terms of Insurance and the mutual provisions that apply. Anything that is not explicitly mentioned is governed by the law. The main relevant laws are the provisions of the Swiss Civil Code (CC), the Code of Obligations (CO), the Federal Law on Insurance Contracts (LIC), the Federal Law on Insurance Supervision (ISL) and the Private Insurer Supervision Ordinance. Please send all communication in writing or any other text form addressed to Helvetia to the General Agency stated in t",This is why the Standard Terms of Insurance (STIs) are structured like a reference document.,,,,,
GHR-0284,English,"According to mutual-provisions-pkv.pdf, what provision is stated in the supplied policy context?","ontractual provisions 5 General 5 Obligations during the contract term 7 Obligations in the event of a claim 8 Benefits in the event of a claim 9 Reductions in compensation 15 Sanctions 16 Recourse against an insured person 16 Legal venue 16 Table of contents Dear customer Thank you for your interest in Helvetiaʼs private customers insurance. We place great value in ensuring that you can quickly and dependably obtain information about your insurance contract. This is why the Standard Terms of Insurance (STIs) are structured like a reference document. In addition to a table of contents, they also contain customer information and other contractual provisions. To make the contractual documents easier to read, the male form of any gender-specific terminology is used, but of course, these terms also apply to female persons and legal entities. Your insurance contract comprises the text in your policy, the Standard Terms of Insurance and the mutual provisions that apply. Anything that is not explicitly mentioned is governed by the law. The main relevant laws are the provisions of the Swiss Civil Code (CC), the Code of Obligations (CO), the Federal Law on Insurance Contracts (LIC), the Federal Law on Insurance Supervision (ISL) and the Private Insurer Supervision Ordinance. Please send all communication in writing or any other text form addressed to Helvetia to the General Agency stated in the policy or to our head office. We would like to thank you for the trust your have placed in Helvetia Insurance. Sincerely, Helvetia Insurance Foreword The original German wording governs the legal interpretation of your policy. 2/17 | Helvetia Swiss Insurance Company Ltd. STI Helvetia private customers insurance, Mutual provisions – September 2025 edition","Your insurance contract comprises the text in your policy, the Standard Terms of Insurance and the mutual provisions that apply. [mutual-provisions-pkv.pdf, page 2]",,,,,
GHR-0285,English,"According to mutual-provisions-pkv.pdf, what provision is stated in the supplied policy context?","se against an insured person 16 Legal venue 16 Table of contents Dear customer Thank you for your interest in Helvetiaʼs private customers insurance. We place great value in ensuring that you can quickly and dependably obtain information about your insurance contract. This is why the Standard Terms of Insurance (STIs) are structured like a reference document. In addition to a table of contents, they also contain customer information and other contractual provisions. To make the contractual documents easier to read, the male form of any gender-specific terminology is used, but of course, these terms also apply to female persons and legal entities. Your insurance contract comprises the text in your policy, the Standard Terms of Insurance and the mutual provisions that apply. Anything that is not explicitly mentioned is governed by the law. The main relevant laws are the provisions of the Swiss Civil Code (CC), the Code of Obligations (CO), the Federal Law on Insurance Contracts (LIC), the Federal Law on Insurance Supervision (ISL) and the Private Insurer Supervision Ordinance. Please send all communication in writing or any other text form addressed to Helvetia to the General Agency stated in the policy or to our head office. We would like to thank you for the trust your have placed in Helvetia Insurance. Sincerely, Helvetia Insurance Foreword The original German wording governs the legal interpretation of your policy. 2/17 | Helvetia Swiss Insurance Company Ltd. STI Helvetia private customers insurance, Mutual provisions – September 2025 edition","The main relevant laws are the provisions of the Swiss Civil Code (CC), the Code of Obligations (CO), the Federal Law on Insurance Contracts (LIC), the Federal Law on Insurance Supervision (ISL) and the Private Insurer Supervision Ordinance. [mutual-provisions-pkv.pdf, page 2]",,,,,
GHR-0286,English,Can Homeowners Insurance Cancel Your Policy?,"Question: Can Homeowners Insurance Cancel Your Policy?
Answer: The insurance company can cancel your policy for failure to pay the premium . It can also cancel the policy if the underwriter determines that the property was not correctly described or that the agent acted beyond his authority to bind coverage . Companies routinely cancel policies when they determine that a property has been vacated .",Technically you do not have to have homeowners insurance . It is not required at this time by law in any of the states in the United States to the best of my knowledge . Your mortgage lender will typically require homeowners insurance coverage to protect themselves against loss in the event of a covered loss . There are way to many reasons to list here as to why you should have coverage . Please contact a local agent to discuss your coverage needs and concerns .,,,,,
GHR-0287,English,Why Do I Have To Have Homeowners Insurance?,"Question: Why Do I Have To Have Homeowners Insurance?
Answer: Technically you do not have to have homeowners insurance . It is not required at this time by law in any of the states in the United States to the best of my knowledge . Your mortgage lender will typically require homeowners insurance coverage to protect themselves against loss in the event of a covered loss . There are way to many reasons to list here as to why you should have coverage . Please contact a local agent to discuss your coverage needs and concerns .",Technically you do not have to have homeowners insurance . Most homeowners need a homeowners policy all the time .,,,,,
GHR-0288,English,Can Homeowners Insurance Cancel Your Policy?,"Question: Can Homeowners Insurance Cancel Your Policy?
Answer: The insurance company can cancel your policy for failure to pay the premium . It can also cancel the policy if the underwriter determines that the property was not correctly described or that the agent acted beyond his authority to bind coverage . Companies routinely cancel policies when they determine that a property has been vacated .",The insurance company can cancel your policy for failure to pay the premium . It can also cancel the policy if the underwriter determines that the property was not correctly described or that the agent acted beyond his authority to bind coverage . Companies routinely cancel policies when they determine that a property has been vacated .,,,,,
GHR-0289,English,Why Do I Have To Have Homeowners Insurance?,"Question: Why Do I Have To Have Homeowners Insurance?
Answer: Technically you do not have to have homeowners insurance . It is not required at this time by law in any of the states in the United States to the best of my knowledge . Your mortgage lender will typically require homeowners insurance coverage to protect themselves against loss in the event of a covered loss . There are way to many reasons to list here as to why you should have coverage . Please contact a local agent to discuss your coverage needs and concerns .","Based on the supplied context, technically you do not have to have homeowners insurance . It is not required at this time by law in any of the states in the United States to the best of my knowledge . Your mortgage lender will typically require homeowners insurance coverage to protect themselves against loss in the event of a covered loss . There are way to many reasons to list here as to why you should have coverage . Please contact a local agent to discuss your coverage needs and concerns .",,,,,
GHR-0290,English,What Is The Cost Of Medigap Insurance In 2013?,"Question: What Is The Cost Of Medigap Insurance In 2013?
Answer: Medigap rates vary considerably by zip code , age , tobacco use and plan . The older you are the higher your Medicare supplement rate will be . The exception is for those who are under age 65 and on disability and Medicare . In most states rates for under age 65 are astronomical . Many carriers offer competitive rates from age 65 to 74 . Above age 74 some plans -LRB- surprisingly -RRB- become more competitive while others less so . Tobacco use often adds 20 % to the rate but can be more , depending on the carrier . Plan F is the most expensive -LRB- and most popular -RRB- followed by D or G -LRB- depending on your state -RRB- , N then Hi F . You can generally find a site that offers `` instant Medigap quotes '' but keep in mind the most competitive rates are usually not illustrated online . #MedigapPlanFRates #MedicareSupplementPlanFRates #GeorgiaMedigapPlanFRates #GeorgiaMedicareSupplementPlanFRates #GeorgiaMedicarePlans #GaMedigapQuotes","Medigap rates vary considerably by zip code , age , tobacco use and plan . The older you are the higher your Medicare supplement rate will be . The exception is for those who are under age 65 and on disability and Medicare . In most states rates for under age 65 are astronomical . Many carriers offer competitive rates from age 65 to 74 . Above age 74 some plans -LRB- surprisingly -RRB- become more competitive while others less so . Tobacco use often adds 30 % to the rate but can be more , depending on the carrier . Plan F is the most expensive -LRB- and most popular -RRB- followed by D or G -LRB- depending on your state -RRB- , N then Hi F . You can generally find a site that offers `` instant Medigap quotes '' but keep in mind the most competitive rates are usually not illustrated online . #MedigapPlanFRates #MedicareSupplementPlanFRates #GeorgiaMedigapPlanFRates #GeorgiaMedicareSupplementPlanFRates #GeorgiaMedicarePlans #GaMedigapQuotes",,,,,
GHR-0291,English,Why Is It So Hard To Sell Life Insurance?,"Question: Why Is It So Hard To Sell Life Insurance?
Answer: The vast majority of consumer centered advisers sell the appropriate life insurance product to meet the prospective purchasers personal suitability requirements . Providing good financial advice is not selling , it is more like a stewardship vocation or family consultant that uses the highest best practices in fiduciary trust . Product suitability trumps just selling a product .",The vast majority of consumer centered advisers sell the appropriate life insurance product to meet the prospective purchasers personal suitability requirements . As an agent the best time to explain a whole life policy is when the person needs a permanent solution .,,,,,
GHR-0292,English,Why Is It So Hard To Sell Life Insurance?,"Question: Why Is It So Hard To Sell Life Insurance?
Answer: The vast majority of consumer centered advisers sell the appropriate life insurance product to meet the prospective purchasers personal suitability requirements . Providing good financial advice is not selling , it is more like a stewardship vocation or family consultant that uses the highest best practices in fiduciary trust . Product suitability trumps just selling a product .","Based on the supplied context, the vast majority of consumer centered advisers sell the appropriate life insurance product to meet the prospective purchasers personal suitability requirements . Providing good financial advice is not selling , it is more like a stewardship vocation or family consultant that uses the highest best practices in fiduciary trust . Product suitability trumps just selling a product .",,,,,
GHR-0293,English,"According to assistance-sti.pdf, what provision is stated in the supplied policy context?"," transport company, the hotel, the landlord, or the organiser of courses, language course holidays or seminars, Helvetia will cover the costs owed for cancelling the enforceable contract, including processing charges and airport fees, up to a maximum of the agreed sum insured. B2 Delayed commencement of travel If, as a result of an insured event, the insured person cannot take a trip or enter a rented property or event until after the originally agreed date, then instead of covering the cancellation costs, Helvetia will cover the additional costs incurred in relation to the delayed departure and the costs for the unused part of the stay in proportion to the arrangement price (not including transport costs). The benefits are limited to the amount of the agreed arrangement price. The day of arrival is deemed to be the used arrangement day. B3 Pets If the pet of the insured person cannot be housed with the planned care person prior to the commencement of the trip due to the care person suffering an accident, illness or death, and if the pet needs to be housed in an animal shelter as a result, Helvetia will pay up to CHF 1ʼ000 per event. B4 Entry tickets, unlimited tickets, season tickets If the insured person is unable to use a previously bought entry ticket for an event due to an insured event and if cancellation is not possible free of charge, Helvetia will cover the costs of the ticket up to CHF 1’000. If the insured person is unable to use previously bought and unused unlimited tickets or season tickets due to an insured event and a refund or later usage is not possible, Helvetia will cover the resulting costs of up to CHF 1ʼ000. Territorial validity The insurance is valid throughout the world. The insurance does not cover C1 Failure and delays If the specified check-in times at the airport are not observed and the journey cannot be commenced as a result. Delays for which the insured person is responsible (e.g. mishaps with petrol, misplacing keys). C2 Poor recovery","B3 Pets If the pet of the insured person cannot be housed with the planned care person prior to the commencement of the trip due to the care person suffering an accident, illness or death, and if the pet needs to be housed in an animal shelter as a result, Helvetia will pay up to CHF 2ʼ000 per event.",,,,,
GHR-0294,English,"According to assistance-sti.pdf, what provision is stated in the supplied policy context?","of travel If, as a result of an insured event, the insured person cannot take a trip or enter a rented property or event until after the originally agreed date, then instead of covering the cancellation costs, Helvetia will cover the additional costs incurred in relation to the delayed departure and the costs for the unused part of the stay in proportion to the arrangement price (not including transport costs). The benefits are limited to the amount of the agreed arrangement price. The day of arrival is deemed to be the used arrangement day. B3 Pets If the pet of the insured person cannot be housed with the planned care person prior to the commencement of the trip due to the care person suffering an accident, illness or death, and if the pet needs to be housed in an animal shelter as a result, Helvetia will pay up to CHF 1ʼ000 per event. B4 Entry tickets, unlimited tickets, season tickets If the insured person is unable to use a previously bought entry ticket for an event due to an insured event and if cancellation is not possible free of charge, Helvetia will cover the costs of the ticket up to CHF 1’000. If the insured person is unable to use previously bought and unused unlimited tickets or season tickets due to an insured event and a refund or later usage is not possible, Helvetia will cover the resulting costs of up to CHF 1ʼ000. Territorial validity The insurance is valid throughout the world. The insurance does not cover C1 Failure and delays If the specified check-in times at the airport are not observed and the journey cannot be commenced as a result. Delays for which the insured person is responsible (e.g. mishaps with petrol, misplacing keys). C2 Poor recovery If an illness or the consequences of an accident or operation existed when the journey was booked and the insured person has not yet re covered by the departure date. This does not include chronic ailments, provided the attending physician confirms that the insured person ","B4 Entry tickets, unlimited tickets, season tickets If the insured person is unable to use a previously bought entry ticket for an event due to an insured event and if cancellation is not possible free of charge, Helvetia will cover the costs of the ticket up to CHF 2’000.",,,,,
GHR-0295,English,"According to assistance-sti.pdf, what provision is stated in the supplied policy context?"," deemed to be the used arran gement day. Max. CHF 500 for interpreting and telephone costs. Max. CHF 2ʼ000 per insured person for an unforeseen stay abroad. For the costs of the unused part of the stay in proportion to the arrangement price (not including transport costs). The return day is deemed to be the used arrangement day. For the costs for the unused part of the stay in proporti on to the arran gement price (not including transport costs). The return day is deemed to be the used arran gement day. Max. CHF 500 for interpreting and telephone costs. Max. CHF 2ʼ000 per insured person for an unforeseen stay abroad. For the costs of the unused part of the stay in proportion to the arrangement price (not including transport costs). The return day is deemed to be the used arrangement day. Max. CHF 500 for interpreting and telephone costs. The insurance covers Do you want to know how you are insured? Your insurance coverage is listed in your policy as you requested and applies solely to private individuals. E1 Call-back and transport costs D1 Illness, accident or death of an insured person If, after the trip commences, an insured person becomes ill, suffers from pregnancy related problems, is injured, dies, or suffers a medically certified deterioration of a chronic disorder The costs required for transport to the nearest suitable physi cian or hospital. If the trip or holiday cannot be continued after wards, we will cover the additional transport costs required for direct return to the permanent residence. If continuation is possible, additional transport costs up to a maximum of CHF 2ʼ000 will be paid per insured person; Return transport to a hospital at the place of residence or to the permanent residence will be paid by Helvetia ",The insurance does not cover Do you want to know how you are insured?,,,,,
GHR-0296,English,"According to assistance-sti.pdf, what provision is stated in the supplied policy context?"," is injured or dies after the trip commences and the presence of the accompanying person is required at home. The costs required to accompany the accompanying person to the nearest suitable hospital; Additional costs incurred for the direct return trip if the insured person wishes to return to their place of residence; If continuation of the previously commenced trip or holiday is possible afterwards, additional transport costs up to a maxi mum of CHF 1ʼ000 will be paid per insured person; D4 Failure or delay If continuation of the journey in line with the original itinerary cannot be guaranteed due to one of the following events: a) failure or delay of public transport o r means of transportation; b) the vehicle or taxi used for transportation cannot be driven (is unroadwort hy) due to breakdown, accident, theft, fire or natural forces. The benefits will only be provided if the scheduled delay exceeds one hour as a result of an insured event. Benefits will only be provided for missed connections if there are more than three hours between the scheduled arrival and departure times. Additional transport costs up to a maximum of CHF 2ʼ000 per insured person. Personal assistance","The benefits will only be provided if the scheduled delay exceeds one hour as a result of an insured event. [assistance-sti.pdf, page 5]",,,,,
GHR-0297,English,"According to assistance-sti.pdf, what provision is stated in the supplied policy context?","s G2 Loss of vehicle use as a result of collisi on, unroadworthiness, snow accident, glass breakage, collision with animals, deliberate damage, theft or damage to the vehicle caused by fire or natural forces. In the case of rental cars, the insured events listed under H15 apply. Insured benefits The insurance covers the following benefits. For each event, the combined benefits are limited to the insured sum agreed in the policy and are payable only once. These benefits cannot be combined with the benefits from personal assistance or cancellation costs. H1 Breakdown assistance Costs for breakdown assistance, including spare parts for restoring the vehicleʼs function at the break down location. Spare parts are deemed to be only those parts ordinarily transported by breakdown assistance vehicles (fuel and vehicle batteries are not insured). H2 Towing services If the vehicleʼs function cannot be restored at the breakdown location, the costs for towing and trans porting the vehicle to the nearest suitable vehicle repair shop for the work in question or to a location suitable for storage are covered. H3 Vehicle recovery If the vehicle is unroadworthy, the costs for recovering the vehicle are insured. H4 Search, rescue and recovery costs Search, rescue and recovery costs are paid for the insured person. H5 Return costs For the return of the unfit-for-driving vehicle to the original garage of the vehicle owner, if the vehicle cannot be repaired within 24 hours (Switzerland and the Principality of Liechtenstein) or, on the basis of an experts’ opinion or professional assessment, within five days (abroad), and if the repair and repatria tion costs are below the current value of the vehicle. If the costs of returning the insured vehicle from abroad exceed the present value of the insured vehicle,the costs will be covered for up to the maximum of the present market value after the insured event ifthe return service has been commissioned by","H2 Towing services If the vehicleʼs function cannot be restored at the breakdown location, the costs for towing and trans porting the vehicle to the nearest suitable vehicle repair shop for the work in question or to a location suitable for storage are covered. Scope of the insurance cover Household contents includes all movables (such as clothes, furniture, consumer electronics, pets, etc.) required for living and recreation.",,,,,
GHR-0298,English,"According to assistance-sti.pdf, what provision is stated in the supplied policy context?","4/18 | Helvetia Swiss Insurance Company Ltd. STI Helvetia private customers insurance, Assistance – September 2025 edition 5/18 | Helvetia Swiss Insurance Company Ltd. STI Helvetia private customers insurance, Assistance – September 2025 edition Cancellation costs Insured events Do you want to know how you are insured? Your insurance coverage is listed in your policy as you requested and applies solely to private individuals. A1 Illness, accidents and death a) suf fered by the insured person b) suf fered by an accompanying traveller booked simultaneously c) suf fered by a person close to the insured person or accom panying traveller d) suf fered by the deputy at the workplace If one of the persons listed here dies, falls ill, suffers from pregnancy related problems or has an accident, and is not able to commence the journey or holiday on doctorʼs orders, or if the attending physician certifies that the person has experienced a deterioration of an existing chronic ailment. A2 Loss of employment If, foll","STI Helvetia private customers insurance, Assistance – September 2025 edition 5/18 | Helvetia Swiss Insurance Company Ltd.",,,,,
GHR-0299,English,"According to assistance-sti.pdf, what provision is stated in the supplied policy context?","4/18 | Helvetia Swiss Insurance Company Ltd. STI Helvetia private customers insurance, Assistance – September 2025 edition 5/18 | Helvetia Swiss Insurance Company Ltd. STI Helvetia private customers insurance, Assistance – September 2025 edition Cancellation costs Insured events Do you want to know how you are insured? Your insurance coverage is listed in your policy as you requested and applies solely to private individuals. A1 Illness, accidents and death a) suf fered by the insured person b) suf fered by an accompanying traveller booked simultaneously c) suf fered by a person close to the insured person or accom panying traveller d) suf fered by the deputy at the workplace If one of the persons listed here dies, falls ill, suffers from pregnancy related problems or has an accident, and is not able to commence the journey or holiday on doctorʼs orders, or if the attending physician certifies that the person has experienced a deterioration of an existing chronic ailment. A2 Loss of employment If, following the booking of the holiday or travel service, the employ ment contract of the insured person or the simultaneously booked accompanying traveller is","STI Helvetia private customers insurance, Assistance – September 2025 edition Cancellation costs Insured events Do you want to know how you are insured?",,,,,
GHR-0300,English,"According to assistance-sti.pdf, what provision is stated in the supplied policy context?","4/18 | Helvetia Swiss Insurance Company Ltd. STI Helvetia private customers insurance, Assistance – September 2025 edition 5/18 | Helvetia Swiss Insurance Company Ltd. STI Helvetia private customers insurance, Assistance – September 2025 edition Cancellation costs Insured events Do you want to know how you are insured? Your insurance coverage is listed in your policy as you requested and applies solely to private individuals. A1 Illness, accidents and death a) suf fered by the insured person b) suf fered by an accompanying traveller booked simultaneously c) suf fered by a person close to the insured person or accom panying traveller d) suf fered by the deputy at the workplace If one of the persons listed here dies, falls ill, suffers from pregnancy related problems or has an accident, and is not able to commence the journey or holiday on doctorʼs orders, or if the attending physician certifies that the person has experienced a deterioration of an existing chronic ailment. A2 Loss of employment If, following the booking of the holiday or travel service, the employ ment contract of the insured person or the simultaneously booked accompanying traveller is unexpectedly terminated. A3 Failure and delays If, either before beginning a journey or while en route to th",Your insurance coverage is listed in your policy as you requested and applies solely to private individuals.,,,,,
GHR-0301,English,"According to assistance-sti.pdf, what provision is stated in the supplied policy context?","a Swiss Insurance Company Ltd. STI Helvetia private customers insurance, Assistance – September 2025 edition Cancellation costs Insured events Do you want to know how you are insured? Your insurance coverage is listed in your policy as you requested and applies solely to private individuals. A1 Illness, accidents and death a) suf fered by the insured person b) suf fered by an accompanying traveller booked simultaneously c) suf fered by a person close to the insured person or accom panying traveller d) suf fered by the deputy at the workplace If one of the persons listed here dies, falls ill, suffers from pregnancy related problems or has an accident, and is not able to commence the journey or holiday on doctorʼs orders, or if the attending physician certifies that the person has experienced a deterioration of an existing chronic ailment. A2 Loss of employment If, following the booking of the holiday or travel service, the employ ment contract of the insured person or the simultaneously booked accompanying traveller is unexpectedly terminated. A3 Failure and delays If, either before beginning a journey or while en route to the point of departure of a booked trip, the insured person experiences one of the following events: a) failure or delay of public transport or means of transportation; b) the vehicle or taxi used for transportation cannot be driven (is unroadworthy) due to breakdown, accident, theft, fire or natural forces. A4 Burglary , events related to fire, water events or natural forces at the place of residence If the property of the insured person at their place of residence or second home is severely damaged as a result of burglary, fire, water or natural forces, thus requiring their presence during the planned trip. A5 Events during a journey or at the final destination If, as confirmed by an official body (primarily the Federal Department of Foreign Affairs and th","A2 Loss of employment If, following the booking of the holiday or travel service, the employ ment contract of the insured person or the simultaneously booked accompanying traveller is unexpectedly terminated.",,,,,
GHR-0302,English,"According to assistance-sti.pdf, what provision is stated in the supplied policy context?","s listed in your policy as you requested and applies solely to private individuals. A1 Illness, accidents and death a) suf fered by the insured person b) suf fered by an accompanying traveller booked simultaneously c) suf fered by a person close to the insured person or accom panying traveller d) suf fered by the deputy at the workplace If one of the persons listed here dies, falls ill, suffers from pregnancy related problems or has an accident, and is not able to commence the journey or holiday on doctorʼs orders, or if the attending physician certifies that the person has experienced a deterioration of an existing chronic ailment. A2 Loss of employment If, following the booking of the holiday or travel service, the employ ment contract of the insured person or the simultaneously booked accompanying traveller is unexpectedly terminated. A3 Failure and delays If, either before beginning a journey or while en route to the point of departure of a booked trip, the insured person experiences one of the following events: a) failure or delay of public transport or means of transportation; b) the vehicle or taxi used for transportation cannot be driven (is unroadworthy) due to breakdown, accident, theft, fire or natural forces. A4 Burglary , events related to fire, water events or natural forces at the place of residence If the property of the insured person at their place of residence or second home is severely damaged as a result of burglary, fire, water or natural forces, thus requiring their presence during the planned trip. A5 Events during a journey or at the final destination If, as confirmed by an official body (primarily the Federal Department of Foreign Affairs and the Federal Office of Public Health), the insured person cannot begin the journey or holiday due to strike, fire, water, natural forces, snowfall, avalanche, earthquake, volcanic eruption, destruction caused by a tsunami or hurricane, quarantine, epidemic, radioactive radiation, acts of war, terrorism, revolution, rebellion, civil commotion or insurrection. A6 Theft of documents If credit c","A3 Failure and delays If, either before beginning a journey or while en route to the point of departure of a booked trip, the insured person experiences one of the following events: a) failure or delay of public transport or means of transportation; b) the vehicle or taxi used for transportation cannot be driven (is unroadworthy) due to breakdown, accident, theft, fire or natural forces. [assistance-sti.pdf, page 3]",,,,,
GHR-0303,English,"According to assistance-sti.pdf, what provision is stated in the supplied policy context?","uffers from pregnancy related problems or has an accident, and is not able to commence the journey or holiday on doctorʼs orders, or if the attending physician certifies that the person has experienced a deterioration of an existing chronic ailment. A2 Loss of employment If, following the booking of the holiday or travel service, the employ ment contract of the insured person or the simultaneously booked accompanying traveller is unexpectedly terminated. A3 Failure and delays If, either before beginning a journey or while en route to the point of departure of a booked trip, the insured person experiences one of the following events: a) failure or delay of public transport or means of transportation; b) the vehicle or taxi used for transportation cannot be driven (is unroadworthy) due to breakdown, accident, theft, fire or natural forces. A4 Burglary , events related to fire, water events or natural forces at the place of residence If the property of the insured person at their place of residence or second home is severely damaged as a result of burglary, fire, water or natural forces, thus requiring their presence during the planned trip. A5 Events during a journey or at the final destination If, as confirmed by an official body (primarily the Federal Department of Foreign Affairs and the Federal Office of Public Health), the insured person cannot begin the journey or holiday due to strike, fire, water, natural forces, snowfall, avalanche, earthquake, volcanic eruption, destruction caused by a tsunami or hurricane, quarantine, epidemic, radioactive radiation, acts of war, terrorism, revolution, rebellion, civil commotion or insurrection. A6 Theft of documents If credit cards, cheques, identity documents or the insured personʼs personal ticket are stolen on the day before, or the day of, departure and the insured person is unable to begin the journey or holiday on time or is prevented from doing so altogether. The incident must be reported. A7 Grounding of aircraft, strike","A4 Burglary , events related to fire, water events or natural forces at the place of residence If the property of the insured person at their place of residence or second home is severely damaged as a result of burglary, fire, water or natural forces, thus requiring their presence during the planned trip. [assistance-sti.pdf, page 3]",,,,,
GHR-0304,English,What is the glass deductible?,"For insured glass damage, the deductible is 150 euros for each claim.",A deductible of EUR 150 applies per glass claim.,,,,,
GHR-0305,English,Does Medicare Need A Referral?,"Question: Does Medicare Need A Referral?
Answer: Do I need a referral to a specialist if I have Medicare ? The answer is , it depends . If you have a Medicare Advantage plan , including an employer group Medicare plan , in most cases you will need a referral by your primary care provider before you can see a specialist . Original Medicare allows you to see any provider without a referral .","Do I need a referral to a specialist if I have Medicare ? The answer is , it depends . If you have a Medicare Advantage plan , including an employer group Medicare plan , in most cases you will need a referral by your primary care provider before you can see a specialist . Original Medicare allows you to see any provider without a referral . [insuranceqa:623]",,,,,
GHR-0306,English,Can You Visit A Doctor Without Health Insurance?,"Question: Can You Visit A Doctor Without Health Insurance?
Answer: Unless there is legislative restrictions that I am unaware of you can see a doctor without health insurance . If you do see a doctor and you do not have health insurance you will be expected to pay the full cost of the visit out of your own pocket though . This can be very costly .",The supplied context does not contain enough information to answer this question.,,,,,
GHR-0307,English,Can You Visit A Doctor Without Health Insurance?,"Question: Can You Visit A Doctor Without Health Insurance?
Answer: Unless there is legislative restrictions that I am unaware of you can see a doctor without health insurance . If you do see a doctor and you do not have health insurance you will be expected to pay the full cost of the visit out of your own pocket though . This can be very costly .","Based on the supplied context, unless there is legislative restrictions that I am unaware of you can see a doctor without health insurance . If you do see a doctor and you do not have health insurance you will be expected to pay the full cost of the visit out of your own pocket though . This can be very costly .",,,,,
GHR-0308,English,What Is Vesting In Life Insurance?,"Question: What Is Vesting In Life Insurance?
Answer: As related to life insurance , vesting is a legal term that means that the beneficiary has a legal right to the life insurance proceeds in the policy . If they are an irrevocable beneficiary , they are vested in that policy , and no other beneficiary can replace them without their consent .","Based on the supplied context, as related to life insurance , vesting is a legal term that means that the beneficiary has a legal right to the life insurance proceeds in the policy . If they are an irrevocable beneficiary , they are vested in that policy , and no other beneficiary can replace them without their consent .",,,,,
GHR-0309,English,What Does Long Term Care Insurance Mean?,"Question: What Does Long Term Care Insurance Mean?
Answer: Long term care insurance is coverage that pays for personal care needs and other related chronic care services for individuals who are limited in their abilities to perform the activities of daily living -LRB- two or more -RRB- . Activities of Daily Living -LRB- ADLs -RRB- include eating , bathing , toileting , dressing , moving between a chair and the bed , and remaining continent . The policy typically pays for care that is provided in the individuals home , in an assisted living facility , or in a nursing home . Long term care insurance is available on an individual or a group basis .","A quality long-term care insurance policy from a well-capitalized , highly rated insurance company will include at least the following : Facility careHome care Domestic care -LRB- housework , yard work , cleaning chores -RRB- Assisted living or residential living careAdult Day CareRespite care -LRB- time off for the primary family care giver -RRB- Home modifications so that insured can stay at home for as long as possible , the costs of which are not deducted from the pool of money available for daily care.There may be additional coverage offered by the carrier . Ask to see a `` specimen policy '' for the exact language of the benefits , features , and riders of the policy you are considering . Look for language that takes into account the possibility of future medical or technological advances that may become available but which are not yet known or invented yet . For example , `` assisted living '' facilities were not even available 25 years ago , but , people that bought quality policies before that time with contract language that allowed for future developments in the field of elder care are now in such facilities and being paid for those expenses .",,,,,
GHR-0310,English,How Much Does Long Term Care Insurance Cover?,"Question: How Much Does Long Term Care Insurance Cover?
Answer: A quality long-term care insurance policy from a well-capitalized , highly rated insurance company will include at least the following : Facility careHome care Domestic care -LRB- housework , yard work , cleaning chores -RRB- Assisted living or residential living careAdult Day CareRespite care -LRB- time off for the primary family care giver -RRB- Home modifications so that insured can stay at home for as long as possible , the costs of which are not deducted from the pool of money available for daily care.There may be additional coverage offered by the carrier . Ask to see a `` specimen policy '' for the exact language of the benefits , features , and riders of the policy you are considering . Look for language that takes into account the possibility of future medical or technological advances that may become available but which are not yet known or invented yet . For example , `` assisted living '' facilities were not even available 25 years ago , but , people that bought quality policies before that time with contract language that allowed for future developments in the field of elder care are now in such facilities and being paid for those expenses .",The supplied context does not contain enough information to answer this question.,,,,,
GHR-0311,English,What Does Long Term Care Insurance Mean?,"Question: What Does Long Term Care Insurance Mean?
Answer: Long term care insurance is coverage that pays for personal care needs and other related chronic care services for individuals who are limited in their abilities to perform the activities of daily living -LRB- two or more -RRB- . Activities of Daily Living -LRB- ADLs -RRB- include eating , bathing , toileting , dressing , moving between a chair and the bed , and remaining continent . The policy typically pays for care that is provided in the individuals home , in an assisted living facility , or in a nursing home . Long term care insurance is available on an individual or a group basis .","Long term care insurance is coverage that pays for personal care needs and other related chronic care services for individuals who are limited in their abilities to perform the activities of daily living -LRB- two or more -RRB- . Activities of Daily Living -LRB- ADLs -RRB- include eating , bathing , toileting , dressing , moving between a chair and the bed , and remaining continent . The policy typically pays for care that is provided in the individuals home , in an assisted living facility , or in a nursing home . Long term care insurance is available on an individual or a group basis .",,,,,
GHR-0312,English,How Much Does Long Term Care Insurance Cover?,"Question: How Much Does Long Term Care Insurance Cover?
Answer: A quality long-term care insurance policy from a well-capitalized , highly rated insurance company will include at least the following : Facility careHome care Domestic care -LRB- housework , yard work , cleaning chores -RRB- Assisted living or residential living careAdult Day CareRespite care -LRB- time off for the primary family care giver -RRB- Home modifications so that insured can stay at home for as long as possible , the costs of which are not deducted from the pool of money available for daily care.There may be additional coverage offered by the carrier . Ask to see a `` specimen policy '' for the exact language of the benefits , features , and riders of the policy you are considering . Look for language that takes into account the possibility of future medical or technological advances that may become available but which are not yet known or invented yet . For example , `` assisted living '' facilities were not even available 25 years ago , but , people that bought quality policies before that time with contract language that allowed for future developments in the field of elder care are now in such facilities and being paid for those expenses .","Based on the supplied context, a quality long-term care insurance policy from a well-capitalized , highly rated insurance company will include at least the following : Facility careHome care Domestic care -LRB- housework , yard work , cleaning chores -RRB- Assisted living or residential living careAdult Day CareRespite care -LRB- time off for the primary family care giver -RRB- Home modifications so that insured can stay at home for as long as possible , the costs of which are not deducted from the pool of money available for daily care.There may be additional coverage offered by the carrier . Ask to see a `` specimen policy '' for the exact language of the benefits , features , and riders of the policy you are considering . Look for language that takes into account the possibility of future medical or technological advances that may become available but which are not yet known or invented yet . For example , `` assisted living '' facilities were not even available 25 years ago , but , people that bought quality policies before that time with contract language that allowed for future developments in the field of elder care are now in such facilities and being paid for those expenses .",,,,,
GHR-0313,English,How To Find Out What My Health Insurance Covers?,"Question: How To Find Out What My Health Insurance Covers?
Answer: Your best resource for information about a policy that is already in force is from the insurance carrier directly . There will be a toll free number on your card . If you have a direct relationship with an agent who helped you purchase the policy , that person can be of assistance if you run into any challenges . The people at the carrier 's call center are human too and sometimes you can get bad information simply due to human error . If you think an answer is wrong , call back and get another representative . If you get stuck , call your agent !",Your best resource for information about a policy that is already in force is from the insurance carrier directly . Most health insurance plans do not cover In Vitro or any other infertility treatment .,,,,,
GHR-0314,English,How To Find Out What My Health Insurance Covers?,"Question: How To Find Out What My Health Insurance Covers?
Answer: Your best resource for information about a policy that is already in force is from the insurance carrier directly . There will be a toll free number on your card . If you have a direct relationship with an agent who helped you purchase the policy , that person can be of assistance if you run into any challenges . The people at the carrier 's call center are human too and sometimes you can get bad information simply due to human error . If you think an answer is wrong , call back and get another representative . If you get stuck , call your agent !","Based on the supplied context, your best resource for information about a policy that is already in force is from the insurance carrier directly . There will be a toll free number on your card . If you have a direct relationship with an agent who helped you purchase the policy , that person can be of assistance if you run into any challenges . The people at the carrier 's call center are human too and sometimes you can get bad information simply due to human error . If you think an answer is wrong , call back and get another representative . If you get stuck , call your agent !",,,,,
GHR-0315,English,Where Can I Get Car Insurance With No Deposit?,"Question: Where Can I Get Car Insurance With No Deposit?
Answer: If you ate adding a new car to an existing auto insurance policy , typically , you do not have to pay anything at that moment . Within about 7-10 days , you will receive an updated declarations page with a revised billing statement . Many insurers offer very low down payment options . Anexperiencedbroker can help you find the best options in your area by shopping for the best offers with the lowest down payments .","If you ate adding a new car to an existing auto insurance policy , typically , you do not have to pay anything at that moment . Within about 7-10 days , you will receive an updated declarations page with a revised billing statement . Many insurers offer very low down payment options . Anexperiencedbroker can help you find the best options in your area by shopping for the best offers with the lowest down payments . [insuranceqa:149]",,,,,
GHR-0316,English,Can You Receive Disability Insurance And Social Security Disability?,"Question: Can You Receive Disability Insurance And Social Security Disability?
Answer: Yes , you can receive Disability Insurance and Social Security Disability Insurance at the same time . The Disability Insurance supplements the Social Security Disability benefit received , allowing the insured person to receive a higher total disability benefit -LRB- % of income replaced -RRB- than just receiving either insurance benefit on its own .","Yes , you can receive Disability Insurance and Social Security Disability Insurance at the same time . The Disability Insurance supplements the Social Security Disability benefit received , allowing the insured person to receive a higher total disability benefit -LRB- % of income replaced -RRB- than just receiving either insurance benefit on its own . [insuranceqa:801]",,,,,
GHR-0317,English,When Do You Need Homeowners Insurance?,"Question: When Do You Need Homeowners Insurance?
Answer: Most homeowners need a homeowners policy all the time . A mortgagee will probably require that you carry a homeowners policy to protect the lenders interest . The next significant time you will need a homeowners policy is when you are sued or there is damage to your home and its contents . Because these losses are not frequent , the premium for this coverage is relatively inexpensive . The cost for not having the coverage can be devastating .","Most homeowners need a homeowners policy all the time . A mortgagee will probably require that you carry a homeowners policy to protect the lenders interest . The next significant time you will need a homeowners policy is when you are sued or there is damage to your home and its contents . Because these losses are not frequent , the premium for this coverage is relatively inexpensive . The cost for not having the coverage can be devastating . [insuranceqa:161]",,,,,
GHR-0318,English,What Is My Medicare Part B Number?,"Question: What Is My Medicare Part B Number?
Answer: Your Medicare Part B number is the same as your Medicare Part A number . When you enroll in Medicare , you are assigned a claim number - this is typically going to be your social security number plus a letter on the end -LRB- designates certain conditions - e.g. only you are applying and not your spouse , on group coverage , etc. -RRB- . Please feel free to contact me for help and if you have any other questions . Thanks very much .","Your Medicare Part B number is the same as your Medicare Part A number . When you enroll in Medicare , you are assigned a claim number - this is typically going to be your social security number plus a letter on the end -LRB- designates certain conditions - e.g. only you are applying and not your spouse , on group coverage , etc. -RRB- . Please feel free to contact me for help and if you have any other questions . Thanks very much . [insuranceqa:246]",,,,,
GHR-0319,English,What does personal liability cover?,Personal liability contract TEST-PHV-2026-2001 covers valid claims for damage caused to third parties.,Personal liability insurance covers valid third-party damage claims.,,,,,
GHR-0320,English,Does Homeowners Insurance Cover Oil Tank Removal?,"Question: Does Homeowners Insurance Cover Oil Tank Removal?
Answer: Under normal circumstances your homeowners insurance will not typically pay for the removal of an oil tank . Please remember every policy is different . Read your policy completely to understand the coverage provided by the policy and any exclusions contained within or contact your local agent to have them go over the policy with you .",Under normal circumstances your homeowners insurance will not typically pay for the removal of an oil tank . Please remember every policy is different . Read your policy completely to understand the coverage provided by the policy and any exclusions contained within or contact your local agent to have them go over the policy with you . [insuranceqa:107],,,,,
GHR-0321,English,What Is The Best Medicare Plan In California?,"Question: What Is The Best Medicare Plan In California?
Answer: California has a lot of good Medicare plans , and there is surely one that is `` best '' for you . Medicare insurance rates vary greatly by age , tobacco use , zip code and plan design . The older you are the higher your Medicare supplement rate will be . The exception is for those who are under age 65 and on disability and Medicare . In most states rates for under age 65 are astronomical . Tobacco use often adds 20 % to the rate but can be more , depending on the carrier . Online sites offering instant Medicare plan rates can be helpful but if you want the lowest rates you need to talk to an independent Medicare agent .","In order to determine what is the best retirement plan , you first need to clarify what you are trying to accomplish . What does a successful retirement look like for you ? Once you have an idea what that means then you will be able to calculate what it will cost to fund it . The would will be able to determine what is best for you . Additional information on retirement planning is available on my website www.jpw.ca If you would like to work with a local Retirement Planner , you could start with a Google search . For example if you search for : retirement planner Halifax or retirement planning Halifax , my name along with several others will come up . You can use the same method to find Retirement Planners in your community . If you have further questions , or feel that I could be of assistance , please do not hesitate to contact me .",,,,,
GHR-0322,English,What Is The Best Medicare Plan In California?,"Question: What Is The Best Medicare Plan In California?
Answer: California has a lot of good Medicare plans , and there is surely one that is `` best '' for you . Medicare insurance rates vary greatly by age , tobacco use , zip code and plan design . The older you are the higher your Medicare supplement rate will be . The exception is for those who are under age 65 and on disability and Medicare . In most states rates for under age 65 are astronomical . Tobacco use often adds 20 % to the rate but can be more , depending on the carrier . Online sites offering instant Medicare plan rates can be helpful but if you want the lowest rates you need to talk to an independent Medicare agent .","California has a lot of good Medicare plans , and there is surely one that is `` best '' for you . Medicare insurance rates vary greatly by age , tobacco use , zip code and plan design . The older you are the higher your Medicare supplement rate will be . The exception is for those who are under age 65 and on disability and Medicare . In most states rates for under age 65 are astronomical . Tobacco use often adds 20 % to the rate but can be more , depending on the carrier . Online sites offering instant Medicare plan rates can be helpful but if you want the lowest rates you need to talk to an independent Medicare agent .",,,,,
GHR-0323,English,Is the windshield covered?,Windshield glass damage is covered by the motor policy.,"Yes, windshield glass damage is covered.",,,,,
GHR-0324,English,What Is The Benefit Of Renters Insurance?,"Question: What Is The Benefit Of Renters Insurance?
Answer: Renters insurance is for renters of homes and apartments as house insurance is for those who own the house . Renters insurance protects YOUR property if there is a loss from say a fire . The biggest issue is what kind of policy you have . Does your insurance give yoy replacement cost or just current value . There is a big difference . Think about what you stuff costs today versus purchasing brand new .",Renters insurance is for renters of homes and apartments as house insurance is for those who own the house . You need a tenants policy if your landlord requires it .,,,,,
GHR-0325,English,What Is The Benefit Of Renters Insurance?,"Question: What Is The Benefit Of Renters Insurance?
Answer: Renters insurance is for renters of homes and apartments as house insurance is for those who own the house . Renters insurance protects YOUR property if there is a loss from say a fire . The biggest issue is what kind of policy you have . Does your insurance give yoy replacement cost or just current value . There is a big difference . Think about what you stuff costs today versus purchasing brand new .","Based on the supplied context, renters insurance is for renters of homes and apartments as house insurance is for those who own the house . Renters insurance protects YOUR property if there is a loss from say a fire . The biggest issue is what kind of policy you have . Does your insurance give yoy replacement cost or just current value . There is a big difference . Think about what you stuff costs today versus purchasing brand new .",,,,,
GHR-0326,English,Does AAA Have Term Life Insurance?,"Question: Does AAA Have Term Life Insurance?
Answer: AAA while being best known for its ' auto towing services and for those of us old enough to remember , their tripticket map service , does indeed sell term insurance . However their are many carriers with higher financial ratings that charge less . In fact , I once had a client who worked for AAA but decided on a less expensive policy with better ratings and a lower cost .","Usually you have purchased enough term life insurance when all of the obligations you wanted to cover have been met . The most common reasons for purchasing term life insurance are to payoff debt , replace income , educate children , buy out a business partner or create an instant estate for loved ones at the most affordable price . If your face amount of term life insurance meets all of your criteria , congratulations , you have enough .",,,,,
GHR-0327,English,Does AAA Have Term Life Insurance?,"Question: Does AAA Have Term Life Insurance?
Answer: AAA while being best known for its ' auto towing services and for those of us old enough to remember , their tripticket map service , does indeed sell term insurance . However their are many carriers with higher financial ratings that charge less . In fact , I once had a client who worked for AAA but decided on a less expensive policy with better ratings and a lower cost .","AAA while being best known for its ' auto towing services and for those of us old enough to remember , their tripticket map service , does indeed sell term insurance . However their are many carriers with higher financial ratings that charge less . In fact , I once had a client who worked for AAA but decided on a less expensive policy with better ratings and a lower cost .",,,,,
GHR-0328,English,Can A Person Have Two Life Insurance Policies?,"Question: Can A Person Have Two Life Insurance Policies?
Answer: Can a person have two life insurance policies ? Yes , a person can have multiple policies if they choose to , even with different carriers . A newer trend for insureds is buying a smaller face amount of whole life insurance and doing the balance of insurance in term insurance .","Based on the supplied context, can a person have two life insurance policies ? Yes , a person can have multiple policies if they choose to , even with different carriers . A newer trend for insureds is buying a smaller face amount of whole life insurance and doing the balance of insurance in term insurance .",,,,,
GHR-0329,English,How Much Should Health Insurance Cost?,"Question: How Much Should Health Insurance Cost?
Answer: How much you should be paying is a hard figure to try and quantify . The average cost in the country for a health insurance plan is $ 328 per month - however , this is only reflective upon a silver level plan -LRB- not all 2014 state figure averages are available yet -RRB- . While you can try to come up with an `` average '' cost , there 's too many factors that go into premium pricing to say how in relation that compares to you . In short , an `` average '' premium is a rather useless figure to the individual . It 's only representative to a large group - you could have people paying a small nominal amount -LRB- after factoring in subsidies -RRB- per month to several thousand dollars per month . Even for that there 's a ton of information to sift through to get an accurate representation . Under the Affordable Care Act , you have the options for bronze , silver , gold , and platinum level plans -LRB- as you go up in metal , the price goes up , but provides better benefits -RRB- - some areas also have a catastrophic plan available . In addition , your age is a big factor as well . The younger you are , the cheaper your premium - the older you are , the higher your premium . Also , if you use tobacco products , your premium can be increased up to 50 % as well . You may be able to qualify for a subsidy that can be used to reduce the cost of your health insurance premiums . I always recommend consulting with an experienced broker . We can help you determine the plan that 's going to be most suitable for your needs and budget . Please feel free to contact me for further assistance . Thanks very much .","How much you should be paying is a hard figure to try and quantify . The average cost in the country for a health insurance plan is $ 328 per month - however , this is only reflective upon a silver level plan -LRB- not all 2014 state figure averages are available yet -RRB- . While you can try to come up with an `` average '' cost , there 's too many factors that go into premium pricing to say how in relation that compares to you . In short , an `` average '' premium is a rather useless figure to the individual . It 's only representative to a large group - you could have people paying a small nominal amount -LRB- after factoring in subsidies -RRB- per month to several thousand dollars per month . Even for that there 's a ton of information to sift through to get an accurate representation . Under the Affordable Care Act , you have the options for bronze , silver , gold , and platinum level plans -LRB- as you go up in metal , the price goes up , but provides better benefits -RRB- - some areas also have a catastrophic plan available . In addition , your age is a big factor as well . The younger you are , the cheaper your premium - the older you are , the higher your premium . Also , if you use tobacco products , your premium can be increased up to 60 % as well . You may be able to qualify for a subsidy that can be used to reduce the cost of your health insurance premiums . I always recommend consulting with an experienced broker . We can help you determine the plan that 's going to be most suitable for your needs and budget . Please feel free to contact me for further assistance . Thanks very much .",,,,,
GHR-0330,English,How Much Should Health Insurance Cost?,"Question: How Much Should Health Insurance Cost?
Answer: How much you should be paying is a hard figure to try and quantify . The average cost in the country for a health insurance plan is $ 328 per month - however , this is only reflective upon a silver level plan -LRB- not all 2014 state figure averages are available yet -RRB- . While you can try to come up with an `` average '' cost , there 's too many factors that go into premium pricing to say how in relation that compares to you . In short , an `` average '' premium is a rather useless figure to the individual . It 's only representative to a large group - you could have people paying a small nominal amount -LRB- after factoring in subsidies -RRB- per month to several thousand dollars per month . Even for that there 's a ton of information to sift through to get an accurate representation . Under the Affordable Care Act , you have the options for bronze , silver , gold , and platinum level plans -LRB- as you go up in metal , the price goes up , but provides better benefits -RRB- - some areas also have a catastrophic plan available . In addition , your age is a big factor as well . The younger you are , the cheaper your premium - the older you are , the higher your premium . Also , if you use tobacco products , your premium can be increased up to 50 % as well . You may be able to qualify for a subsidy that can be used to reduce the cost of your health insurance premiums . I always recommend consulting with an experienced broker . We can help you determine the plan that 's going to be most suitable for your needs and budget . Please feel free to contact me for further assistance . Thanks very much .","How much you should be paying is a hard figure to try and quantify . The average cost in the country for a health insurance plan is $ 328 per month - however , this is only reflective upon a silver level plan -LRB- not all 2014 state figure averages are available yet -RRB- . While you can try to come up with an `` average '' cost , there 's too many factors that go into premium pricing to say how in relation that compares to you . In short , an `` average '' premium is a rather useless figure to the individual . It 's only representative to a large group - you could have people paying a small nominal amount -LRB- after factoring in subsidies -RRB- per month to several thousand dollars per month . Even for that there 's a ton of information to sift through to get an accurate representation . Under the Affordable Care Act , you have the options for bronze , silver , gold , and platinum level plans -LRB- as you go up in metal , the price goes up , but provides better benefits -RRB- - some areas also have a catastrophic plan available . In addition , your age is a big factor as well . The younger you are , the cheaper your premium - the older you are , the higher your premium . Also , if you use tobacco products , your premium can be increased up to 50 % as well . You may be able to qualify for a subsidy that can be used to reduce the cost of your health insurance premiums . I always recommend consulting with an experienced broker . We can help you determine the plan that 's going to be most suitable for your needs and budget . Please feel free to contact me for further assistance . Thanks very much . [insuranceqa:883]",,,,,
GHR-0331,English,"According to legal-protection-sti.pdf, what provision is stated in the supplied policy context?","Personal legal protection Traffic legal protection Unless listed separately in the STI, the policy does not cover claims CHF 1’000 B4 The insured person can immediately consult a lawyer for initial advice. If convicted, the insured person must refund these costs. In accordance with the policy In accordance with the policy In accordance with the policy 10% the sum insured specified in the policy B5 In addition, the cost of hiring a specialized service provider to delete Internet content which breaches privacy is paid up to CHF 1,000. 10% the sum insured specified in the policy B6 If legal assistance fails to remedy the matter within 180 days of the claim being reported, the cost of the financial loss incurred as a result of the unauthorized purchase/sale by third parties will be paid up to CHF 1,000. 10% the sum insured specified in the policy; CHF 1,000 if the breach is committed by the insured person No legal protection is granted if the insured person has engaged in domain name grabbing The insurance covers Where Waiting period Base even","Personal legal protection Traffic legal protection Unless listed separately in the STI, the policy does not cover claims CHF 10’000 B4 The insured person can immediately consult a lawyer for initial advice.",,,,,
GHR-0332,English,"According to legal-protection-sti.pdf, what provision is stated in the supplied policy context?","g and betting; g) aircraft, to the extent that official qualifications are required to pilot them; h) motor vehicles and watercraft; i) administrative procedures (e.g. education authorities, social services); j) breaches of the insured person’s privacy which are recognizable to third parties; k) family law, cohabitation, inheritance law. However, in the above cases the legal consulting in the services product pursuant to Art. A7 applies. In accordance with the policy The insurance does not cover the defence of the insured person against claims for damages or the enforcement of pure financial losses (in the absence of associated bodily injury or property damage). In accordance with the policy If the insured person is investigated for a premeditated offence, costs will only be covered in the event of an acquittal or if the case is dropped. Legal protection insurance The insurance covers Where Waiting period Base event Do you want to know how you are insured? The scope of benefits and sums insured are listed in your policy in accordance with your wishes. Where a single incident gives rise to multiple legal disputes, those disputes will be treated as a single legal protection claim or a single case. The explanation of terms must be used additionally to determine the insurance coverage. Switzerland and the Principality of Liechtenstein Countries of the European Union and the EFTA All other countries A1 Basic insurance A1.1 The policy covers any legal disputes in which the insured persons may be involved as private individuals in their everyday private lives. Benefits for legal disputes as a pedestrian, cyclist or scooter rider, inline skater and similar, or a passenger of any kind of transport, contractual party, consumer of goods and services, patient, Internet user A1.1.1 Assertion of non-con",Legal protection insurance The insurance does not cover Where Waiting period Base event Do you want to know how you are insured?,,,,,
GHR-0333,English,"According to legal-protection-sti.pdf, what provision is stated in the supplied policy context?","Legal protection insurance 4 Basic insurance 4 Supplementary traffic insurance 8 Supplementary work insurance 8 Supplementary rent insurance 8 Supplementary owner-occupied residential property insurance 10 Supplementary non-owner-occupied residential property insurance 10 Legal consulting 12 Duration of application 12 Explanation of terms 14 Table of contents The original German wording governs the legal interpretation of this policy. 3/16 | Helvetia Swiss Insurance Company Ltd. STI Helvetia private customers insurance, Legal protection – September 2021 edition","Legal protection insurance 4 Basic insurance 4 Supplementary traffic insurance 8 Supplementary work insurance 8 Supplementary rent insurance 8 Supplementary owner-occupied residential property insurance 10 Supplementary non-owner-occupied residential property insurance 10 Legal consulting 12 Duration of application 12 Explanation of terms 14 Table of contents The original German wording governs the legal interpretation of this policy. [legal-protection-sti.pdf, page 3]",,,,,
GHR-0334,English,"According to legal-protection-sti.pdf, what provision is stated in the supplied policy context?","Legal protection insurance 4 Basic insurance 4 Supplementary traffic insurance 8 Supplementary work insurance 8 Supplementary rent insurance 8 Supplementary owner-occupied residential property insurance 10 Supplementary non-owner-occupied residential property insurance 10 Legal consulting 12 Duration of application 12 Explanation of terms 14 Table of contents The original German wording governs the legal interpretation of this policy. 3/16 | Helvetia Swiss Insurance Company Ltd. STI Helvetia private customers insurance, Legal protection – September 2021 edition","Legal protection insurance 4 Basic insurance 4 Supplementary traffic insurance 8 Supplementary work insurance 8 Supplementary rent insurance 8 Supplementary owner-occupied residential property insurance 10 Supplementary non-owner-occupied residential property insurance 10 Legal consulting 12 Duration of application 12 Explanation of terms 14 Table of contents The original German wording governs the legal interpretation of this policy. H3 Vehicle recovery If the vehicle is unroadworthy, the costs for recovering the vehicle are insured.",,,,,
GHR-0335,English,"According to legal-protection-sti.pdf, what provision is stated in the supplied policy context?","Legal protection insurance 4 Basic insurance 4 Supplementary traffic insurance 8 Supplementary work insurance 8 Supplementary rent insurance 8 Supplementary owner-occupied residential property insurance 10 Supplementary non-owner-occupied residential property insurance 10 Legal consulting 12 Duration of application 12 Explanation of terms 14 Table of contents The original German wording governs the legal interpretation of this policy. 3/16 | Helvetia Swiss Insurance Company Ltd. STI Helvetia private customers insurance, Legal protection – September 2021 edition",Legal protection insurance 4 Basic insurance 4 Supplementary traffic insurance 8 Supplementary work insurance 8 Supplementary rent insurance 8 Supplementary owner-occupied residential property insurance 10 Supplementary non-owner-occupied residential property insurance 10 Legal consulting 12 Duration of application 12 Explanation of terms 14 Table of contents The original German wording governs the legal interpretation of this policy.,,,,,
GHR-0336,English,"According to legal-protection-sti.pdf, what provision is stated in the supplied policy context?","Legal protection insurance 4 Basic insurance 4 Supplementary traffic insurance 8 Supplementary work insurance 8 Supplementary rent insurance 8 Supplementary owner-occupied residential property insurance 10 Supplementary non-owner-occupied residential property insurance 10 Legal consulting 12 Duration of application 12 Explanation of terms 14 Table of contents The original German wording governs the legal interpretation of this policy. 3/16 | Helvetia Swiss Insurance Company Ltd. STI Helvetia private customers insurance, Legal protection – September 2021 edition","STI Helvetia private customers insurance, Legal protection – September 2021 edition",,,,,
GHR-0337,English,"According to legal-protection-sti.pdf, what provision is stated in the supplied policy context?","Personal legal protection Traffic legal protection Unless listed separately in the STI, the policy does not cover claims B1 The protection of the legal interests of the insured person by the insurer; B2 Payment of: ■ the cost of lawyers engaged on the insured person’s behalf; ■ the cost of mediators engaged on the insured person’s behalf; ■ the cost of experts; ■ procedural and court costs to be borne by the insured person, incl. clerical and judgement fees; ■ any compensation awarded to the counterparty; ■ any bail paid in order to avoid detention while awaiting trial. This benefit is paid in the form of an advance only and must be repaid to the insurer by the insured person; ■ travel expenses incurred as a result of being required to appear before a foreign court of law; ■ translation costs; B3 The insured person must return any court or prevailingparty costs awarded to him/ her to Coop Rechtsschutz up to the amount of the benefits paid. C1 The protection of the legal interests of the insured person by the insurer; C2 Payment of: ■ the cost of lawyers engaged on the insured person’s behalf; ■ the cost of mediators engaged on the insured person’s behalf; ■ the cost of experts; ■ procedural and court costs to be borne by the insured person, incl. clerical and jud","Personal legal protection Traffic legal protection Unless listed separately in the STI, the policy does not cover claims B1 The protection of the legal interests of the insured person by the insurer; B2 Payment of: ■ the cost of lawyers engaged on the insured person’s behalf; ■ the cost of mediators engaged on the insured person’s behalf; ■ the cost of experts; ■ procedural and court costs to be borne by the insured person, incl.",,,,,
GHR-0338,English,"According to legal-protection-sti.pdf, what provision is stated in the supplied policy context?","Personal legal protection Traffic legal protection Unless listed separately in the STI, the policy does not cover claims B1 The protection of the legal interests of the insured person by the insurer; B2 Payment of: ■ the cost of lawyers engaged on the insured person’s behalf; ■ the cost of mediators engaged on the insured person’s behalf; ■ the cost of experts; ■ procedural and court costs to be borne by the insured person, incl. clerical and judgement fees; ■ any compensation awarded to the counterparty; ■ any bail paid in order to avoid detention while awaiting trial. This benefit is paid in the form of an advance only and must be repaid to the insurer by the insured person; ■ travel expenses incurred as a result of being required to appear before a foreign court of law; ■ translation costs; B3 The insured person must return any court or prevailingparty costs awarded to him/ her to Coop Rechtsschutz up to the amount of the benefits paid. C1 The protection of the legal interests of the insured person by the insurer; C2 Payment of: ■ the cost of lawyers engaged on the insured person’s behalf; ■ the cost of mediators engaged on the insured person’s behalf; ■ the cost of experts; ■ procedural and court costs to be borne by the insured person, incl. clerical and judgement fees; ■ any compensation awarded to the counterparty; ■ any bail paid in order to avoid detention while awaiting trial. This benefit is ",clerical and judgement fees; ■ any compensation awarded to the counterparty; ■ any bail paid in order to avoid detention while awaiting trial.,,,,,
GHR-0339,English,"According to legal-protection-sti.pdf, what provision is stated in the supplied policy context?","Personal legal protection Traffic legal protection Unless listed separately in the STI, the policy does not cover claims B1 The protection of the legal interests of the insured person by the insurer; B2 Payment of: ■ the cost of lawyers engaged on the insured person’s behalf; ■ the cost of mediators engaged on the insured person’s behalf; ■ the cost of experts; ■ procedural and court costs to be borne by the insured person, incl. clerical and judgement fees; ■ any compensation awarded to the counterparty; ■ any bail paid in order to avoid detention while awaiting trial. This benefit is paid in the form of an advance only and must be repaid to the insurer by the insured person; ■ travel expenses incurred as a result of being required to appear before a foreign court of law; ■ translation costs; B3 The insured person must return any court or prevailingparty costs awarded to him/ her to Coop Rechtsschutz up to the amount of the benefits paid. C1 The protection of the legal interests of the insured person by the insurer; C2 Payment of: ■ the cost of lawyers engaged on the insured person’s behalf; ■ the cost of mediators engaged on the insured person’s behalf; ■ the cost of experts; ■ procedural and court costs to be borne by the insured person, incl. clerical and judgement fees; ■ any compensation awarded to the counterparty; ■ any bail paid in order to avoid detention while awaiting trial. This benefit is paid in the form of an advance only and must be repaid to the insurer by the insured person; ■ travel expenses incurred as a result of being required to appear before a foreign court of law; ■ translation costs; C3 The insured person must return any court or prevailing-party costs awarded to him/her to Coop Rechtsschutz up to the amount of the benefits paid. A8 relating to a","This benefit is paid in the form of an advance only and must be repaid to the insurer by the insured person; ■ travel expenses incurred as a result of being required to appear before a foreign court of law; ■ translation costs; B3 The insured person must return any court or prevailingparty costs awarded to him/ her to Coop Rechtsschutz up to the amount of the benefits paid. [legal-protection-sti.pdf, page 3]",,,,,
GHR-0340,English,What Is A Group Universal Life Insurance Policy?,"Question: What Is A Group Universal Life Insurance Policy?
Answer: Group universal life is similar to individual universal life . Group policies involve the plan sponsor , often an employer , holding the master policy while the individual participants receive a certificate of insurance . It is a convenient and voluntary way to acquire cash value life insurance through the workplace . Usually the employee pays all premiums in which case all benefits would be immediately and fully vested . At employment termination portability features in these products generally allow for coverage to be taken by the participant as an individual policy .",The supplied context does not contain enough information to answer this question.,,,,,
GHR-0341,English,What Is A Group Universal Life Insurance Policy?,"Question: What Is A Group Universal Life Insurance Policy?
Answer: Group universal life is similar to individual universal life . Group policies involve the plan sponsor , often an employer , holding the master policy while the individual participants receive a certificate of insurance . It is a convenient and voluntary way to acquire cash value life insurance through the workplace . Usually the employee pays all premiums in which case all benefits would be immediately and fully vested . At employment termination portability features in these products generally allow for coverage to be taken by the participant as an individual policy .","Based on the supplied context, group universal life is similar to individual universal life . Group policies involve the plan sponsor , often an employer , holding the master policy while the individual participants receive a certificate of insurance . It is a convenient and voluntary way to acquire cash value life insurance through the workplace . Usually the employee pays all premiums in which case all benefits would be immediately and fully vested . At employment termination portability features in these products generally allow for coverage to be taken by the participant as an individual policy .",,,,,
GHR-0342,English,Can I change medicare providers after 3/1/2015 in Indiana?,"Question: Can I change medicare providers after 3/1/2015 in Indiana?
Answer: Are you referring to a Medicare Supplement plan -LRB- also known as a Medigap plan -RRB- , a Medicare Advantage plan , or a Medicare Part D prescription drug plan ? Your original Medicare coverage -LRB- Medicare Parts A & B -RRB- is provided by the federal government . You can apply for a new Medicare Supplement plan anytime during the year . You can be subject to medical underwriting -LRB- answering yes/no health questions , a phone interview with the carrier , and a prescription check -RRB- if you 're outside your initial enrollment period -LRB- when you were new to Medicare Part B -RRB- and do not have a guarantee-issue right available to you . Medical underwriting for Medicare Supplement plans can be done in less than a week . There are no exams for these products . Please note , a common concern I hear a lot from individuals looking to replace their Medicare Supplement plans is they 're worried they 're at risk of losing the existing one if they apply for a new one and get declined . This is NOT true ! Even if you apply for a new Medicare Supplement plan and get declined , you can always keep the existing plan because Medicare Supplement plans are guaranteed renewable . If you 're looking to change your prescription drug plan provider or your Medicare Advantage plan provider , you can only make a change during certain times of the year . For the most part , you can only make changes during the annual enrollment period each year -LRB- between October 15 - December 7 -RRB- with changes becoming effective January 1 . Outside of this enrollment period , you can only make changes under certain situations -LRB- known as special enrollment periods -RRB- . An example of this is if you moved outside of the plan 's service area . For a full list of situations that qualify you for special enrollment periods to make changes , please visit the Medicare.gov website . I hope the information is helpful - please feel free to contact me for help with your coverage and if you have any other questions . Thanks very much .",You will receive Medicare Part A benefits automatically when you qualify . You will take this benefit when you qualify because it does n't cost anything . Medicare Part B is voluntary . You can tell Medicare that you would delay your Medicare Part B benefits . You can do this when you have creditable coverage through your employer or retirement plan . You will incur a penalty if you delay your benefits without creditable coverage then active them later .,,,,,
GHR-0343,English,Can I change medicare providers after 3/1/2015 in Indiana?,"Question: Can I change medicare providers after 3/1/2015 in Indiana?
Answer: Are you referring to a Medicare Supplement plan -LRB- also known as a Medigap plan -RRB- , a Medicare Advantage plan , or a Medicare Part D prescription drug plan ? Your original Medicare coverage -LRB- Medicare Parts A & B -RRB- is provided by the federal government . You can apply for a new Medicare Supplement plan anytime during the year . You can be subject to medical underwriting -LRB- answering yes/no health questions , a phone interview with the carrier , and a prescription check -RRB- if you 're outside your initial enrollment period -LRB- when you were new to Medicare Part B -RRB- and do not have a guarantee-issue right available to you . Medical underwriting for Medicare Supplement plans can be done in less than a week . There are no exams for these products . Please note , a common concern I hear a lot from individuals looking to replace their Medicare Supplement plans is they 're worried they 're at risk of losing the existing one if they apply for a new one and get declined . This is NOT true ! Even if you apply for a new Medicare Supplement plan and get declined , you can always keep the existing plan because Medicare Supplement plans are guaranteed renewable . If you 're looking to change your prescription drug plan provider or your Medicare Advantage plan provider , you can only make a change during certain times of the year . For the most part , you can only make changes during the annual enrollment period each year -LRB- between October 15 - December 7 -RRB- with changes becoming effective January 1 . Outside of this enrollment period , you can only make changes under certain situations -LRB- known as special enrollment periods -RRB- . An example of this is if you moved outside of the plan 's service area . For a full list of situations that qualify you for special enrollment periods to make changes , please visit the Medicare.gov website . I hope the information is helpful - please feel free to contact me for help with your coverage and if you have any other questions . Thanks very much .","Are you referring to a Medicare Supplement plan -LRB- also known as a Medigap plan -RRB- , a Medicare Advantage plan , or a Medicare Part D prescription drug plan ? Your original Medicare coverage -LRB- Medicare Parts A & B -RRB- is provided by the federal government . You can apply for a new Medicare Supplement plan anytime during the year . You can be subject to medical underwriting -LRB- answering yes/no health questions , a phone interview with the carrier , and a prescription check -RRB- if you 're outside your initial enrollment period -LRB- when you were new to Medicare Part B -RRB- and do not have a guarantee-issue right available to you . Medical underwriting for Medicare Supplement plans can be done in less than a week . There are no exams for these products . Please note , a common concern I hear a lot from individuals looking to replace their Medicare Supplement plans is they 're worried they 're at risk of losing the existing one if they apply for a new one and get declined . This is NOT true ! Even if you apply for a new Medicare Supplement plan and get declined , you can always keep the existing plan because Medicare Supplement plans are guaranteed renewable . If you 're looking to change your prescription drug plan provider or your Medicare Advantage plan provider , you can only make a change during certain times of the year . For the most part , you can only make changes during the annual enrollment period each year -LRB- between October 15 - December 7 -RRB- with changes becoming effective January 1 . Outside of this enrollment period , you can only make changes under certain situations -LRB- known as special enrollment periods -RRB- . An example of this is if you moved outside of the plan 's service area . For a full list of situations that qualify you for special enrollment periods to make changes , please visit the Medicare.gov website . I hope the information is helpful - please feel free to contact me for help with your coverage and if you have any other questions . Thanks very much .",,,,,
GHR-0344,English,Does Medicare Cover Breast Ultrasounds?,"Question: Does Medicare Cover Breast Ultrasounds?
Answer: Ultrasounds are covered under Medicare . If they 're completed as an inpatient in a hospital , it would be covered by Part A . If they 're completed on an outpatient basis , it would be covered under Part B. Medicare typically pays for about 80 % of the expenses - you would be responsible for paying the other 20 % . A Medicare supplement policy can help pay the remaining 20 % .","Ultrasounds are covered under Medicare . If they 're completed as an inpatient in a hospital , it would be covered by Part A . If they 're completed on an outpatient basis , it would be covered under Part B. Medicare typically pays for about 90 % of the expenses - you would be responsible for paying the other 20 % . A Medicare supplement policy can help pay the remaining 20 % .",,,,,
GHR-0345,English,Does Medicare Cover Breast Ultrasounds?,"Question: Does Medicare Cover Breast Ultrasounds?
Answer: Ultrasounds are covered under Medicare . If they 're completed as an inpatient in a hospital , it would be covered by Part A . If they 're completed on an outpatient basis , it would be covered under Part B. Medicare typically pays for about 80 % of the expenses - you would be responsible for paying the other 20 % . A Medicare supplement policy can help pay the remaining 20 % .","Ultrasounds are covered under Medicare . If they 're completed as an inpatient in a hospital , it would be covered by Part A . If they 're completed on an outpatient basis , it would be covered under Part B. Medicare typically pays for about 80 % of the expenses - you would be responsible for paying the other 20 % . A Medicare supplement policy can help pay the remaining 20 % . [insuranceqa:408]",,,,,
GHR-0346,English,Can I Get Life Insurance After A Stroke?,"Question: Can I Get Life Insurance After A Stroke?
Answer: If you have had one stroke that had minimal effects and several years have passed since having the stroke , you may be able to get a medically underwritten policy of any amount for which you financially qualify , with immediate death benefit . If your stroke impacted your health enough that you needed to go on Disability but you are still able to do all your own activities of daily living and walk without personal assistance -LRB- can or walker is OK -RRB- , then there are a number of simplified issue policies that may or not be graded , that you can get . If your stroke caused you to require use of a wheelchair , home health or nursing home care -LRB- inability to do your own ADL 's -RRB- , or causes significant confusion , then guaranteed issue policies are available to most people . These are more restrictive in features than the other policies , but are available for final expense purposes . Contact an impaired risk underwriting agency that carries all these types of policies and understands life insurance underwriting for stroke , and you will get your best price .","There are life insurance policies that do not require an exam for every age of applicant . There are options for every type of health . There are term policies , universal life policies , and whole life policies that do not require an exam . No Exam life insurance can be purchased in face amounts up to $ 500,000 . Some agents say that you will pay more if you buy nonmed life insurance , but that is not always the case . If your health is very poor , No Exam life insurance may be the only option available to you . If you think you are healthy but not sure , life insurance that does not require an exam might cost less than if you took an exam and found out your cholesterol was over 300 .",,,,,
GHR-0347,English,Can I Get Life Insurance After A Stroke?,"Question: Can I Get Life Insurance After A Stroke?
Answer: If you have had one stroke that had minimal effects and several years have passed since having the stroke , you may be able to get a medically underwritten policy of any amount for which you financially qualify , with immediate death benefit . If your stroke impacted your health enough that you needed to go on Disability but you are still able to do all your own activities of daily living and walk without personal assistance -LRB- can or walker is OK -RRB- , then there are a number of simplified issue policies that may or not be graded , that you can get . If your stroke caused you to require use of a wheelchair , home health or nursing home care -LRB- inability to do your own ADL 's -RRB- , or causes significant confusion , then guaranteed issue policies are available to most people . These are more restrictive in features than the other policies , but are available for final expense purposes . Contact an impaired risk underwriting agency that carries all these types of policies and understands life insurance underwriting for stroke , and you will get your best price .","If you have had one stroke that had minimal effects and several years have passed since having the stroke , you may be able to get a medically underwritten policy of any amount for which you financially qualify , with immediate death benefit . If your stroke impacted your health enough that you needed to go on Disability but you are still able to do all your own activities of daily living and walk without personal assistance -LRB- can or walker is OK -RRB- , then there are a number of simplified issue policies that may or not be graded , that you can get . If your stroke caused you to require use of a wheelchair , home health or nursing home care -LRB- inability to do your own ADL 's -RRB- , or causes significant confusion , then guaranteed issue policies are available to most people . These are more restrictive in features than the other policies , but are available for final expense purposes . Contact an impaired risk underwriting agency that carries all these types of policies and understands life insurance underwriting for stroke , and you will get your best price .",,,,,
GHR-0348,English,Is intentional vehicle damage covered?,Intentional damage to the insured vehicle is excluded and is not covered by the policy.,No. Intentionally caused vehicle damage is not covered.,,,,,
GHR-0349,English,What Is A Governmental 457 Retirement Plan?,"Question: What Is A Governmental 457 Retirement Plan?
Answer: Assuming youre referring to 457 -LRB- b -RRB- retirement plans , 457 -LRB- b -RRB- deferred compensation plans that are available in government and non-government organizations under 501 -LRB- c -RRB- . Theres no 59 penalty as long as the plan participant is retiring or ending employment . Government 457 can be rolled personal over to IRAs . Nonprofit workers can only roll their 457 plans over to another 457 plan . 2013 contribution limits are $ 17,500 and an extra $ 5,500 if you are age 50 or older .","Assuming youre referring to 457 -LRB- b -RRB- retirement plans , 457 -LRB- b -RRB- deferred compensation plans that are available in government and non-government organizations under 501 -LRB- c -RRB- . Disciplined despots into a retirement plan from every paycheck , no matter how small can help you develop a habit that you 'll appreciate when you retire .",,,,,
GHR-0350,English,What Is A Governmental 457 Retirement Plan?,"Question: What Is A Governmental 457 Retirement Plan?
Answer: Assuming youre referring to 457 -LRB- b -RRB- retirement plans , 457 -LRB- b -RRB- deferred compensation plans that are available in government and non-government organizations under 501 -LRB- c -RRB- . Theres no 59 penalty as long as the plan participant is retiring or ending employment . Government 457 can be rolled personal over to IRAs . Nonprofit workers can only roll their 457 plans over to another 457 plan . 2013 contribution limits are $ 17,500 and an extra $ 5,500 if you are age 50 or older .","Based on the supplied context, assuming youre referring to 457 -LRB- b -RRB- retirement plans , 457 -LRB- b -RRB- deferred compensation plans that are available in government and non-government organizations under 501 -LRB- c -RRB- . Theres no 59 penalty as long as the plan participant is retiring or ending employment . Government 457 can be rolled personal over to IRAs . Nonprofit workers can only roll their 457 plans over to another 457 plan . 2013 contribution limits are $ 17,500 and an extra $ 5,500 if you are age 50 or older .",,,,,
GHR-0351,English,Is Renters Insurance A Requirement?,"Question: Is Renters Insurance A Requirement?
Answer: Generally speaking , renters insurance is not a requirement by law however , the apartment or home you are renting , the landlord can make this a requirement in order to lease or rent . It is a good idea anyway . The cost is inexpensive but the coverage may be critical . Be sure to look at the type of insurance you are purchasing . I recommend a policy that will provide you the replacement value versus the current value of your stuff . Keep a good inventory as well .","Generally speaking , renters insurance is not a requirement by law however , the apartment or home you are renting , the landlord can make this a requirement in order to lease or rent . It is a good idea anyway . The cost is inexpensive but the coverage may be critical . Be sure to look at the type of insurance you are purchasing . I recommend a policy that will provide you the replacement value versus the current value of your stuff . Keep a good inventory as well . [insuranceqa:314]",,,,,
GHR-0352,English,Will Medicare Pay For Hospice?,"Question: Will Medicare Pay For Hospice?
Answer: That is a great question , and one with a great answer ! Yes , Medicare Part A pays for end of life treatment . You will need a Doctor 's certification that your loved one is expected to pass within 6 months , and that no further restorative procedures are to be implemented . It does n't matter if the hospice care is given in your home , or a facility , as long as it is Medicare approved . You may also need a living will , or something similar to qualify . It will also pay for up to 5 days of respite care , if you need to take a break . Thanks for asking !","Tax deferred fixed annuities pay a guaranteed interest rate for a guaranteed period of time . Interest rates are constantly changing so its important to check with a brokerage annuity companies that display several insurance companies . As of this posting : 5 year rate is 2.85 % , 7 year rate is 3.20 % and 10 year rate is 3.45 % . Also check the insurance company to see if they are filed in your state .",,,,,
GHR-0353,English,Will Medicare Pay For Hospice?,"Question: Will Medicare Pay For Hospice?
Answer: That is a great question , and one with a great answer ! Yes , Medicare Part A pays for end of life treatment . You will need a Doctor 's certification that your loved one is expected to pass within 6 months , and that no further restorative procedures are to be implemented . It does n't matter if the hospice care is given in your home , or a facility , as long as it is Medicare approved . You may also need a living will , or something similar to qualify . It will also pay for up to 5 days of respite care , if you need to take a break . Thanks for asking !","That is a great question , and one with a great answer ! Yes , Medicare Part A pays for end of life treatment . You will need a Doctor 's certification that your loved one is expected to pass within 6 months , and that no further restorative procedures are to be implemented . It does n't matter if the hospice care is given in your home , or a facility , as long as it is Medicare approved . You may also need a living will , or something similar to qualify . It will also pay for up to 5 days of respite care , if you need to take a break . Thanks for asking !",,,,,
GHR-0354,English,What Stocks Are In A Mutual Fund?,"Question: What Stocks Are In A Mutual Fund?
Answer: That is a great question ! In fact , it 's really the multimillion dollar question ! That is the hard part about choosing the right mutual fund , knowing what they are invested in , and how the investments are performing . A mutual fund that was heavily invested in technology stocks this year would have taken a beating -LRB- some lost very large amounts -RRB- , while mutual funds invested in a mix of bonds and energy stocks would have had a good return . The best thing to do is really look into the fund , its investments and its returns , before you invest in it . Be certain to have your broker clearly explain all fees to you ! Many funds charge fees that can significantly reduce your earnings , and leave you with little more than you started with . Be careful , ok ? Thanks for asking !","Based on the supplied context, that is a great question ! In fact , it 's really the multimillion dollar question ! That is the hard part about choosing the right mutual fund , knowing what they are invested in , and how the investments are performing . A mutual fund that was heavily invested in technology stocks this year would have taken a beating -LRB- some lost very large amounts -RRB- , while mutual funds invested in a mix of bonds and energy stocks would have had a good return . The best thing to do is really look into the fund , its investments and its returns , before you invest in it . Be certain to have your broker clearly explain all fees to you ! Many funds charge fees that can significantly reduce your earnings , and leave you with little more than you started with . Be careful , ok ? Thanks for asking !",,,,,
GHR-0355,English,What Is A Life Insurance Broker?,"Question: What Is A Life Insurance Broker?
Answer: A Life Insurance Broker is someone who works with multiple insurance companies versus an agent who typically works for only one insurance company . A Broker has the ability to `` shop '' around life quotes to specifically meet your needs . Not all companies have the same cost for the insurance they offer so working with a broker , especially if you use a needs analysis , can be your best asset in making sure you are covered .","A Life Insurance Broker is someone who works with multiple insurance companies versus an agent who typically works for only one insurance company . A Broker has the ability to `` shop '' around life quotes to specifically meet your needs . Not all companies have the same cost for the insurance they offer so working with a broker , especially if you use a needs analysis , can be your best asset in making sure you are covered . [insuranceqa:131]",,,,,
GHR-0356,English,How Do Body Shops Work With Car Insurance?,"Question: How Do Body Shops Work With Car Insurance?
Answer: That is a great question ! Generally , your auto insurance company will have a contract or agreement with a local garage , mechanic , and body shop . They will refer you to them to have your work done . By doing this , they have an agreement with the garages to keep costs under control . Should you choose to use a different mechanic , you are certainly welcome to , but my experience has been that the insurance company is much more difficult to work with . Thanks for asking !",Everyone with a valid drivers license should be able to secure auto insurance with one carrier or another . Since auto insurance policies coverages are established on an individual basis the rates will vary from person to person . Contact a local agent to find out about coverage availability and pricing within your area .,,,,,
GHR-0357,English,How Do Body Shops Work With Car Insurance?,"Question: How Do Body Shops Work With Car Insurance?
Answer: That is a great question ! Generally , your auto insurance company will have a contract or agreement with a local garage , mechanic , and body shop . They will refer you to them to have your work done . By doing this , they have an agreement with the garages to keep costs under control . Should you choose to use a different mechanic , you are certainly welcome to , but my experience has been that the insurance company is much more difficult to work with . Thanks for asking !","That is a great question ! Generally , your auto insurance company will have a contract or agreement with a local garage , mechanic , and body shop . They will refer you to them to have your work done . By doing this , they have an agreement with the garages to keep costs under control . Should you choose to use a different mechanic , you are certainly welcome to , but my experience has been that the insurance company is much more difficult to work with . Thanks for asking !",,,,,
GHR-0358,English,Does Renters Insurance Cover Theft While Traveling?,"Question: Does Renters Insurance Cover Theft While Traveling?
Answer: Talk to your insurance Professional about the coverage provided by your policy , but in general , personal property outside your home is usually covered , including while travelling . Now , most policies will cover your belongings up to a certain total percentage of your current Personal Property stated amount . So , for example , if you have $ 50,000 stated coverage in your policy , you may have coverage up to 10 % while travelling . Likewise there may be certain `` inside limits '' for categories of property such as camera equipment that may further limit the amount of coverage that you actually have .","Talk to your insurance Professional about the coverage provided by your policy , but in general , personal property outside your home is usually covered , including while travelling . Now , most policies will cover your belongings up to a certain total percentage of your current Personal Property stated amount . So , for example , if you have $ 50,000 stated coverage in your policy , you may have coverage up to 20 % while travelling . Likewise there may be certain `` inside limits '' for categories of property such as camera equipment that may further limit the amount of coverage that you actually have .",,,,,
GHR-0359,English,I Have A Qualified Variable Annuity. What Is That Exactly?,"Question: I Have A Qualified Variable Annuity. What Is That Exactly?
Answer: That is a great question ! I 'd strongly advise that you check with your annuity 's agent or your tax adviser before doing anything . You mentioned that you were willing to pay penalties and taxes , so I 'm assuming that there is a pressing need for cash , or a great dislike for the policy/agent/company that has caused you to decide to gut your annuity ? If so , I 'd again advise caution . If you surrender your annuity , and it was meant to fuel your retirement , what is your plan to replace it ? Will you end up suffering for many years for a temporary hardship if you surrender the annuity ? Maybe it might be wiser to see what cash withdrawal you can make from the annuity without fees -LRB- you are allowed a certain amount without penalties or fees , and more if you are willing to pay any surrender fees that may still be applicable -RRB- and leave the annuity intact ; you may also want to look at borrowing from a cash value of any whole life policy that you may have , as that also is a quick and relatively painless way to get cash . If your heart is set upon surrendering it , please bear in mind that there will be a 10 % penalty , possible surrender fees , and a major tax bite from the amount that you might expect to get . Please assume that if you are lucky , you will recieve roughly half of what you are expecting to receive , depending upon your tax bracket . This type of investment is designed specifically for saving , and stopping the process is very costly . To start the process , contact your agent who sold you the annuity , or the plan administrator , and tell them of your intentions . If you would like to discuss this further , please do not hesitate to contact me , okay ? I 'd be happy to help . Good luck , and thank you for asking !","Why would you want to `` pitch '' a Variable Annuity ? A VA is a useful product for those individuals who want to have upside performance , a basic death benefit , and other living benefits such as Guaranteed Minimum Income Benefits . But PRODUCT , and that includes any of the insurance based products , should be part of an overall consulting relationship where the client understand the risks and rewards of that product . The job of the financial advisor when selling a client a VA is to fact find , determine a client 's risk tolerance , and then provide choices commensurate with a client 's goals . If you do that , a Variable Annuity does n't get pitched , it becomes the product of choice by the client because of the features that it offers .",,,,,
GHR-0360,English,I Have A Qualified Variable Annuity. What Is That Exactly?,"Question: I Have A Qualified Variable Annuity. What Is That Exactly?
Answer: That is a great question ! I 'd strongly advise that you check with your annuity 's agent or your tax adviser before doing anything . You mentioned that you were willing to pay penalties and taxes , so I 'm assuming that there is a pressing need for cash , or a great dislike for the policy/agent/company that has caused you to decide to gut your annuity ? If so , I 'd again advise caution . If you surrender your annuity , and it was meant to fuel your retirement , what is your plan to replace it ? Will you end up suffering for many years for a temporary hardship if you surrender the annuity ? Maybe it might be wiser to see what cash withdrawal you can make from the annuity without fees -LRB- you are allowed a certain amount without penalties or fees , and more if you are willing to pay any surrender fees that may still be applicable -RRB- and leave the annuity intact ; you may also want to look at borrowing from a cash value of any whole life policy that you may have , as that also is a quick and relatively painless way to get cash . If your heart is set upon surrendering it , please bear in mind that there will be a 10 % penalty , possible surrender fees , and a major tax bite from the amount that you might expect to get . Please assume that if you are lucky , you will recieve roughly half of what you are expecting to receive , depending upon your tax bracket . This type of investment is designed specifically for saving , and stopping the process is very costly . To start the process , contact your agent who sold you the annuity , or the plan administrator , and tell them of your intentions . If you would like to discuss this further , please do not hesitate to contact me , okay ? I 'd be happy to help . Good luck , and thank you for asking !","That is a great question ! I 'd strongly advise that you check with your annuity 's agent or your tax adviser before doing anything . You mentioned that you were willing to pay penalties and taxes , so I 'm assuming that there is a pressing need for cash , or a great dislike for the policy/agent/company that has caused you to decide to gut your annuity ? If so , I 'd again advise caution . If you surrender your annuity , and it was meant to fuel your retirement , what is your plan to replace it ? Will you end up suffering for many years for a temporary hardship if you surrender the annuity ? Maybe it might be wiser to see what cash withdrawal you can make from the annuity without fees -LRB- you are allowed a certain amount without penalties or fees , and more if you are willing to pay any surrender fees that may still be applicable -RRB- and leave the annuity intact ; you may also want to look at borrowing from a cash value of any whole life policy that you may have , as that also is a quick and relatively painless way to get cash . If your heart is set upon surrendering it , please bear in mind that there will be a 10 % penalty , possible surrender fees , and a major tax bite from the amount that you might expect to get . Please assume that if you are lucky , you will recieve roughly half of what you are expecting to receive , depending upon your tax bracket . This type of investment is designed specifically for saving , and stopping the process is very costly . To start the process , contact your agent who sold you the annuity , or the plan administrator , and tell them of your intentions . If you would like to discuss this further , please do not hesitate to contact me , okay ? I 'd be happy to help . Good luck , and thank you for asking !",,,,,
GHR-0361,English,Is Zostavax Covered By Medicare?,"Question: Is Zostavax Covered By Medicare?
Answer: It will depend on the prescription drug plan you are in . Medicare only covers certain injectable , chemotherapy drugs under Part B . The best way to find out which plan covers your drugs is to go to Medicare.Gov and look under find Medicare Plans . If you have a problem doing this a good agent can help walk you through the process or look them up for you . If you have a prescription drug plan , you should have received a copy of their formulary . If not go on the company website and you can usually find out that way , or call the customer service number on the back of your card .",It will depend on the prescription drug plan you are in . Most people on Medicare are beyond child bearing years .,,,,,
GHR-0362,English,Is Zostavax Covered By Medicare?,"Question: Is Zostavax Covered By Medicare?
Answer: It will depend on the prescription drug plan you are in . Medicare only covers certain injectable , chemotherapy drugs under Part B . The best way to find out which plan covers your drugs is to go to Medicare.Gov and look under find Medicare Plans . If you have a problem doing this a good agent can help walk you through the process or look them up for you . If you have a prescription drug plan , you should have received a copy of their formulary . If not go on the company website and you can usually find out that way , or call the customer service number on the back of your card .","Based on the supplied context, it will depend on the prescription drug plan you are in . Medicare only covers certain injectable , chemotherapy drugs under Part B . The best way to find out which plan covers your drugs is to go to Medicare.Gov and look under find Medicare Plans . If you have a problem doing this a good agent can help walk you through the process or look them up for you . If you have a prescription drug plan , you should have received a copy of their formulary . If not go on the company website and you can usually find out that way , or call the customer service number on the back of your card .",,,,,
GHR-0363,English,Would Home Insurance Cover Tree Root Damage?,"Question: Would Home Insurance Cover Tree Root Damage?
Answer: No homeowners insurance will no cover tree root damage . Tree root damage is something that occurs over a period of time . A covered claim would need to be sudden and/or accidental and tree root damage is not sudden . Trees are just a big plant and plants need to be maintained . If they appear to be getting out of hand they need to be trimmed or removed .",No homeowners insurance will no cover tree root damage . Tree root damage is something that occurs over a period of time . A covered claim would need to be sudden and/or accidental and tree root damage is not sudden . Trees are just a big plant and plants need to be maintained . If they appear to be getting out of hand they need to be trimmed or removed . [insuranceqa:126],,,,,
GHR-0364,English,Is travel insurance worth the money?,"Question: Is travel insurance worth the money?
Answer: To determine the value of a travel insurance policy review the coverage that you currently have . Some people have coverage that extends to the locality where they live , or the state in which they reside . Coverage outside of that specified area can be highly limited . The issue becomes more severe with most plans when you travel overseas . If your current coverage is inadequate to cover potential difficulties secure a travel insurance policy . Personally , I travel overseas frequently and never purchase travel insurance .","To determine the value of a travel insurance policy review the coverage that you currently have . I believe so , as I both own one , and sell them to my clients .",,,,,
GHR-0365,English,Is travel insurance worth the money?,"Question: Is travel insurance worth the money?
Answer: To determine the value of a travel insurance policy review the coverage that you currently have . Some people have coverage that extends to the locality where they live , or the state in which they reside . Coverage outside of that specified area can be highly limited . The issue becomes more severe with most plans when you travel overseas . If your current coverage is inadequate to cover potential difficulties secure a travel insurance policy . Personally , I travel overseas frequently and never purchase travel insurance .","Based on the supplied context, to determine the value of a travel insurance policy review the coverage that you currently have . Some people have coverage that extends to the locality where they live , or the state in which they reside . Coverage outside of that specified area can be highly limited . The issue becomes more severe with most plans when you travel overseas . If your current coverage is inadequate to cover potential difficulties secure a travel insurance policy . Personally , I travel overseas frequently and never purchase travel insurance .",,,,,
