threshold,tp,fp,tn,fn,false_acceptance_rate,false_rejection_rate,precision,recall,specificity,f1,balanced_accuracy,g_mean,coverage,accepted_critical_failures_confirmed,accepted_failures_worst_case_critical,accepted_fail_case_ids,far_ci95_lower_two_sided,far_ci95_upper_two_sided,far_upper_95_one_sided,precision_ci95_lower,precision_ci95_upper,fixed_cv_f1_std,fixed_cv_recall_std,fixed_cv_far_compliance_rate
0.0,14,14,0,0,1.0,0.0,0.5,1.0,0.0,0.6666666666666666,0.5,0.0,1.0,,14,unsupported_wrong_motor_deductible;unsupported_wrong_contract_identifier;unsupported_wrong_coverage_type;unsupported_reversed_coverage;unsupported_zero_deductible;unsupported_rental_car_extension;unsupported_wrong_policy_dates;unsupported_wrong_home_deductible;unsupported_wrong_baggage_limit;unsupported_wrong_dental_percentage;unsupported_mixed_extra_claim;unsupported_cancellation_claim;unsupported_liability_distractor_answer;unsupported_information_missing,0.7683642383498835,1.0,1.0,0.30647096153231795,0.693529038467682,0.056544486128751924,0.0,0.0
0.001,14,14,0,0,1.0,0.0,0.5,1.0,0.0,0.6666666666666666,0.5,0.0,1.0,,14,unsupported_wrong_motor_deductible;unsupported_wrong_contract_identifier;unsupported_wrong_coverage_type;unsupported_reversed_coverage;unsupported_zero_deductible;unsupported_rental_car_extension;unsupported_wrong_policy_dates;unsupported_wrong_home_deductible;unsupported_wrong_baggage_limit;unsupported_wrong_dental_percentage;unsupported_mixed_extra_claim;unsupported_cancellation_claim;unsupported_liability_distractor_answer;unsupported_information_missing,0.7683642383498835,1.0,1.0,0.30647096153231795,0.693529038467682,0.056544486128751924,0.0,0.0
0.002,14,14,0,0,1.0,0.0,0.5,1.0,0.0,0.6666666666666666,0.5,0.0,1.0,,14,unsupported_wrong_motor_deductible;unsupported_wrong_contract_identifier;unsupported_wrong_coverage_type;unsupported_reversed_coverage;unsupported_zero_deductible;unsupported_rental_car_extension;unsupported_wrong_policy_dates;unsupported_wrong_home_deductible;unsupported_wrong_baggage_limit;unsupported_wrong_dental_percentage;unsupported_mixed_extra_claim;unsupported_cancellation_claim;unsupported_liability_distractor_answer;unsupported_information_missing,0.7683642383498835,1.0,1.0,0.30647096153231795,0.693529038467682,0.056544486128751924,0.0,0.0
0.003,14,14,0,0,1.0,0.0,0.5,1.0,0.0,0.6666666666666666,0.5,0.0,1.0,,14,unsupported_wrong_motor_deductible;unsupported_wrong_contract_identifier;unsupported_wrong_coverage_type;unsupported_reversed_coverage;unsupported_zero_deductible;unsupported_rental_car_extension;unsupported_wrong_policy_dates;unsupported_wrong_home_deductible;unsupported_wrong_baggage_limit;unsupported_wrong_dental_percentage;unsupported_mixed_extra_claim;unsupported_cancellation_claim;unsupported_liability_distractor_answer;unsupported_information_missing,0.7683642383498835,1.0,1.0,0.30647096153231795,0.693529038467682,0.056544486128751924,0.0,0.0
0.004,14,14,0,0,1.0,0.0,0.5,1.0,0.0,0.6666666666666666,0.5,0.0,1.0,,14,unsupported_wrong_motor_deductible;unsupported_wrong_contract_identifier;unsupported_wrong_coverage_type;unsupported_reversed_coverage;unsupported_zero_deductible;unsupported_rental_car_extension;unsupported_wrong_policy_dates;unsupported_wrong_home_deductible;unsupported_wrong_baggage_limit;unsupported_wrong_dental_percentage;unsupported_mixed_extra_claim;unsupported_cancellation_claim;unsupported_liability_distractor_answer;unsupported_information_missing,0.7683642383498835,1.0,1.0,0.30647096153231795,0.693529038467682,0.056544486128751924,0.0,0.0
0.005,14,14,0,0,1.0,0.0,0.5,1.0,0.0,0.6666666666666666,0.5,0.0,1.0,,14,unsupported_wrong_motor_deductible;unsupported_wrong_contract_identifier;unsupported_wrong_coverage_type;unsupported_reversed_coverage;unsupported_zero_deductible;unsupported_rental_car_extension;unsupported_wrong_policy_dates;unsupported_wrong_home_deductible;unsupported_wrong_baggage_limit;unsupported_wrong_dental_percentage;unsupported_mixed_extra_claim;unsupported_cancellation_claim;unsupported_liability_distractor_answer;unsupported_information_missing,0.7683642383498835,1.0,1.0,0.30647096153231795,0.693529038467682,0.056544486128751924,0.0,0.0
0.006,14,14,0,0,1.0,0.0,0.5,1.0,0.0,0.6666666666666666,0.5,0.0,1.0,,14,unsupported_wrong_motor_deductible;unsupported_wrong_contract_identifier;unsupported_wrong_coverage_type;unsupported_reversed_coverage;unsupported_zero_deductible;unsupported_rental_car_extension;unsupported_wrong_policy_dates;unsupported_wrong_home_deductible;unsupported_wrong_baggage_limit;unsupported_wrong_dental_percentage;unsupported_mixed_extra_claim;unsupported_cancellation_claim;unsupported_liability_distractor_answer;unsupported_information_missing,0.7683642383498835,1.0,1.0,0.30647096153231795,0.693529038467682,0.056544486128751924,0.0,0.0
0.007,14,14,0,0,1.0,0.0,0.5,1.0,0.0,0.6666666666666666,0.5,0.0,1.0,,14,unsupported_wrong_motor_deductible;unsupported_wrong_contract_identifier;unsupported_wrong_coverage_type;unsupported_reversed_coverage;unsupported_zero_deductible;unsupported_rental_car_extension;unsupported_wrong_policy_dates;unsupported_wrong_home_deductible;unsupported_wrong_baggage_limit;unsupported_wrong_dental_percentage;unsupported_mixed_extra_claim;unsupported_cancellation_claim;unsupported_liability_distractor_answer;unsupported_information_missing,0.7683642383498835,1.0,1.0,0.30647096153231795,0.693529038467682,0.056544486128751924,0.0,0.0
0.008,14,14,0,0,1.0,0.0,0.5,1.0,0.0,0.6666666666666666,0.5,0.0,1.0,,14,unsupported_wrong_motor_deductible;unsupported_wrong_contract_identifier;unsupported_wrong_coverage_type;unsupported_reversed_coverage;unsupported_zero_deductible;unsupported_rental_car_extension;unsupported_wrong_policy_dates;unsupported_wrong_home_deductible;unsupported_wrong_baggage_limit;unsupported_wrong_dental_percentage;unsupported_mixed_extra_claim;unsupported_cancellation_claim;unsupported_liability_distractor_answer;unsupported_information_missing,0.7683642383498835,1.0,1.0,0.30647096153231795,0.693529038467682,0.056544486128751924,0.0,0.0
0.009,14,14,0,0,1.0,0.0,0.5,1.0,0.0,0.6666666666666666,0.5,0.0,1.0,,14,unsupported_wrong_motor_deductible;unsupported_wrong_contract_identifier;unsupported_wrong_coverage_type;unsupported_reversed_coverage;unsupported_zero_deductible;unsupported_rental_car_extension;unsupported_wrong_policy_dates;unsupported_wrong_home_deductible;unsupported_wrong_baggage_limit;unsupported_wrong_dental_percentage;unsupported_mixed_extra_claim;unsupported_cancellation_claim;unsupported_liability_distractor_answer;unsupported_information_missing,0.7683642383498835,1.0,1.0,0.30647096153231795,0.693529038467682,0.056544486128751924,0.0,0.0
0.01,14,14,0,0,1.0,0.0,0.5,1.0,0.0,0.6666666666666666,0.5,0.0,1.0,,14,unsupported_wrong_motor_deductible;unsupported_wrong_contract_identifier;unsupported_wrong_coverage_type;unsupported_reversed_coverage;unsupported_zero_deductible;unsupported_rental_car_extension;unsupported_wrong_policy_dates;unsupported_wrong_home_deductible;unsupported_wrong_baggage_limit;unsupported_wrong_dental_percentage;unsupported_mixed_extra_claim;unsupported_cancellation_claim;unsupported_liability_distractor_answer;unsupported_information_missing,0.7683642383498835,1.0,1.0,0.30647096153231795,0.693529038467682,0.056544486128751924,0.0,0.0
0.011,14,14,0,0,1.0,0.0,0.5,1.0,0.0,0.6666666666666666,0.5,0.0,1.0,,14,unsupported_wrong_motor_deductible;unsupported_wrong_contract_identifier;unsupported_wrong_coverage_type;unsupported_reversed_coverage;unsupported_zero_deductible;unsupported_rental_car_extension;unsupported_wrong_policy_dates;unsupported_wrong_home_deductible;unsupported_wrong_baggage_limit;unsupported_wrong_dental_percentage;unsupported_mixed_extra_claim;unsupported_cancellation_claim;unsupported_liability_distractor_answer;unsupported_information_missing,0.7683642383498835,1.0,1.0,0.30647096153231795,0.693529038467682,0.056544486128751924,0.0,0.0
0.012,14,14,0,0,1.0,0.0,0.5,1.0,0.0,0.6666666666666666,0.5,0.0,1.0,,14,unsupported_wrong_motor_deductible;unsupported_wrong_contract_identifier;unsupported_wrong_coverage_type;unsupported_reversed_coverage;unsupported_zero_deductible;unsupported_rental_car_extension;unsupported_wrong_policy_dates;unsupported_wrong_home_deductible;unsupported_wrong_baggage_limit;unsupported_wrong_dental_percentage;unsupported_mixed_extra_claim;unsupported_cancellation_claim;unsupported_liability_distractor_answer;unsupported_information_missing,0.7683642383498835,1.0,1.0,0.30647096153231795,0.693529038467682,0.056544486128751924,0.0,0.0
0.013,14,14,0,0,1.0,0.0,0.5,1.0,0.0,0.6666666666666666,0.5,0.0,1.0,,14,unsupported_wrong_motor_deductible;unsupported_wrong_contract_identifier;unsupported_wrong_coverage_type;unsupported_reversed_coverage;unsupported_zero_deductible;unsupported_rental_car_extension;unsupported_wrong_policy_dates;unsupported_wrong_home_deductible;unsupported_wrong_baggage_limit;unsupported_wrong_dental_percentage;unsupported_mixed_extra_claim;unsupported_cancellation_claim;unsupported_liability_distractor_answer;unsupported_information_missing,0.7683642383498835,1.0,1.0,0.30647096153231795,0.693529038467682,0.056544486128751924,0.0,0.0
0.014,14,14,0,0,1.0,0.0,0.5,1.0,0.0,0.6666666666666666,0.5,0.0,1.0,,14,unsupported_wrong_motor_deductible;unsupported_wrong_contract_identifier;unsupported_wrong_coverage_type;unsupported_reversed_coverage;unsupported_zero_deductible;unsupported_rental_car_extension;unsupported_wrong_policy_dates;unsupported_wrong_home_deductible;unsupported_wrong_baggage_limit;unsupported_wrong_dental_percentage;unsupported_mixed_extra_claim;unsupported_cancellation_claim;unsupported_liability_distractor_answer;unsupported_information_missing,0.7683642383498835,1.0,1.0,0.30647096153231795,0.693529038467682,0.056544486128751924,0.0,0.0
0.015,14,14,0,0,1.0,0.0,0.5,1.0,0.0,0.6666666666666666,0.5,0.0,1.0,,14,unsupported_wrong_motor_deductible;unsupported_wrong_contract_identifier;unsupported_wrong_coverage_type;unsupported_reversed_coverage;unsupported_zero_deductible;unsupported_rental_car_extension;unsupported_wrong_policy_dates;unsupported_wrong_home_deductible;unsupported_wrong_baggage_limit;unsupported_wrong_dental_percentage;unsupported_mixed_extra_claim;unsupported_cancellation_claim;unsupported_liability_distractor_answer;unsupported_information_missing,0.7683642383498835,1.0,1.0,0.30647096153231795,0.693529038467682,0.056544486128751924,0.0,0.0
0.016,14,14,0,0,1.0,0.0,0.5,1.0,0.0,0.6666666666666666,0.5,0.0,1.0,,14,unsupported_wrong_motor_deductible;unsupported_wrong_contract_identifier;unsupported_wrong_coverage_type;unsupported_reversed_coverage;unsupported_zero_deductible;unsupported_rental_car_extension;unsupported_wrong_policy_dates;unsupported_wrong_home_deductible;unsupported_wrong_baggage_limit;unsupported_wrong_dental_percentage;unsupported_mixed_extra_claim;unsupported_cancellation_claim;unsupported_liability_distractor_answer;unsupported_information_missing,0.7683642383498835,1.0,1.0,0.30647096153231795,0.693529038467682,0.056544486128751924,0.0,0.0
0.017,14,14,0,0,1.0,0.0,0.5,1.0,0.0,0.6666666666666666,0.5,0.0,1.0,,14,unsupported_wrong_motor_deductible;unsupported_wrong_contract_identifier;unsupported_wrong_coverage_type;unsupported_reversed_coverage;unsupported_zero_deductible;unsupported_rental_car_extension;unsupported_wrong_policy_dates;unsupported_wrong_home_deductible;unsupported_wrong_baggage_limit;unsupported_wrong_dental_percentage;unsupported_mixed_extra_claim;unsupported_cancellation_claim;unsupported_liability_distractor_answer;unsupported_information_missing,0.7683642383498835,1.0,1.0,0.30647096153231795,0.693529038467682,0.056544486128751924,0.0,0.0
0.018,14,14,0,0,1.0,0.0,0.5,1.0,0.0,0.6666666666666666,0.5,0.0,1.0,,14,unsupported_wrong_motor_deductible;unsupported_wrong_contract_identifier;unsupported_wrong_coverage_type;unsupported_reversed_coverage;unsupported_zero_deductible;unsupported_rental_car_extension;unsupported_wrong_policy_dates;unsupported_wrong_home_deductible;unsupported_wrong_baggage_limit;unsupported_wrong_dental_percentage;unsupported_mixed_extra_claim;unsupported_cancellation_claim;unsupported_liability_distractor_answer;unsupported_information_missing,0.7683642383498835,1.0,1.0,0.30647096153231795,0.693529038467682,0.056544486128751924,0.0,0.0
0.019,14,14,0,0,1.0,0.0,0.5,1.0,0.0,0.6666666666666666,0.5,0.0,1.0,,14,unsupported_wrong_motor_deductible;unsupported_wrong_contract_identifier;unsupported_wrong_coverage_type;unsupported_reversed_coverage;unsupported_zero_deductible;unsupported_rental_car_extension;unsupported_wrong_policy_dates;unsupported_wrong_home_deductible;unsupported_wrong_baggage_limit;unsupported_wrong_dental_percentage;unsupported_mixed_extra_claim;unsupported_cancellation_claim;unsupported_liability_distractor_answer;unsupported_information_missing,0.7683642383498835,1.0,1.0,0.30647096153231795,0.693529038467682,0.056544486128751924,0.0,0.0
0.02,14,14,0,0,1.0,0.0,0.5,1.0,0.0,0.6666666666666666,0.5,0.0,1.0,,14,unsupported_wrong_motor_deductible;unsupported_wrong_contract_identifier;unsupported_wrong_coverage_type;unsupported_reversed_coverage;unsupported_zero_deductible;unsupported_rental_car_extension;unsupported_wrong_policy_dates;unsupported_wrong_home_deductible;unsupported_wrong_baggage_limit;unsupported_wrong_dental_percentage;unsupported_mixed_extra_claim;unsupported_cancellation_claim;unsupported_liability_distractor_answer;unsupported_information_missing,0.7683642383498835,1.0,1.0,0.30647096153231795,0.693529038467682,0.056544486128751924,0.0,0.0
0.021,14,14,0,0,1.0,0.0,0.5,1.0,0.0,0.6666666666666666,0.5,0.0,1.0,,14,unsupported_wrong_motor_deductible;unsupported_wrong_contract_identifier;unsupported_wrong_coverage_type;unsupported_reversed_coverage;unsupported_zero_deductible;unsupported_rental_car_extension;unsupported_wrong_policy_dates;unsupported_wrong_home_deductible;unsupported_wrong_baggage_limit;unsupported_wrong_dental_percentage;unsupported_mixed_extra_claim;unsupported_cancellation_claim;unsupported_liability_distractor_answer;unsupported_information_missing,0.7683642383498835,1.0,1.0,0.30647096153231795,0.693529038467682,0.056544486128751924,0.0,0.0
0.022,14,14,0,0,1.0,0.0,0.5,1.0,0.0,0.6666666666666666,0.5,0.0,1.0,,14,unsupported_wrong_motor_deductible;unsupported_wrong_contract_identifier;unsupported_wrong_coverage_type;unsupported_reversed_coverage;unsupported_zero_deductible;unsupported_rental_car_extension;unsupported_wrong_policy_dates;unsupported_wrong_home_deductible;unsupported_wrong_baggage_limit;unsupported_wrong_dental_percentage;unsupported_mixed_extra_claim;unsupported_cancellation_claim;unsupported_liability_distractor_answer;unsupported_information_missing,0.7683642383498835,1.0,1.0,0.30647096153231795,0.693529038467682,0.056544486128751924,0.0,0.0
0.023,14,14,0,0,1.0,0.0,0.5,1.0,0.0,0.6666666666666666,0.5,0.0,1.0,,14,unsupported_wrong_motor_deductible;unsupported_wrong_contract_identifier;unsupported_wrong_coverage_type;unsupported_reversed_coverage;unsupported_zero_deductible;unsupported_rental_car_extension;unsupported_wrong_policy_dates;unsupported_wrong_home_deductible;unsupported_wrong_baggage_limit;unsupported_wrong_dental_percentage;unsupported_mixed_extra_claim;unsupported_cancellation_claim;unsupported_liability_distractor_answer;unsupported_information_missing,0.7683642383498835,1.0,1.0,0.30647096153231795,0.693529038467682,0.056544486128751924,0.0,0.0
0.024,14,14,0,0,1.0,0.0,0.5,1.0,0.0,0.6666666666666666,0.5,0.0,1.0,,14,unsupported_wrong_motor_deductible;unsupported_wrong_contract_identifier;unsupported_wrong_coverage_type;unsupported_reversed_coverage;unsupported_zero_deductible;unsupported_rental_car_extension;unsupported_wrong_policy_dates;unsupported_wrong_home_deductible;unsupported_wrong_baggage_limit;unsupported_wrong_dental_percentage;unsupported_mixed_extra_claim;unsupported_cancellation_claim;unsupported_liability_distractor_answer;unsupported_information_missing,0.7683642383498835,1.0,1.0,0.30647096153231795,0.693529038467682,0.056544486128751924,0.0,0.0
0.025,14,14,0,0,1.0,0.0,0.5,1.0,0.0,0.6666666666666666,0.5,0.0,1.0,,14,unsupported_wrong_motor_deductible;unsupported_wrong_contract_identifier;unsupported_wrong_coverage_type;unsupported_reversed_coverage;unsupported_zero_deductible;unsupported_rental_car_extension;unsupported_wrong_policy_dates;unsupported_wrong_home_deductible;unsupported_wrong_baggage_limit;unsupported_wrong_dental_percentage;unsupported_mixed_extra_claim;unsupported_cancellation_claim;unsupported_liability_distractor_answer;unsupported_information_missing,0.7683642383498835,1.0,1.0,0.30647096153231795,0.693529038467682,0.056544486128751924,0.0,0.0
0.026,14,14,0,0,1.0,0.0,0.5,1.0,0.0,0.6666666666666666,0.5,0.0,1.0,,14,unsupported_wrong_motor_deductible;unsupported_wrong_contract_identifier;unsupported_wrong_coverage_type;unsupported_reversed_coverage;unsupported_zero_deductible;unsupported_rental_car_extension;unsupported_wrong_policy_dates;unsupported_wrong_home_deductible;unsupported_wrong_baggage_limit;unsupported_wrong_dental_percentage;unsupported_mixed_extra_claim;unsupported_cancellation_claim;unsupported_liability_distractor_answer;unsupported_information_missing,0.7683642383498835,1.0,1.0,0.30647096153231795,0.693529038467682,0.056544486128751924,0.0,0.0
0.027,14,14,0,0,1.0,0.0,0.5,1.0,0.0,0.6666666666666666,0.5,0.0,1.0,,14,unsupported_wrong_motor_deductible;unsupported_wrong_contract_identifier;unsupported_wrong_coverage_type;unsupported_reversed_coverage;unsupported_zero_deductible;unsupported_rental_car_extension;unsupported_wrong_policy_dates;unsupported_wrong_home_deductible;unsupported_wrong_baggage_limit;unsupported_wrong_dental_percentage;unsupported_mixed_extra_claim;unsupported_cancellation_claim;unsupported_liability_distractor_answer;unsupported_information_missing,0.7683642383498835,1.0,1.0,0.30647096153231795,0.693529038467682,0.056544486128751924,0.0,0.0
0.028,14,14,0,0,1.0,0.0,0.5,1.0,0.0,0.6666666666666666,0.5,0.0,1.0,,14,unsupported_wrong_motor_deductible;unsupported_wrong_contract_identifier;unsupported_wrong_coverage_type;unsupported_reversed_coverage;unsupported_zero_deductible;unsupported_rental_car_extension;unsupported_wrong_policy_dates;unsupported_wrong_home_deductible;unsupported_wrong_baggage_limit;unsupported_wrong_dental_percentage;unsupported_mixed_extra_claim;unsupported_cancellation_claim;unsupported_liability_distractor_answer;unsupported_information_missing,0.7683642383498835,1.0,1.0,0.30647096153231795,0.693529038467682,0.056544486128751924,0.0,0.0
0.029,14,14,0,0,1.0,0.0,0.5,1.0,0.0,0.6666666666666666,0.5,0.0,1.0,,14,unsupported_wrong_motor_deductible;unsupported_wrong_contract_identifier;unsupported_wrong_coverage_type;unsupported_reversed_coverage;unsupported_zero_deductible;unsupported_rental_car_extension;unsupported_wrong_policy_dates;unsupported_wrong_home_deductible;unsupported_wrong_baggage_limit;unsupported_wrong_dental_percentage;unsupported_mixed_extra_claim;unsupported_cancellation_claim;unsupported_liability_distractor_answer;unsupported_information_missing,0.7683642383498835,1.0,1.0,0.30647096153231795,0.693529038467682,0.056544486128751924,0.0,0.0
0.03,14,14,0,0,1.0,0.0,0.5,1.0,0.0,0.6666666666666666,0.5,0.0,1.0,,14,unsupported_wrong_motor_deductible;unsupported_wrong_contract_identifier;unsupported_wrong_coverage_type;unsupported_reversed_coverage;unsupported_zero_deductible;unsupported_rental_car_extension;unsupported_wrong_policy_dates;unsupported_wrong_home_deductible;unsupported_wrong_baggage_limit;unsupported_wrong_dental_percentage;unsupported_mixed_extra_claim;unsupported_cancellation_claim;unsupported_liability_distractor_answer;unsupported_information_missing,0.7683642383498835,1.0,1.0,0.30647096153231795,0.693529038467682,0.056544486128751924,0.0,0.0
0.031,14,14,0,0,1.0,0.0,0.5,1.0,0.0,0.6666666666666666,0.5,0.0,1.0,,14,unsupported_wrong_motor_deductible;unsupported_wrong_contract_identifier;unsupported_wrong_coverage_type;unsupported_reversed_coverage;unsupported_zero_deductible;unsupported_rental_car_extension;unsupported_wrong_policy_dates;unsupported_wrong_home_deductible;unsupported_wrong_baggage_limit;unsupported_wrong_dental_percentage;unsupported_mixed_extra_claim;unsupported_cancellation_claim;unsupported_liability_distractor_answer;unsupported_information_missing,0.7683642383498835,1.0,1.0,0.30647096153231795,0.693529038467682,0.056544486128751924,0.0,0.0
0.032,14,14,0,0,1.0,0.0,0.5,1.0,0.0,0.6666666666666666,0.5,0.0,1.0,,14,unsupported_wrong_motor_deductible;unsupported_wrong_contract_identifier;unsupported_wrong_coverage_type;unsupported_reversed_coverage;unsupported_zero_deductible;unsupported_rental_car_extension;unsupported_wrong_policy_dates;unsupported_wrong_home_deductible;unsupported_wrong_baggage_limit;unsupported_wrong_dental_percentage;unsupported_mixed_extra_claim;unsupported_cancellation_claim;unsupported_liability_distractor_answer;unsupported_information_missing,0.7683642383498835,1.0,1.0,0.30647096153231795,0.693529038467682,0.056544486128751924,0.0,0.0
0.033,14,14,0,0,1.0,0.0,0.5,1.0,0.0,0.6666666666666666,0.5,0.0,1.0,,14,unsupported_wrong_motor_deductible;unsupported_wrong_contract_identifier;unsupported_wrong_coverage_type;unsupported_reversed_coverage;unsupported_zero_deductible;unsupported_rental_car_extension;unsupported_wrong_policy_dates;unsupported_wrong_home_deductible;unsupported_wrong_baggage_limit;unsupported_wrong_dental_percentage;unsupported_mixed_extra_claim;unsupported_cancellation_claim;unsupported_liability_distractor_answer;unsupported_information_missing,0.7683642383498835,1.0,1.0,0.30647096153231795,0.693529038467682,0.056544486128751924,0.0,0.0
0.034,14,14,0,0,1.0,0.0,0.5,1.0,0.0,0.6666666666666666,0.5,0.0,1.0,,14,unsupported_wrong_motor_deductible;unsupported_wrong_contract_identifier;unsupported_wrong_coverage_type;unsupported_reversed_coverage;unsupported_zero_deductible;unsupported_rental_car_extension;unsupported_wrong_policy_dates;unsupported_wrong_home_deductible;unsupported_wrong_baggage_limit;unsupported_wrong_dental_percentage;unsupported_mixed_extra_claim;unsupported_cancellation_claim;unsupported_liability_distractor_answer;unsupported_information_missing,0.7683642383498835,1.0,1.0,0.30647096153231795,0.693529038467682,0.056544486128751924,0.0,0.0
0.035,14,14,0,0,1.0,0.0,0.5,1.0,0.0,0.6666666666666666,0.5,0.0,1.0,,14,unsupported_wrong_motor_deductible;unsupported_wrong_contract_identifier;unsupported_wrong_coverage_type;unsupported_reversed_coverage;unsupported_zero_deductible;unsupported_rental_car_extension;unsupported_wrong_policy_dates;unsupported_wrong_home_deductible;unsupported_wrong_baggage_limit;unsupported_wrong_dental_percentage;unsupported_mixed_extra_claim;unsupported_cancellation_claim;unsupported_liability_distractor_answer;unsupported_information_missing,0.7683642383498835,1.0,1.0,0.30647096153231795,0.693529038467682,0.056544486128751924,0.0,0.0
0.036,14,14,0,0,1.0,0.0,0.5,1.0,0.0,0.6666666666666666,0.5,0.0,1.0,,14,unsupported_wrong_motor_deductible;unsupported_wrong_contract_identifier;unsupported_wrong_coverage_type;unsupported_reversed_coverage;unsupported_zero_deductible;unsupported_rental_car_extension;unsupported_wrong_policy_dates;unsupported_wrong_home_deductible;unsupported_wrong_baggage_limit;unsupported_wrong_dental_percentage;unsupported_mixed_extra_claim;unsupported_cancellation_claim;unsupported_liability_distractor_answer;unsupported_information_missing,0.7683642383498835,1.0,1.0,0.30647096153231795,0.693529038467682,0.056544486128751924,0.0,0.0
0.037,14,14,0,0,1.0,0.0,0.5,1.0,0.0,0.6666666666666666,0.5,0.0,1.0,,14,unsupported_wrong_motor_deductible;unsupported_wrong_contract_identifier;unsupported_wrong_coverage_type;unsupported_reversed_coverage;unsupported_zero_deductible;unsupported_rental_car_extension;unsupported_wrong_policy_dates;unsupported_wrong_home_deductible;unsupported_wrong_baggage_limit;unsupported_wrong_dental_percentage;unsupported_mixed_extra_claim;unsupported_cancellation_claim;unsupported_liability_distractor_answer;unsupported_information_missing,0.7683642383498835,1.0,1.0,0.30647096153231795,0.693529038467682,0.056544486128751924,0.0,0.0
0.038,14,14,0,0,1.0,0.0,0.5,1.0,0.0,0.6666666666666666,0.5,0.0,1.0,,14,unsupported_wrong_motor_deductible;unsupported_wrong_contract_identifier;unsupported_wrong_coverage_type;unsupported_reversed_coverage;unsupported_zero_deductible;unsupported_rental_car_extension;unsupported_wrong_policy_dates;unsupported_wrong_home_deductible;unsupported_wrong_baggage_limit;unsupported_wrong_dental_percentage;unsupported_mixed_extra_claim;unsupported_cancellation_claim;unsupported_liability_distractor_answer;unsupported_information_missing,0.7683642383498835,1.0,1.0,0.30647096153231795,0.693529038467682,0.056544486128751924,0.0,0.0
0.039,14,14,0,0,1.0,0.0,0.5,1.0,0.0,0.6666666666666666,0.5,0.0,1.0,,14,unsupported_wrong_motor_deductible;unsupported_wrong_contract_identifier;unsupported_wrong_coverage_type;unsupported_reversed_coverage;unsupported_zero_deductible;unsupported_rental_car_extension;unsupported_wrong_policy_dates;unsupported_wrong_home_deductible;unsupported_wrong_baggage_limit;unsupported_wrong_dental_percentage;unsupported_mixed_extra_claim;unsupported_cancellation_claim;unsupported_liability_distractor_answer;unsupported_information_missing,0.7683642383498835,1.0,1.0,0.30647096153231795,0.693529038467682,0.056544486128751924,0.0,0.0
0.04,14,14,0,0,1.0,0.0,0.5,1.0,0.0,0.6666666666666666,0.5,0.0,1.0,,14,unsupported_wrong_motor_deductible;unsupported_wrong_contract_identifier;unsupported_wrong_coverage_type;unsupported_reversed_coverage;unsupported_zero_deductible;unsupported_rental_car_extension;unsupported_wrong_policy_dates;unsupported_wrong_home_deductible;unsupported_wrong_baggage_limit;unsupported_wrong_dental_percentage;unsupported_mixed_extra_claim;unsupported_cancellation_claim;unsupported_liability_distractor_answer;unsupported_information_missing,0.7683642383498835,1.0,1.0,0.30647096153231795,0.693529038467682,0.056544486128751924,0.0,0.0
0.041,14,14,0,0,1.0,0.0,0.5,1.0,0.0,0.6666666666666666,0.5,0.0,1.0,,14,unsupported_wrong_motor_deductible;unsupported_wrong_contract_identifier;unsupported_wrong_coverage_type;unsupported_reversed_coverage;unsupported_zero_deductible;unsupported_rental_car_extension;unsupported_wrong_policy_dates;unsupported_wrong_home_deductible;unsupported_wrong_baggage_limit;unsupported_wrong_dental_percentage;unsupported_mixed_extra_claim;unsupported_cancellation_claim;unsupported_liability_distractor_answer;unsupported_information_missing,0.7683642383498835,1.0,1.0,0.30647096153231795,0.693529038467682,0.056544486128751924,0.0,0.0
0.042,14,14,0,0,1.0,0.0,0.5,1.0,0.0,0.6666666666666666,0.5,0.0,1.0,,14,unsupported_wrong_motor_deductible;unsupported_wrong_contract_identifier;unsupported_wrong_coverage_type;unsupported_reversed_coverage;unsupported_zero_deductible;unsupported_rental_car_extension;unsupported_wrong_policy_dates;unsupported_wrong_home_deductible;unsupported_wrong_baggage_limit;unsupported_wrong_dental_percentage;unsupported_mixed_extra_claim;unsupported_cancellation_claim;unsupported_liability_distractor_answer;unsupported_information_missing,0.7683642383498835,1.0,1.0,0.30647096153231795,0.693529038467682,0.056544486128751924,0.0,0.0
0.043,14,14,0,0,1.0,0.0,0.5,1.0,0.0,0.6666666666666666,0.5,0.0,1.0,,14,unsupported_wrong_motor_deductible;unsupported_wrong_contract_identifier;unsupported_wrong_coverage_type;unsupported_reversed_coverage;unsupported_zero_deductible;unsupported_rental_car_extension;unsupported_wrong_policy_dates;unsupported_wrong_home_deductible;unsupported_wrong_baggage_limit;unsupported_wrong_dental_percentage;unsupported_mixed_extra_claim;unsupported_cancellation_claim;unsupported_liability_distractor_answer;unsupported_information_missing,0.7683642383498835,1.0,1.0,0.30647096153231795,0.693529038467682,0.056544486128751924,0.0,0.0
0.044,14,14,0,0,1.0,0.0,0.5,1.0,0.0,0.6666666666666666,0.5,0.0,1.0,,14,unsupported_wrong_motor_deductible;unsupported_wrong_contract_identifier;unsupported_wrong_coverage_type;unsupported_reversed_coverage;unsupported_zero_deductible;unsupported_rental_car_extension;unsupported_wrong_policy_dates;unsupported_wrong_home_deductible;unsupported_wrong_baggage_limit;unsupported_wrong_dental_percentage;unsupported_mixed_extra_claim;unsupported_cancellation_claim;unsupported_liability_distractor_answer;unsupported_information_missing,0.7683642383498835,1.0,1.0,0.30647096153231795,0.693529038467682,0.056544486128751924,0.0,0.0
0.045,14,14,0,0,1.0,0.0,0.5,1.0,0.0,0.6666666666666666,0.5,0.0,1.0,,14,unsupported_wrong_motor_deductible;unsupported_wrong_contract_identifier;unsupported_wrong_coverage_type;unsupported_reversed_coverage;unsupported_zero_deductible;unsupported_rental_car_extension;unsupported_wrong_policy_dates;unsupported_wrong_home_deductible;unsupported_wrong_baggage_limit;unsupported_wrong_dental_percentage;unsupported_mixed_extra_claim;unsupported_cancellation_claim;unsupported_liability_distractor_answer;unsupported_information_missing,0.7683642383498835,1.0,1.0,0.30647096153231795,0.693529038467682,0.056544486128751924,0.0,0.0
0.046,14,14,0,0,1.0,0.0,0.5,1.0,0.0,0.6666666666666666,0.5,0.0,1.0,,14,unsupported_wrong_motor_deductible;unsupported_wrong_contract_identifier;unsupported_wrong_coverage_type;unsupported_reversed_coverage;unsupported_zero_deductible;unsupported_rental_car_extension;unsupported_wrong_policy_dates;unsupported_wrong_home_deductible;unsupported_wrong_baggage_limit;unsupported_wrong_dental_percentage;unsupported_mixed_extra_claim;unsupported_cancellation_claim;unsupported_liability_distractor_answer;unsupported_information_missing,0.7683642383498835,1.0,1.0,0.30647096153231795,0.693529038467682,0.056544486128751924,0.0,0.0
0.047,14,14,0,0,1.0,0.0,0.5,1.0,0.0,0.6666666666666666,0.5,0.0,1.0,,14,unsupported_wrong_motor_deductible;unsupported_wrong_contract_identifier;unsupported_wrong_coverage_type;unsupported_reversed_coverage;unsupported_zero_deductible;unsupported_rental_car_extension;unsupported_wrong_policy_dates;unsupported_wrong_home_deductible;unsupported_wrong_baggage_limit;unsupported_wrong_dental_percentage;unsupported_mixed_extra_claim;unsupported_cancellation_claim;unsupported_liability_distractor_answer;unsupported_information_missing,0.7683642383498835,1.0,1.0,0.30647096153231795,0.693529038467682,0.056544486128751924,0.0,0.0
0.048,14,14,0,0,1.0,0.0,0.5,1.0,0.0,0.6666666666666666,0.5,0.0,1.0,,14,unsupported_wrong_motor_deductible;unsupported_wrong_contract_identifier;unsupported_wrong_coverage_type;unsupported_reversed_coverage;unsupported_zero_deductible;unsupported_rental_car_extension;unsupported_wrong_policy_dates;unsupported_wrong_home_deductible;unsupported_wrong_baggage_limit;unsupported_wrong_dental_percentage;unsupported_mixed_extra_claim;unsupported_cancellation_claim;unsupported_liability_distractor_answer;unsupported_information_missing,0.7683642383498835,1.0,1.0,0.30647096153231795,0.693529038467682,0.056544486128751924,0.0,0.0
0.049,14,14,0,0,1.0,0.0,0.5,1.0,0.0,0.6666666666666666,0.5,0.0,1.0,,14,unsupported_wrong_motor_deductible;unsupported_wrong_contract_identifier;unsupported_wrong_coverage_type;unsupported_reversed_coverage;unsupported_zero_deductible;unsupported_rental_car_extension;unsupported_wrong_policy_dates;unsupported_wrong_home_deductible;unsupported_wrong_baggage_limit;unsupported_wrong_dental_percentage;unsupported_mixed_extra_claim;unsupported_cancellation_claim;unsupported_liability_distractor_answer;unsupported_information_missing,0.7683642383498835,1.0,1.0,0.30647096153231795,0.693529038467682,0.056544486128751924,0.0,0.0
0.05,14,14,0,0,1.0,0.0,0.5,1.0,0.0,0.6666666666666666,0.5,0.0,1.0,,14,unsupported_wrong_motor_deductible;unsupported_wrong_contract_identifier;unsupported_wrong_coverage_type;unsupported_reversed_coverage;unsupported_zero_deductible;unsupported_rental_car_extension;unsupported_wrong_policy_dates;unsupported_wrong_home_deductible;unsupported_wrong_baggage_limit;unsupported_wrong_dental_percentage;unsupported_mixed_extra_claim;unsupported_cancellation_claim;unsupported_liability_distractor_answer;unsupported_information_missing,0.7683642383498835,1.0,1.0,0.30647096153231795,0.693529038467682,0.056544486128751924,0.0,0.0
0.051,14,14,0,0,1.0,0.0,0.5,1.0,0.0,0.6666666666666666,0.5,0.0,1.0,,14,unsupported_wrong_motor_deductible;unsupported_wrong_contract_identifier;unsupported_wrong_coverage_type;unsupported_reversed_coverage;unsupported_zero_deductible;unsupported_rental_car_extension;unsupported_wrong_policy_dates;unsupported_wrong_home_deductible;unsupported_wrong_baggage_limit;unsupported_wrong_dental_percentage;unsupported_mixed_extra_claim;unsupported_cancellation_claim;unsupported_liability_distractor_answer;unsupported_information_missing,0.7683642383498835,1.0,1.0,0.30647096153231795,0.693529038467682,0.056544486128751924,0.0,0.0
0.052,14,14,0,0,1.0,0.0,0.5,1.0,0.0,0.6666666666666666,0.5,0.0,1.0,,14,unsupported_wrong_motor_deductible;unsupported_wrong_contract_identifier;unsupported_wrong_coverage_type;unsupported_reversed_coverage;unsupported_zero_deductible;unsupported_rental_car_extension;unsupported_wrong_policy_dates;unsupported_wrong_home_deductible;unsupported_wrong_baggage_limit;unsupported_wrong_dental_percentage;unsupported_mixed_extra_claim;unsupported_cancellation_claim;unsupported_liability_distractor_answer;unsupported_information_missing,0.7683642383498835,1.0,1.0,0.30647096153231795,0.693529038467682,0.056544486128751924,0.0,0.0
0.053,14,14,0,0,1.0,0.0,0.5,1.0,0.0,0.6666666666666666,0.5,0.0,1.0,,14,unsupported_wrong_motor_deductible;unsupported_wrong_contract_identifier;unsupported_wrong_coverage_type;unsupported_reversed_coverage;unsupported_zero_deductible;unsupported_rental_car_extension;unsupported_wrong_policy_dates;unsupported_wrong_home_deductible;unsupported_wrong_baggage_limit;unsupported_wrong_dental_percentage;unsupported_mixed_extra_claim;unsupported_cancellation_claim;unsupported_liability_distractor_answer;unsupported_information_missing,0.7683642383498835,1.0,1.0,0.30647096153231795,0.693529038467682,0.056544486128751924,0.0,0.0
0.054,14,14,0,0,1.0,0.0,0.5,1.0,0.0,0.6666666666666666,0.5,0.0,1.0,,14,unsupported_wrong_motor_deductible;unsupported_wrong_contract_identifier;unsupported_wrong_coverage_type;unsupported_reversed_coverage;unsupported_zero_deductible;unsupported_rental_car_extension;unsupported_wrong_policy_dates;unsupported_wrong_home_deductible;unsupported_wrong_baggage_limit;unsupported_wrong_dental_percentage;unsupported_mixed_extra_claim;unsupported_cancellation_claim;unsupported_liability_distractor_answer;unsupported_information_missing,0.7683642383498835,1.0,1.0,0.30647096153231795,0.693529038467682,0.056544486128751924,0.0,0.0
0.055,14,14,0,0,1.0,0.0,0.5,1.0,0.0,0.6666666666666666,0.5,0.0,1.0,,14,unsupported_wrong_motor_deductible;unsupported_wrong_contract_identifier;unsupported_wrong_coverage_type;unsupported_reversed_coverage;unsupported_zero_deductible;unsupported_rental_car_extension;unsupported_wrong_policy_dates;unsupported_wrong_home_deductible;unsupported_wrong_baggage_limit;unsupported_wrong_dental_percentage;unsupported_mixed_extra_claim;unsupported_cancellation_claim;unsupported_liability_distractor_answer;unsupported_information_missing,0.7683642383498835,1.0,1.0,0.30647096153231795,0.693529038467682,0.056544486128751924,0.0,0.0
0.056,14,14,0,0,1.0,0.0,0.5,1.0,0.0,0.6666666666666666,0.5,0.0,1.0,,14,unsupported_wrong_motor_deductible;unsupported_wrong_contract_identifier;unsupported_wrong_coverage_type;unsupported_reversed_coverage;unsupported_zero_deductible;unsupported_rental_car_extension;unsupported_wrong_policy_dates;unsupported_wrong_home_deductible;unsupported_wrong_baggage_limit;unsupported_wrong_dental_percentage;unsupported_mixed_extra_claim;unsupported_cancellation_claim;unsupported_liability_distractor_answer;unsupported_information_missing,0.7683642383498835,1.0,1.0,0.30647096153231795,0.693529038467682,0.056544486128751924,0.0,0.0
0.057,14,14,0,0,1.0,0.0,0.5,1.0,0.0,0.6666666666666666,0.5,0.0,1.0,,14,unsupported_wrong_motor_deductible;unsupported_wrong_contract_identifier;unsupported_wrong_coverage_type;unsupported_reversed_coverage;unsupported_zero_deductible;unsupported_rental_car_extension;unsupported_wrong_policy_dates;unsupported_wrong_home_deductible;unsupported_wrong_baggage_limit;unsupported_wrong_dental_percentage;unsupported_mixed_extra_claim;unsupported_cancellation_claim;unsupported_liability_distractor_answer;unsupported_information_missing,0.7683642383498835,1.0,1.0,0.30647096153231795,0.693529038467682,0.056544486128751924,0.0,0.0
0.058,14,14,0,0,1.0,0.0,0.5,1.0,0.0,0.6666666666666666,0.5,0.0,1.0,,14,unsupported_wrong_motor_deductible;unsupported_wrong_contract_identifier;unsupported_wrong_coverage_type;unsupported_reversed_coverage;unsupported_zero_deductible;unsupported_rental_car_extension;unsupported_wrong_policy_dates;unsupported_wrong_home_deductible;unsupported_wrong_baggage_limit;unsupported_wrong_dental_percentage;unsupported_mixed_extra_claim;unsupported_cancellation_claim;unsupported_liability_distractor_answer;unsupported_information_missing,0.7683642383498835,1.0,1.0,0.30647096153231795,0.693529038467682,0.056544486128751924,0.0,0.0
0.059,14,14,0,0,1.0,0.0,0.5,1.0,0.0,0.6666666666666666,0.5,0.0,1.0,,14,unsupported_wrong_motor_deductible;unsupported_wrong_contract_identifier;unsupported_wrong_coverage_type;unsupported_reversed_coverage;unsupported_zero_deductible;unsupported_rental_car_extension;unsupported_wrong_policy_dates;unsupported_wrong_home_deductible;unsupported_wrong_baggage_limit;unsupported_wrong_dental_percentage;unsupported_mixed_extra_claim;unsupported_cancellation_claim;unsupported_liability_distractor_answer;unsupported_information_missing,0.7683642383498835,1.0,1.0,0.30647096153231795,0.693529038467682,0.056544486128751924,0.0,0.0
0.06,14,14,0,0,1.0,0.0,0.5,1.0,0.0,0.6666666666666666,0.5,0.0,1.0,,14,unsupported_wrong_motor_deductible;unsupported_wrong_contract_identifier;unsupported_wrong_coverage_type;unsupported_reversed_coverage;unsupported_zero_deductible;unsupported_rental_car_extension;unsupported_wrong_policy_dates;unsupported_wrong_home_deductible;unsupported_wrong_baggage_limit;unsupported_wrong_dental_percentage;unsupported_mixed_extra_claim;unsupported_cancellation_claim;unsupported_liability_distractor_answer;unsupported_information_missing,0.7683642383498835,1.0,1.0,0.30647096153231795,0.693529038467682,0.056544486128751924,0.0,0.0
0.061,14,14,0,0,1.0,0.0,0.5,1.0,0.0,0.6666666666666666,0.5,0.0,1.0,,14,unsupported_wrong_motor_deductible;unsupported_wrong_contract_identifier;unsupported_wrong_coverage_type;unsupported_reversed_coverage;unsupported_zero_deductible;unsupported_rental_car_extension;unsupported_wrong_policy_dates;unsupported_wrong_home_deductible;unsupported_wrong_baggage_limit;unsupported_wrong_dental_percentage;unsupported_mixed_extra_claim;unsupported_cancellation_claim;unsupported_liability_distractor_answer;unsupported_information_missing,0.7683642383498835,1.0,1.0,0.30647096153231795,0.693529038467682,0.056544486128751924,0.0,0.0
0.062,14,14,0,0,1.0,0.0,0.5,1.0,0.0,0.6666666666666666,0.5,0.0,1.0,,14,unsupported_wrong_motor_deductible;unsupported_wrong_contract_identifier;unsupported_wrong_coverage_type;unsupported_reversed_coverage;unsupported_zero_deductible;unsupported_rental_car_extension;unsupported_wrong_policy_dates;unsupported_wrong_home_deductible;unsupported_wrong_baggage_limit;unsupported_wrong_dental_percentage;unsupported_mixed_extra_claim;unsupported_cancellation_claim;unsupported_liability_distractor_answer;unsupported_information_missing,0.7683642383498835,1.0,1.0,0.30647096153231795,0.693529038467682,0.056544486128751924,0.0,0.0
0.063,14,14,0,0,1.0,0.0,0.5,1.0,0.0,0.6666666666666666,0.5,0.0,1.0,,14,unsupported_wrong_motor_deductible;unsupported_wrong_contract_identifier;unsupported_wrong_coverage_type;unsupported_reversed_coverage;unsupported_zero_deductible;unsupported_rental_car_extension;unsupported_wrong_policy_dates;unsupported_wrong_home_deductible;unsupported_wrong_baggage_limit;unsupported_wrong_dental_percentage;unsupported_mixed_extra_claim;unsupported_cancellation_claim;unsupported_liability_distractor_answer;unsupported_information_missing,0.7683642383498835,1.0,1.0,0.30647096153231795,0.693529038467682,0.056544486128751924,0.0,0.0
0.064,14,14,0,0,1.0,0.0,0.5,1.0,0.0,0.6666666666666666,0.5,0.0,1.0,,14,unsupported_wrong_motor_deductible;unsupported_wrong_contract_identifier;unsupported_wrong_coverage_type;unsupported_reversed_coverage;unsupported_zero_deductible;unsupported_rental_car_extension;unsupported_wrong_policy_dates;unsupported_wrong_home_deductible;unsupported_wrong_baggage_limit;unsupported_wrong_dental_percentage;unsupported_mixed_extra_claim;unsupported_cancellation_claim;unsupported_liability_distractor_answer;unsupported_information_missing,0.7683642383498835,1.0,1.0,0.30647096153231795,0.693529038467682,0.056544486128751924,0.0,0.0
0.065,14,14,0,0,1.0,0.0,0.5,1.0,0.0,0.6666666666666666,0.5,0.0,1.0,,14,unsupported_wrong_motor_deductible;unsupported_wrong_contract_identifier;unsupported_wrong_coverage_type;unsupported_reversed_coverage;unsupported_zero_deductible;unsupported_rental_car_extension;unsupported_wrong_policy_dates;unsupported_wrong_home_deductible;unsupported_wrong_baggage_limit;unsupported_wrong_dental_percentage;unsupported_mixed_extra_claim;unsupported_cancellation_claim;unsupported_liability_distractor_answer;unsupported_information_missing,0.7683642383498835,1.0,1.0,0.30647096153231795,0.693529038467682,0.056544486128751924,0.0,0.0
0.066,14,14,0,0,1.0,0.0,0.5,1.0,0.0,0.6666666666666666,0.5,0.0,1.0,,14,unsupported_wrong_motor_deductible;unsupported_wrong_contract_identifier;unsupported_wrong_coverage_type;unsupported_reversed_coverage;unsupported_zero_deductible;unsupported_rental_car_extension;unsupported_wrong_policy_dates;unsupported_wrong_home_deductible;unsupported_wrong_baggage_limit;unsupported_wrong_dental_percentage;unsupported_mixed_extra_claim;unsupported_cancellation_claim;unsupported_liability_distractor_answer;unsupported_information_missing,0.7683642383498835,1.0,1.0,0.30647096153231795,0.693529038467682,0.056544486128751924,0.0,0.0
0.067,14,14,0,0,1.0,0.0,0.5,1.0,0.0,0.6666666666666666,0.5,0.0,1.0,,14,unsupported_wrong_motor_deductible;unsupported_wrong_contract_identifier;unsupported_wrong_coverage_type;unsupported_reversed_coverage;unsupported_zero_deductible;unsupported_rental_car_extension;unsupported_wrong_policy_dates;unsupported_wrong_home_deductible;unsupported_wrong_baggage_limit;unsupported_wrong_dental_percentage;unsupported_mixed_extra_claim;unsupported_cancellation_claim;unsupported_liability_distractor_answer;unsupported_information_missing,0.7683642383498835,1.0,1.0,0.30647096153231795,0.693529038467682,0.056544486128751924,0.0,0.0
0.068,14,14,0,0,1.0,0.0,0.5,1.0,0.0,0.6666666666666666,0.5,0.0,1.0,,14,unsupported_wrong_motor_deductible;unsupported_wrong_contract_identifier;unsupported_wrong_coverage_type;unsupported_reversed_coverage;unsupported_zero_deductible;unsupported_rental_car_extension;unsupported_wrong_policy_dates;unsupported_wrong_home_deductible;unsupported_wrong_baggage_limit;unsupported_wrong_dental_percentage;unsupported_mixed_extra_claim;unsupported_cancellation_claim;unsupported_liability_distractor_answer;unsupported_information_missing,0.7683642383498835,1.0,1.0,0.30647096153231795,0.693529038467682,0.056544486128751924,0.0,0.0
0.069,14,14,0,0,1.0,0.0,0.5,1.0,0.0,0.6666666666666666,0.5,0.0,1.0,,14,unsupported_wrong_motor_deductible;unsupported_wrong_contract_identifier;unsupported_wrong_coverage_type;unsupported_reversed_coverage;unsupported_zero_deductible;unsupported_rental_car_extension;unsupported_wrong_policy_dates;unsupported_wrong_home_deductible;unsupported_wrong_baggage_limit;unsupported_wrong_dental_percentage;unsupported_mixed_extra_claim;unsupported_cancellation_claim;unsupported_liability_distractor_answer;unsupported_information_missing,0.7683642383498835,1.0,1.0,0.30647096153231795,0.693529038467682,0.056544486128751924,0.0,0.0
0.07,14,14,0,0,1.0,0.0,0.5,1.0,0.0,0.6666666666666666,0.5,0.0,1.0,,14,unsupported_wrong_motor_deductible;unsupported_wrong_contract_identifier;unsupported_wrong_coverage_type;unsupported_reversed_coverage;unsupported_zero_deductible;unsupported_rental_car_extension;unsupported_wrong_policy_dates;unsupported_wrong_home_deductible;unsupported_wrong_baggage_limit;unsupported_wrong_dental_percentage;unsupported_mixed_extra_claim;unsupported_cancellation_claim;unsupported_liability_distractor_answer;unsupported_information_missing,0.7683642383498835,1.0,1.0,0.30647096153231795,0.693529038467682,0.056544486128751924,0.0,0.0
0.071,14,14,0,0,1.0,0.0,0.5,1.0,0.0,0.6666666666666666,0.5,0.0,1.0,,14,unsupported_wrong_motor_deductible;unsupported_wrong_contract_identifier;unsupported_wrong_coverage_type;unsupported_reversed_coverage;unsupported_zero_deductible;unsupported_rental_car_extension;unsupported_wrong_policy_dates;unsupported_wrong_home_deductible;unsupported_wrong_baggage_limit;unsupported_wrong_dental_percentage;unsupported_mixed_extra_claim;unsupported_cancellation_claim;unsupported_liability_distractor_answer;unsupported_information_missing,0.7683642383498835,1.0,1.0,0.30647096153231795,0.693529038467682,0.056544486128751924,0.0,0.0
0.072,14,14,0,0,1.0,0.0,0.5,1.0,0.0,0.6666666666666666,0.5,0.0,1.0,,14,unsupported_wrong_motor_deductible;unsupported_wrong_contract_identifier;unsupported_wrong_coverage_type;unsupported_reversed_coverage;unsupported_zero_deductible;unsupported_rental_car_extension;unsupported_wrong_policy_dates;unsupported_wrong_home_deductible;unsupported_wrong_baggage_limit;unsupported_wrong_dental_percentage;unsupported_mixed_extra_claim;unsupported_cancellation_claim;unsupported_liability_distractor_answer;unsupported_information_missing,0.7683642383498835,1.0,1.0,0.30647096153231795,0.693529038467682,0.056544486128751924,0.0,0.0
0.073,14,14,0,0,1.0,0.0,0.5,1.0,0.0,0.6666666666666666,0.5,0.0,1.0,,14,unsupported_wrong_motor_deductible;unsupported_wrong_contract_identifier;unsupported_wrong_coverage_type;unsupported_reversed_coverage;unsupported_zero_deductible;unsupported_rental_car_extension;unsupported_wrong_policy_dates;unsupported_wrong_home_deductible;unsupported_wrong_baggage_limit;unsupported_wrong_dental_percentage;unsupported_mixed_extra_claim;unsupported_cancellation_claim;unsupported_liability_distractor_answer;unsupported_information_missing,0.7683642383498835,1.0,1.0,0.30647096153231795,0.693529038467682,0.056544486128751924,0.0,0.0
0.074,14,14,0,0,1.0,0.0,0.5,1.0,0.0,0.6666666666666666,0.5,0.0,1.0,,14,unsupported_wrong_motor_deductible;unsupported_wrong_contract_identifier;unsupported_wrong_coverage_type;unsupported_reversed_coverage;unsupported_zero_deductible;unsupported_rental_car_extension;unsupported_wrong_policy_dates;unsupported_wrong_home_deductible;unsupported_wrong_baggage_limit;unsupported_wrong_dental_percentage;unsupported_mixed_extra_claim;unsupported_cancellation_claim;unsupported_liability_distractor_answer;unsupported_information_missing,0.7683642383498835,1.0,1.0,0.30647096153231795,0.693529038467682,0.056544486128751924,0.0,0.0
0.075,14,14,0,0,1.0,0.0,0.5,1.0,0.0,0.6666666666666666,0.5,0.0,1.0,,14,unsupported_wrong_motor_deductible;unsupported_wrong_contract_identifier;unsupported_wrong_coverage_type;unsupported_reversed_coverage;unsupported_zero_deductible;unsupported_rental_car_extension;unsupported_wrong_policy_dates;unsupported_wrong_home_deductible;unsupported_wrong_baggage_limit;unsupported_wrong_dental_percentage;unsupported_mixed_extra_claim;unsupported_cancellation_claim;unsupported_liability_distractor_answer;unsupported_information_missing,0.7683642383498835,1.0,1.0,0.30647096153231795,0.693529038467682,0.056544486128751924,0.0,0.0
0.075556,14,14,0,0,1.0,0.0,0.5,1.0,0.0,0.6666666666666666,0.5,0.0,1.0,,14,unsupported_wrong_motor_deductible;unsupported_wrong_contract_identifier;unsupported_wrong_coverage_type;unsupported_reversed_coverage;unsupported_zero_deductible;unsupported_rental_car_extension;unsupported_wrong_policy_dates;unsupported_wrong_home_deductible;unsupported_wrong_baggage_limit;unsupported_wrong_dental_percentage;unsupported_mixed_extra_claim;unsupported_cancellation_claim;unsupported_liability_distractor_answer;unsupported_information_missing,0.7683642383498835,1.0,1.0,0.30647096153231795,0.693529038467682,0.056544486128751924,0.0,0.0
0.076,14,13,1,0,0.9285714285714286,0.0,0.5185185185185185,1.0,0.07142857142857142,0.6829268292682926,0.5357142857142857,0.2672612419124244,0.9642857142857143,,13,unsupported_wrong_motor_deductible;unsupported_wrong_contract_identifier;unsupported_wrong_coverage_type;unsupported_reversed_coverage;unsupported_zero_deductible;unsupported_rental_car_extension;unsupported_wrong_policy_dates;unsupported_wrong_home_deductible;unsupported_wrong_baggage_limit;unsupported_wrong_dental_percentage;unsupported_mixed_extra_claim;unsupported_cancellation_claim;unsupported_liability_distractor_answer,0.6613155100681788,0.9981932193408746,0.9963428968086164,0.3194965461333836,0.7133274518680603,0.07094119438820073,0.0,0.0
0.077,14,13,1,0,0.9285714285714286,0.0,0.5185185185185185,1.0,0.07142857142857142,0.6829268292682926,0.5357142857142857,0.2672612419124244,0.9642857142857143,,13,unsupported_wrong_motor_deductible;unsupported_wrong_contract_identifier;unsupported_wrong_coverage_type;unsupported_reversed_coverage;unsupported_zero_deductible;unsupported_rental_car_extension;unsupported_wrong_policy_dates;unsupported_wrong_home_deductible;unsupported_wrong_baggage_limit;unsupported_wrong_dental_percentage;unsupported_mixed_extra_claim;unsupported_cancellation_claim;unsupported_liability_distractor_answer,0.6613155100681788,0.9981932193408746,0.9963428968086164,0.3194965461333836,0.7133274518680603,0.07094119438820073,0.0,0.0
0.078,14,13,1,0,0.9285714285714286,0.0,0.5185185185185185,1.0,0.07142857142857142,0.6829268292682926,0.5357142857142857,0.2672612419124244,0.9642857142857143,,13,unsupported_wrong_motor_deductible;unsupported_wrong_contract_identifier;unsupported_wrong_coverage_type;unsupported_reversed_coverage;unsupported_zero_deductible;unsupported_rental_car_extension;unsupported_wrong_policy_dates;unsupported_wrong_home_deductible;unsupported_wrong_baggage_limit;unsupported_wrong_dental_percentage;unsupported_mixed_extra_claim;unsupported_cancellation_claim;unsupported_liability_distractor_answer,0.6613155100681788,0.9981932193408746,0.9963428968086164,0.3194965461333836,0.7133274518680603,0.07094119438820073,0.0,0.0
0.079,14,13,1,0,0.9285714285714286,0.0,0.5185185185185185,1.0,0.07142857142857142,0.6829268292682926,0.5357142857142857,0.2672612419124244,0.9642857142857143,,13,unsupported_wrong_motor_deductible;unsupported_wrong_contract_identifier;unsupported_wrong_coverage_type;unsupported_reversed_coverage;unsupported_zero_deductible;unsupported_rental_car_extension;unsupported_wrong_policy_dates;unsupported_wrong_home_deductible;unsupported_wrong_baggage_limit;unsupported_wrong_dental_percentage;unsupported_mixed_extra_claim;unsupported_cancellation_claim;unsupported_liability_distractor_answer,0.6613155100681788,0.9981932193408746,0.9963428968086164,0.3194965461333836,0.7133274518680603,0.07094119438820073,0.0,0.0
0.08,14,13,1,0,0.9285714285714286,0.0,0.5185185185185185,1.0,0.07142857142857142,0.6829268292682926,0.5357142857142857,0.2672612419124244,0.9642857142857143,,13,unsupported_wrong_motor_deductible;unsupported_wrong_contract_identifier;unsupported_wrong_coverage_type;unsupported_reversed_coverage;unsupported_zero_deductible;unsupported_rental_car_extension;unsupported_wrong_policy_dates;unsupported_wrong_home_deductible;unsupported_wrong_baggage_limit;unsupported_wrong_dental_percentage;unsupported_mixed_extra_claim;unsupported_cancellation_claim;unsupported_liability_distractor_answer,0.6613155100681788,0.9981932193408746,0.9963428968086164,0.3194965461333836,0.7133274518680603,0.07094119438820073,0.0,0.0
0.081,14,13,1,0,0.9285714285714286,0.0,0.5185185185185185,1.0,0.07142857142857142,0.6829268292682926,0.5357142857142857,0.2672612419124244,0.9642857142857143,,13,unsupported_wrong_motor_deductible;unsupported_wrong_contract_identifier;unsupported_wrong_coverage_type;unsupported_reversed_coverage;unsupported_zero_deductible;unsupported_rental_car_extension;unsupported_wrong_policy_dates;unsupported_wrong_home_deductible;unsupported_wrong_baggage_limit;unsupported_wrong_dental_percentage;unsupported_mixed_extra_claim;unsupported_cancellation_claim;unsupported_liability_distractor_answer,0.6613155100681788,0.9981932193408746,0.9963428968086164,0.3194965461333836,0.7133274518680603,0.07094119438820073,0.0,0.0
0.082,14,13,1,0,0.9285714285714286,0.0,0.5185185185185185,1.0,0.07142857142857142,0.6829268292682926,0.5357142857142857,0.2672612419124244,0.9642857142857143,,13,unsupported_wrong_motor_deductible;unsupported_wrong_contract_identifier;unsupported_wrong_coverage_type;unsupported_reversed_coverage;unsupported_zero_deductible;unsupported_rental_car_extension;unsupported_wrong_policy_dates;unsupported_wrong_home_deductible;unsupported_wrong_baggage_limit;unsupported_wrong_dental_percentage;unsupported_mixed_extra_claim;unsupported_cancellation_claim;unsupported_liability_distractor_answer,0.6613155100681788,0.9981932193408746,0.9963428968086164,0.3194965461333836,0.7133274518680603,0.07094119438820073,0.0,0.0
0.083,14,13,1,0,0.9285714285714286,0.0,0.5185185185185185,1.0,0.07142857142857142,0.6829268292682926,0.5357142857142857,0.2672612419124244,0.9642857142857143,,13,unsupported_wrong_motor_deductible;unsupported_wrong_contract_identifier;unsupported_wrong_coverage_type;unsupported_reversed_coverage;unsupported_zero_deductible;unsupported_rental_car_extension;unsupported_wrong_policy_dates;unsupported_wrong_home_deductible;unsupported_wrong_baggage_limit;unsupported_wrong_dental_percentage;unsupported_mixed_extra_claim;unsupported_cancellation_claim;unsupported_liability_distractor_answer,0.6613155100681788,0.9981932193408746,0.9963428968086164,0.3194965461333836,0.7133274518680603,0.07094119438820073,0.0,0.0
0.084,14,13,1,0,0.9285714285714286,0.0,0.5185185185185185,1.0,0.07142857142857142,0.6829268292682926,0.5357142857142857,0.2672612419124244,0.9642857142857143,,13,unsupported_wrong_motor_deductible;unsupported_wrong_contract_identifier;unsupported_wrong_coverage_type;unsupported_reversed_coverage;unsupported_zero_deductible;unsupported_rental_car_extension;unsupported_wrong_policy_dates;unsupported_wrong_home_deductible;unsupported_wrong_baggage_limit;unsupported_wrong_dental_percentage;unsupported_mixed_extra_claim;unsupported_cancellation_claim;unsupported_liability_distractor_answer,0.6613155100681788,0.9981932193408746,0.9963428968086164,0.3194965461333836,0.7133274518680603,0.07094119438820073,0.0,0.0
0.085,14,13,1,0,0.9285714285714286,0.0,0.5185185185185185,1.0,0.07142857142857142,0.6829268292682926,0.5357142857142857,0.2672612419124244,0.9642857142857143,,13,unsupported_wrong_motor_deductible;unsupported_wrong_contract_identifier;unsupported_wrong_coverage_type;unsupported_reversed_coverage;unsupported_zero_deductible;unsupported_rental_car_extension;unsupported_wrong_policy_dates;unsupported_wrong_home_deductible;unsupported_wrong_baggage_limit;unsupported_wrong_dental_percentage;unsupported_mixed_extra_claim;unsupported_cancellation_claim;unsupported_liability_distractor_answer,0.6613155100681788,0.9981932193408746,0.9963428968086164,0.3194965461333836,0.7133274518680603,0.07094119438820073,0.0,0.0
0.086,14,13,1,0,0.9285714285714286,0.0,0.5185185185185185,1.0,0.07142857142857142,0.6829268292682926,0.5357142857142857,0.2672612419124244,0.9642857142857143,,13,unsupported_wrong_motor_deductible;unsupported_wrong_contract_identifier;unsupported_wrong_coverage_type;unsupported_reversed_coverage;unsupported_zero_deductible;unsupported_rental_car_extension;unsupported_wrong_policy_dates;unsupported_wrong_home_deductible;unsupported_wrong_baggage_limit;unsupported_wrong_dental_percentage;unsupported_mixed_extra_claim;unsupported_cancellation_claim;unsupported_liability_distractor_answer,0.6613155100681788,0.9981932193408746,0.9963428968086164,0.3194965461333836,0.7133274518680603,0.07094119438820073,0.0,0.0
0.087,14,13,1,0,0.9285714285714286,0.0,0.5185185185185185,1.0,0.07142857142857142,0.6829268292682926,0.5357142857142857,0.2672612419124244,0.9642857142857143,,13,unsupported_wrong_motor_deductible;unsupported_wrong_contract_identifier;unsupported_wrong_coverage_type;unsupported_reversed_coverage;unsupported_zero_deductible;unsupported_rental_car_extension;unsupported_wrong_policy_dates;unsupported_wrong_home_deductible;unsupported_wrong_baggage_limit;unsupported_wrong_dental_percentage;unsupported_mixed_extra_claim;unsupported_cancellation_claim;unsupported_liability_distractor_answer,0.6613155100681788,0.9981932193408746,0.9963428968086164,0.3194965461333836,0.7133274518680603,0.07094119438820073,0.0,0.0
0.088,14,13,1,0,0.9285714285714286,0.0,0.5185185185185185,1.0,0.07142857142857142,0.6829268292682926,0.5357142857142857,0.2672612419124244,0.9642857142857143,,13,unsupported_wrong_motor_deductible;unsupported_wrong_contract_identifier;unsupported_wrong_coverage_type;unsupported_reversed_coverage;unsupported_zero_deductible;unsupported_rental_car_extension;unsupported_wrong_policy_dates;unsupported_wrong_home_deductible;unsupported_wrong_baggage_limit;unsupported_wrong_dental_percentage;unsupported_mixed_extra_claim;unsupported_cancellation_claim;unsupported_liability_distractor_answer,0.6613155100681788,0.9981932193408746,0.9963428968086164,0.3194965461333836,0.7133274518680603,0.07094119438820073,0.0,0.0
0.089,14,13,1,0,0.9285714285714286,0.0,0.5185185185185185,1.0,0.07142857142857142,0.6829268292682926,0.5357142857142857,0.2672612419124244,0.9642857142857143,,13,unsupported_wrong_motor_deductible;unsupported_wrong_contract_identifier;unsupported_wrong_coverage_type;unsupported_reversed_coverage;unsupported_zero_deductible;unsupported_rental_car_extension;unsupported_wrong_policy_dates;unsupported_wrong_home_deductible;unsupported_wrong_baggage_limit;unsupported_wrong_dental_percentage;unsupported_mixed_extra_claim;unsupported_cancellation_claim;unsupported_liability_distractor_answer,0.6613155100681788,0.9981932193408746,0.9963428968086164,0.3194965461333836,0.7133274518680603,0.07094119438820073,0.0,0.0
0.09,14,13,1,0,0.9285714285714286,0.0,0.5185185185185185,1.0,0.07142857142857142,0.6829268292682926,0.5357142857142857,0.2672612419124244,0.9642857142857143,,13,unsupported_wrong_motor_deductible;unsupported_wrong_contract_identifier;unsupported_wrong_coverage_type;unsupported_reversed_coverage;unsupported_zero_deductible;unsupported_rental_car_extension;unsupported_wrong_policy_dates;unsupported_wrong_home_deductible;unsupported_wrong_baggage_limit;unsupported_wrong_dental_percentage;unsupported_mixed_extra_claim;unsupported_cancellation_claim;unsupported_liability_distractor_answer,0.6613155100681788,0.9981932193408746,0.9963428968086164,0.3194965461333836,0.7133274518680603,0.07094119438820073,0.0,0.0
0.091,14,13,1,0,0.9285714285714286,0.0,0.5185185185185185,1.0,0.07142857142857142,0.6829268292682926,0.5357142857142857,0.2672612419124244,0.9642857142857143,,13,unsupported_wrong_motor_deductible;unsupported_wrong_contract_identifier;unsupported_wrong_coverage_type;unsupported_reversed_coverage;unsupported_zero_deductible;unsupported_rental_car_extension;unsupported_wrong_policy_dates;unsupported_wrong_home_deductible;unsupported_wrong_baggage_limit;unsupported_wrong_dental_percentage;unsupported_mixed_extra_claim;unsupported_cancellation_claim;unsupported_liability_distractor_answer,0.6613155100681788,0.9981932193408746,0.9963428968086164,0.3194965461333836,0.7133274518680603,0.07094119438820073,0.0,0.0
0.092,14,13,1,0,0.9285714285714286,0.0,0.5185185185185185,1.0,0.07142857142857142,0.6829268292682926,0.5357142857142857,0.2672612419124244,0.9642857142857143,,13,unsupported_wrong_motor_deductible;unsupported_wrong_contract_identifier;unsupported_wrong_coverage_type;unsupported_reversed_coverage;unsupported_zero_deductible;unsupported_rental_car_extension;unsupported_wrong_policy_dates;unsupported_wrong_home_deductible;unsupported_wrong_baggage_limit;unsupported_wrong_dental_percentage;unsupported_mixed_extra_claim;unsupported_cancellation_claim;unsupported_liability_distractor_answer,0.6613155100681788,0.9981932193408746,0.9963428968086164,0.3194965461333836,0.7133274518680603,0.07094119438820073,0.0,0.0
0.093,14,13,1,0,0.9285714285714286,0.0,0.5185185185185185,1.0,0.07142857142857142,0.6829268292682926,0.5357142857142857,0.2672612419124244,0.9642857142857143,,13,unsupported_wrong_motor_deductible;unsupported_wrong_contract_identifier;unsupported_wrong_coverage_type;unsupported_reversed_coverage;unsupported_zero_deductible;unsupported_rental_car_extension;unsupported_wrong_policy_dates;unsupported_wrong_home_deductible;unsupported_wrong_baggage_limit;unsupported_wrong_dental_percentage;unsupported_mixed_extra_claim;unsupported_cancellation_claim;unsupported_liability_distractor_answer,0.6613155100681788,0.9981932193408746,0.9963428968086164,0.3194965461333836,0.7133274518680603,0.07094119438820073,0.0,0.0
0.094,14,13,1,0,0.9285714285714286,0.0,0.5185185185185185,1.0,0.07142857142857142,0.6829268292682926,0.5357142857142857,0.2672612419124244,0.9642857142857143,,13,unsupported_wrong_motor_deductible;unsupported_wrong_contract_identifier;unsupported_wrong_coverage_type;unsupported_reversed_coverage;unsupported_zero_deductible;unsupported_rental_car_extension;unsupported_wrong_policy_dates;unsupported_wrong_home_deductible;unsupported_wrong_baggage_limit;unsupported_wrong_dental_percentage;unsupported_mixed_extra_claim;unsupported_cancellation_claim;unsupported_liability_distractor_answer,0.6613155100681788,0.9981932193408746,0.9963428968086164,0.3194965461333836,0.7133274518680603,0.07094119438820073,0.0,0.0
0.095,14,13,1,0,0.9285714285714286,0.0,0.5185185185185185,1.0,0.07142857142857142,0.6829268292682926,0.5357142857142857,0.2672612419124244,0.9642857142857143,,13,unsupported_wrong_motor_deductible;unsupported_wrong_contract_identifier;unsupported_wrong_coverage_type;unsupported_reversed_coverage;unsupported_zero_deductible;unsupported_rental_car_extension;unsupported_wrong_policy_dates;unsupported_wrong_home_deductible;unsupported_wrong_baggage_limit;unsupported_wrong_dental_percentage;unsupported_mixed_extra_claim;unsupported_cancellation_claim;unsupported_liability_distractor_answer,0.6613155100681788,0.9981932193408746,0.9963428968086164,0.3194965461333836,0.7133274518680603,0.07094119438820073,0.0,0.0
0.096,14,13,1,0,0.9285714285714286,0.0,0.5185185185185185,1.0,0.07142857142857142,0.6829268292682926,0.5357142857142857,0.2672612419124244,0.9642857142857143,,13,unsupported_wrong_motor_deductible;unsupported_wrong_contract_identifier;unsupported_wrong_coverage_type;unsupported_reversed_coverage;unsupported_zero_deductible;unsupported_rental_car_extension;unsupported_wrong_policy_dates;unsupported_wrong_home_deductible;unsupported_wrong_baggage_limit;unsupported_wrong_dental_percentage;unsupported_mixed_extra_claim;unsupported_cancellation_claim;unsupported_liability_distractor_answer,0.6613155100681788,0.9981932193408746,0.9963428968086164,0.3194965461333836,0.7133274518680603,0.07094119438820073,0.0,0.0
0.097,14,13,1,0,0.9285714285714286,0.0,0.5185185185185185,1.0,0.07142857142857142,0.6829268292682926,0.5357142857142857,0.2672612419124244,0.9642857142857143,,13,unsupported_wrong_motor_deductible;unsupported_wrong_contract_identifier;unsupported_wrong_coverage_type;unsupported_reversed_coverage;unsupported_zero_deductible;unsupported_rental_car_extension;unsupported_wrong_policy_dates;unsupported_wrong_home_deductible;unsupported_wrong_baggage_limit;unsupported_wrong_dental_percentage;unsupported_mixed_extra_claim;unsupported_cancellation_claim;unsupported_liability_distractor_answer,0.6613155100681788,0.9981932193408746,0.9963428968086164,0.3194965461333836,0.7133274518680603,0.07094119438820073,0.0,0.0
0.098,14,13,1,0,0.9285714285714286,0.0,0.5185185185185185,1.0,0.07142857142857142,0.6829268292682926,0.5357142857142857,0.2672612419124244,0.9642857142857143,,13,unsupported_wrong_motor_deductible;unsupported_wrong_contract_identifier;unsupported_wrong_coverage_type;unsupported_reversed_coverage;unsupported_zero_deductible;unsupported_rental_car_extension;unsupported_wrong_policy_dates;unsupported_wrong_home_deductible;unsupported_wrong_baggage_limit;unsupported_wrong_dental_percentage;unsupported_mixed_extra_claim;unsupported_cancellation_claim;unsupported_liability_distractor_answer,0.6613155100681788,0.9981932193408746,0.9963428968086164,0.3194965461333836,0.7133274518680603,0.07094119438820073,0.0,0.0
0.099,14,13,1,0,0.9285714285714286,0.0,0.5185185185185185,1.0,0.07142857142857142,0.6829268292682926,0.5357142857142857,0.2672612419124244,0.9642857142857143,,13,unsupported_wrong_motor_deductible;unsupported_wrong_contract_identifier;unsupported_wrong_coverage_type;unsupported_reversed_coverage;unsupported_zero_deductible;unsupported_rental_car_extension;unsupported_wrong_policy_dates;unsupported_wrong_home_deductible;unsupported_wrong_baggage_limit;unsupported_wrong_dental_percentage;unsupported_mixed_extra_claim;unsupported_cancellation_claim;unsupported_liability_distractor_answer,0.6613155100681788,0.9981932193408746,0.9963428968086164,0.3194965461333836,0.7133274518680603,0.07094119438820073,0.0,0.0
0.1,14,13,1,0,0.9285714285714286,0.0,0.5185185185185185,1.0,0.07142857142857142,0.6829268292682926,0.5357142857142857,0.2672612419124244,0.9642857142857143,,13,unsupported_wrong_motor_deductible;unsupported_wrong_contract_identifier;unsupported_wrong_coverage_type;unsupported_reversed_coverage;unsupported_zero_deductible;unsupported_rental_car_extension;unsupported_wrong_policy_dates;unsupported_wrong_home_deductible;unsupported_wrong_baggage_limit;unsupported_wrong_dental_percentage;unsupported_mixed_extra_claim;unsupported_cancellation_claim;unsupported_liability_distractor_answer,0.6613155100681788,0.9981932193408746,0.9963428968086164,0.3194965461333836,0.7133274518680603,0.07094119438820073,0.0,0.0
0.101,14,13,1,0,0.9285714285714286,0.0,0.5185185185185185,1.0,0.07142857142857142,0.6829268292682926,0.5357142857142857,0.2672612419124244,0.9642857142857143,,13,unsupported_wrong_motor_deductible;unsupported_wrong_contract_identifier;unsupported_wrong_coverage_type;unsupported_reversed_coverage;unsupported_zero_deductible;unsupported_rental_car_extension;unsupported_wrong_policy_dates;unsupported_wrong_home_deductible;unsupported_wrong_baggage_limit;unsupported_wrong_dental_percentage;unsupported_mixed_extra_claim;unsupported_cancellation_claim;unsupported_liability_distractor_answer,0.6613155100681788,0.9981932193408746,0.9963428968086164,0.3194965461333836,0.7133274518680603,0.07094119438820073,0.0,0.0
0.101528,14,13,1,0,0.9285714285714286,0.0,0.5185185185185185,1.0,0.07142857142857142,0.6829268292682926,0.5357142857142857,0.2672612419124244,0.9642857142857143,,13,unsupported_wrong_motor_deductible;unsupported_wrong_contract_identifier;unsupported_wrong_coverage_type;unsupported_reversed_coverage;unsupported_zero_deductible;unsupported_rental_car_extension;unsupported_wrong_policy_dates;unsupported_wrong_home_deductible;unsupported_wrong_baggage_limit;unsupported_wrong_dental_percentage;unsupported_mixed_extra_claim;unsupported_cancellation_claim;unsupported_liability_distractor_answer,0.6613155100681788,0.9981932193408746,0.9963428968086164,0.3194965461333836,0.7133274518680603,0.07094119438820073,0.0,0.0
0.102,14,13,1,0,0.9285714285714286,0.0,0.5185185185185185,1.0,0.07142857142857142,0.6829268292682926,0.5357142857142857,0.2672612419124244,0.9642857142857143,,13,unsupported_wrong_motor_deductible;unsupported_wrong_contract_identifier;unsupported_wrong_coverage_type;unsupported_reversed_coverage;unsupported_zero_deductible;unsupported_rental_car_extension;unsupported_wrong_policy_dates;unsupported_wrong_home_deductible;unsupported_wrong_baggage_limit;unsupported_wrong_dental_percentage;unsupported_mixed_extra_claim;unsupported_cancellation_claim;unsupported_liability_distractor_answer,0.6613155100681788,0.9981932193408746,0.9963428968086164,0.3194965461333836,0.7133274518680603,0.07094119438820073,0.0,0.0
0.103,14,13,1,0,0.9285714285714286,0.0,0.5185185185185185,1.0,0.07142857142857142,0.6829268292682926,0.5357142857142857,0.2672612419124244,0.9642857142857143,,13,unsupported_wrong_motor_deductible;unsupported_wrong_contract_identifier;unsupported_wrong_coverage_type;unsupported_reversed_coverage;unsupported_zero_deductible;unsupported_rental_car_extension;unsupported_wrong_policy_dates;unsupported_wrong_home_deductible;unsupported_wrong_baggage_limit;unsupported_wrong_dental_percentage;unsupported_mixed_extra_claim;unsupported_cancellation_claim;unsupported_liability_distractor_answer,0.6613155100681788,0.9981932193408746,0.9963428968086164,0.3194965461333836,0.7133274518680603,0.07094119438820073,0.0,0.0
0.104,14,13,1,0,0.9285714285714286,0.0,0.5185185185185185,1.0,0.07142857142857142,0.6829268292682926,0.5357142857142857,0.2672612419124244,0.9642857142857143,,13,unsupported_wrong_motor_deductible;unsupported_wrong_contract_identifier;unsupported_wrong_coverage_type;unsupported_reversed_coverage;unsupported_zero_deductible;unsupported_rental_car_extension;unsupported_wrong_policy_dates;unsupported_wrong_home_deductible;unsupported_wrong_baggage_limit;unsupported_wrong_dental_percentage;unsupported_mixed_extra_claim;unsupported_cancellation_claim;unsupported_liability_distractor_answer,0.6613155100681788,0.9981932193408746,0.9963428968086164,0.3194965461333836,0.7133274518680603,0.07094119438820073,0.0,0.0
0.105,14,13,1,0,0.9285714285714286,0.0,0.5185185185185185,1.0,0.07142857142857142,0.6829268292682926,0.5357142857142857,0.2672612419124244,0.9642857142857143,,13,unsupported_wrong_motor_deductible;unsupported_wrong_contract_identifier;unsupported_wrong_coverage_type;unsupported_reversed_coverage;unsupported_zero_deductible;unsupported_rental_car_extension;unsupported_wrong_policy_dates;unsupported_wrong_home_deductible;unsupported_wrong_baggage_limit;unsupported_wrong_dental_percentage;unsupported_mixed_extra_claim;unsupported_cancellation_claim;unsupported_liability_distractor_answer,0.6613155100681788,0.9981932193408746,0.9963428968086164,0.3194965461333836,0.7133274518680603,0.07094119438820073,0.0,0.0
0.106,14,13,1,0,0.9285714285714286,0.0,0.5185185185185185,1.0,0.07142857142857142,0.6829268292682926,0.5357142857142857,0.2672612419124244,0.9642857142857143,,13,unsupported_wrong_motor_deductible;unsupported_wrong_contract_identifier;unsupported_wrong_coverage_type;unsupported_reversed_coverage;unsupported_zero_deductible;unsupported_rental_car_extension;unsupported_wrong_policy_dates;unsupported_wrong_home_deductible;unsupported_wrong_baggage_limit;unsupported_wrong_dental_percentage;unsupported_mixed_extra_claim;unsupported_cancellation_claim;unsupported_liability_distractor_answer,0.6613155100681788,0.9981932193408746,0.9963428968086164,0.3194965461333836,0.7133274518680603,0.07094119438820073,0.0,0.0
0.107,14,13,1,0,0.9285714285714286,0.0,0.5185185185185185,1.0,0.07142857142857142,0.6829268292682926,0.5357142857142857,0.2672612419124244,0.9642857142857143,,13,unsupported_wrong_motor_deductible;unsupported_wrong_contract_identifier;unsupported_wrong_coverage_type;unsupported_reversed_coverage;unsupported_zero_deductible;unsupported_rental_car_extension;unsupported_wrong_policy_dates;unsupported_wrong_home_deductible;unsupported_wrong_baggage_limit;unsupported_wrong_dental_percentage;unsupported_mixed_extra_claim;unsupported_cancellation_claim;unsupported_liability_distractor_answer,0.6613155100681788,0.9981932193408746,0.9963428968086164,0.3194965461333836,0.7133274518680603,0.07094119438820073,0.0,0.0
0.108,14,13,1,0,0.9285714285714286,0.0,0.5185185185185185,1.0,0.07142857142857142,0.6829268292682926,0.5357142857142857,0.2672612419124244,0.9642857142857143,,13,unsupported_wrong_motor_deductible;unsupported_wrong_contract_identifier;unsupported_wrong_coverage_type;unsupported_reversed_coverage;unsupported_zero_deductible;unsupported_rental_car_extension;unsupported_wrong_policy_dates;unsupported_wrong_home_deductible;unsupported_wrong_baggage_limit;unsupported_wrong_dental_percentage;unsupported_mixed_extra_claim;unsupported_cancellation_claim;unsupported_liability_distractor_answer,0.6613155100681788,0.9981932193408746,0.9963428968086164,0.3194965461333836,0.7133274518680603,0.07094119438820073,0.0,0.0
0.109,14,13,1,0,0.9285714285714286,0.0,0.5185185185185185,1.0,0.07142857142857142,0.6829268292682926,0.5357142857142857,0.2672612419124244,0.9642857142857143,,13,unsupported_wrong_motor_deductible;unsupported_wrong_contract_identifier;unsupported_wrong_coverage_type;unsupported_reversed_coverage;unsupported_zero_deductible;unsupported_rental_car_extension;unsupported_wrong_policy_dates;unsupported_wrong_home_deductible;unsupported_wrong_baggage_limit;unsupported_wrong_dental_percentage;unsupported_mixed_extra_claim;unsupported_cancellation_claim;unsupported_liability_distractor_answer,0.6613155100681788,0.9981932193408746,0.9963428968086164,0.3194965461333836,0.7133274518680603,0.07094119438820073,0.0,0.0
0.11,14,13,1,0,0.9285714285714286,0.0,0.5185185185185185,1.0,0.07142857142857142,0.6829268292682926,0.5357142857142857,0.2672612419124244,0.9642857142857143,,13,unsupported_wrong_motor_deductible;unsupported_wrong_contract_identifier;unsupported_wrong_coverage_type;unsupported_reversed_coverage;unsupported_zero_deductible;unsupported_rental_car_extension;unsupported_wrong_policy_dates;unsupported_wrong_home_deductible;unsupported_wrong_baggage_limit;unsupported_wrong_dental_percentage;unsupported_mixed_extra_claim;unsupported_cancellation_claim;unsupported_liability_distractor_answer,0.6613155100681788,0.9981932193408746,0.9963428968086164,0.3194965461333836,0.7133274518680603,0.07094119438820073,0.0,0.0
0.111,14,13,1,0,0.9285714285714286,0.0,0.5185185185185185,1.0,0.07142857142857142,0.6829268292682926,0.5357142857142857,0.2672612419124244,0.9642857142857143,,13,unsupported_wrong_motor_deductible;unsupported_wrong_contract_identifier;unsupported_wrong_coverage_type;unsupported_reversed_coverage;unsupported_zero_deductible;unsupported_rental_car_extension;unsupported_wrong_policy_dates;unsupported_wrong_home_deductible;unsupported_wrong_baggage_limit;unsupported_wrong_dental_percentage;unsupported_mixed_extra_claim;unsupported_cancellation_claim;unsupported_liability_distractor_answer,0.6613155100681788,0.9981932193408746,0.9963428968086164,0.3194965461333836,0.7133274518680603,0.07094119438820073,0.0,0.0
0.112,14,13,1,0,0.9285714285714286,0.0,0.5185185185185185,1.0,0.07142857142857142,0.6829268292682926,0.5357142857142857,0.2672612419124244,0.9642857142857143,,13,unsupported_wrong_motor_deductible;unsupported_wrong_contract_identifier;unsupported_wrong_coverage_type;unsupported_reversed_coverage;unsupported_zero_deductible;unsupported_rental_car_extension;unsupported_wrong_policy_dates;unsupported_wrong_home_deductible;unsupported_wrong_baggage_limit;unsupported_wrong_dental_percentage;unsupported_mixed_extra_claim;unsupported_cancellation_claim;unsupported_liability_distractor_answer,0.6613155100681788,0.9981932193408746,0.9963428968086164,0.3194965461333836,0.7133274518680603,0.07094119438820073,0.0,0.0
0.113,14,13,1,0,0.9285714285714286,0.0,0.5185185185185185,1.0,0.07142857142857142,0.6829268292682926,0.5357142857142857,0.2672612419124244,0.9642857142857143,,13,unsupported_wrong_motor_deductible;unsupported_wrong_contract_identifier;unsupported_wrong_coverage_type;unsupported_reversed_coverage;unsupported_zero_deductible;unsupported_rental_car_extension;unsupported_wrong_policy_dates;unsupported_wrong_home_deductible;unsupported_wrong_baggage_limit;unsupported_wrong_dental_percentage;unsupported_mixed_extra_claim;unsupported_cancellation_claim;unsupported_liability_distractor_answer,0.6613155100681788,0.9981932193408746,0.9963428968086164,0.3194965461333836,0.7133274518680603,0.07094119438820073,0.0,0.0
0.114,14,13,1,0,0.9285714285714286,0.0,0.5185185185185185,1.0,0.07142857142857142,0.6829268292682926,0.5357142857142857,0.2672612419124244,0.9642857142857143,,13,unsupported_wrong_motor_deductible;unsupported_wrong_contract_identifier;unsupported_wrong_coverage_type;unsupported_reversed_coverage;unsupported_zero_deductible;unsupported_rental_car_extension;unsupported_wrong_policy_dates;unsupported_wrong_home_deductible;unsupported_wrong_baggage_limit;unsupported_wrong_dental_percentage;unsupported_mixed_extra_claim;unsupported_cancellation_claim;unsupported_liability_distractor_answer,0.6613155100681788,0.9981932193408746,0.9963428968086164,0.3194965461333836,0.7133274518680603,0.07094119438820073,0.0,0.0
0.115,14,13,1,0,0.9285714285714286,0.0,0.5185185185185185,1.0,0.07142857142857142,0.6829268292682926,0.5357142857142857,0.2672612419124244,0.9642857142857143,,13,unsupported_wrong_motor_deductible;unsupported_wrong_contract_identifier;unsupported_wrong_coverage_type;unsupported_reversed_coverage;unsupported_zero_deductible;unsupported_rental_car_extension;unsupported_wrong_policy_dates;unsupported_wrong_home_deductible;unsupported_wrong_baggage_limit;unsupported_wrong_dental_percentage;unsupported_mixed_extra_claim;unsupported_cancellation_claim;unsupported_liability_distractor_answer,0.6613155100681788,0.9981932193408746,0.9963428968086164,0.3194965461333836,0.7133274518680603,0.07094119438820073,0.0,0.0
0.116,14,13,1,0,0.9285714285714286,0.0,0.5185185185185185,1.0,0.07142857142857142,0.6829268292682926,0.5357142857142857,0.2672612419124244,0.9642857142857143,,13,unsupported_wrong_motor_deductible;unsupported_wrong_contract_identifier;unsupported_wrong_coverage_type;unsupported_reversed_coverage;unsupported_zero_deductible;unsupported_rental_car_extension;unsupported_wrong_policy_dates;unsupported_wrong_home_deductible;unsupported_wrong_baggage_limit;unsupported_wrong_dental_percentage;unsupported_mixed_extra_claim;unsupported_cancellation_claim;unsupported_liability_distractor_answer,0.6613155100681788,0.9981932193408746,0.9963428968086164,0.3194965461333836,0.7133274518680603,0.07094119438820073,0.0,0.0
0.117,14,13,1,0,0.9285714285714286,0.0,0.5185185185185185,1.0,0.07142857142857142,0.6829268292682926,0.5357142857142857,0.2672612419124244,0.9642857142857143,,13,unsupported_wrong_motor_deductible;unsupported_wrong_contract_identifier;unsupported_wrong_coverage_type;unsupported_reversed_coverage;unsupported_zero_deductible;unsupported_rental_car_extension;unsupported_wrong_policy_dates;unsupported_wrong_home_deductible;unsupported_wrong_baggage_limit;unsupported_wrong_dental_percentage;unsupported_mixed_extra_claim;unsupported_cancellation_claim;unsupported_liability_distractor_answer,0.6613155100681788,0.9981932193408746,0.9963428968086164,0.3194965461333836,0.7133274518680603,0.07094119438820073,0.0,0.0
0.118,14,13,1,0,0.9285714285714286,0.0,0.5185185185185185,1.0,0.07142857142857142,0.6829268292682926,0.5357142857142857,0.2672612419124244,0.9642857142857143,,13,unsupported_wrong_motor_deductible;unsupported_wrong_contract_identifier;unsupported_wrong_coverage_type;unsupported_reversed_coverage;unsupported_zero_deductible;unsupported_rental_car_extension;unsupported_wrong_policy_dates;unsupported_wrong_home_deductible;unsupported_wrong_baggage_limit;unsupported_wrong_dental_percentage;unsupported_mixed_extra_claim;unsupported_cancellation_claim;unsupported_liability_distractor_answer,0.6613155100681788,0.9981932193408746,0.9963428968086164,0.3194965461333836,0.7133274518680603,0.07094119438820073,0.0,0.0
0.119,14,13,1,0,0.9285714285714286,0.0,0.5185185185185185,1.0,0.07142857142857142,0.6829268292682926,0.5357142857142857,0.2672612419124244,0.9642857142857143,,13,unsupported_wrong_motor_deductible;unsupported_wrong_contract_identifier;unsupported_wrong_coverage_type;unsupported_reversed_coverage;unsupported_zero_deductible;unsupported_rental_car_extension;unsupported_wrong_policy_dates;unsupported_wrong_home_deductible;unsupported_wrong_baggage_limit;unsupported_wrong_dental_percentage;unsupported_mixed_extra_claim;unsupported_cancellation_claim;unsupported_liability_distractor_answer,0.6613155100681788,0.9981932193408746,0.9963428968086164,0.3194965461333836,0.7133274518680603,0.07094119438820073,0.0,0.0
0.12,14,13,1,0,0.9285714285714286,0.0,0.5185185185185185,1.0,0.07142857142857142,0.6829268292682926,0.5357142857142857,0.2672612419124244,0.9642857142857143,,13,unsupported_wrong_motor_deductible;unsupported_wrong_contract_identifier;unsupported_wrong_coverage_type;unsupported_reversed_coverage;unsupported_zero_deductible;unsupported_rental_car_extension;unsupported_wrong_policy_dates;unsupported_wrong_home_deductible;unsupported_wrong_baggage_limit;unsupported_wrong_dental_percentage;unsupported_mixed_extra_claim;unsupported_cancellation_claim;unsupported_liability_distractor_answer,0.6613155100681788,0.9981932193408746,0.9963428968086164,0.3194965461333836,0.7133274518680603,0.07094119438820073,0.0,0.0
0.121,14,13,1,0,0.9285714285714286,0.0,0.5185185185185185,1.0,0.07142857142857142,0.6829268292682926,0.5357142857142857,0.2672612419124244,0.9642857142857143,,13,unsupported_wrong_motor_deductible;unsupported_wrong_contract_identifier;unsupported_wrong_coverage_type;unsupported_reversed_coverage;unsupported_zero_deductible;unsupported_rental_car_extension;unsupported_wrong_policy_dates;unsupported_wrong_home_deductible;unsupported_wrong_baggage_limit;unsupported_wrong_dental_percentage;unsupported_mixed_extra_claim;unsupported_cancellation_claim;unsupported_liability_distractor_answer,0.6613155100681788,0.9981932193408746,0.9963428968086164,0.3194965461333836,0.7133274518680603,0.07094119438820073,0.0,0.0
0.122,14,13,1,0,0.9285714285714286,0.0,0.5185185185185185,1.0,0.07142857142857142,0.6829268292682926,0.5357142857142857,0.2672612419124244,0.9642857142857143,,13,unsupported_wrong_motor_deductible;unsupported_wrong_contract_identifier;unsupported_wrong_coverage_type;unsupported_reversed_coverage;unsupported_zero_deductible;unsupported_rental_car_extension;unsupported_wrong_policy_dates;unsupported_wrong_home_deductible;unsupported_wrong_baggage_limit;unsupported_wrong_dental_percentage;unsupported_mixed_extra_claim;unsupported_cancellation_claim;unsupported_liability_distractor_answer,0.6613155100681788,0.9981932193408746,0.9963428968086164,0.3194965461333836,0.7133274518680603,0.07094119438820073,0.0,0.0
0.123,14,13,1,0,0.9285714285714286,0.0,0.5185185185185185,1.0,0.07142857142857142,0.6829268292682926,0.5357142857142857,0.2672612419124244,0.9642857142857143,,13,unsupported_wrong_motor_deductible;unsupported_wrong_contract_identifier;unsupported_wrong_coverage_type;unsupported_reversed_coverage;unsupported_zero_deductible;unsupported_rental_car_extension;unsupported_wrong_policy_dates;unsupported_wrong_home_deductible;unsupported_wrong_baggage_limit;unsupported_wrong_dental_percentage;unsupported_mixed_extra_claim;unsupported_cancellation_claim;unsupported_liability_distractor_answer,0.6613155100681788,0.9981932193408746,0.9963428968086164,0.3194965461333836,0.7133274518680603,0.07094119438820073,0.0,0.0
0.124,14,13,1,0,0.9285714285714286,0.0,0.5185185185185185,1.0,0.07142857142857142,0.6829268292682926,0.5357142857142857,0.2672612419124244,0.9642857142857143,,13,unsupported_wrong_motor_deductible;unsupported_wrong_contract_identifier;unsupported_wrong_coverage_type;unsupported_reversed_coverage;unsupported_zero_deductible;unsupported_rental_car_extension;unsupported_wrong_policy_dates;unsupported_wrong_home_deductible;unsupported_wrong_baggage_limit;unsupported_wrong_dental_percentage;unsupported_mixed_extra_claim;unsupported_cancellation_claim;unsupported_liability_distractor_answer,0.6613155100681788,0.9981932193408746,0.9963428968086164,0.3194965461333836,0.7133274518680603,0.07094119438820073,0.0,0.0
0.125,14,13,1,0,0.9285714285714286,0.0,0.5185185185185185,1.0,0.07142857142857142,0.6829268292682926,0.5357142857142857,0.2672612419124244,0.9642857142857143,,13,unsupported_wrong_motor_deductible;unsupported_wrong_contract_identifier;unsupported_wrong_coverage_type;unsupported_reversed_coverage;unsupported_zero_deductible;unsupported_rental_car_extension;unsupported_wrong_policy_dates;unsupported_wrong_home_deductible;unsupported_wrong_baggage_limit;unsupported_wrong_dental_percentage;unsupported_mixed_extra_claim;unsupported_cancellation_claim;unsupported_liability_distractor_answer,0.6613155100681788,0.9981932193408746,0.9963428968086164,0.3194965461333836,0.7133274518680603,0.07094119438820073,0.0,0.0
0.126,14,13,1,0,0.9285714285714286,0.0,0.5185185185185185,1.0,0.07142857142857142,0.6829268292682926,0.5357142857142857,0.2672612419124244,0.9642857142857143,,13,unsupported_wrong_motor_deductible;unsupported_wrong_contract_identifier;unsupported_wrong_coverage_type;unsupported_reversed_coverage;unsupported_zero_deductible;unsupported_rental_car_extension;unsupported_wrong_policy_dates;unsupported_wrong_home_deductible;unsupported_wrong_baggage_limit;unsupported_wrong_dental_percentage;unsupported_mixed_extra_claim;unsupported_cancellation_claim;unsupported_liability_distractor_answer,0.6613155100681788,0.9981932193408746,0.9963428968086164,0.3194965461333836,0.7133274518680603,0.07094119438820073,0.0,0.0
0.127,14,13,1,0,0.9285714285714286,0.0,0.5185185185185185,1.0,0.07142857142857142,0.6829268292682926,0.5357142857142857,0.2672612419124244,0.9642857142857143,,13,unsupported_wrong_motor_deductible;unsupported_wrong_contract_identifier;unsupported_wrong_coverage_type;unsupported_reversed_coverage;unsupported_zero_deductible;unsupported_rental_car_extension;unsupported_wrong_policy_dates;unsupported_wrong_home_deductible;unsupported_wrong_baggage_limit;unsupported_wrong_dental_percentage;unsupported_mixed_extra_claim;unsupported_cancellation_claim;unsupported_liability_distractor_answer,0.6613155100681788,0.9981932193408746,0.9963428968086164,0.3194965461333836,0.7133274518680603,0.07094119438820073,0.0,0.0
0.1275,14,13,1,0,0.9285714285714286,0.0,0.5185185185185185,1.0,0.07142857142857142,0.6829268292682926,0.5357142857142857,0.2672612419124244,0.9642857142857143,,13,unsupported_wrong_motor_deductible;unsupported_wrong_contract_identifier;unsupported_wrong_coverage_type;unsupported_reversed_coverage;unsupported_zero_deductible;unsupported_rental_car_extension;unsupported_wrong_policy_dates;unsupported_wrong_home_deductible;unsupported_wrong_baggage_limit;unsupported_wrong_dental_percentage;unsupported_mixed_extra_claim;unsupported_cancellation_claim;unsupported_liability_distractor_answer,0.6613155100681788,0.9981932193408746,0.9963428968086164,0.3194965461333836,0.7133274518680603,0.07094119438820073,0.0,0.0
0.128,14,12,2,0,0.8571428571428571,0.0,0.5384615384615384,1.0,0.14285714285714285,0.7000000000000001,0.5714285714285714,0.3779644730092272,0.9285714285714286,,12,unsupported_wrong_motor_deductible;unsupported_wrong_contract_identifier;unsupported_wrong_coverage_type;unsupported_reversed_coverage;unsupported_rental_car_extension;unsupported_wrong_policy_dates;unsupported_wrong_home_deductible;unsupported_wrong_baggage_limit;unsupported_wrong_dental_percentage;unsupported_mixed_extra_claim;unsupported_cancellation_claim;unsupported_liability_distractor_answer,0.571870839090301,0.9822054845168084,0.9740006673991322,0.3337082184752923,0.7341287825770488,0.07366537383049988,0.0,0.0
0.129,14,12,2,0,0.8571428571428571,0.0,0.5384615384615384,1.0,0.14285714285714285,0.7000000000000001,0.5714285714285714,0.3779644730092272,0.9285714285714286,,12,unsupported_wrong_motor_deductible;unsupported_wrong_contract_identifier;unsupported_wrong_coverage_type;unsupported_reversed_coverage;unsupported_rental_car_extension;unsupported_wrong_policy_dates;unsupported_wrong_home_deductible;unsupported_wrong_baggage_limit;unsupported_wrong_dental_percentage;unsupported_mixed_extra_claim;unsupported_cancellation_claim;unsupported_liability_distractor_answer,0.571870839090301,0.9822054845168084,0.9740006673991322,0.3337082184752923,0.7341287825770488,0.07366537383049988,0.0,0.0
0.13,14,12,2,0,0.8571428571428571,0.0,0.5384615384615384,1.0,0.14285714285714285,0.7000000000000001,0.5714285714285714,0.3779644730092272,0.9285714285714286,,12,unsupported_wrong_motor_deductible;unsupported_wrong_contract_identifier;unsupported_wrong_coverage_type;unsupported_reversed_coverage;unsupported_rental_car_extension;unsupported_wrong_policy_dates;unsupported_wrong_home_deductible;unsupported_wrong_baggage_limit;unsupported_wrong_dental_percentage;unsupported_mixed_extra_claim;unsupported_cancellation_claim;unsupported_liability_distractor_answer,0.571870839090301,0.9822054845168084,0.9740006673991322,0.3337082184752923,0.7341287825770488,0.07366537383049988,0.0,0.0
0.131,14,12,2,0,0.8571428571428571,0.0,0.5384615384615384,1.0,0.14285714285714285,0.7000000000000001,0.5714285714285714,0.3779644730092272,0.9285714285714286,,12,unsupported_wrong_motor_deductible;unsupported_wrong_contract_identifier;unsupported_wrong_coverage_type;unsupported_reversed_coverage;unsupported_rental_car_extension;unsupported_wrong_policy_dates;unsupported_wrong_home_deductible;unsupported_wrong_baggage_limit;unsupported_wrong_dental_percentage;unsupported_mixed_extra_claim;unsupported_cancellation_claim;unsupported_liability_distractor_answer,0.571870839090301,0.9822054845168084,0.9740006673991322,0.3337082184752923,0.7341287825770488,0.07366537383049988,0.0,0.0
0.132,14,12,2,0,0.8571428571428571,0.0,0.5384615384615384,1.0,0.14285714285714285,0.7000000000000001,0.5714285714285714,0.3779644730092272,0.9285714285714286,,12,unsupported_wrong_motor_deductible;unsupported_wrong_contract_identifier;unsupported_wrong_coverage_type;unsupported_reversed_coverage;unsupported_rental_car_extension;unsupported_wrong_policy_dates;unsupported_wrong_home_deductible;unsupported_wrong_baggage_limit;unsupported_wrong_dental_percentage;unsupported_mixed_extra_claim;unsupported_cancellation_claim;unsupported_liability_distractor_answer,0.571870839090301,0.9822054845168084,0.9740006673991322,0.3337082184752923,0.7341287825770488,0.07366537383049988,0.0,0.0
0.133,14,12,2,0,0.8571428571428571,0.0,0.5384615384615384,1.0,0.14285714285714285,0.7000000000000001,0.5714285714285714,0.3779644730092272,0.9285714285714286,,12,unsupported_wrong_motor_deductible;unsupported_wrong_contract_identifier;unsupported_wrong_coverage_type;unsupported_reversed_coverage;unsupported_rental_car_extension;unsupported_wrong_policy_dates;unsupported_wrong_home_deductible;unsupported_wrong_baggage_limit;unsupported_wrong_dental_percentage;unsupported_mixed_extra_claim;unsupported_cancellation_claim;unsupported_liability_distractor_answer,0.571870839090301,0.9822054845168084,0.9740006673991322,0.3337082184752923,0.7341287825770488,0.07366537383049988,0.0,0.0
0.134,14,12,2,0,0.8571428571428571,0.0,0.5384615384615384,1.0,0.14285714285714285,0.7000000000000001,0.5714285714285714,0.3779644730092272,0.9285714285714286,,12,unsupported_wrong_motor_deductible;unsupported_wrong_contract_identifier;unsupported_wrong_coverage_type;unsupported_reversed_coverage;unsupported_rental_car_extension;unsupported_wrong_policy_dates;unsupported_wrong_home_deductible;unsupported_wrong_baggage_limit;unsupported_wrong_dental_percentage;unsupported_mixed_extra_claim;unsupported_cancellation_claim;unsupported_liability_distractor_answer,0.571870839090301,0.9822054845168084,0.9740006673991322,0.3337082184752923,0.7341287825770488,0.07366537383049988,0.0,0.0
0.1343175,14,12,2,0,0.8571428571428571,0.0,0.5384615384615384,1.0,0.14285714285714285,0.7000000000000001,0.5714285714285714,0.3779644730092272,0.9285714285714286,,12,unsupported_wrong_motor_deductible;unsupported_wrong_contract_identifier;unsupported_wrong_coverage_type;unsupported_reversed_coverage;unsupported_rental_car_extension;unsupported_wrong_policy_dates;unsupported_wrong_home_deductible;unsupported_wrong_baggage_limit;unsupported_wrong_dental_percentage;unsupported_mixed_extra_claim;unsupported_cancellation_claim;unsupported_liability_distractor_answer,0.571870839090301,0.9822054845168084,0.9740006673991322,0.3337082184752923,0.7341287825770488,0.07366537383049988,0.0,0.0
0.135,14,12,2,0,0.8571428571428571,0.0,0.5384615384615384,1.0,0.14285714285714285,0.7000000000000001,0.5714285714285714,0.3779644730092272,0.9285714285714286,,12,unsupported_wrong_motor_deductible;unsupported_wrong_contract_identifier;unsupported_wrong_coverage_type;unsupported_reversed_coverage;unsupported_rental_car_extension;unsupported_wrong_policy_dates;unsupported_wrong_home_deductible;unsupported_wrong_baggage_limit;unsupported_wrong_dental_percentage;unsupported_mixed_extra_claim;unsupported_cancellation_claim;unsupported_liability_distractor_answer,0.571870839090301,0.9822054845168084,0.9740006673991322,0.3337082184752923,0.7341287825770488,0.07366537383049988,0.0,0.0
0.136,14,12,2,0,0.8571428571428571,0.0,0.5384615384615384,1.0,0.14285714285714285,0.7000000000000001,0.5714285714285714,0.3779644730092272,0.9285714285714286,,12,unsupported_wrong_motor_deductible;unsupported_wrong_contract_identifier;unsupported_wrong_coverage_type;unsupported_reversed_coverage;unsupported_rental_car_extension;unsupported_wrong_policy_dates;unsupported_wrong_home_deductible;unsupported_wrong_baggage_limit;unsupported_wrong_dental_percentage;unsupported_mixed_extra_claim;unsupported_cancellation_claim;unsupported_liability_distractor_answer,0.571870839090301,0.9822054845168084,0.9740006673991322,0.3337082184752923,0.7341287825770488,0.07366537383049988,0.0,0.0
0.137,14,12,2,0,0.8571428571428571,0.0,0.5384615384615384,1.0,0.14285714285714285,0.7000000000000001,0.5714285714285714,0.3779644730092272,0.9285714285714286,,12,unsupported_wrong_motor_deductible;unsupported_wrong_contract_identifier;unsupported_wrong_coverage_type;unsupported_reversed_coverage;unsupported_rental_car_extension;unsupported_wrong_policy_dates;unsupported_wrong_home_deductible;unsupported_wrong_baggage_limit;unsupported_wrong_dental_percentage;unsupported_mixed_extra_claim;unsupported_cancellation_claim;unsupported_liability_distractor_answer,0.571870839090301,0.9822054845168084,0.9740006673991322,0.3337082184752923,0.7341287825770488,0.07366537383049988,0.0,0.0
0.138,14,12,2,0,0.8571428571428571,0.0,0.5384615384615384,1.0,0.14285714285714285,0.7000000000000001,0.5714285714285714,0.3779644730092272,0.9285714285714286,,12,unsupported_wrong_motor_deductible;unsupported_wrong_contract_identifier;unsupported_wrong_coverage_type;unsupported_reversed_coverage;unsupported_rental_car_extension;unsupported_wrong_policy_dates;unsupported_wrong_home_deductible;unsupported_wrong_baggage_limit;unsupported_wrong_dental_percentage;unsupported_mixed_extra_claim;unsupported_cancellation_claim;unsupported_liability_distractor_answer,0.571870839090301,0.9822054845168084,0.9740006673991322,0.3337082184752923,0.7341287825770488,0.07366537383049988,0.0,0.0
0.139,14,12,2,0,0.8571428571428571,0.0,0.5384615384615384,1.0,0.14285714285714285,0.7000000000000001,0.5714285714285714,0.3779644730092272,0.9285714285714286,,12,unsupported_wrong_motor_deductible;unsupported_wrong_contract_identifier;unsupported_wrong_coverage_type;unsupported_reversed_coverage;unsupported_rental_car_extension;unsupported_wrong_policy_dates;unsupported_wrong_home_deductible;unsupported_wrong_baggage_limit;unsupported_wrong_dental_percentage;unsupported_mixed_extra_claim;unsupported_cancellation_claim;unsupported_liability_distractor_answer,0.571870839090301,0.9822054845168084,0.9740006673991322,0.3337082184752923,0.7341287825770488,0.07366537383049988,0.0,0.0
0.14,14,12,2,0,0.8571428571428571,0.0,0.5384615384615384,1.0,0.14285714285714285,0.7000000000000001,0.5714285714285714,0.3779644730092272,0.9285714285714286,,12,unsupported_wrong_motor_deductible;unsupported_wrong_contract_identifier;unsupported_wrong_coverage_type;unsupported_reversed_coverage;unsupported_rental_car_extension;unsupported_wrong_policy_dates;unsupported_wrong_home_deductible;unsupported_wrong_baggage_limit;unsupported_wrong_dental_percentage;unsupported_mixed_extra_claim;unsupported_cancellation_claim;unsupported_liability_distractor_answer,0.571870839090301,0.9822054845168084,0.9740006673991322,0.3337082184752923,0.7341287825770488,0.07366537383049988,0.0,0.0
0.141,14,12,2,0,0.8571428571428571,0.0,0.5384615384615384,1.0,0.14285714285714285,0.7000000000000001,0.5714285714285714,0.3779644730092272,0.9285714285714286,,12,unsupported_wrong_motor_deductible;unsupported_wrong_contract_identifier;unsupported_wrong_coverage_type;unsupported_reversed_coverage;unsupported_rental_car_extension;unsupported_wrong_policy_dates;unsupported_wrong_home_deductible;unsupported_wrong_baggage_limit;unsupported_wrong_dental_percentage;unsupported_mixed_extra_claim;unsupported_cancellation_claim;unsupported_liability_distractor_answer,0.571870839090301,0.9822054845168084,0.9740006673991322,0.3337082184752923,0.7341287825770488,0.07366537383049988,0.0,0.0
0.141135,14,12,2,0,0.8571428571428571,0.0,0.5384615384615384,1.0,0.14285714285714285,0.7000000000000001,0.5714285714285714,0.3779644730092272,0.9285714285714286,,12,unsupported_wrong_motor_deductible;unsupported_wrong_contract_identifier;unsupported_wrong_coverage_type;unsupported_reversed_coverage;unsupported_rental_car_extension;unsupported_wrong_policy_dates;unsupported_wrong_home_deductible;unsupported_wrong_baggage_limit;unsupported_wrong_dental_percentage;unsupported_mixed_extra_claim;unsupported_cancellation_claim;unsupported_liability_distractor_answer,0.571870839090301,0.9822054845168084,0.9740006673991322,0.3337082184752923,0.7341287825770488,0.07366537383049988,0.0,0.0
0.141401,14,11,3,0,0.7857142857142857,0.0,0.56,1.0,0.21428571428571427,0.717948717948718,0.6071428571428571,0.4629100498862757,0.8928571428571429,,11,unsupported_wrong_motor_deductible;unsupported_wrong_contract_identifier;unsupported_wrong_coverage_type;unsupported_reversed_coverage;unsupported_rental_car_extension;unsupported_wrong_policy_dates;unsupported_wrong_home_deductible;unsupported_wrong_baggage_limit;unsupported_wrong_dental_percentage;unsupported_mixed_extra_claim;unsupported_cancellation_claim,0.4920243229515282,0.9534207121101327,0.9388970711410224,0.34928163399133577,0.7559763348527919,0.07364707160819486,0.0,0.0
0.141667,14,11,3,0,0.7857142857142857,0.0,0.56,1.0,0.21428571428571427,0.717948717948718,0.6071428571428571,0.4629100498862757,0.8928571428571429,,11,unsupported_wrong_motor_deductible;unsupported_wrong_contract_identifier;unsupported_wrong_coverage_type;unsupported_reversed_coverage;unsupported_rental_car_extension;unsupported_wrong_policy_dates;unsupported_wrong_home_deductible;unsupported_wrong_baggage_limit;unsupported_wrong_dental_percentage;unsupported_mixed_extra_claim;unsupported_cancellation_claim,0.4920243229515282,0.9534207121101327,0.9388970711410224,0.34928163399133577,0.7559763348527919,0.07364707160819486,0.0,0.0
0.142,14,8,6,0,0.5714285714285714,0.0,0.6363636363636364,1.0,0.42857142857142855,0.7777777777777778,0.7142857142857143,0.6546536707079771,0.7857142857142857,,8,unsupported_wrong_contract_identifier;unsupported_reversed_coverage;unsupported_rental_car_extension;unsupported_wrong_policy_dates;unsupported_wrong_home_deductible;unsupported_wrong_dental_percentage;unsupported_mixed_extra_claim;unsupported_cancellation_claim,0.2886094000383075,0.8233889100178821,0.7939266640940872,0.40657666882564664,0.8280205623536676,0.098870078977448,0.0,0.08
0.143,14,8,6,0,0.5714285714285714,0.0,0.6363636363636364,1.0,0.42857142857142855,0.7777777777777778,0.7142857142857143,0.6546536707079771,0.7857142857142857,,8,unsupported_wrong_contract_identifier;unsupported_reversed_coverage;unsupported_rental_car_extension;unsupported_wrong_policy_dates;unsupported_wrong_home_deductible;unsupported_wrong_dental_percentage;unsupported_mixed_extra_claim;unsupported_cancellation_claim,0.2886094000383075,0.8233889100178821,0.7939266640940872,0.40657666882564664,0.8280205623536676,0.098870078977448,0.0,0.08
0.1436905,14,8,6,0,0.5714285714285714,0.0,0.6363636363636364,1.0,0.42857142857142855,0.7777777777777778,0.7142857142857143,0.6546536707079771,0.7857142857142857,,8,unsupported_wrong_contract_identifier;unsupported_reversed_coverage;unsupported_rental_car_extension;unsupported_wrong_policy_dates;unsupported_wrong_home_deductible;unsupported_wrong_dental_percentage;unsupported_mixed_extra_claim;unsupported_cancellation_claim,0.2886094000383075,0.8233889100178821,0.7939266640940872,0.40657666882564664,0.8280205623536676,0.098870078977448,0.0,0.08
0.144,14,8,6,0,0.5714285714285714,0.0,0.6363636363636364,1.0,0.42857142857142855,0.7777777777777778,0.7142857142857143,0.6546536707079771,0.7857142857142857,,8,unsupported_wrong_contract_identifier;unsupported_reversed_coverage;unsupported_rental_car_extension;unsupported_wrong_policy_dates;unsupported_wrong_home_deductible;unsupported_wrong_dental_percentage;unsupported_mixed_extra_claim;unsupported_cancellation_claim,0.2886094000383075,0.8233889100178821,0.7939266640940872,0.40657666882564664,0.8280205623536676,0.098870078977448,0.0,0.08
0.145,14,8,6,0,0.5714285714285714,0.0,0.6363636363636364,1.0,0.42857142857142855,0.7777777777777778,0.7142857142857143,0.6546536707079771,0.7857142857142857,,8,unsupported_wrong_contract_identifier;unsupported_reversed_coverage;unsupported_rental_car_extension;unsupported_wrong_policy_dates;unsupported_wrong_home_deductible;unsupported_wrong_dental_percentage;unsupported_mixed_extra_claim;unsupported_cancellation_claim,0.2886094000383075,0.8233889100178821,0.7939266640940872,0.40657666882564664,0.8280205623536676,0.098870078977448,0.0,0.08
0.145714,14,8,6,0,0.5714285714285714,0.0,0.6363636363636364,1.0,0.42857142857142855,0.7777777777777778,0.7142857142857143,0.6546536707079771,0.7857142857142857,,8,unsupported_wrong_contract_identifier;unsupported_reversed_coverage;unsupported_rental_car_extension;unsupported_wrong_policy_dates;unsupported_wrong_home_deductible;unsupported_wrong_dental_percentage;unsupported_mixed_extra_claim;unsupported_cancellation_claim,0.2886094000383075,0.8233889100178821,0.7939266640940872,0.40657666882564664,0.8280205623536676,0.098870078977448,0.0,0.08
0.146,14,4,10,0,0.2857142857142857,0.0,0.7777777777777778,1.0,0.7142857142857143,0.8750000000000001,0.8571428571428572,0.8451542547285166,0.6428571428571429,,4,unsupported_reversed_coverage;unsupported_rental_car_extension;unsupported_mixed_extra_claim;unsupported_cancellation_claim,0.08388931830712754,0.5810352571836608,0.5400054465239322,0.52362723426352,0.9359079522823335,0.09446591726019246,0.0,0.34
0.147,14,4,10,0,0.2857142857142857,0.0,0.7777777777777778,1.0,0.7142857142857143,0.8750000000000001,0.8571428571428572,0.8451542547285166,0.6428571428571429,,4,unsupported_reversed_coverage;unsupported_rental_car_extension;unsupported_mixed_extra_claim;unsupported_cancellation_claim,0.08388931830712754,0.5810352571836608,0.5400054465239322,0.52362723426352,0.9359079522823335,0.09446591726019246,0.0,0.34
0.147857,14,4,10,0,0.2857142857142857,0.0,0.7777777777777778,1.0,0.7142857142857143,0.8750000000000001,0.8571428571428572,0.8451542547285166,0.6428571428571429,,4,unsupported_reversed_coverage;unsupported_rental_car_extension;unsupported_mixed_extra_claim;unsupported_cancellation_claim,0.08388931830712754,0.5810352571836608,0.5400054465239322,0.52362723426352,0.9359079522823335,0.09446591726019246,0.0,0.34
0.148,14,4,10,0,0.2857142857142857,0.0,0.7777777777777778,1.0,0.7142857142857143,0.8750000000000001,0.8571428571428572,0.8451542547285166,0.6428571428571429,,4,unsupported_reversed_coverage;unsupported_rental_car_extension;unsupported_mixed_extra_claim;unsupported_cancellation_claim,0.08388931830712754,0.5810352571836608,0.5400054465239322,0.52362723426352,0.9359079522823335,0.09446591726019246,0.0,0.34
0.149,14,4,10,0,0.2857142857142857,0.0,0.7777777777777778,1.0,0.7142857142857143,0.8750000000000001,0.8571428571428572,0.8451542547285166,0.6428571428571429,,4,unsupported_reversed_coverage;unsupported_rental_car_extension;unsupported_mixed_extra_claim;unsupported_cancellation_claim,0.08388931830712754,0.5810352571836608,0.5400054465239322,0.52362723426352,0.9359079522823335,0.09446591726019246,0.0,0.34
0.15,14,4,10,0,0.2857142857142857,0.0,0.7777777777777778,1.0,0.7142857142857143,0.8750000000000001,0.8571428571428572,0.8451542547285166,0.6428571428571429,,4,unsupported_reversed_coverage;unsupported_rental_car_extension;unsupported_mixed_extra_claim;unsupported_cancellation_claim,0.08388931830712754,0.5810352571836608,0.5400054465239322,0.52362723426352,0.9359079522823335,0.09446591726019246,0.0,0.34
0.151,14,3,11,0,0.21428571428571427,0.0,0.8235294117647058,1.0,0.7857142857142857,0.9032258064516129,0.8928571428571428,0.8864052604279183,0.6071428571428571,,3,unsupported_rental_car_extension;unsupported_mixed_extra_claim;unsupported_cancellation_claim,0.046579287889867274,0.5079756770484718,0.4656566121942176,0.565682127155716,0.962014931929374,0.08908363162801729,0.0,0.46
0.152,14,3,11,0,0.21428571428571427,0.0,0.8235294117647058,1.0,0.7857142857142857,0.9032258064516129,0.8928571428571428,0.8864052604279183,0.6071428571428571,,3,unsupported_rental_car_extension;unsupported_mixed_extra_claim;unsupported_cancellation_claim,0.046579287889867274,0.5079756770484718,0.4656566121942176,0.565682127155716,0.962014931929374,0.08908363162801729,0.0,0.46
0.153,14,3,11,0,0.21428571428571427,0.0,0.8235294117647058,1.0,0.7857142857142857,0.9032258064516129,0.8928571428571428,0.8864052604279183,0.6071428571428571,,3,unsupported_rental_car_extension;unsupported_mixed_extra_claim;unsupported_cancellation_claim,0.046579287889867274,0.5079756770484718,0.4656566121942176,0.565682127155716,0.962014931929374,0.08908363162801729,0.0,0.46
0.154,14,3,11,0,0.21428571428571427,0.0,0.8235294117647058,1.0,0.7857142857142857,0.9032258064516129,0.8928571428571428,0.8864052604279183,0.6071428571428571,,3,unsupported_rental_car_extension;unsupported_mixed_extra_claim;unsupported_cancellation_claim,0.046579287889867274,0.5079756770484718,0.4656566121942176,0.565682127155716,0.962014931929374,0.08908363162801729,0.0,0.46
0.155,14,3,11,0,0.21428571428571427,0.0,0.8235294117647058,1.0,0.7857142857142857,0.9032258064516129,0.8928571428571428,0.8864052604279183,0.6071428571428571,,3,unsupported_rental_car_extension;unsupported_mixed_extra_claim;unsupported_cancellation_claim,0.046579287889867274,0.5079756770484718,0.4656566121942176,0.565682127155716,0.962014931929374,0.08908363162801729,0.0,0.46
0.156,14,3,11,0,0.21428571428571427,0.0,0.8235294117647058,1.0,0.7857142857142857,0.9032258064516129,0.8928571428571428,0.8864052604279183,0.6071428571428571,,3,unsupported_rental_car_extension;unsupported_mixed_extra_claim;unsupported_cancellation_claim,0.046579287889867274,0.5079756770484718,0.4656566121942176,0.565682127155716,0.962014931929374,0.08908363162801729,0.0,0.46
0.157,14,3,11,0,0.21428571428571427,0.0,0.8235294117647058,1.0,0.7857142857142857,0.9032258064516129,0.8928571428571428,0.8864052604279183,0.6071428571428571,,3,unsupported_rental_car_extension;unsupported_mixed_extra_claim;unsupported_cancellation_claim,0.046579287889867274,0.5079756770484718,0.4656566121942176,0.565682127155716,0.962014931929374,0.08908363162801729,0.0,0.46
0.158,14,3,11,0,0.21428571428571427,0.0,0.8235294117647058,1.0,0.7857142857142857,0.9032258064516129,0.8928571428571428,0.8864052604279183,0.6071428571428571,,3,unsupported_rental_car_extension;unsupported_mixed_extra_claim;unsupported_cancellation_claim,0.046579287889867274,0.5079756770484718,0.4656566121942176,0.565682127155716,0.962014931929374,0.08908363162801729,0.0,0.46
0.159,14,3,11,0,0.21428571428571427,0.0,0.8235294117647058,1.0,0.7857142857142857,0.9032258064516129,0.8928571428571428,0.8864052604279183,0.6071428571428571,,3,unsupported_rental_car_extension;unsupported_mixed_extra_claim;unsupported_cancellation_claim,0.046579287889867274,0.5079756770484718,0.4656566121942176,0.565682127155716,0.962014931929374,0.08908363162801729,0.0,0.46
0.16,14,3,11,0,0.21428571428571427,0.0,0.8235294117647058,1.0,0.7857142857142857,0.9032258064516129,0.8928571428571428,0.8864052604279183,0.6071428571428571,,3,unsupported_rental_car_extension;unsupported_mixed_extra_claim;unsupported_cancellation_claim,0.046579287889867274,0.5079756770484718,0.4656566121942176,0.565682127155716,0.962014931929374,0.08908363162801729,0.0,0.46
0.161,14,3,11,0,0.21428571428571427,0.0,0.8235294117647058,1.0,0.7857142857142857,0.9032258064516129,0.8928571428571428,0.8864052604279183,0.6071428571428571,,3,unsupported_rental_car_extension;unsupported_mixed_extra_claim;unsupported_cancellation_claim,0.046579287889867274,0.5079756770484718,0.4656566121942176,0.565682127155716,0.962014931929374,0.08908363162801729,0.0,0.46
0.162,14,3,11,0,0.21428571428571427,0.0,0.8235294117647058,1.0,0.7857142857142857,0.9032258064516129,0.8928571428571428,0.8864052604279183,0.6071428571428571,,3,unsupported_rental_car_extension;unsupported_mixed_extra_claim;unsupported_cancellation_claim,0.046579287889867274,0.5079756770484718,0.4656566121942176,0.565682127155716,0.962014931929374,0.08908363162801729,0.0,0.46
0.163,14,3,11,0,0.21428571428571427,0.0,0.8235294117647058,1.0,0.7857142857142857,0.9032258064516129,0.8928571428571428,0.8864052604279183,0.6071428571428571,,3,unsupported_rental_car_extension;unsupported_mixed_extra_claim;unsupported_cancellation_claim,0.046579287889867274,0.5079756770484718,0.4656566121942176,0.565682127155716,0.962014931929374,0.08908363162801729,0.0,0.46
0.164,14,3,11,0,0.21428571428571427,0.0,0.8235294117647058,1.0,0.7857142857142857,0.9032258064516129,0.8928571428571428,0.8864052604279183,0.6071428571428571,,3,unsupported_rental_car_extension;unsupported_mixed_extra_claim;unsupported_cancellation_claim,0.046579287889867274,0.5079756770484718,0.4656566121942176,0.565682127155716,0.962014931929374,0.08908363162801729,0.0,0.46
0.165,14,3,11,0,0.21428571428571427,0.0,0.8235294117647058,1.0,0.7857142857142857,0.9032258064516129,0.8928571428571428,0.8864052604279183,0.6071428571428571,,3,unsupported_rental_car_extension;unsupported_mixed_extra_claim;unsupported_cancellation_claim,0.046579287889867274,0.5079756770484718,0.4656566121942176,0.565682127155716,0.962014931929374,0.08908363162801729,0.0,0.46
0.166,14,3,11,0,0.21428571428571427,0.0,0.8235294117647058,1.0,0.7857142857142857,0.9032258064516129,0.8928571428571428,0.8864052604279183,0.6071428571428571,,3,unsupported_rental_car_extension;unsupported_mixed_extra_claim;unsupported_cancellation_claim,0.046579287889867274,0.5079756770484718,0.4656566121942176,0.565682127155716,0.962014931929374,0.08908363162801729,0.0,0.46
0.167,14,3,11,0,0.21428571428571427,0.0,0.8235294117647058,1.0,0.7857142857142857,0.9032258064516129,0.8928571428571428,0.8864052604279183,0.6071428571428571,,3,unsupported_rental_car_extension;unsupported_mixed_extra_claim;unsupported_cancellation_claim,0.046579287889867274,0.5079756770484718,0.4656566121942176,0.565682127155716,0.962014931929374,0.08908363162801729,0.0,0.46
0.168,14,3,11,0,0.21428571428571427,0.0,0.8235294117647058,1.0,0.7857142857142857,0.9032258064516129,0.8928571428571428,0.8864052604279183,0.6071428571428571,,3,unsupported_rental_car_extension;unsupported_mixed_extra_claim;unsupported_cancellation_claim,0.046579287889867274,0.5079756770484718,0.4656566121942176,0.565682127155716,0.962014931929374,0.08908363162801729,0.0,0.46
0.169,14,3,11,0,0.21428571428571427,0.0,0.8235294117647058,1.0,0.7857142857142857,0.9032258064516129,0.8928571428571428,0.8864052604279183,0.6071428571428571,,3,unsupported_rental_car_extension;unsupported_mixed_extra_claim;unsupported_cancellation_claim,0.046579287889867274,0.5079756770484718,0.4656566121942176,0.565682127155716,0.962014931929374,0.08908363162801729,0.0,0.46
0.17,14,3,11,0,0.21428571428571427,0.0,0.8235294117647058,1.0,0.7857142857142857,0.9032258064516129,0.8928571428571428,0.8864052604279183,0.6071428571428571,,3,unsupported_rental_car_extension;unsupported_mixed_extra_claim;unsupported_cancellation_claim,0.046579287889867274,0.5079756770484718,0.4656566121942176,0.565682127155716,0.962014931929374,0.08908363162801729,0.0,0.46
0.171,14,3,11,0,0.21428571428571427,0.0,0.8235294117647058,1.0,0.7857142857142857,0.9032258064516129,0.8928571428571428,0.8864052604279183,0.6071428571428571,,3,unsupported_rental_car_extension;unsupported_mixed_extra_claim;unsupported_cancellation_claim,0.046579287889867274,0.5079756770484718,0.4656566121942176,0.565682127155716,0.962014931929374,0.08908363162801729,0.0,0.46
0.172,14,3,11,0,0.21428571428571427,0.0,0.8235294117647058,1.0,0.7857142857142857,0.9032258064516129,0.8928571428571428,0.8864052604279183,0.6071428571428571,,3,unsupported_rental_car_extension;unsupported_mixed_extra_claim;unsupported_cancellation_claim,0.046579287889867274,0.5079756770484718,0.4656566121942176,0.565682127155716,0.962014931929374,0.08908363162801729,0.0,0.46
0.173,14,3,11,0,0.21428571428571427,0.0,0.8235294117647058,1.0,0.7857142857142857,0.9032258064516129,0.8928571428571428,0.8864052604279183,0.6071428571428571,,3,unsupported_rental_car_extension;unsupported_mixed_extra_claim;unsupported_cancellation_claim,0.046579287889867274,0.5079756770484718,0.4656566121942176,0.565682127155716,0.962014931929374,0.08908363162801729,0.0,0.46
0.174,14,3,11,0,0.21428571428571427,0.0,0.8235294117647058,1.0,0.7857142857142857,0.9032258064516129,0.8928571428571428,0.8864052604279183,0.6071428571428571,,3,unsupported_rental_car_extension;unsupported_mixed_extra_claim;unsupported_cancellation_claim,0.046579287889867274,0.5079756770484718,0.4656566121942176,0.565682127155716,0.962014931929374,0.08908363162801729,0.0,0.46
0.175,14,3,11,0,0.21428571428571427,0.0,0.8235294117647058,1.0,0.7857142857142857,0.9032258064516129,0.8928571428571428,0.8864052604279183,0.6071428571428571,,3,unsupported_rental_car_extension;unsupported_mixed_extra_claim;unsupported_cancellation_claim,0.046579287889867274,0.5079756770484718,0.4656566121942176,0.565682127155716,0.962014931929374,0.08908363162801729,0.0,0.46
0.176,14,3,11,0,0.21428571428571427,0.0,0.8235294117647058,1.0,0.7857142857142857,0.9032258064516129,0.8928571428571428,0.8864052604279183,0.6071428571428571,,3,unsupported_rental_car_extension;unsupported_mixed_extra_claim;unsupported_cancellation_claim,0.046579287889867274,0.5079756770484718,0.4656566121942176,0.565682127155716,0.962014931929374,0.08908363162801729,0.0,0.46
0.177,14,3,11,0,0.21428571428571427,0.0,0.8235294117647058,1.0,0.7857142857142857,0.9032258064516129,0.8928571428571428,0.8864052604279183,0.6071428571428571,,3,unsupported_rental_car_extension;unsupported_mixed_extra_claim;unsupported_cancellation_claim,0.046579287889867274,0.5079756770484718,0.4656566121942176,0.565682127155716,0.962014931929374,0.08908363162801729,0.0,0.46
0.178,14,3,11,0,0.21428571428571427,0.0,0.8235294117647058,1.0,0.7857142857142857,0.9032258064516129,0.8928571428571428,0.8864052604279183,0.6071428571428571,,3,unsupported_rental_car_extension;unsupported_mixed_extra_claim;unsupported_cancellation_claim,0.046579287889867274,0.5079756770484718,0.4656566121942176,0.565682127155716,0.962014931929374,0.08908363162801729,0.0,0.46
0.179,14,3,11,0,0.21428571428571427,0.0,0.8235294117647058,1.0,0.7857142857142857,0.9032258064516129,0.8928571428571428,0.8864052604279183,0.6071428571428571,,3,unsupported_rental_car_extension;unsupported_mixed_extra_claim;unsupported_cancellation_claim,0.046579287889867274,0.5079756770484718,0.4656566121942176,0.565682127155716,0.962014931929374,0.08908363162801729,0.0,0.46
0.18,14,3,11,0,0.21428571428571427,0.0,0.8235294117647058,1.0,0.7857142857142857,0.9032258064516129,0.8928571428571428,0.8864052604279183,0.6071428571428571,,3,unsupported_rental_car_extension;unsupported_mixed_extra_claim;unsupported_cancellation_claim,0.046579287889867274,0.5079756770484718,0.4656566121942176,0.565682127155716,0.962014931929374,0.08908363162801729,0.0,0.46
0.181,14,3,11,0,0.21428571428571427,0.0,0.8235294117647058,1.0,0.7857142857142857,0.9032258064516129,0.8928571428571428,0.8864052604279183,0.6071428571428571,,3,unsupported_rental_car_extension;unsupported_mixed_extra_claim;unsupported_cancellation_claim,0.046579287889867274,0.5079756770484718,0.4656566121942176,0.565682127155716,0.962014931929374,0.08908363162801729,0.0,0.46
0.182,14,3,11,0,0.21428571428571427,0.0,0.8235294117647058,1.0,0.7857142857142857,0.9032258064516129,0.8928571428571428,0.8864052604279183,0.6071428571428571,,3,unsupported_rental_car_extension;unsupported_mixed_extra_claim;unsupported_cancellation_claim,0.046579287889867274,0.5079756770484718,0.4656566121942176,0.565682127155716,0.962014931929374,0.08908363162801729,0.0,0.46
0.183,14,3,11,0,0.21428571428571427,0.0,0.8235294117647058,1.0,0.7857142857142857,0.9032258064516129,0.8928571428571428,0.8864052604279183,0.6071428571428571,,3,unsupported_rental_car_extension;unsupported_mixed_extra_claim;unsupported_cancellation_claim,0.046579287889867274,0.5079756770484718,0.4656566121942176,0.565682127155716,0.962014931929374,0.08908363162801729,0.0,0.46
0.184,14,3,11,0,0.21428571428571427,0.0,0.8235294117647058,1.0,0.7857142857142857,0.9032258064516129,0.8928571428571428,0.8864052604279183,0.6071428571428571,,3,unsupported_rental_car_extension;unsupported_mixed_extra_claim;unsupported_cancellation_claim,0.046579287889867274,0.5079756770484718,0.4656566121942176,0.565682127155716,0.962014931929374,0.08908363162801729,0.0,0.46
0.185,14,3,11,0,0.21428571428571427,0.0,0.8235294117647058,1.0,0.7857142857142857,0.9032258064516129,0.8928571428571428,0.8864052604279183,0.6071428571428571,,3,unsupported_rental_car_extension;unsupported_mixed_extra_claim;unsupported_cancellation_claim,0.046579287889867274,0.5079756770484718,0.4656566121942176,0.565682127155716,0.962014931929374,0.08908363162801729,0.0,0.46
0.186,14,3,11,0,0.21428571428571427,0.0,0.8235294117647058,1.0,0.7857142857142857,0.9032258064516129,0.8928571428571428,0.8864052604279183,0.6071428571428571,,3,unsupported_rental_car_extension;unsupported_mixed_extra_claim;unsupported_cancellation_claim,0.046579287889867274,0.5079756770484718,0.4656566121942176,0.565682127155716,0.962014931929374,0.08908363162801729,0.0,0.46
0.187,14,3,11,0,0.21428571428571427,0.0,0.8235294117647058,1.0,0.7857142857142857,0.9032258064516129,0.8928571428571428,0.8864052604279183,0.6071428571428571,,3,unsupported_rental_car_extension;unsupported_mixed_extra_claim;unsupported_cancellation_claim,0.046579287889867274,0.5079756770484718,0.4656566121942176,0.565682127155716,0.962014931929374,0.08908363162801729,0.0,0.46
0.188,14,3,11,0,0.21428571428571427,0.0,0.8235294117647058,1.0,0.7857142857142857,0.9032258064516129,0.8928571428571428,0.8864052604279183,0.6071428571428571,,3,unsupported_rental_car_extension;unsupported_mixed_extra_claim;unsupported_cancellation_claim,0.046579287889867274,0.5079756770484718,0.4656566121942176,0.565682127155716,0.962014931929374,0.08908363162801729,0.0,0.46
0.189,14,3,11,0,0.21428571428571427,0.0,0.8235294117647058,1.0,0.7857142857142857,0.9032258064516129,0.8928571428571428,0.8864052604279183,0.6071428571428571,,3,unsupported_rental_car_extension;unsupported_mixed_extra_claim;unsupported_cancellation_claim,0.046579287889867274,0.5079756770484718,0.4656566121942176,0.565682127155716,0.962014931929374,0.08908363162801729,0.0,0.46
0.19,14,3,11,0,0.21428571428571427,0.0,0.8235294117647058,1.0,0.7857142857142857,0.9032258064516129,0.8928571428571428,0.8864052604279183,0.6071428571428571,,3,unsupported_rental_car_extension;unsupported_mixed_extra_claim;unsupported_cancellation_claim,0.046579287889867274,0.5079756770484718,0.4656566121942176,0.565682127155716,0.962014931929374,0.08908363162801729,0.0,0.46
0.191,14,3,11,0,0.21428571428571427,0.0,0.8235294117647058,1.0,0.7857142857142857,0.9032258064516129,0.8928571428571428,0.8864052604279183,0.6071428571428571,,3,unsupported_rental_car_extension;unsupported_mixed_extra_claim;unsupported_cancellation_claim,0.046579287889867274,0.5079756770484718,0.4656566121942176,0.565682127155716,0.962014931929374,0.08908363162801729,0.0,0.46
0.192,14,3,11,0,0.21428571428571427,0.0,0.8235294117647058,1.0,0.7857142857142857,0.9032258064516129,0.8928571428571428,0.8864052604279183,0.6071428571428571,,3,unsupported_rental_car_extension;unsupported_mixed_extra_claim;unsupported_cancellation_claim,0.046579287889867274,0.5079756770484718,0.4656566121942176,0.565682127155716,0.962014931929374,0.08908363162801729,0.0,0.46
0.193,14,3,11,0,0.21428571428571427,0.0,0.8235294117647058,1.0,0.7857142857142857,0.9032258064516129,0.8928571428571428,0.8864052604279183,0.6071428571428571,,3,unsupported_rental_car_extension;unsupported_mixed_extra_claim;unsupported_cancellation_claim,0.046579287889867274,0.5079756770484718,0.4656566121942176,0.565682127155716,0.962014931929374,0.08908363162801729,0.0,0.46
0.194,14,3,11,0,0.21428571428571427,0.0,0.8235294117647058,1.0,0.7857142857142857,0.9032258064516129,0.8928571428571428,0.8864052604279183,0.6071428571428571,,3,unsupported_rental_car_extension;unsupported_mixed_extra_claim;unsupported_cancellation_claim,0.046579287889867274,0.5079756770484718,0.4656566121942176,0.565682127155716,0.962014931929374,0.08908363162801729,0.0,0.46
0.195,14,3,11,0,0.21428571428571427,0.0,0.8235294117647058,1.0,0.7857142857142857,0.9032258064516129,0.8928571428571428,0.8864052604279183,0.6071428571428571,,3,unsupported_rental_car_extension;unsupported_mixed_extra_claim;unsupported_cancellation_claim,0.046579287889867274,0.5079756770484718,0.4656566121942176,0.565682127155716,0.962014931929374,0.08908363162801729,0.0,0.46
0.196,14,3,11,0,0.21428571428571427,0.0,0.8235294117647058,1.0,0.7857142857142857,0.9032258064516129,0.8928571428571428,0.8864052604279183,0.6071428571428571,,3,unsupported_rental_car_extension;unsupported_mixed_extra_claim;unsupported_cancellation_claim,0.046579287889867274,0.5079756770484718,0.4656566121942176,0.565682127155716,0.962014931929374,0.08908363162801729,0.0,0.46
0.197,14,3,11,0,0.21428571428571427,0.0,0.8235294117647058,1.0,0.7857142857142857,0.9032258064516129,0.8928571428571428,0.8864052604279183,0.6071428571428571,,3,unsupported_rental_car_extension;unsupported_mixed_extra_claim;unsupported_cancellation_claim,0.046579287889867274,0.5079756770484718,0.4656566121942176,0.565682127155716,0.962014931929374,0.08908363162801729,0.0,0.46
0.198,14,3,11,0,0.21428571428571427,0.0,0.8235294117647058,1.0,0.7857142857142857,0.9032258064516129,0.8928571428571428,0.8864052604279183,0.6071428571428571,,3,unsupported_rental_car_extension;unsupported_mixed_extra_claim;unsupported_cancellation_claim,0.046579287889867274,0.5079756770484718,0.4656566121942176,0.565682127155716,0.962014931929374,0.08908363162801729,0.0,0.46
0.199,14,3,11,0,0.21428571428571427,0.0,0.8235294117647058,1.0,0.7857142857142857,0.9032258064516129,0.8928571428571428,0.8864052604279183,0.6071428571428571,,3,unsupported_rental_car_extension;unsupported_mixed_extra_claim;unsupported_cancellation_claim,0.046579287889867274,0.5079756770484718,0.4656566121942176,0.565682127155716,0.962014931929374,0.08908363162801729,0.0,0.46
0.2,14,3,11,0,0.21428571428571427,0.0,0.8235294117647058,1.0,0.7857142857142857,0.9032258064516129,0.8928571428571428,0.8864052604279183,0.6071428571428571,,3,unsupported_rental_car_extension;unsupported_mixed_extra_claim;unsupported_cancellation_claim,0.046579287889867274,0.5079756770484718,0.4656566121942176,0.565682127155716,0.962014931929374,0.08908363162801729,0.0,0.46
0.201,14,3,11,0,0.21428571428571427,0.0,0.8235294117647058,1.0,0.7857142857142857,0.9032258064516129,0.8928571428571428,0.8864052604279183,0.6071428571428571,,3,unsupported_rental_car_extension;unsupported_mixed_extra_claim;unsupported_cancellation_claim,0.046579287889867274,0.5079756770484718,0.4656566121942176,0.565682127155716,0.962014931929374,0.08908363162801729,0.0,0.46
0.202,14,3,11,0,0.21428571428571427,0.0,0.8235294117647058,1.0,0.7857142857142857,0.9032258064516129,0.8928571428571428,0.8864052604279183,0.6071428571428571,,3,unsupported_rental_car_extension;unsupported_mixed_extra_claim;unsupported_cancellation_claim,0.046579287889867274,0.5079756770484718,0.4656566121942176,0.565682127155716,0.962014931929374,0.08908363162801729,0.0,0.46
0.203,14,3,11,0,0.21428571428571427,0.0,0.8235294117647058,1.0,0.7857142857142857,0.9032258064516129,0.8928571428571428,0.8864052604279183,0.6071428571428571,,3,unsupported_rental_car_extension;unsupported_mixed_extra_claim;unsupported_cancellation_claim,0.046579287889867274,0.5079756770484718,0.4656566121942176,0.565682127155716,0.962014931929374,0.08908363162801729,0.0,0.46
0.204,14,3,11,0,0.21428571428571427,0.0,0.8235294117647058,1.0,0.7857142857142857,0.9032258064516129,0.8928571428571428,0.8864052604279183,0.6071428571428571,,3,unsupported_rental_car_extension;unsupported_mixed_extra_claim;unsupported_cancellation_claim,0.046579287889867274,0.5079756770484718,0.4656566121942176,0.565682127155716,0.962014931929374,0.08908363162801729,0.0,0.46
0.205,14,3,11,0,0.21428571428571427,0.0,0.8235294117647058,1.0,0.7857142857142857,0.9032258064516129,0.8928571428571428,0.8864052604279183,0.6071428571428571,,3,unsupported_rental_car_extension;unsupported_mixed_extra_claim;unsupported_cancellation_claim,0.046579287889867274,0.5079756770484718,0.4656566121942176,0.565682127155716,0.962014931929374,0.08908363162801729,0.0,0.46
0.206,14,3,11,0,0.21428571428571427,0.0,0.8235294117647058,1.0,0.7857142857142857,0.9032258064516129,0.8928571428571428,0.8864052604279183,0.6071428571428571,,3,unsupported_rental_car_extension;unsupported_mixed_extra_claim;unsupported_cancellation_claim,0.046579287889867274,0.5079756770484718,0.4656566121942176,0.565682127155716,0.962014931929374,0.08908363162801729,0.0,0.46
0.207,14,3,11,0,0.21428571428571427,0.0,0.8235294117647058,1.0,0.7857142857142857,0.9032258064516129,0.8928571428571428,0.8864052604279183,0.6071428571428571,,3,unsupported_rental_car_extension;unsupported_mixed_extra_claim;unsupported_cancellation_claim,0.046579287889867274,0.5079756770484718,0.4656566121942176,0.565682127155716,0.962014931929374,0.08908363162801729,0.0,0.46
0.208,14,3,11,0,0.21428571428571427,0.0,0.8235294117647058,1.0,0.7857142857142857,0.9032258064516129,0.8928571428571428,0.8864052604279183,0.6071428571428571,,3,unsupported_rental_car_extension;unsupported_mixed_extra_claim;unsupported_cancellation_claim,0.046579287889867274,0.5079756770484718,0.4656566121942176,0.565682127155716,0.962014931929374,0.08908363162801729,0.0,0.46
0.209,14,3,11,0,0.21428571428571427,0.0,0.8235294117647058,1.0,0.7857142857142857,0.9032258064516129,0.8928571428571428,0.8864052604279183,0.6071428571428571,,3,unsupported_rental_car_extension;unsupported_mixed_extra_claim;unsupported_cancellation_claim,0.046579287889867274,0.5079756770484718,0.4656566121942176,0.565682127155716,0.962014931929374,0.08908363162801729,0.0,0.46
0.21,14,3,11,0,0.21428571428571427,0.0,0.8235294117647058,1.0,0.7857142857142857,0.9032258064516129,0.8928571428571428,0.8864052604279183,0.6071428571428571,,3,unsupported_rental_car_extension;unsupported_mixed_extra_claim;unsupported_cancellation_claim,0.046579287889867274,0.5079756770484718,0.4656566121942176,0.565682127155716,0.962014931929374,0.08908363162801729,0.0,0.46
0.211,14,3,11,0,0.21428571428571427,0.0,0.8235294117647058,1.0,0.7857142857142857,0.9032258064516129,0.8928571428571428,0.8864052604279183,0.6071428571428571,,3,unsupported_rental_car_extension;unsupported_mixed_extra_claim;unsupported_cancellation_claim,0.046579287889867274,0.5079756770484718,0.4656566121942176,0.565682127155716,0.962014931929374,0.08908363162801729,0.0,0.46
0.212,14,3,11,0,0.21428571428571427,0.0,0.8235294117647058,1.0,0.7857142857142857,0.9032258064516129,0.8928571428571428,0.8864052604279183,0.6071428571428571,,3,unsupported_rental_car_extension;unsupported_mixed_extra_claim;unsupported_cancellation_claim,0.046579287889867274,0.5079756770484718,0.4656566121942176,0.565682127155716,0.962014931929374,0.08908363162801729,0.0,0.46
0.213,14,3,11,0,0.21428571428571427,0.0,0.8235294117647058,1.0,0.7857142857142857,0.9032258064516129,0.8928571428571428,0.8864052604279183,0.6071428571428571,,3,unsupported_rental_car_extension;unsupported_mixed_extra_claim;unsupported_cancellation_claim,0.046579287889867274,0.5079756770484718,0.4656566121942176,0.565682127155716,0.962014931929374,0.08908363162801729,0.0,0.46
0.2139375,14,3,11,0,0.21428571428571427,0.0,0.8235294117647058,1.0,0.7857142857142857,0.9032258064516129,0.8928571428571428,0.8864052604279183,0.6071428571428571,,3,unsupported_rental_car_extension;unsupported_mixed_extra_claim;unsupported_cancellation_claim,0.046579287889867274,0.5079756770484718,0.4656566121942176,0.565682127155716,0.962014931929374,0.08908363162801729,0.0,0.46
0.214,14,3,11,0,0.21428571428571427,0.0,0.8235294117647058,1.0,0.7857142857142857,0.9032258064516129,0.8928571428571428,0.8864052604279183,0.6071428571428571,,3,unsupported_rental_car_extension;unsupported_mixed_extra_claim;unsupported_cancellation_claim,0.046579287889867274,0.5079756770484718,0.4656566121942176,0.565682127155716,0.962014931929374,0.08908363162801729,0.0,0.46
0.215,14,3,11,0,0.21428571428571427,0.0,0.8235294117647058,1.0,0.7857142857142857,0.9032258064516129,0.8928571428571428,0.8864052604279183,0.6071428571428571,,3,unsupported_rental_car_extension;unsupported_mixed_extra_claim;unsupported_cancellation_claim,0.046579287889867274,0.5079756770484718,0.4656566121942176,0.565682127155716,0.962014931929374,0.08908363162801729,0.0,0.46
0.216,14,3,11,0,0.21428571428571427,0.0,0.8235294117647058,1.0,0.7857142857142857,0.9032258064516129,0.8928571428571428,0.8864052604279183,0.6071428571428571,,3,unsupported_rental_car_extension;unsupported_mixed_extra_claim;unsupported_cancellation_claim,0.046579287889867274,0.5079756770484718,0.4656566121942176,0.565682127155716,0.962014931929374,0.08908363162801729,0.0,0.46
0.217,14,3,11,0,0.21428571428571427,0.0,0.8235294117647058,1.0,0.7857142857142857,0.9032258064516129,0.8928571428571428,0.8864052604279183,0.6071428571428571,,3,unsupported_rental_car_extension;unsupported_mixed_extra_claim;unsupported_cancellation_claim,0.046579287889867274,0.5079756770484718,0.4656566121942176,0.565682127155716,0.962014931929374,0.08908363162801729,0.0,0.46
0.218,14,3,11,0,0.21428571428571427,0.0,0.8235294117647058,1.0,0.7857142857142857,0.9032258064516129,0.8928571428571428,0.8864052604279183,0.6071428571428571,,3,unsupported_rental_car_extension;unsupported_mixed_extra_claim;unsupported_cancellation_claim,0.046579287889867274,0.5079756770484718,0.4656566121942176,0.565682127155716,0.962014931929374,0.08908363162801729,0.0,0.46
0.219,14,3,11,0,0.21428571428571427,0.0,0.8235294117647058,1.0,0.7857142857142857,0.9032258064516129,0.8928571428571428,0.8864052604279183,0.6071428571428571,,3,unsupported_rental_car_extension;unsupported_mixed_extra_claim;unsupported_cancellation_claim,0.046579287889867274,0.5079756770484718,0.4656566121942176,0.565682127155716,0.962014931929374,0.08908363162801729,0.0,0.46
0.22,14,3,11,0,0.21428571428571427,0.0,0.8235294117647058,1.0,0.7857142857142857,0.9032258064516129,0.8928571428571428,0.8864052604279183,0.6071428571428571,,3,unsupported_rental_car_extension;unsupported_mixed_extra_claim;unsupported_cancellation_claim,0.046579287889867274,0.5079756770484718,0.4656566121942176,0.565682127155716,0.962014931929374,0.08908363162801729,0.0,0.46
0.221,14,3,11,0,0.21428571428571427,0.0,0.8235294117647058,1.0,0.7857142857142857,0.9032258064516129,0.8928571428571428,0.8864052604279183,0.6071428571428571,,3,unsupported_rental_car_extension;unsupported_mixed_extra_claim;unsupported_cancellation_claim,0.046579287889867274,0.5079756770484718,0.4656566121942176,0.565682127155716,0.962014931929374,0.08908363162801729,0.0,0.46
0.222,14,3,11,0,0.21428571428571427,0.0,0.8235294117647058,1.0,0.7857142857142857,0.9032258064516129,0.8928571428571428,0.8864052604279183,0.6071428571428571,,3,unsupported_rental_car_extension;unsupported_mixed_extra_claim;unsupported_cancellation_claim,0.046579287889867274,0.5079756770484718,0.4656566121942176,0.565682127155716,0.962014931929374,0.08908363162801729,0.0,0.46
0.223,14,3,11,0,0.21428571428571427,0.0,0.8235294117647058,1.0,0.7857142857142857,0.9032258064516129,0.8928571428571428,0.8864052604279183,0.6071428571428571,,3,unsupported_rental_car_extension;unsupported_mixed_extra_claim;unsupported_cancellation_claim,0.046579287889867274,0.5079756770484718,0.4656566121942176,0.565682127155716,0.962014931929374,0.08908363162801729,0.0,0.46
0.224,14,3,11,0,0.21428571428571427,0.0,0.8235294117647058,1.0,0.7857142857142857,0.9032258064516129,0.8928571428571428,0.8864052604279183,0.6071428571428571,,3,unsupported_rental_car_extension;unsupported_mixed_extra_claim;unsupported_cancellation_claim,0.046579287889867274,0.5079756770484718,0.4656566121942176,0.565682127155716,0.962014931929374,0.08908363162801729,0.0,0.46
0.225,14,3,11,0,0.21428571428571427,0.0,0.8235294117647058,1.0,0.7857142857142857,0.9032258064516129,0.8928571428571428,0.8864052604279183,0.6071428571428571,,3,unsupported_rental_car_extension;unsupported_mixed_extra_claim;unsupported_cancellation_claim,0.046579287889867274,0.5079756770484718,0.4656566121942176,0.565682127155716,0.962014931929374,0.08908363162801729,0.0,0.46
0.226,14,3,11,0,0.21428571428571427,0.0,0.8235294117647058,1.0,0.7857142857142857,0.9032258064516129,0.8928571428571428,0.8864052604279183,0.6071428571428571,,3,unsupported_rental_car_extension;unsupported_mixed_extra_claim;unsupported_cancellation_claim,0.046579287889867274,0.5079756770484718,0.4656566121942176,0.565682127155716,0.962014931929374,0.08908363162801729,0.0,0.46
0.227,14,3,11,0,0.21428571428571427,0.0,0.8235294117647058,1.0,0.7857142857142857,0.9032258064516129,0.8928571428571428,0.8864052604279183,0.6071428571428571,,3,unsupported_rental_car_extension;unsupported_mixed_extra_claim;unsupported_cancellation_claim,0.046579287889867274,0.5079756770484718,0.4656566121942176,0.565682127155716,0.962014931929374,0.08908363162801729,0.0,0.46
0.228,14,3,11,0,0.21428571428571427,0.0,0.8235294117647058,1.0,0.7857142857142857,0.9032258064516129,0.8928571428571428,0.8864052604279183,0.6071428571428571,,3,unsupported_rental_car_extension;unsupported_mixed_extra_claim;unsupported_cancellation_claim,0.046579287889867274,0.5079756770484718,0.4656566121942176,0.565682127155716,0.962014931929374,0.08908363162801729,0.0,0.46
0.229,14,3,11,0,0.21428571428571427,0.0,0.8235294117647058,1.0,0.7857142857142857,0.9032258064516129,0.8928571428571428,0.8864052604279183,0.6071428571428571,,3,unsupported_rental_car_extension;unsupported_mixed_extra_claim;unsupported_cancellation_claim,0.046579287889867274,0.5079756770484718,0.4656566121942176,0.565682127155716,0.962014931929374,0.08908363162801729,0.0,0.46
0.23,14,3,11,0,0.21428571428571427,0.0,0.8235294117647058,1.0,0.7857142857142857,0.9032258064516129,0.8928571428571428,0.8864052604279183,0.6071428571428571,,3,unsupported_rental_car_extension;unsupported_mixed_extra_claim;unsupported_cancellation_claim,0.046579287889867274,0.5079756770484718,0.4656566121942176,0.565682127155716,0.962014931929374,0.08908363162801729,0.0,0.46
0.231,14,3,11,0,0.21428571428571427,0.0,0.8235294117647058,1.0,0.7857142857142857,0.9032258064516129,0.8928571428571428,0.8864052604279183,0.6071428571428571,,3,unsupported_rental_car_extension;unsupported_mixed_extra_claim;unsupported_cancellation_claim,0.046579287889867274,0.5079756770484718,0.4656566121942176,0.565682127155716,0.962014931929374,0.08908363162801729,0.0,0.46
0.232,14,3,11,0,0.21428571428571427,0.0,0.8235294117647058,1.0,0.7857142857142857,0.9032258064516129,0.8928571428571428,0.8864052604279183,0.6071428571428571,,3,unsupported_rental_car_extension;unsupported_mixed_extra_claim;unsupported_cancellation_claim,0.046579287889867274,0.5079756770484718,0.4656566121942176,0.565682127155716,0.962014931929374,0.08908363162801729,0.0,0.46
0.233,14,3,11,0,0.21428571428571427,0.0,0.8235294117647058,1.0,0.7857142857142857,0.9032258064516129,0.8928571428571428,0.8864052604279183,0.6071428571428571,,3,unsupported_rental_car_extension;unsupported_mixed_extra_claim;unsupported_cancellation_claim,0.046579287889867274,0.5079756770484718,0.4656566121942176,0.565682127155716,0.962014931929374,0.08908363162801729,0.0,0.46
0.234,14,3,11,0,0.21428571428571427,0.0,0.8235294117647058,1.0,0.7857142857142857,0.9032258064516129,0.8928571428571428,0.8864052604279183,0.6071428571428571,,3,unsupported_rental_car_extension;unsupported_mixed_extra_claim;unsupported_cancellation_claim,0.046579287889867274,0.5079756770484718,0.4656566121942176,0.565682127155716,0.962014931929374,0.08908363162801729,0.0,0.46
0.235,14,3,11,0,0.21428571428571427,0.0,0.8235294117647058,1.0,0.7857142857142857,0.9032258064516129,0.8928571428571428,0.8864052604279183,0.6071428571428571,,3,unsupported_rental_car_extension;unsupported_mixed_extra_claim;unsupported_cancellation_claim,0.046579287889867274,0.5079756770484718,0.4656566121942176,0.565682127155716,0.962014931929374,0.08908363162801729,0.0,0.46
0.236,14,3,11,0,0.21428571428571427,0.0,0.8235294117647058,1.0,0.7857142857142857,0.9032258064516129,0.8928571428571428,0.8864052604279183,0.6071428571428571,,3,unsupported_rental_car_extension;unsupported_mixed_extra_claim;unsupported_cancellation_claim,0.046579287889867274,0.5079756770484718,0.4656566121942176,0.565682127155716,0.962014931929374,0.08908363162801729,0.0,0.46
0.237,14,3,11,0,0.21428571428571427,0.0,0.8235294117647058,1.0,0.7857142857142857,0.9032258064516129,0.8928571428571428,0.8864052604279183,0.6071428571428571,,3,unsupported_rental_car_extension;unsupported_mixed_extra_claim;unsupported_cancellation_claim,0.046579287889867274,0.5079756770484718,0.4656566121942176,0.565682127155716,0.962014931929374,0.08908363162801729,0.0,0.46
0.238,14,3,11,0,0.21428571428571427,0.0,0.8235294117647058,1.0,0.7857142857142857,0.9032258064516129,0.8928571428571428,0.8864052604279183,0.6071428571428571,,3,unsupported_rental_car_extension;unsupported_mixed_extra_claim;unsupported_cancellation_claim,0.046579287889867274,0.5079756770484718,0.4656566121942176,0.565682127155716,0.962014931929374,0.08908363162801729,0.0,0.46
0.239,14,3,11,0,0.21428571428571427,0.0,0.8235294117647058,1.0,0.7857142857142857,0.9032258064516129,0.8928571428571428,0.8864052604279183,0.6071428571428571,,3,unsupported_rental_car_extension;unsupported_mixed_extra_claim;unsupported_cancellation_claim,0.046579287889867274,0.5079756770484718,0.4656566121942176,0.565682127155716,0.962014931929374,0.08908363162801729,0.0,0.46
0.24,14,3,11,0,0.21428571428571427,0.0,0.8235294117647058,1.0,0.7857142857142857,0.9032258064516129,0.8928571428571428,0.8864052604279183,0.6071428571428571,,3,unsupported_rental_car_extension;unsupported_mixed_extra_claim;unsupported_cancellation_claim,0.046579287889867274,0.5079756770484718,0.4656566121942176,0.565682127155716,0.962014931929374,0.08908363162801729,0.0,0.46
0.241,14,3,11,0,0.21428571428571427,0.0,0.8235294117647058,1.0,0.7857142857142857,0.9032258064516129,0.8928571428571428,0.8864052604279183,0.6071428571428571,,3,unsupported_rental_car_extension;unsupported_mixed_extra_claim;unsupported_cancellation_claim,0.046579287889867274,0.5079756770484718,0.4656566121942176,0.565682127155716,0.962014931929374,0.08908363162801729,0.0,0.46
0.242,14,3,11,0,0.21428571428571427,0.0,0.8235294117647058,1.0,0.7857142857142857,0.9032258064516129,0.8928571428571428,0.8864052604279183,0.6071428571428571,,3,unsupported_rental_car_extension;unsupported_mixed_extra_claim;unsupported_cancellation_claim,0.046579287889867274,0.5079756770484718,0.4656566121942176,0.565682127155716,0.962014931929374,0.08908363162801729,0.0,0.46
0.243,14,3,11,0,0.21428571428571427,0.0,0.8235294117647058,1.0,0.7857142857142857,0.9032258064516129,0.8928571428571428,0.8864052604279183,0.6071428571428571,,3,unsupported_rental_car_extension;unsupported_mixed_extra_claim;unsupported_cancellation_claim,0.046579287889867274,0.5079756770484718,0.4656566121942176,0.565682127155716,0.962014931929374,0.08908363162801729,0.0,0.46
0.244,14,3,11,0,0.21428571428571427,0.0,0.8235294117647058,1.0,0.7857142857142857,0.9032258064516129,0.8928571428571428,0.8864052604279183,0.6071428571428571,,3,unsupported_rental_car_extension;unsupported_mixed_extra_claim;unsupported_cancellation_claim,0.046579287889867274,0.5079756770484718,0.4656566121942176,0.565682127155716,0.962014931929374,0.08908363162801729,0.0,0.46
0.245,14,3,11,0,0.21428571428571427,0.0,0.8235294117647058,1.0,0.7857142857142857,0.9032258064516129,0.8928571428571428,0.8864052604279183,0.6071428571428571,,3,unsupported_rental_car_extension;unsupported_mixed_extra_claim;unsupported_cancellation_claim,0.046579287889867274,0.5079756770484718,0.4656566121942176,0.565682127155716,0.962014931929374,0.08908363162801729,0.0,0.46
0.246,14,3,11,0,0.21428571428571427,0.0,0.8235294117647058,1.0,0.7857142857142857,0.9032258064516129,0.8928571428571428,0.8864052604279183,0.6071428571428571,,3,unsupported_rental_car_extension;unsupported_mixed_extra_claim;unsupported_cancellation_claim,0.046579287889867274,0.5079756770484718,0.4656566121942176,0.565682127155716,0.962014931929374,0.08908363162801729,0.0,0.46
0.247,14,3,11,0,0.21428571428571427,0.0,0.8235294117647058,1.0,0.7857142857142857,0.9032258064516129,0.8928571428571428,0.8864052604279183,0.6071428571428571,,3,unsupported_rental_car_extension;unsupported_mixed_extra_claim;unsupported_cancellation_claim,0.046579287889867274,0.5079756770484718,0.4656566121942176,0.565682127155716,0.962014931929374,0.08908363162801729,0.0,0.46
0.248,14,3,11,0,0.21428571428571427,0.0,0.8235294117647058,1.0,0.7857142857142857,0.9032258064516129,0.8928571428571428,0.8864052604279183,0.6071428571428571,,3,unsupported_rental_car_extension;unsupported_mixed_extra_claim;unsupported_cancellation_claim,0.046579287889867274,0.5079756770484718,0.4656566121942176,0.565682127155716,0.962014931929374,0.08908363162801729,0.0,0.46
0.249,14,3,11,0,0.21428571428571427,0.0,0.8235294117647058,1.0,0.7857142857142857,0.9032258064516129,0.8928571428571428,0.8864052604279183,0.6071428571428571,,3,unsupported_rental_car_extension;unsupported_mixed_extra_claim;unsupported_cancellation_claim,0.046579287889867274,0.5079756770484718,0.4656566121942176,0.565682127155716,0.962014931929374,0.08908363162801729,0.0,0.46
0.25,14,3,11,0,0.21428571428571427,0.0,0.8235294117647058,1.0,0.7857142857142857,0.9032258064516129,0.8928571428571428,0.8864052604279183,0.6071428571428571,,3,unsupported_rental_car_extension;unsupported_mixed_extra_claim;unsupported_cancellation_claim,0.046579287889867274,0.5079756770484718,0.4656566121942176,0.565682127155716,0.962014931929374,0.08908363162801729,0.0,0.46
0.251,14,3,11,0,0.21428571428571427,0.0,0.8235294117647058,1.0,0.7857142857142857,0.9032258064516129,0.8928571428571428,0.8864052604279183,0.6071428571428571,,3,unsupported_rental_car_extension;unsupported_mixed_extra_claim;unsupported_cancellation_claim,0.046579287889867274,0.5079756770484718,0.4656566121942176,0.565682127155716,0.962014931929374,0.08908363162801729,0.0,0.46
0.252,14,3,11,0,0.21428571428571427,0.0,0.8235294117647058,1.0,0.7857142857142857,0.9032258064516129,0.8928571428571428,0.8864052604279183,0.6071428571428571,,3,unsupported_rental_car_extension;unsupported_mixed_extra_claim;unsupported_cancellation_claim,0.046579287889867274,0.5079756770484718,0.4656566121942176,0.565682127155716,0.962014931929374,0.08908363162801729,0.0,0.46
0.253,14,3,11,0,0.21428571428571427,0.0,0.8235294117647058,1.0,0.7857142857142857,0.9032258064516129,0.8928571428571428,0.8864052604279183,0.6071428571428571,,3,unsupported_rental_car_extension;unsupported_mixed_extra_claim;unsupported_cancellation_claim,0.046579287889867274,0.5079756770484718,0.4656566121942176,0.565682127155716,0.962014931929374,0.08908363162801729,0.0,0.46
0.254,14,3,11,0,0.21428571428571427,0.0,0.8235294117647058,1.0,0.7857142857142857,0.9032258064516129,0.8928571428571428,0.8864052604279183,0.6071428571428571,,3,unsupported_rental_car_extension;unsupported_mixed_extra_claim;unsupported_cancellation_claim,0.046579287889867274,0.5079756770484718,0.4656566121942176,0.565682127155716,0.962014931929374,0.08908363162801729,0.0,0.46
0.255,14,3,11,0,0.21428571428571427,0.0,0.8235294117647058,1.0,0.7857142857142857,0.9032258064516129,0.8928571428571428,0.8864052604279183,0.6071428571428571,,3,unsupported_rental_car_extension;unsupported_mixed_extra_claim;unsupported_cancellation_claim,0.046579287889867274,0.5079756770484718,0.4656566121942176,0.565682127155716,0.962014931929374,0.08908363162801729,0.0,0.46
0.256,14,3,11,0,0.21428571428571427,0.0,0.8235294117647058,1.0,0.7857142857142857,0.9032258064516129,0.8928571428571428,0.8864052604279183,0.6071428571428571,,3,unsupported_rental_car_extension;unsupported_mixed_extra_claim;unsupported_cancellation_claim,0.046579287889867274,0.5079756770484718,0.4656566121942176,0.565682127155716,0.962014931929374,0.08908363162801729,0.0,0.46
0.257,14,3,11,0,0.21428571428571427,0.0,0.8235294117647058,1.0,0.7857142857142857,0.9032258064516129,0.8928571428571428,0.8864052604279183,0.6071428571428571,,3,unsupported_rental_car_extension;unsupported_mixed_extra_claim;unsupported_cancellation_claim,0.046579287889867274,0.5079756770484718,0.4656566121942176,0.565682127155716,0.962014931929374,0.08908363162801729,0.0,0.46
0.258,14,3,11,0,0.21428571428571427,0.0,0.8235294117647058,1.0,0.7857142857142857,0.9032258064516129,0.8928571428571428,0.8864052604279183,0.6071428571428571,,3,unsupported_rental_car_extension;unsupported_mixed_extra_claim;unsupported_cancellation_claim,0.046579287889867274,0.5079756770484718,0.4656566121942176,0.565682127155716,0.962014931929374,0.08908363162801729,0.0,0.46
0.259,14,3,11,0,0.21428571428571427,0.0,0.8235294117647058,1.0,0.7857142857142857,0.9032258064516129,0.8928571428571428,0.8864052604279183,0.6071428571428571,,3,unsupported_rental_car_extension;unsupported_mixed_extra_claim;unsupported_cancellation_claim,0.046579287889867274,0.5079756770484718,0.4656566121942176,0.565682127155716,0.962014931929374,0.08908363162801729,0.0,0.46
0.26,14,3,11,0,0.21428571428571427,0.0,0.8235294117647058,1.0,0.7857142857142857,0.9032258064516129,0.8928571428571428,0.8864052604279183,0.6071428571428571,,3,unsupported_rental_car_extension;unsupported_mixed_extra_claim;unsupported_cancellation_claim,0.046579287889867274,0.5079756770484718,0.4656566121942176,0.565682127155716,0.962014931929374,0.08908363162801729,0.0,0.46
0.261,14,3,11,0,0.21428571428571427,0.0,0.8235294117647058,1.0,0.7857142857142857,0.9032258064516129,0.8928571428571428,0.8864052604279183,0.6071428571428571,,3,unsupported_rental_car_extension;unsupported_mixed_extra_claim;unsupported_cancellation_claim,0.046579287889867274,0.5079756770484718,0.4656566121942176,0.565682127155716,0.962014931929374,0.08908363162801729,0.0,0.46
0.262,14,3,11,0,0.21428571428571427,0.0,0.8235294117647058,1.0,0.7857142857142857,0.9032258064516129,0.8928571428571428,0.8864052604279183,0.6071428571428571,,3,unsupported_rental_car_extension;unsupported_mixed_extra_claim;unsupported_cancellation_claim,0.046579287889867274,0.5079756770484718,0.4656566121942176,0.565682127155716,0.962014931929374,0.08908363162801729,0.0,0.46
0.263,14,3,11,0,0.21428571428571427,0.0,0.8235294117647058,1.0,0.7857142857142857,0.9032258064516129,0.8928571428571428,0.8864052604279183,0.6071428571428571,,3,unsupported_rental_car_extension;unsupported_mixed_extra_claim;unsupported_cancellation_claim,0.046579287889867274,0.5079756770484718,0.4656566121942176,0.565682127155716,0.962014931929374,0.08908363162801729,0.0,0.46
0.264,14,3,11,0,0.21428571428571427,0.0,0.8235294117647058,1.0,0.7857142857142857,0.9032258064516129,0.8928571428571428,0.8864052604279183,0.6071428571428571,,3,unsupported_rental_car_extension;unsupported_mixed_extra_claim;unsupported_cancellation_claim,0.046579287889867274,0.5079756770484718,0.4656566121942176,0.565682127155716,0.962014931929374,0.08908363162801729,0.0,0.46
0.265,14,3,11,0,0.21428571428571427,0.0,0.8235294117647058,1.0,0.7857142857142857,0.9032258064516129,0.8928571428571428,0.8864052604279183,0.6071428571428571,,3,unsupported_rental_car_extension;unsupported_mixed_extra_claim;unsupported_cancellation_claim,0.046579287889867274,0.5079756770484718,0.4656566121942176,0.565682127155716,0.962014931929374,0.08908363162801729,0.0,0.46
0.266,14,3,11,0,0.21428571428571427,0.0,0.8235294117647058,1.0,0.7857142857142857,0.9032258064516129,0.8928571428571428,0.8864052604279183,0.6071428571428571,,3,unsupported_rental_car_extension;unsupported_mixed_extra_claim;unsupported_cancellation_claim,0.046579287889867274,0.5079756770484718,0.4656566121942176,0.565682127155716,0.962014931929374,0.08908363162801729,0.0,0.46
0.267,14,3,11,0,0.21428571428571427,0.0,0.8235294117647058,1.0,0.7857142857142857,0.9032258064516129,0.8928571428571428,0.8864052604279183,0.6071428571428571,,3,unsupported_rental_car_extension;unsupported_mixed_extra_claim;unsupported_cancellation_claim,0.046579287889867274,0.5079756770484718,0.4656566121942176,0.565682127155716,0.962014931929374,0.08908363162801729,0.0,0.46
0.268,14,3,11,0,0.21428571428571427,0.0,0.8235294117647058,1.0,0.7857142857142857,0.9032258064516129,0.8928571428571428,0.8864052604279183,0.6071428571428571,,3,unsupported_rental_car_extension;unsupported_mixed_extra_claim;unsupported_cancellation_claim,0.046579287889867274,0.5079756770484718,0.4656566121942176,0.565682127155716,0.962014931929374,0.08908363162801729,0.0,0.46
0.269,14,3,11,0,0.21428571428571427,0.0,0.8235294117647058,1.0,0.7857142857142857,0.9032258064516129,0.8928571428571428,0.8864052604279183,0.6071428571428571,,3,unsupported_rental_car_extension;unsupported_mixed_extra_claim;unsupported_cancellation_claim,0.046579287889867274,0.5079756770484718,0.4656566121942176,0.565682127155716,0.962014931929374,0.08908363162801729,0.0,0.46
0.27,14,3,11,0,0.21428571428571427,0.0,0.8235294117647058,1.0,0.7857142857142857,0.9032258064516129,0.8928571428571428,0.8864052604279183,0.6071428571428571,,3,unsupported_rental_car_extension;unsupported_mixed_extra_claim;unsupported_cancellation_claim,0.046579287889867274,0.5079756770484718,0.4656566121942176,0.565682127155716,0.962014931929374,0.08908363162801729,0.0,0.46
0.271,14,3,11,0,0.21428571428571427,0.0,0.8235294117647058,1.0,0.7857142857142857,0.9032258064516129,0.8928571428571428,0.8864052604279183,0.6071428571428571,,3,unsupported_rental_car_extension;unsupported_mixed_extra_claim;unsupported_cancellation_claim,0.046579287889867274,0.5079756770484718,0.4656566121942176,0.565682127155716,0.962014931929374,0.08908363162801729,0.0,0.46
0.272,14,3,11,0,0.21428571428571427,0.0,0.8235294117647058,1.0,0.7857142857142857,0.9032258064516129,0.8928571428571428,0.8864052604279183,0.6071428571428571,,3,unsupported_rental_car_extension;unsupported_mixed_extra_claim;unsupported_cancellation_claim,0.046579287889867274,0.5079756770484718,0.4656566121942176,0.565682127155716,0.962014931929374,0.08908363162801729,0.0,0.46
0.273,14,3,11,0,0.21428571428571427,0.0,0.8235294117647058,1.0,0.7857142857142857,0.9032258064516129,0.8928571428571428,0.8864052604279183,0.6071428571428571,,3,unsupported_rental_car_extension;unsupported_mixed_extra_claim;unsupported_cancellation_claim,0.046579287889867274,0.5079756770484718,0.4656566121942176,0.565682127155716,0.962014931929374,0.08908363162801729,0.0,0.46
0.274,14,3,11,0,0.21428571428571427,0.0,0.8235294117647058,1.0,0.7857142857142857,0.9032258064516129,0.8928571428571428,0.8864052604279183,0.6071428571428571,,3,unsupported_rental_car_extension;unsupported_mixed_extra_claim;unsupported_cancellation_claim,0.046579287889867274,0.5079756770484718,0.4656566121942176,0.565682127155716,0.962014931929374,0.08908363162801729,0.0,0.46
0.275,14,3,11,0,0.21428571428571427,0.0,0.8235294117647058,1.0,0.7857142857142857,0.9032258064516129,0.8928571428571428,0.8864052604279183,0.6071428571428571,,3,unsupported_rental_car_extension;unsupported_mixed_extra_claim;unsupported_cancellation_claim,0.046579287889867274,0.5079756770484718,0.4656566121942176,0.565682127155716,0.962014931929374,0.08908363162801729,0.0,0.46
0.276,14,3,11,0,0.21428571428571427,0.0,0.8235294117647058,1.0,0.7857142857142857,0.9032258064516129,0.8928571428571428,0.8864052604279183,0.6071428571428571,,3,unsupported_rental_car_extension;unsupported_mixed_extra_claim;unsupported_cancellation_claim,0.046579287889867274,0.5079756770484718,0.4656566121942176,0.565682127155716,0.962014931929374,0.08908363162801729,0.0,0.46
0.277,14,3,11,0,0.21428571428571427,0.0,0.8235294117647058,1.0,0.7857142857142857,0.9032258064516129,0.8928571428571428,0.8864052604279183,0.6071428571428571,,3,unsupported_rental_car_extension;unsupported_mixed_extra_claim;unsupported_cancellation_claim,0.046579287889867274,0.5079756770484718,0.4656566121942176,0.565682127155716,0.962014931929374,0.08908363162801729,0.0,0.46
0.277875,14,3,11,0,0.21428571428571427,0.0,0.8235294117647058,1.0,0.7857142857142857,0.9032258064516129,0.8928571428571428,0.8864052604279183,0.6071428571428571,,3,unsupported_rental_car_extension;unsupported_mixed_extra_claim;unsupported_cancellation_claim,0.046579287889867274,0.5079756770484718,0.4656566121942176,0.565682127155716,0.962014931929374,0.08908363162801729,0.0,0.46
0.278,14,2,12,0,0.14285714285714285,0.0,0.875,1.0,0.8571428571428571,0.9333333333333333,0.9285714285714286,0.9258200997725514,0.5714285714285714,,2,unsupported_rental_car_extension;unsupported_mixed_extra_claim,0.01779451548319154,0.428129160909699,0.38538968236388194,0.6165237631507364,0.9844863961845861,0.07702755934053206,0.0,0.62
0.279,14,2,12,0,0.14285714285714285,0.0,0.875,1.0,0.8571428571428571,0.9333333333333333,0.9285714285714286,0.9258200997725514,0.5714285714285714,,2,unsupported_rental_car_extension;unsupported_mixed_extra_claim,0.01779451548319154,0.428129160909699,0.38538968236388194,0.6165237631507364,0.9844863961845861,0.07702755934053206,0.0,0.62
0.28,14,2,12,0,0.14285714285714285,0.0,0.875,1.0,0.8571428571428571,0.9333333333333333,0.9285714285714286,0.9258200997725514,0.5714285714285714,,2,unsupported_rental_car_extension;unsupported_mixed_extra_claim,0.01779451548319154,0.428129160909699,0.38538968236388194,0.6165237631507364,0.9844863961845861,0.07702755934053206,0.0,0.62
0.281,14,2,12,0,0.14285714285714285,0.0,0.875,1.0,0.8571428571428571,0.9333333333333333,0.9285714285714286,0.9258200997725514,0.5714285714285714,,2,unsupported_rental_car_extension;unsupported_mixed_extra_claim,0.01779451548319154,0.428129160909699,0.38538968236388194,0.6165237631507364,0.9844863961845861,0.07702755934053206,0.0,0.62
0.282,14,2,12,0,0.14285714285714285,0.0,0.875,1.0,0.8571428571428571,0.9333333333333333,0.9285714285714286,0.9258200997725514,0.5714285714285714,,2,unsupported_rental_car_extension;unsupported_mixed_extra_claim,0.01779451548319154,0.428129160909699,0.38538968236388194,0.6165237631507364,0.9844863961845861,0.07702755934053206,0.0,0.62
0.283,14,2,12,0,0.14285714285714285,0.0,0.875,1.0,0.8571428571428571,0.9333333333333333,0.9285714285714286,0.9258200997725514,0.5714285714285714,,2,unsupported_rental_car_extension;unsupported_mixed_extra_claim,0.01779451548319154,0.428129160909699,0.38538968236388194,0.6165237631507364,0.9844863961845861,0.07702755934053206,0.0,0.62
0.284,14,2,12,0,0.14285714285714285,0.0,0.875,1.0,0.8571428571428571,0.9333333333333333,0.9285714285714286,0.9258200997725514,0.5714285714285714,,2,unsupported_rental_car_extension;unsupported_mixed_extra_claim,0.01779451548319154,0.428129160909699,0.38538968236388194,0.6165237631507364,0.9844863961845861,0.07702755934053206,0.0,0.62
0.285,14,2,12,0,0.14285714285714285,0.0,0.875,1.0,0.8571428571428571,0.9333333333333333,0.9285714285714286,0.9258200997725514,0.5714285714285714,,2,unsupported_rental_car_extension;unsupported_mixed_extra_claim,0.01779451548319154,0.428129160909699,0.38538968236388194,0.6165237631507364,0.9844863961845861,0.07702755934053206,0.0,0.62
0.286,14,2,12,0,0.14285714285714285,0.0,0.875,1.0,0.8571428571428571,0.9333333333333333,0.9285714285714286,0.9258200997725514,0.5714285714285714,,2,unsupported_rental_car_extension;unsupported_mixed_extra_claim,0.01779451548319154,0.428129160909699,0.38538968236388194,0.6165237631507364,0.9844863961845861,0.07702755934053206,0.0,0.62
0.287,14,2,12,0,0.14285714285714285,0.0,0.875,1.0,0.8571428571428571,0.9333333333333333,0.9285714285714286,0.9258200997725514,0.5714285714285714,,2,unsupported_rental_car_extension;unsupported_mixed_extra_claim,0.01779451548319154,0.428129160909699,0.38538968236388194,0.6165237631507364,0.9844863961845861,0.07702755934053206,0.0,0.62
0.288,14,2,12,0,0.14285714285714285,0.0,0.875,1.0,0.8571428571428571,0.9333333333333333,0.9285714285714286,0.9258200997725514,0.5714285714285714,,2,unsupported_rental_car_extension;unsupported_mixed_extra_claim,0.01779451548319154,0.428129160909699,0.38538968236388194,0.6165237631507364,0.9844863961845861,0.07702755934053206,0.0,0.62
0.289,14,2,12,0,0.14285714285714285,0.0,0.875,1.0,0.8571428571428571,0.9333333333333333,0.9285714285714286,0.9258200997725514,0.5714285714285714,,2,unsupported_rental_car_extension;unsupported_mixed_extra_claim,0.01779451548319154,0.428129160909699,0.38538968236388194,0.6165237631507364,0.9844863961845861,0.07702755934053206,0.0,0.62
0.29,14,2,12,0,0.14285714285714285,0.0,0.875,1.0,0.8571428571428571,0.9333333333333333,0.9285714285714286,0.9258200997725514,0.5714285714285714,,2,unsupported_rental_car_extension;unsupported_mixed_extra_claim,0.01779451548319154,0.428129160909699,0.38538968236388194,0.6165237631507364,0.9844863961845861,0.07702755934053206,0.0,0.62
0.291,14,2,12,0,0.14285714285714285,0.0,0.875,1.0,0.8571428571428571,0.9333333333333333,0.9285714285714286,0.9258200997725514,0.5714285714285714,,2,unsupported_rental_car_extension;unsupported_mixed_extra_claim,0.01779451548319154,0.428129160909699,0.38538968236388194,0.6165237631507364,0.9844863961845861,0.07702755934053206,0.0,0.62
0.292,14,2,12,0,0.14285714285714285,0.0,0.875,1.0,0.8571428571428571,0.9333333333333333,0.9285714285714286,0.9258200997725514,0.5714285714285714,,2,unsupported_rental_car_extension;unsupported_mixed_extra_claim,0.01779451548319154,0.428129160909699,0.38538968236388194,0.6165237631507364,0.9844863961845861,0.07702755934053206,0.0,0.62
0.293,14,2,12,0,0.14285714285714285,0.0,0.875,1.0,0.8571428571428571,0.9333333333333333,0.9285714285714286,0.9258200997725514,0.5714285714285714,,2,unsupported_rental_car_extension;unsupported_mixed_extra_claim,0.01779451548319154,0.428129160909699,0.38538968236388194,0.6165237631507364,0.9844863961845861,0.07702755934053206,0.0,0.62
0.294,14,2,12,0,0.14285714285714285,0.0,0.875,1.0,0.8571428571428571,0.9333333333333333,0.9285714285714286,0.9258200997725514,0.5714285714285714,,2,unsupported_rental_car_extension;unsupported_mixed_extra_claim,0.01779451548319154,0.428129160909699,0.38538968236388194,0.6165237631507364,0.9844863961845861,0.07702755934053206,0.0,0.62
0.295,14,2,12,0,0.14285714285714285,0.0,0.875,1.0,0.8571428571428571,0.9333333333333333,0.9285714285714286,0.9258200997725514,0.5714285714285714,,2,unsupported_rental_car_extension;unsupported_mixed_extra_claim,0.01779451548319154,0.428129160909699,0.38538968236388194,0.6165237631507364,0.9844863961845861,0.07702755934053206,0.0,0.62
0.296,14,2,12,0,0.14285714285714285,0.0,0.875,1.0,0.8571428571428571,0.9333333333333333,0.9285714285714286,0.9258200997725514,0.5714285714285714,,2,unsupported_rental_car_extension;unsupported_mixed_extra_claim,0.01779451548319154,0.428129160909699,0.38538968236388194,0.6165237631507364,0.9844863961845861,0.07702755934053206,0.0,0.62
0.297,14,2,12,0,0.14285714285714285,0.0,0.875,1.0,0.8571428571428571,0.9333333333333333,0.9285714285714286,0.9258200997725514,0.5714285714285714,,2,unsupported_rental_car_extension;unsupported_mixed_extra_claim,0.01779451548319154,0.428129160909699,0.38538968236388194,0.6165237631507364,0.9844863961845861,0.07702755934053206,0.0,0.62
0.298,14,2,12,0,0.14285714285714285,0.0,0.875,1.0,0.8571428571428571,0.9333333333333333,0.9285714285714286,0.9258200997725514,0.5714285714285714,,2,unsupported_rental_car_extension;unsupported_mixed_extra_claim,0.01779451548319154,0.428129160909699,0.38538968236388194,0.6165237631507364,0.9844863961845861,0.07702755934053206,0.0,0.62
0.299,14,2,12,0,0.14285714285714285,0.0,0.875,1.0,0.8571428571428571,0.9333333333333333,0.9285714285714286,0.9258200997725514,0.5714285714285714,,2,unsupported_rental_car_extension;unsupported_mixed_extra_claim,0.01779451548319154,0.428129160909699,0.38538968236388194,0.6165237631507364,0.9844863961845861,0.07702755934053206,0.0,0.62
0.3,14,2,12,0,0.14285714285714285,0.0,0.875,1.0,0.8571428571428571,0.9333333333333333,0.9285714285714286,0.9258200997725514,0.5714285714285714,,2,unsupported_rental_car_extension;unsupported_mixed_extra_claim,0.01779451548319154,0.428129160909699,0.38538968236388194,0.6165237631507364,0.9844863961845861,0.07702755934053206,0.0,0.62
0.301,14,2,12,0,0.14285714285714285,0.0,0.875,1.0,0.8571428571428571,0.9333333333333333,0.9285714285714286,0.9258200997725514,0.5714285714285714,,2,unsupported_rental_car_extension;unsupported_mixed_extra_claim,0.01779451548319154,0.428129160909699,0.38538968236388194,0.6165237631507364,0.9844863961845861,0.07702755934053206,0.0,0.62
0.302,14,2,12,0,0.14285714285714285,0.0,0.875,1.0,0.8571428571428571,0.9333333333333333,0.9285714285714286,0.9258200997725514,0.5714285714285714,,2,unsupported_rental_car_extension;unsupported_mixed_extra_claim,0.01779451548319154,0.428129160909699,0.38538968236388194,0.6165237631507364,0.9844863961845861,0.07702755934053206,0.0,0.62
0.303,14,2,12,0,0.14285714285714285,0.0,0.875,1.0,0.8571428571428571,0.9333333333333333,0.9285714285714286,0.9258200997725514,0.5714285714285714,,2,unsupported_rental_car_extension;unsupported_mixed_extra_claim,0.01779451548319154,0.428129160909699,0.38538968236388194,0.6165237631507364,0.9844863961845861,0.07702755934053206,0.0,0.62
0.304,14,2,12,0,0.14285714285714285,0.0,0.875,1.0,0.8571428571428571,0.9333333333333333,0.9285714285714286,0.9258200997725514,0.5714285714285714,,2,unsupported_rental_car_extension;unsupported_mixed_extra_claim,0.01779451548319154,0.428129160909699,0.38538968236388194,0.6165237631507364,0.9844863961845861,0.07702755934053206,0.0,0.62
0.305,14,2,12,0,0.14285714285714285,0.0,0.875,1.0,0.8571428571428571,0.9333333333333333,0.9285714285714286,0.9258200997725514,0.5714285714285714,,2,unsupported_rental_car_extension;unsupported_mixed_extra_claim,0.01779451548319154,0.428129160909699,0.38538968236388194,0.6165237631507364,0.9844863961845861,0.07702755934053206,0.0,0.62
0.305604,14,2,12,0,0.14285714285714285,0.0,0.875,1.0,0.8571428571428571,0.9333333333333333,0.9285714285714286,0.9258200997725514,0.5714285714285714,,2,unsupported_rental_car_extension;unsupported_mixed_extra_claim,0.01779451548319154,0.428129160909699,0.38538968236388194,0.6165237631507364,0.9844863961845861,0.07702755934053206,0.0,0.62
0.306,14,2,12,0,0.14285714285714285,0.0,0.875,1.0,0.8571428571428571,0.9333333333333333,0.9285714285714286,0.9258200997725514,0.5714285714285714,,2,unsupported_rental_car_extension;unsupported_mixed_extra_claim,0.01779451548319154,0.428129160909699,0.38538968236388194,0.6165237631507364,0.9844863961845861,0.07702755934053206,0.0,0.62
0.307,14,2,12,0,0.14285714285714285,0.0,0.875,1.0,0.8571428571428571,0.9333333333333333,0.9285714285714286,0.9258200997725514,0.5714285714285714,,2,unsupported_rental_car_extension;unsupported_mixed_extra_claim,0.01779451548319154,0.428129160909699,0.38538968236388194,0.6165237631507364,0.9844863961845861,0.07702755934053206,0.0,0.62
0.308,14,2,12,0,0.14285714285714285,0.0,0.875,1.0,0.8571428571428571,0.9333333333333333,0.9285714285714286,0.9258200997725514,0.5714285714285714,,2,unsupported_rental_car_extension;unsupported_mixed_extra_claim,0.01779451548319154,0.428129160909699,0.38538968236388194,0.6165237631507364,0.9844863961845861,0.07702755934053206,0.0,0.62
0.309,14,2,12,0,0.14285714285714285,0.0,0.875,1.0,0.8571428571428571,0.9333333333333333,0.9285714285714286,0.9258200997725514,0.5714285714285714,,2,unsupported_rental_car_extension;unsupported_mixed_extra_claim,0.01779451548319154,0.428129160909699,0.38538968236388194,0.6165237631507364,0.9844863961845861,0.07702755934053206,0.0,0.62
0.31,14,2,12,0,0.14285714285714285,0.0,0.875,1.0,0.8571428571428571,0.9333333333333333,0.9285714285714286,0.9258200997725514,0.5714285714285714,,2,unsupported_rental_car_extension;unsupported_mixed_extra_claim,0.01779451548319154,0.428129160909699,0.38538968236388194,0.6165237631507364,0.9844863961845861,0.07702755934053206,0.0,0.62
0.311,14,2,12,0,0.14285714285714285,0.0,0.875,1.0,0.8571428571428571,0.9333333333333333,0.9285714285714286,0.9258200997725514,0.5714285714285714,,2,unsupported_rental_car_extension;unsupported_mixed_extra_claim,0.01779451548319154,0.428129160909699,0.38538968236388194,0.6165237631507364,0.9844863961845861,0.07702755934053206,0.0,0.62
0.312,14,2,12,0,0.14285714285714285,0.0,0.875,1.0,0.8571428571428571,0.9333333333333333,0.9285714285714286,0.9258200997725514,0.5714285714285714,,2,unsupported_rental_car_extension;unsupported_mixed_extra_claim,0.01779451548319154,0.428129160909699,0.38538968236388194,0.6165237631507364,0.9844863961845861,0.07702755934053206,0.0,0.62
0.313,14,2,12,0,0.14285714285714285,0.0,0.875,1.0,0.8571428571428571,0.9333333333333333,0.9285714285714286,0.9258200997725514,0.5714285714285714,,2,unsupported_rental_car_extension;unsupported_mixed_extra_claim,0.01779451548319154,0.428129160909699,0.38538968236388194,0.6165237631507364,0.9844863961845861,0.07702755934053206,0.0,0.62
0.314,14,2,12,0,0.14285714285714285,0.0,0.875,1.0,0.8571428571428571,0.9333333333333333,0.9285714285714286,0.9258200997725514,0.5714285714285714,,2,unsupported_rental_car_extension;unsupported_mixed_extra_claim,0.01779451548319154,0.428129160909699,0.38538968236388194,0.6165237631507364,0.9844863961845861,0.07702755934053206,0.0,0.62
0.315,14,2,12,0,0.14285714285714285,0.0,0.875,1.0,0.8571428571428571,0.9333333333333333,0.9285714285714286,0.9258200997725514,0.5714285714285714,,2,unsupported_rental_car_extension;unsupported_mixed_extra_claim,0.01779451548319154,0.428129160909699,0.38538968236388194,0.6165237631507364,0.9844863961845861,0.07702755934053206,0.0,0.62
0.316,14,2,12,0,0.14285714285714285,0.0,0.875,1.0,0.8571428571428571,0.9333333333333333,0.9285714285714286,0.9258200997725514,0.5714285714285714,,2,unsupported_rental_car_extension;unsupported_mixed_extra_claim,0.01779451548319154,0.428129160909699,0.38538968236388194,0.6165237631507364,0.9844863961845861,0.07702755934053206,0.0,0.62
0.317,14,2,12,0,0.14285714285714285,0.0,0.875,1.0,0.8571428571428571,0.9333333333333333,0.9285714285714286,0.9258200997725514,0.5714285714285714,,2,unsupported_rental_car_extension;unsupported_mixed_extra_claim,0.01779451548319154,0.428129160909699,0.38538968236388194,0.6165237631507364,0.9844863961845861,0.07702755934053206,0.0,0.62
0.318,14,2,12,0,0.14285714285714285,0.0,0.875,1.0,0.8571428571428571,0.9333333333333333,0.9285714285714286,0.9258200997725514,0.5714285714285714,,2,unsupported_rental_car_extension;unsupported_mixed_extra_claim,0.01779451548319154,0.428129160909699,0.38538968236388194,0.6165237631507364,0.9844863961845861,0.07702755934053206,0.0,0.62
0.319,14,2,12,0,0.14285714285714285,0.0,0.875,1.0,0.8571428571428571,0.9333333333333333,0.9285714285714286,0.9258200997725514,0.5714285714285714,,2,unsupported_rental_car_extension;unsupported_mixed_extra_claim,0.01779451548319154,0.428129160909699,0.38538968236388194,0.6165237631507364,0.9844863961845861,0.07702755934053206,0.0,0.62
0.32,14,2,12,0,0.14285714285714285,0.0,0.875,1.0,0.8571428571428571,0.9333333333333333,0.9285714285714286,0.9258200997725514,0.5714285714285714,,2,unsupported_rental_car_extension;unsupported_mixed_extra_claim,0.01779451548319154,0.428129160909699,0.38538968236388194,0.6165237631507364,0.9844863961845861,0.07702755934053206,0.0,0.62
0.321,14,2,12,0,0.14285714285714285,0.0,0.875,1.0,0.8571428571428571,0.9333333333333333,0.9285714285714286,0.9258200997725514,0.5714285714285714,,2,unsupported_rental_car_extension;unsupported_mixed_extra_claim,0.01779451548319154,0.428129160909699,0.38538968236388194,0.6165237631507364,0.9844863961845861,0.07702755934053206,0.0,0.62
0.322,14,2,12,0,0.14285714285714285,0.0,0.875,1.0,0.8571428571428571,0.9333333333333333,0.9285714285714286,0.9258200997725514,0.5714285714285714,,2,unsupported_rental_car_extension;unsupported_mixed_extra_claim,0.01779451548319154,0.428129160909699,0.38538968236388194,0.6165237631507364,0.9844863961845861,0.07702755934053206,0.0,0.62
0.323,14,2,12,0,0.14285714285714285,0.0,0.875,1.0,0.8571428571428571,0.9333333333333333,0.9285714285714286,0.9258200997725514,0.5714285714285714,,2,unsupported_rental_car_extension;unsupported_mixed_extra_claim,0.01779451548319154,0.428129160909699,0.38538968236388194,0.6165237631507364,0.9844863961845861,0.07702755934053206,0.0,0.62
0.324,14,2,12,0,0.14285714285714285,0.0,0.875,1.0,0.8571428571428571,0.9333333333333333,0.9285714285714286,0.9258200997725514,0.5714285714285714,,2,unsupported_rental_car_extension;unsupported_mixed_extra_claim,0.01779451548319154,0.428129160909699,0.38538968236388194,0.6165237631507364,0.9844863961845861,0.07702755934053206,0.0,0.62
0.325,14,2,12,0,0.14285714285714285,0.0,0.875,1.0,0.8571428571428571,0.9333333333333333,0.9285714285714286,0.9258200997725514,0.5714285714285714,,2,unsupported_rental_car_extension;unsupported_mixed_extra_claim,0.01779451548319154,0.428129160909699,0.38538968236388194,0.6165237631507364,0.9844863961845861,0.07702755934053206,0.0,0.62
0.326,14,2,12,0,0.14285714285714285,0.0,0.875,1.0,0.8571428571428571,0.9333333333333333,0.9285714285714286,0.9258200997725514,0.5714285714285714,,2,unsupported_rental_car_extension;unsupported_mixed_extra_claim,0.01779451548319154,0.428129160909699,0.38538968236388194,0.6165237631507364,0.9844863961845861,0.07702755934053206,0.0,0.62
0.327,14,2,12,0,0.14285714285714285,0.0,0.875,1.0,0.8571428571428571,0.9333333333333333,0.9285714285714286,0.9258200997725514,0.5714285714285714,,2,unsupported_rental_car_extension;unsupported_mixed_extra_claim,0.01779451548319154,0.428129160909699,0.38538968236388194,0.6165237631507364,0.9844863961845861,0.07702755934053206,0.0,0.62
0.328,14,2,12,0,0.14285714285714285,0.0,0.875,1.0,0.8571428571428571,0.9333333333333333,0.9285714285714286,0.9258200997725514,0.5714285714285714,,2,unsupported_rental_car_extension;unsupported_mixed_extra_claim,0.01779451548319154,0.428129160909699,0.38538968236388194,0.6165237631507364,0.9844863961845861,0.07702755934053206,0.0,0.62
0.329,14,2,12,0,0.14285714285714285,0.0,0.875,1.0,0.8571428571428571,0.9333333333333333,0.9285714285714286,0.9258200997725514,0.5714285714285714,,2,unsupported_rental_car_extension;unsupported_mixed_extra_claim,0.01779451548319154,0.428129160909699,0.38538968236388194,0.6165237631507364,0.9844863961845861,0.07702755934053206,0.0,0.62
0.33,14,2,12,0,0.14285714285714285,0.0,0.875,1.0,0.8571428571428571,0.9333333333333333,0.9285714285714286,0.9258200997725514,0.5714285714285714,,2,unsupported_rental_car_extension;unsupported_mixed_extra_claim,0.01779451548319154,0.428129160909699,0.38538968236388194,0.6165237631507364,0.9844863961845861,0.07702755934053206,0.0,0.62
0.331,14,2,12,0,0.14285714285714285,0.0,0.875,1.0,0.8571428571428571,0.9333333333333333,0.9285714285714286,0.9258200997725514,0.5714285714285714,,2,unsupported_rental_car_extension;unsupported_mixed_extra_claim,0.01779451548319154,0.428129160909699,0.38538968236388194,0.6165237631507364,0.9844863961845861,0.07702755934053206,0.0,0.62
0.332,14,2,12,0,0.14285714285714285,0.0,0.875,1.0,0.8571428571428571,0.9333333333333333,0.9285714285714286,0.9258200997725514,0.5714285714285714,,2,unsupported_rental_car_extension;unsupported_mixed_extra_claim,0.01779451548319154,0.428129160909699,0.38538968236388194,0.6165237631507364,0.9844863961845861,0.07702755934053206,0.0,0.62
0.333,14,2,12,0,0.14285714285714285,0.0,0.875,1.0,0.8571428571428571,0.9333333333333333,0.9285714285714286,0.9258200997725514,0.5714285714285714,,2,unsupported_rental_car_extension;unsupported_mixed_extra_claim,0.01779451548319154,0.428129160909699,0.38538968236388194,0.6165237631507364,0.9844863961845861,0.07702755934053206,0.0,0.62
0.333333,14,2,12,0,0.14285714285714285,0.0,0.875,1.0,0.8571428571428571,0.9333333333333333,0.9285714285714286,0.9258200997725514,0.5714285714285714,,2,unsupported_rental_car_extension;unsupported_mixed_extra_claim,0.01779451548319154,0.428129160909699,0.38538968236388194,0.6165237631507364,0.9844863961845861,0.07702755934053206,0.0,0.62
0.334,14,1,13,0,0.07142857142857142,0.0,0.9333333333333333,1.0,0.9285714285714286,0.9655172413793104,0.9642857142857143,0.9636241116594315,0.5357142857142857,,1,unsupported_mixed_extra_claim,0.001806780659125388,0.3386844899318212,0.29673423894887474,0.6805154334216966,0.9983135697586473,0.06255511855270404,0.0,0.8
0.335,14,1,13,0,0.07142857142857142,0.0,0.9333333333333333,1.0,0.9285714285714286,0.9655172413793104,0.9642857142857143,0.9636241116594315,0.5357142857142857,,1,unsupported_mixed_extra_claim,0.001806780659125388,0.3386844899318212,0.29673423894887474,0.6805154334216966,0.9983135697586473,0.06255511855270404,0.0,0.8
0.336,14,1,13,0,0.07142857142857142,0.0,0.9333333333333333,1.0,0.9285714285714286,0.9655172413793104,0.9642857142857143,0.9636241116594315,0.5357142857142857,,1,unsupported_mixed_extra_claim,0.001806780659125388,0.3386844899318212,0.29673423894887474,0.6805154334216966,0.9983135697586473,0.06255511855270404,0.0,0.8
0.337,14,1,13,0,0.07142857142857142,0.0,0.9333333333333333,1.0,0.9285714285714286,0.9655172413793104,0.9642857142857143,0.9636241116594315,0.5357142857142857,,1,unsupported_mixed_extra_claim,0.001806780659125388,0.3386844899318212,0.29673423894887474,0.6805154334216966,0.9983135697586473,0.06255511855270404,0.0,0.8
0.338,14,1,13,0,0.07142857142857142,0.0,0.9333333333333333,1.0,0.9285714285714286,0.9655172413793104,0.9642857142857143,0.9636241116594315,0.5357142857142857,,1,unsupported_mixed_extra_claim,0.001806780659125388,0.3386844899318212,0.29673423894887474,0.6805154334216966,0.9983135697586473,0.06255511855270404,0.0,0.8
0.339,14,1,13,0,0.07142857142857142,0.0,0.9333333333333333,1.0,0.9285714285714286,0.9655172413793104,0.9642857142857143,0.9636241116594315,0.5357142857142857,,1,unsupported_mixed_extra_claim,0.001806780659125388,0.3386844899318212,0.29673423894887474,0.6805154334216966,0.9983135697586473,0.06255511855270404,0.0,0.8
0.34,14,1,13,0,0.07142857142857142,0.0,0.9333333333333333,1.0,0.9285714285714286,0.9655172413793104,0.9642857142857143,0.9636241116594315,0.5357142857142857,,1,unsupported_mixed_extra_claim,0.001806780659125388,0.3386844899318212,0.29673423894887474,0.6805154334216966,0.9983135697586473,0.06255511855270404,0.0,0.8
0.341,14,1,13,0,0.07142857142857142,0.0,0.9333333333333333,1.0,0.9285714285714286,0.9655172413793104,0.9642857142857143,0.9636241116594315,0.5357142857142857,,1,unsupported_mixed_extra_claim,0.001806780659125388,0.3386844899318212,0.29673423894887474,0.6805154334216966,0.9983135697586473,0.06255511855270404,0.0,0.8
0.342,14,1,13,0,0.07142857142857142,0.0,0.9333333333333333,1.0,0.9285714285714286,0.9655172413793104,0.9642857142857143,0.9636241116594315,0.5357142857142857,,1,unsupported_mixed_extra_claim,0.001806780659125388,0.3386844899318212,0.29673423894887474,0.6805154334216966,0.9983135697586473,0.06255511855270404,0.0,0.8
0.343,14,1,13,0,0.07142857142857142,0.0,0.9333333333333333,1.0,0.9285714285714286,0.9655172413793104,0.9642857142857143,0.9636241116594315,0.5357142857142857,,1,unsupported_mixed_extra_claim,0.001806780659125388,0.3386844899318212,0.29673423894887474,0.6805154334216966,0.9983135697586473,0.06255511855270404,0.0,0.8
0.344,14,1,13,0,0.07142857142857142,0.0,0.9333333333333333,1.0,0.9285714285714286,0.9655172413793104,0.9642857142857143,0.9636241116594315,0.5357142857142857,,1,unsupported_mixed_extra_claim,0.001806780659125388,0.3386844899318212,0.29673423894887474,0.6805154334216966,0.9983135697586473,0.06255511855270404,0.0,0.8
0.345,14,1,13,0,0.07142857142857142,0.0,0.9333333333333333,1.0,0.9285714285714286,0.9655172413793104,0.9642857142857143,0.9636241116594315,0.5357142857142857,,1,unsupported_mixed_extra_claim,0.001806780659125388,0.3386844899318212,0.29673423894887474,0.6805154334216966,0.9983135697586473,0.06255511855270404,0.0,0.8
0.346,14,1,13,0,0.07142857142857142,0.0,0.9333333333333333,1.0,0.9285714285714286,0.9655172413793104,0.9642857142857143,0.9636241116594315,0.5357142857142857,,1,unsupported_mixed_extra_claim,0.001806780659125388,0.3386844899318212,0.29673423894887474,0.6805154334216966,0.9983135697586473,0.06255511855270404,0.0,0.8
0.347,14,1,13,0,0.07142857142857142,0.0,0.9333333333333333,1.0,0.9285714285714286,0.9655172413793104,0.9642857142857143,0.9636241116594315,0.5357142857142857,,1,unsupported_mixed_extra_claim,0.001806780659125388,0.3386844899318212,0.29673423894887474,0.6805154334216966,0.9983135697586473,0.06255511855270404,0.0,0.8
0.348,14,1,13,0,0.07142857142857142,0.0,0.9333333333333333,1.0,0.9285714285714286,0.9655172413793104,0.9642857142857143,0.9636241116594315,0.5357142857142857,,1,unsupported_mixed_extra_claim,0.001806780659125388,0.3386844899318212,0.29673423894887474,0.6805154334216966,0.9983135697586473,0.06255511855270404,0.0,0.8
0.349,14,1,13,0,0.07142857142857142,0.0,0.9333333333333333,1.0,0.9285714285714286,0.9655172413793104,0.9642857142857143,0.9636241116594315,0.5357142857142857,,1,unsupported_mixed_extra_claim,0.001806780659125388,0.3386844899318212,0.29673423894887474,0.6805154334216966,0.9983135697586473,0.06255511855270404,0.0,0.8
0.35,14,1,13,0,0.07142857142857142,0.0,0.9333333333333333,1.0,0.9285714285714286,0.9655172413793104,0.9642857142857143,0.9636241116594315,0.5357142857142857,,1,unsupported_mixed_extra_claim,0.001806780659125388,0.3386844899318212,0.29673423894887474,0.6805154334216966,0.9983135697586473,0.06255511855270404,0.0,0.8
0.351,14,1,13,0,0.07142857142857142,0.0,0.9333333333333333,1.0,0.9285714285714286,0.9655172413793104,0.9642857142857143,0.9636241116594315,0.5357142857142857,,1,unsupported_mixed_extra_claim,0.001806780659125388,0.3386844899318212,0.29673423894887474,0.6805154334216966,0.9983135697586473,0.06255511855270404,0.0,0.8
0.352,14,1,13,0,0.07142857142857142,0.0,0.9333333333333333,1.0,0.9285714285714286,0.9655172413793104,0.9642857142857143,0.9636241116594315,0.5357142857142857,,1,unsupported_mixed_extra_claim,0.001806780659125388,0.3386844899318212,0.29673423894887474,0.6805154334216966,0.9983135697586473,0.06255511855270404,0.0,0.8
0.353,14,1,13,0,0.07142857142857142,0.0,0.9333333333333333,1.0,0.9285714285714286,0.9655172413793104,0.9642857142857143,0.9636241116594315,0.5357142857142857,,1,unsupported_mixed_extra_claim,0.001806780659125388,0.3386844899318212,0.29673423894887474,0.6805154334216966,0.9983135697586473,0.06255511855270404,0.0,0.8
0.354,14,1,13,0,0.07142857142857142,0.0,0.9333333333333333,1.0,0.9285714285714286,0.9655172413793104,0.9642857142857143,0.9636241116594315,0.5357142857142857,,1,unsupported_mixed_extra_claim,0.001806780659125388,0.3386844899318212,0.29673423894887474,0.6805154334216966,0.9983135697586473,0.06255511855270404,0.0,0.8
0.355,14,1,13,0,0.07142857142857142,0.0,0.9333333333333333,1.0,0.9285714285714286,0.9655172413793104,0.9642857142857143,0.9636241116594315,0.5357142857142857,,1,unsupported_mixed_extra_claim,0.001806780659125388,0.3386844899318212,0.29673423894887474,0.6805154334216966,0.9983135697586473,0.06255511855270404,0.0,0.8
0.356,14,1,13,0,0.07142857142857142,0.0,0.9333333333333333,1.0,0.9285714285714286,0.9655172413793104,0.9642857142857143,0.9636241116594315,0.5357142857142857,,1,unsupported_mixed_extra_claim,0.001806780659125388,0.3386844899318212,0.29673423894887474,0.6805154334216966,0.9983135697586473,0.06255511855270404,0.0,0.8
0.357,14,1,13,0,0.07142857142857142,0.0,0.9333333333333333,1.0,0.9285714285714286,0.9655172413793104,0.9642857142857143,0.9636241116594315,0.5357142857142857,,1,unsupported_mixed_extra_claim,0.001806780659125388,0.3386844899318212,0.29673423894887474,0.6805154334216966,0.9983135697586473,0.06255511855270404,0.0,0.8
0.358,14,1,13,0,0.07142857142857142,0.0,0.9333333333333333,1.0,0.9285714285714286,0.9655172413793104,0.9642857142857143,0.9636241116594315,0.5357142857142857,,1,unsupported_mixed_extra_claim,0.001806780659125388,0.3386844899318212,0.29673423894887474,0.6805154334216966,0.9983135697586473,0.06255511855270404,0.0,0.8
0.359,14,1,13,0,0.07142857142857142,0.0,0.9333333333333333,1.0,0.9285714285714286,0.9655172413793104,0.9642857142857143,0.9636241116594315,0.5357142857142857,,1,unsupported_mixed_extra_claim,0.001806780659125388,0.3386844899318212,0.29673423894887474,0.6805154334216966,0.9983135697586473,0.06255511855270404,0.0,0.8
0.36,14,1,13,0,0.07142857142857142,0.0,0.9333333333333333,1.0,0.9285714285714286,0.9655172413793104,0.9642857142857143,0.9636241116594315,0.5357142857142857,,1,unsupported_mixed_extra_claim,0.001806780659125388,0.3386844899318212,0.29673423894887474,0.6805154334216966,0.9983135697586473,0.06255511855270404,0.0,0.8
0.361,14,1,13,0,0.07142857142857142,0.0,0.9333333333333333,1.0,0.9285714285714286,0.9655172413793104,0.9642857142857143,0.9636241116594315,0.5357142857142857,,1,unsupported_mixed_extra_claim,0.001806780659125388,0.3386844899318212,0.29673423894887474,0.6805154334216966,0.9983135697586473,0.06255511855270404,0.0,0.8
0.362,14,1,13,0,0.07142857142857142,0.0,0.9333333333333333,1.0,0.9285714285714286,0.9655172413793104,0.9642857142857143,0.9636241116594315,0.5357142857142857,,1,unsupported_mixed_extra_claim,0.001806780659125388,0.3386844899318212,0.29673423894887474,0.6805154334216966,0.9983135697586473,0.06255511855270404,0.0,0.8
0.363,14,1,13,0,0.07142857142857142,0.0,0.9333333333333333,1.0,0.9285714285714286,0.9655172413793104,0.9642857142857143,0.9636241116594315,0.5357142857142857,,1,unsupported_mixed_extra_claim,0.001806780659125388,0.3386844899318212,0.29673423894887474,0.6805154334216966,0.9983135697586473,0.06255511855270404,0.0,0.8
0.364,14,1,13,0,0.07142857142857142,0.0,0.9333333333333333,1.0,0.9285714285714286,0.9655172413793104,0.9642857142857143,0.9636241116594315,0.5357142857142857,,1,unsupported_mixed_extra_claim,0.001806780659125388,0.3386844899318212,0.29673423894887474,0.6805154334216966,0.9983135697586473,0.06255511855270404,0.0,0.8
0.365,14,1,13,0,0.07142857142857142,0.0,0.9333333333333333,1.0,0.9285714285714286,0.9655172413793104,0.9642857142857143,0.9636241116594315,0.5357142857142857,,1,unsupported_mixed_extra_claim,0.001806780659125388,0.3386844899318212,0.29673423894887474,0.6805154334216966,0.9983135697586473,0.06255511855270404,0.0,0.8
0.366,14,1,13,0,0.07142857142857142,0.0,0.9333333333333333,1.0,0.9285714285714286,0.9655172413793104,0.9642857142857143,0.9636241116594315,0.5357142857142857,,1,unsupported_mixed_extra_claim,0.001806780659125388,0.3386844899318212,0.29673423894887474,0.6805154334216966,0.9983135697586473,0.06255511855270404,0.0,0.8
0.367,14,1,13,0,0.07142857142857142,0.0,0.9333333333333333,1.0,0.9285714285714286,0.9655172413793104,0.9642857142857143,0.9636241116594315,0.5357142857142857,,1,unsupported_mixed_extra_claim,0.001806780659125388,0.3386844899318212,0.29673423894887474,0.6805154334216966,0.9983135697586473,0.06255511855270404,0.0,0.8
0.368,14,1,13,0,0.07142857142857142,0.0,0.9333333333333333,1.0,0.9285714285714286,0.9655172413793104,0.9642857142857143,0.9636241116594315,0.5357142857142857,,1,unsupported_mixed_extra_claim,0.001806780659125388,0.3386844899318212,0.29673423894887474,0.6805154334216966,0.9983135697586473,0.06255511855270404,0.0,0.8
0.369,14,1,13,0,0.07142857142857142,0.0,0.9333333333333333,1.0,0.9285714285714286,0.9655172413793104,0.9642857142857143,0.9636241116594315,0.5357142857142857,,1,unsupported_mixed_extra_claim,0.001806780659125388,0.3386844899318212,0.29673423894887474,0.6805154334216966,0.9983135697586473,0.06255511855270404,0.0,0.8
0.37,14,1,13,0,0.07142857142857142,0.0,0.9333333333333333,1.0,0.9285714285714286,0.9655172413793104,0.9642857142857143,0.9636241116594315,0.5357142857142857,,1,unsupported_mixed_extra_claim,0.001806780659125388,0.3386844899318212,0.29673423894887474,0.6805154334216966,0.9983135697586473,0.06255511855270404,0.0,0.8
0.371,14,1,13,0,0.07142857142857142,0.0,0.9333333333333333,1.0,0.9285714285714286,0.9655172413793104,0.9642857142857143,0.9636241116594315,0.5357142857142857,,1,unsupported_mixed_extra_claim,0.001806780659125388,0.3386844899318212,0.29673423894887474,0.6805154334216966,0.9983135697586473,0.06255511855270404,0.0,0.8
0.372,14,1,13,0,0.07142857142857142,0.0,0.9333333333333333,1.0,0.9285714285714286,0.9655172413793104,0.9642857142857143,0.9636241116594315,0.5357142857142857,,1,unsupported_mixed_extra_claim,0.001806780659125388,0.3386844899318212,0.29673423894887474,0.6805154334216966,0.9983135697586473,0.06255511855270404,0.0,0.8
0.373,14,1,13,0,0.07142857142857142,0.0,0.9333333333333333,1.0,0.9285714285714286,0.9655172413793104,0.9642857142857143,0.9636241116594315,0.5357142857142857,,1,unsupported_mixed_extra_claim,0.001806780659125388,0.3386844899318212,0.29673423894887474,0.6805154334216966,0.9983135697586473,0.06255511855270404,0.0,0.8
0.374,14,1,13,0,0.07142857142857142,0.0,0.9333333333333333,1.0,0.9285714285714286,0.9655172413793104,0.9642857142857143,0.9636241116594315,0.5357142857142857,,1,unsupported_mixed_extra_claim,0.001806780659125388,0.3386844899318212,0.29673423894887474,0.6805154334216966,0.9983135697586473,0.06255511855270404,0.0,0.8
0.375,14,1,13,0,0.07142857142857142,0.0,0.9333333333333333,1.0,0.9285714285714286,0.9655172413793104,0.9642857142857143,0.9636241116594315,0.5357142857142857,,1,unsupported_mixed_extra_claim,0.001806780659125388,0.3386844899318212,0.29673423894887474,0.6805154334216966,0.9983135697586473,0.06255511855270404,0.0,0.8
0.376,14,1,13,0,0.07142857142857142,0.0,0.9333333333333333,1.0,0.9285714285714286,0.9655172413793104,0.9642857142857143,0.9636241116594315,0.5357142857142857,,1,unsupported_mixed_extra_claim,0.001806780659125388,0.3386844899318212,0.29673423894887474,0.6805154334216966,0.9983135697586473,0.06255511855270404,0.0,0.8
0.377,14,1,13,0,0.07142857142857142,0.0,0.9333333333333333,1.0,0.9285714285714286,0.9655172413793104,0.9642857142857143,0.9636241116594315,0.5357142857142857,,1,unsupported_mixed_extra_claim,0.001806780659125388,0.3386844899318212,0.29673423894887474,0.6805154334216966,0.9983135697586473,0.06255511855270404,0.0,0.8
0.378,14,1,13,0,0.07142857142857142,0.0,0.9333333333333333,1.0,0.9285714285714286,0.9655172413793104,0.9642857142857143,0.9636241116594315,0.5357142857142857,,1,unsupported_mixed_extra_claim,0.001806780659125388,0.3386844899318212,0.29673423894887474,0.6805154334216966,0.9983135697586473,0.06255511855270404,0.0,0.8
0.379,14,1,13,0,0.07142857142857142,0.0,0.9333333333333333,1.0,0.9285714285714286,0.9655172413793104,0.9642857142857143,0.9636241116594315,0.5357142857142857,,1,unsupported_mixed_extra_claim,0.001806780659125388,0.3386844899318212,0.29673423894887474,0.6805154334216966,0.9983135697586473,0.06255511855270404,0.0,0.8
0.38,14,1,13,0,0.07142857142857142,0.0,0.9333333333333333,1.0,0.9285714285714286,0.9655172413793104,0.9642857142857143,0.9636241116594315,0.5357142857142857,,1,unsupported_mixed_extra_claim,0.001806780659125388,0.3386844899318212,0.29673423894887474,0.6805154334216966,0.9983135697586473,0.06255511855270404,0.0,0.8
0.381,14,1,13,0,0.07142857142857142,0.0,0.9333333333333333,1.0,0.9285714285714286,0.9655172413793104,0.9642857142857143,0.9636241116594315,0.5357142857142857,,1,unsupported_mixed_extra_claim,0.001806780659125388,0.3386844899318212,0.29673423894887474,0.6805154334216966,0.9983135697586473,0.06255511855270404,0.0,0.8
0.382,14,1,13,0,0.07142857142857142,0.0,0.9333333333333333,1.0,0.9285714285714286,0.9655172413793104,0.9642857142857143,0.9636241116594315,0.5357142857142857,,1,unsupported_mixed_extra_claim,0.001806780659125388,0.3386844899318212,0.29673423894887474,0.6805154334216966,0.9983135697586473,0.06255511855270404,0.0,0.8
0.383,14,1,13,0,0.07142857142857142,0.0,0.9333333333333333,1.0,0.9285714285714286,0.9655172413793104,0.9642857142857143,0.9636241116594315,0.5357142857142857,,1,unsupported_mixed_extra_claim,0.001806780659125388,0.3386844899318212,0.29673423894887474,0.6805154334216966,0.9983135697586473,0.06255511855270404,0.0,0.8
0.384,14,1,13,0,0.07142857142857142,0.0,0.9333333333333333,1.0,0.9285714285714286,0.9655172413793104,0.9642857142857143,0.9636241116594315,0.5357142857142857,,1,unsupported_mixed_extra_claim,0.001806780659125388,0.3386844899318212,0.29673423894887474,0.6805154334216966,0.9983135697586473,0.06255511855270404,0.0,0.8
0.385,14,1,13,0,0.07142857142857142,0.0,0.9333333333333333,1.0,0.9285714285714286,0.9655172413793104,0.9642857142857143,0.9636241116594315,0.5357142857142857,,1,unsupported_mixed_extra_claim,0.001806780659125388,0.3386844899318212,0.29673423894887474,0.6805154334216966,0.9983135697586473,0.06255511855270404,0.0,0.8
0.386,14,1,13,0,0.07142857142857142,0.0,0.9333333333333333,1.0,0.9285714285714286,0.9655172413793104,0.9642857142857143,0.9636241116594315,0.5357142857142857,,1,unsupported_mixed_extra_claim,0.001806780659125388,0.3386844899318212,0.29673423894887474,0.6805154334216966,0.9983135697586473,0.06255511855270404,0.0,0.8
0.387,14,1,13,0,0.07142857142857142,0.0,0.9333333333333333,1.0,0.9285714285714286,0.9655172413793104,0.9642857142857143,0.9636241116594315,0.5357142857142857,,1,unsupported_mixed_extra_claim,0.001806780659125388,0.3386844899318212,0.29673423894887474,0.6805154334216966,0.9983135697586473,0.06255511855270404,0.0,0.8
0.388,14,1,13,0,0.07142857142857142,0.0,0.9333333333333333,1.0,0.9285714285714286,0.9655172413793104,0.9642857142857143,0.9636241116594315,0.5357142857142857,,1,unsupported_mixed_extra_claim,0.001806780659125388,0.3386844899318212,0.29673423894887474,0.6805154334216966,0.9983135697586473,0.06255511855270404,0.0,0.8
0.389,14,1,13,0,0.07142857142857142,0.0,0.9333333333333333,1.0,0.9285714285714286,0.9655172413793104,0.9642857142857143,0.9636241116594315,0.5357142857142857,,1,unsupported_mixed_extra_claim,0.001806780659125388,0.3386844899318212,0.29673423894887474,0.6805154334216966,0.9983135697586473,0.06255511855270404,0.0,0.8
0.39,14,1,13,0,0.07142857142857142,0.0,0.9333333333333333,1.0,0.9285714285714286,0.9655172413793104,0.9642857142857143,0.9636241116594315,0.5357142857142857,,1,unsupported_mixed_extra_claim,0.001806780659125388,0.3386844899318212,0.29673423894887474,0.6805154334216966,0.9983135697586473,0.06255511855270404,0.0,0.8
0.391,14,1,13,0,0.07142857142857142,0.0,0.9333333333333333,1.0,0.9285714285714286,0.9655172413793104,0.9642857142857143,0.9636241116594315,0.5357142857142857,,1,unsupported_mixed_extra_claim,0.001806780659125388,0.3386844899318212,0.29673423894887474,0.6805154334216966,0.9983135697586473,0.06255511855270404,0.0,0.8
0.392,14,1,13,0,0.07142857142857142,0.0,0.9333333333333333,1.0,0.9285714285714286,0.9655172413793104,0.9642857142857143,0.9636241116594315,0.5357142857142857,,1,unsupported_mixed_extra_claim,0.001806780659125388,0.3386844899318212,0.29673423894887474,0.6805154334216966,0.9983135697586473,0.06255511855270404,0.0,0.8
0.393,14,1,13,0,0.07142857142857142,0.0,0.9333333333333333,1.0,0.9285714285714286,0.9655172413793104,0.9642857142857143,0.9636241116594315,0.5357142857142857,,1,unsupported_mixed_extra_claim,0.001806780659125388,0.3386844899318212,0.29673423894887474,0.6805154334216966,0.9983135697586473,0.06255511855270404,0.0,0.8
0.394,14,1,13,0,0.07142857142857142,0.0,0.9333333333333333,1.0,0.9285714285714286,0.9655172413793104,0.9642857142857143,0.9636241116594315,0.5357142857142857,,1,unsupported_mixed_extra_claim,0.001806780659125388,0.3386844899318212,0.29673423894887474,0.6805154334216966,0.9983135697586473,0.06255511855270404,0.0,0.8
0.395,14,1,13,0,0.07142857142857142,0.0,0.9333333333333333,1.0,0.9285714285714286,0.9655172413793104,0.9642857142857143,0.9636241116594315,0.5357142857142857,,1,unsupported_mixed_extra_claim,0.001806780659125388,0.3386844899318212,0.29673423894887474,0.6805154334216966,0.9983135697586473,0.06255511855270404,0.0,0.8
0.396,14,1,13,0,0.07142857142857142,0.0,0.9333333333333333,1.0,0.9285714285714286,0.9655172413793104,0.9642857142857143,0.9636241116594315,0.5357142857142857,,1,unsupported_mixed_extra_claim,0.001806780659125388,0.3386844899318212,0.29673423894887474,0.6805154334216966,0.9983135697586473,0.06255511855270404,0.0,0.8
0.397,14,1,13,0,0.07142857142857142,0.0,0.9333333333333333,1.0,0.9285714285714286,0.9655172413793104,0.9642857142857143,0.9636241116594315,0.5357142857142857,,1,unsupported_mixed_extra_claim,0.001806780659125388,0.3386844899318212,0.29673423894887474,0.6805154334216966,0.9983135697586473,0.06255511855270404,0.0,0.8
0.398,14,1,13,0,0.07142857142857142,0.0,0.9333333333333333,1.0,0.9285714285714286,0.9655172413793104,0.9642857142857143,0.9636241116594315,0.5357142857142857,,1,unsupported_mixed_extra_claim,0.001806780659125388,0.3386844899318212,0.29673423894887474,0.6805154334216966,0.9983135697586473,0.06255511855270404,0.0,0.8
0.399,14,1,13,0,0.07142857142857142,0.0,0.9333333333333333,1.0,0.9285714285714286,0.9655172413793104,0.9642857142857143,0.9636241116594315,0.5357142857142857,,1,unsupported_mixed_extra_claim,0.001806780659125388,0.3386844899318212,0.29673423894887474,0.6805154334216966,0.9983135697586473,0.06255511855270404,0.0,0.8
0.4,14,1,13,0,0.07142857142857142,0.0,0.9333333333333333,1.0,0.9285714285714286,0.9655172413793104,0.9642857142857143,0.9636241116594315,0.5357142857142857,,1,unsupported_mixed_extra_claim,0.001806780659125388,0.3386844899318212,0.29673423894887474,0.6805154334216966,0.9983135697586473,0.06255511855270404,0.0,0.8
0.401,14,1,13,0,0.07142857142857142,0.0,0.9333333333333333,1.0,0.9285714285714286,0.9655172413793104,0.9642857142857143,0.9636241116594315,0.5357142857142857,,1,unsupported_mixed_extra_claim,0.001806780659125388,0.3386844899318212,0.29673423894887474,0.6805154334216966,0.9983135697586473,0.06255511855270404,0.0,0.8
0.402,14,1,13,0,0.07142857142857142,0.0,0.9333333333333333,1.0,0.9285714285714286,0.9655172413793104,0.9642857142857143,0.9636241116594315,0.5357142857142857,,1,unsupported_mixed_extra_claim,0.001806780659125388,0.3386844899318212,0.29673423894887474,0.6805154334216966,0.9983135697586473,0.06255511855270404,0.0,0.8
0.403,14,1,13,0,0.07142857142857142,0.0,0.9333333333333333,1.0,0.9285714285714286,0.9655172413793104,0.9642857142857143,0.9636241116594315,0.5357142857142857,,1,unsupported_mixed_extra_claim,0.001806780659125388,0.3386844899318212,0.29673423894887474,0.6805154334216966,0.9983135697586473,0.06255511855270404,0.0,0.8
0.404,14,1,13,0,0.07142857142857142,0.0,0.9333333333333333,1.0,0.9285714285714286,0.9655172413793104,0.9642857142857143,0.9636241116594315,0.5357142857142857,,1,unsupported_mixed_extra_claim,0.001806780659125388,0.3386844899318212,0.29673423894887474,0.6805154334216966,0.9983135697586473,0.06255511855270404,0.0,0.8
0.405,14,1,13,0,0.07142857142857142,0.0,0.9333333333333333,1.0,0.9285714285714286,0.9655172413793104,0.9642857142857143,0.9636241116594315,0.5357142857142857,,1,unsupported_mixed_extra_claim,0.001806780659125388,0.3386844899318212,0.29673423894887474,0.6805154334216966,0.9983135697586473,0.06255511855270404,0.0,0.8
0.406,14,1,13,0,0.07142857142857142,0.0,0.9333333333333333,1.0,0.9285714285714286,0.9655172413793104,0.9642857142857143,0.9636241116594315,0.5357142857142857,,1,unsupported_mixed_extra_claim,0.001806780659125388,0.3386844899318212,0.29673423894887474,0.6805154334216966,0.9983135697586473,0.06255511855270404,0.0,0.8
0.407,14,1,13,0,0.07142857142857142,0.0,0.9333333333333333,1.0,0.9285714285714286,0.9655172413793104,0.9642857142857143,0.9636241116594315,0.5357142857142857,,1,unsupported_mixed_extra_claim,0.001806780659125388,0.3386844899318212,0.29673423894887474,0.6805154334216966,0.9983135697586473,0.06255511855270404,0.0,0.8
0.408,14,1,13,0,0.07142857142857142,0.0,0.9333333333333333,1.0,0.9285714285714286,0.9655172413793104,0.9642857142857143,0.9636241116594315,0.5357142857142857,,1,unsupported_mixed_extra_claim,0.001806780659125388,0.3386844899318212,0.29673423894887474,0.6805154334216966,0.9983135697586473,0.06255511855270404,0.0,0.8
0.409,14,1,13,0,0.07142857142857142,0.0,0.9333333333333333,1.0,0.9285714285714286,0.9655172413793104,0.9642857142857143,0.9636241116594315,0.5357142857142857,,1,unsupported_mixed_extra_claim,0.001806780659125388,0.3386844899318212,0.29673423894887474,0.6805154334216966,0.9983135697586473,0.06255511855270404,0.0,0.8
0.41,14,1,13,0,0.07142857142857142,0.0,0.9333333333333333,1.0,0.9285714285714286,0.9655172413793104,0.9642857142857143,0.9636241116594315,0.5357142857142857,,1,unsupported_mixed_extra_claim,0.001806780659125388,0.3386844899318212,0.29673423894887474,0.6805154334216966,0.9983135697586473,0.06255511855270404,0.0,0.8
0.411,14,1,13,0,0.07142857142857142,0.0,0.9333333333333333,1.0,0.9285714285714286,0.9655172413793104,0.9642857142857143,0.9636241116594315,0.5357142857142857,,1,unsupported_mixed_extra_claim,0.001806780659125388,0.3386844899318212,0.29673423894887474,0.6805154334216966,0.9983135697586473,0.06255511855270404,0.0,0.8
0.412,14,1,13,0,0.07142857142857142,0.0,0.9333333333333333,1.0,0.9285714285714286,0.9655172413793104,0.9642857142857143,0.9636241116594315,0.5357142857142857,,1,unsupported_mixed_extra_claim,0.001806780659125388,0.3386844899318212,0.29673423894887474,0.6805154334216966,0.9983135697586473,0.06255511855270404,0.0,0.8
0.413,14,1,13,0,0.07142857142857142,0.0,0.9333333333333333,1.0,0.9285714285714286,0.9655172413793104,0.9642857142857143,0.9636241116594315,0.5357142857142857,,1,unsupported_mixed_extra_claim,0.001806780659125388,0.3386844899318212,0.29673423894887474,0.6805154334216966,0.9983135697586473,0.06255511855270404,0.0,0.8
0.414,14,1,13,0,0.07142857142857142,0.0,0.9333333333333333,1.0,0.9285714285714286,0.9655172413793104,0.9642857142857143,0.9636241116594315,0.5357142857142857,,1,unsupported_mixed_extra_claim,0.001806780659125388,0.3386844899318212,0.29673423894887474,0.6805154334216966,0.9983135697586473,0.06255511855270404,0.0,0.8
0.415,14,1,13,0,0.07142857142857142,0.0,0.9333333333333333,1.0,0.9285714285714286,0.9655172413793104,0.9642857142857143,0.9636241116594315,0.5357142857142857,,1,unsupported_mixed_extra_claim,0.001806780659125388,0.3386844899318212,0.29673423894887474,0.6805154334216966,0.9983135697586473,0.06255511855270404,0.0,0.8
0.416,14,1,13,0,0.07142857142857142,0.0,0.9333333333333333,1.0,0.9285714285714286,0.9655172413793104,0.9642857142857143,0.9636241116594315,0.5357142857142857,,1,unsupported_mixed_extra_claim,0.001806780659125388,0.3386844899318212,0.29673423894887474,0.6805154334216966,0.9983135697586473,0.06255511855270404,0.0,0.8
0.4166665,14,1,13,0,0.07142857142857142,0.0,0.9333333333333333,1.0,0.9285714285714286,0.9655172413793104,0.9642857142857143,0.9636241116594315,0.5357142857142857,,1,unsupported_mixed_extra_claim,0.001806780659125388,0.3386844899318212,0.29673423894887474,0.6805154334216966,0.9983135697586473,0.06255511855270404,0.0,0.8
0.417,14,1,13,0,0.07142857142857142,0.0,0.9333333333333333,1.0,0.9285714285714286,0.9655172413793104,0.9642857142857143,0.9636241116594315,0.5357142857142857,,1,unsupported_mixed_extra_claim,0.001806780659125388,0.3386844899318212,0.29673423894887474,0.6805154334216966,0.9983135697586473,0.06255511855270404,0.0,0.8
0.418,14,1,13,0,0.07142857142857142,0.0,0.9333333333333333,1.0,0.9285714285714286,0.9655172413793104,0.9642857142857143,0.9636241116594315,0.5357142857142857,,1,unsupported_mixed_extra_claim,0.001806780659125388,0.3386844899318212,0.29673423894887474,0.6805154334216966,0.9983135697586473,0.06255511855270404,0.0,0.8
0.419,14,1,13,0,0.07142857142857142,0.0,0.9333333333333333,1.0,0.9285714285714286,0.9655172413793104,0.9642857142857143,0.9636241116594315,0.5357142857142857,,1,unsupported_mixed_extra_claim,0.001806780659125388,0.3386844899318212,0.29673423894887474,0.6805154334216966,0.9983135697586473,0.06255511855270404,0.0,0.8
0.42,14,1,13,0,0.07142857142857142,0.0,0.9333333333333333,1.0,0.9285714285714286,0.9655172413793104,0.9642857142857143,0.9636241116594315,0.5357142857142857,,1,unsupported_mixed_extra_claim,0.001806780659125388,0.3386844899318212,0.29673423894887474,0.6805154334216966,0.9983135697586473,0.06255511855270404,0.0,0.8
0.421,14,1,13,0,0.07142857142857142,0.0,0.9333333333333333,1.0,0.9285714285714286,0.9655172413793104,0.9642857142857143,0.9636241116594315,0.5357142857142857,,1,unsupported_mixed_extra_claim,0.001806780659125388,0.3386844899318212,0.29673423894887474,0.6805154334216966,0.9983135697586473,0.06255511855270404,0.0,0.8
0.422,14,1,13,0,0.07142857142857142,0.0,0.9333333333333333,1.0,0.9285714285714286,0.9655172413793104,0.9642857142857143,0.9636241116594315,0.5357142857142857,,1,unsupported_mixed_extra_claim,0.001806780659125388,0.3386844899318212,0.29673423894887474,0.6805154334216966,0.9983135697586473,0.06255511855270404,0.0,0.8
0.423,14,1,13,0,0.07142857142857142,0.0,0.9333333333333333,1.0,0.9285714285714286,0.9655172413793104,0.9642857142857143,0.9636241116594315,0.5357142857142857,,1,unsupported_mixed_extra_claim,0.001806780659125388,0.3386844899318212,0.29673423894887474,0.6805154334216966,0.9983135697586473,0.06255511855270404,0.0,0.8
0.424,14,1,13,0,0.07142857142857142,0.0,0.9333333333333333,1.0,0.9285714285714286,0.9655172413793104,0.9642857142857143,0.9636241116594315,0.5357142857142857,,1,unsupported_mixed_extra_claim,0.001806780659125388,0.3386844899318212,0.29673423894887474,0.6805154334216966,0.9983135697586473,0.06255511855270404,0.0,0.8
0.425,14,1,13,0,0.07142857142857142,0.0,0.9333333333333333,1.0,0.9285714285714286,0.9655172413793104,0.9642857142857143,0.9636241116594315,0.5357142857142857,,1,unsupported_mixed_extra_claim,0.001806780659125388,0.3386844899318212,0.29673423894887474,0.6805154334216966,0.9983135697586473,0.06255511855270404,0.0,0.8
0.426,14,1,13,0,0.07142857142857142,0.0,0.9333333333333333,1.0,0.9285714285714286,0.9655172413793104,0.9642857142857143,0.9636241116594315,0.5357142857142857,,1,unsupported_mixed_extra_claim,0.001806780659125388,0.3386844899318212,0.29673423894887474,0.6805154334216966,0.9983135697586473,0.06255511855270404,0.0,0.8
0.427,14,1,13,0,0.07142857142857142,0.0,0.9333333333333333,1.0,0.9285714285714286,0.9655172413793104,0.9642857142857143,0.9636241116594315,0.5357142857142857,,1,unsupported_mixed_extra_claim,0.001806780659125388,0.3386844899318212,0.29673423894887474,0.6805154334216966,0.9983135697586473,0.06255511855270404,0.0,0.8
0.428,14,1,13,0,0.07142857142857142,0.0,0.9333333333333333,1.0,0.9285714285714286,0.9655172413793104,0.9642857142857143,0.9636241116594315,0.5357142857142857,,1,unsupported_mixed_extra_claim,0.001806780659125388,0.3386844899318212,0.29673423894887474,0.6805154334216966,0.9983135697586473,0.06255511855270404,0.0,0.8
0.429,14,1,13,0,0.07142857142857142,0.0,0.9333333333333333,1.0,0.9285714285714286,0.9655172413793104,0.9642857142857143,0.9636241116594315,0.5357142857142857,,1,unsupported_mixed_extra_claim,0.001806780659125388,0.3386844899318212,0.29673423894887474,0.6805154334216966,0.9983135697586473,0.06255511855270404,0.0,0.8
0.43,14,1,13,0,0.07142857142857142,0.0,0.9333333333333333,1.0,0.9285714285714286,0.9655172413793104,0.9642857142857143,0.9636241116594315,0.5357142857142857,,1,unsupported_mixed_extra_claim,0.001806780659125388,0.3386844899318212,0.29673423894887474,0.6805154334216966,0.9983135697586473,0.06255511855270404,0.0,0.8
0.431,14,1,13,0,0.07142857142857142,0.0,0.9333333333333333,1.0,0.9285714285714286,0.9655172413793104,0.9642857142857143,0.9636241116594315,0.5357142857142857,,1,unsupported_mixed_extra_claim,0.001806780659125388,0.3386844899318212,0.29673423894887474,0.6805154334216966,0.9983135697586473,0.06255511855270404,0.0,0.8
0.432,14,1,13,0,0.07142857142857142,0.0,0.9333333333333333,1.0,0.9285714285714286,0.9655172413793104,0.9642857142857143,0.9636241116594315,0.5357142857142857,,1,unsupported_mixed_extra_claim,0.001806780659125388,0.3386844899318212,0.29673423894887474,0.6805154334216966,0.9983135697586473,0.06255511855270404,0.0,0.8
0.433,14,1,13,0,0.07142857142857142,0.0,0.9333333333333333,1.0,0.9285714285714286,0.9655172413793104,0.9642857142857143,0.9636241116594315,0.5357142857142857,,1,unsupported_mixed_extra_claim,0.001806780659125388,0.3386844899318212,0.29673423894887474,0.6805154334216966,0.9983135697586473,0.06255511855270404,0.0,0.8
0.434,14,1,13,0,0.07142857142857142,0.0,0.9333333333333333,1.0,0.9285714285714286,0.9655172413793104,0.9642857142857143,0.9636241116594315,0.5357142857142857,,1,unsupported_mixed_extra_claim,0.001806780659125388,0.3386844899318212,0.29673423894887474,0.6805154334216966,0.9983135697586473,0.06255511855270404,0.0,0.8
0.435,14,1,13,0,0.07142857142857142,0.0,0.9333333333333333,1.0,0.9285714285714286,0.9655172413793104,0.9642857142857143,0.9636241116594315,0.5357142857142857,,1,unsupported_mixed_extra_claim,0.001806780659125388,0.3386844899318212,0.29673423894887474,0.6805154334216966,0.9983135697586473,0.06255511855270404,0.0,0.8
0.436,14,1,13,0,0.07142857142857142,0.0,0.9333333333333333,1.0,0.9285714285714286,0.9655172413793104,0.9642857142857143,0.9636241116594315,0.5357142857142857,,1,unsupported_mixed_extra_claim,0.001806780659125388,0.3386844899318212,0.29673423894887474,0.6805154334216966,0.9983135697586473,0.06255511855270404,0.0,0.8
0.437,14,1,13,0,0.07142857142857142,0.0,0.9333333333333333,1.0,0.9285714285714286,0.9655172413793104,0.9642857142857143,0.9636241116594315,0.5357142857142857,,1,unsupported_mixed_extra_claim,0.001806780659125388,0.3386844899318212,0.29673423894887474,0.6805154334216966,0.9983135697586473,0.06255511855270404,0.0,0.8
0.438,14,1,13,0,0.07142857142857142,0.0,0.9333333333333333,1.0,0.9285714285714286,0.9655172413793104,0.9642857142857143,0.9636241116594315,0.5357142857142857,,1,unsupported_mixed_extra_claim,0.001806780659125388,0.3386844899318212,0.29673423894887474,0.6805154334216966,0.9983135697586473,0.06255511855270404,0.0,0.8
0.439,14,1,13,0,0.07142857142857142,0.0,0.9333333333333333,1.0,0.9285714285714286,0.9655172413793104,0.9642857142857143,0.9636241116594315,0.5357142857142857,,1,unsupported_mixed_extra_claim,0.001806780659125388,0.3386844899318212,0.29673423894887474,0.6805154334216966,0.9983135697586473,0.06255511855270404,0.0,0.8
0.44,14,1,13,0,0.07142857142857142,0.0,0.9333333333333333,1.0,0.9285714285714286,0.9655172413793104,0.9642857142857143,0.9636241116594315,0.5357142857142857,,1,unsupported_mixed_extra_claim,0.001806780659125388,0.3386844899318212,0.29673423894887474,0.6805154334216966,0.9983135697586473,0.06255511855270404,0.0,0.8
0.441,14,1,13,0,0.07142857142857142,0.0,0.9333333333333333,1.0,0.9285714285714286,0.9655172413793104,0.9642857142857143,0.9636241116594315,0.5357142857142857,,1,unsupported_mixed_extra_claim,0.001806780659125388,0.3386844899318212,0.29673423894887474,0.6805154334216966,0.9983135697586473,0.06255511855270404,0.0,0.8
0.442,14,1,13,0,0.07142857142857142,0.0,0.9333333333333333,1.0,0.9285714285714286,0.9655172413793104,0.9642857142857143,0.9636241116594315,0.5357142857142857,,1,unsupported_mixed_extra_claim,0.001806780659125388,0.3386844899318212,0.29673423894887474,0.6805154334216966,0.9983135697586473,0.06255511855270404,0.0,0.8
0.443,14,1,13,0,0.07142857142857142,0.0,0.9333333333333333,1.0,0.9285714285714286,0.9655172413793104,0.9642857142857143,0.9636241116594315,0.5357142857142857,,1,unsupported_mixed_extra_claim,0.001806780659125388,0.3386844899318212,0.29673423894887474,0.6805154334216966,0.9983135697586473,0.06255511855270404,0.0,0.8
0.444,14,1,13,0,0.07142857142857142,0.0,0.9333333333333333,1.0,0.9285714285714286,0.9655172413793104,0.9642857142857143,0.9636241116594315,0.5357142857142857,,1,unsupported_mixed_extra_claim,0.001806780659125388,0.3386844899318212,0.29673423894887474,0.6805154334216966,0.9983135697586473,0.06255511855270404,0.0,0.8
0.445,14,1,13,0,0.07142857142857142,0.0,0.9333333333333333,1.0,0.9285714285714286,0.9655172413793104,0.9642857142857143,0.9636241116594315,0.5357142857142857,,1,unsupported_mixed_extra_claim,0.001806780659125388,0.3386844899318212,0.29673423894887474,0.6805154334216966,0.9983135697586473,0.06255511855270404,0.0,0.8
0.446,14,1,13,0,0.07142857142857142,0.0,0.9333333333333333,1.0,0.9285714285714286,0.9655172413793104,0.9642857142857143,0.9636241116594315,0.5357142857142857,,1,unsupported_mixed_extra_claim,0.001806780659125388,0.3386844899318212,0.29673423894887474,0.6805154334216966,0.9983135697586473,0.06255511855270404,0.0,0.8
0.447,14,1,13,0,0.07142857142857142,0.0,0.9333333333333333,1.0,0.9285714285714286,0.9655172413793104,0.9642857142857143,0.9636241116594315,0.5357142857142857,,1,unsupported_mixed_extra_claim,0.001806780659125388,0.3386844899318212,0.29673423894887474,0.6805154334216966,0.9983135697586473,0.06255511855270404,0.0,0.8
0.448,14,1,13,0,0.07142857142857142,0.0,0.9333333333333333,1.0,0.9285714285714286,0.9655172413793104,0.9642857142857143,0.9636241116594315,0.5357142857142857,,1,unsupported_mixed_extra_claim,0.001806780659125388,0.3386844899318212,0.29673423894887474,0.6805154334216966,0.9983135697586473,0.06255511855270404,0.0,0.8
0.449,14,1,13,0,0.07142857142857142,0.0,0.9333333333333333,1.0,0.9285714285714286,0.9655172413793104,0.9642857142857143,0.9636241116594315,0.5357142857142857,,1,unsupported_mixed_extra_claim,0.001806780659125388,0.3386844899318212,0.29673423894887474,0.6805154334216966,0.9983135697586473,0.06255511855270404,0.0,0.8
0.45,14,1,13,0,0.07142857142857142,0.0,0.9333333333333333,1.0,0.9285714285714286,0.9655172413793104,0.9642857142857143,0.9636241116594315,0.5357142857142857,,1,unsupported_mixed_extra_claim,0.001806780659125388,0.3386844899318212,0.29673423894887474,0.6805154334216966,0.9983135697586473,0.06255511855270404,0.0,0.8
0.451,14,1,13,0,0.07142857142857142,0.0,0.9333333333333333,1.0,0.9285714285714286,0.9655172413793104,0.9642857142857143,0.9636241116594315,0.5357142857142857,,1,unsupported_mixed_extra_claim,0.001806780659125388,0.3386844899318212,0.29673423894887474,0.6805154334216966,0.9983135697586473,0.06255511855270404,0.0,0.8
0.452,14,1,13,0,0.07142857142857142,0.0,0.9333333333333333,1.0,0.9285714285714286,0.9655172413793104,0.9642857142857143,0.9636241116594315,0.5357142857142857,,1,unsupported_mixed_extra_claim,0.001806780659125388,0.3386844899318212,0.29673423894887474,0.6805154334216966,0.9983135697586473,0.06255511855270404,0.0,0.8
0.453,14,1,13,0,0.07142857142857142,0.0,0.9333333333333333,1.0,0.9285714285714286,0.9655172413793104,0.9642857142857143,0.9636241116594315,0.5357142857142857,,1,unsupported_mixed_extra_claim,0.001806780659125388,0.3386844899318212,0.29673423894887474,0.6805154334216966,0.9983135697586473,0.06255511855270404,0.0,0.8
0.454,14,1,13,0,0.07142857142857142,0.0,0.9333333333333333,1.0,0.9285714285714286,0.9655172413793104,0.9642857142857143,0.9636241116594315,0.5357142857142857,,1,unsupported_mixed_extra_claim,0.001806780659125388,0.3386844899318212,0.29673423894887474,0.6805154334216966,0.9983135697586473,0.06255511855270404,0.0,0.8
0.455,14,1,13,0,0.07142857142857142,0.0,0.9333333333333333,1.0,0.9285714285714286,0.9655172413793104,0.9642857142857143,0.9636241116594315,0.5357142857142857,,1,unsupported_mixed_extra_claim,0.001806780659125388,0.3386844899318212,0.29673423894887474,0.6805154334216966,0.9983135697586473,0.06255511855270404,0.0,0.8
0.456,14,1,13,0,0.07142857142857142,0.0,0.9333333333333333,1.0,0.9285714285714286,0.9655172413793104,0.9642857142857143,0.9636241116594315,0.5357142857142857,,1,unsupported_mixed_extra_claim,0.001806780659125388,0.3386844899318212,0.29673423894887474,0.6805154334216966,0.9983135697586473,0.06255511855270404,0.0,0.8
0.457,14,1,13,0,0.07142857142857142,0.0,0.9333333333333333,1.0,0.9285714285714286,0.9655172413793104,0.9642857142857143,0.9636241116594315,0.5357142857142857,,1,unsupported_mixed_extra_claim,0.001806780659125388,0.3386844899318212,0.29673423894887474,0.6805154334216966,0.9983135697586473,0.06255511855270404,0.0,0.8
0.458,14,1,13,0,0.07142857142857142,0.0,0.9333333333333333,1.0,0.9285714285714286,0.9655172413793104,0.9642857142857143,0.9636241116594315,0.5357142857142857,,1,unsupported_mixed_extra_claim,0.001806780659125388,0.3386844899318212,0.29673423894887474,0.6805154334216966,0.9983135697586473,0.06255511855270404,0.0,0.8
0.459,14,1,13,0,0.07142857142857142,0.0,0.9333333333333333,1.0,0.9285714285714286,0.9655172413793104,0.9642857142857143,0.9636241116594315,0.5357142857142857,,1,unsupported_mixed_extra_claim,0.001806780659125388,0.3386844899318212,0.29673423894887474,0.6805154334216966,0.9983135697586473,0.06255511855270404,0.0,0.8
0.46,14,1,13,0,0.07142857142857142,0.0,0.9333333333333333,1.0,0.9285714285714286,0.9655172413793104,0.9642857142857143,0.9636241116594315,0.5357142857142857,,1,unsupported_mixed_extra_claim,0.001806780659125388,0.3386844899318212,0.29673423894887474,0.6805154334216966,0.9983135697586473,0.06255511855270404,0.0,0.8
0.461,14,1,13,0,0.07142857142857142,0.0,0.9333333333333333,1.0,0.9285714285714286,0.9655172413793104,0.9642857142857143,0.9636241116594315,0.5357142857142857,,1,unsupported_mixed_extra_claim,0.001806780659125388,0.3386844899318212,0.29673423894887474,0.6805154334216966,0.9983135697586473,0.06255511855270404,0.0,0.8
0.462,14,1,13,0,0.07142857142857142,0.0,0.9333333333333333,1.0,0.9285714285714286,0.9655172413793104,0.9642857142857143,0.9636241116594315,0.5357142857142857,,1,unsupported_mixed_extra_claim,0.001806780659125388,0.3386844899318212,0.29673423894887474,0.6805154334216966,0.9983135697586473,0.06255511855270404,0.0,0.8
0.463,14,1,13,0,0.07142857142857142,0.0,0.9333333333333333,1.0,0.9285714285714286,0.9655172413793104,0.9642857142857143,0.9636241116594315,0.5357142857142857,,1,unsupported_mixed_extra_claim,0.001806780659125388,0.3386844899318212,0.29673423894887474,0.6805154334216966,0.9983135697586473,0.06255511855270404,0.0,0.8
0.464,14,1,13,0,0.07142857142857142,0.0,0.9333333333333333,1.0,0.9285714285714286,0.9655172413793104,0.9642857142857143,0.9636241116594315,0.5357142857142857,,1,unsupported_mixed_extra_claim,0.001806780659125388,0.3386844899318212,0.29673423894887474,0.6805154334216966,0.9983135697586473,0.06255511855270404,0.0,0.8
0.465,14,1,13,0,0.07142857142857142,0.0,0.9333333333333333,1.0,0.9285714285714286,0.9655172413793104,0.9642857142857143,0.9636241116594315,0.5357142857142857,,1,unsupported_mixed_extra_claim,0.001806780659125388,0.3386844899318212,0.29673423894887474,0.6805154334216966,0.9983135697586473,0.06255511855270404,0.0,0.8
0.466,14,1,13,0,0.07142857142857142,0.0,0.9333333333333333,1.0,0.9285714285714286,0.9655172413793104,0.9642857142857143,0.9636241116594315,0.5357142857142857,,1,unsupported_mixed_extra_claim,0.001806780659125388,0.3386844899318212,0.29673423894887474,0.6805154334216966,0.9983135697586473,0.06255511855270404,0.0,0.8
0.467,14,1,13,0,0.07142857142857142,0.0,0.9333333333333333,1.0,0.9285714285714286,0.9655172413793104,0.9642857142857143,0.9636241116594315,0.5357142857142857,,1,unsupported_mixed_extra_claim,0.001806780659125388,0.3386844899318212,0.29673423894887474,0.6805154334216966,0.9983135697586473,0.06255511855270404,0.0,0.8
0.468,14,1,13,0,0.07142857142857142,0.0,0.9333333333333333,1.0,0.9285714285714286,0.9655172413793104,0.9642857142857143,0.9636241116594315,0.5357142857142857,,1,unsupported_mixed_extra_claim,0.001806780659125388,0.3386844899318212,0.29673423894887474,0.6805154334216966,0.9983135697586473,0.06255511855270404,0.0,0.8
0.469,14,1,13,0,0.07142857142857142,0.0,0.9333333333333333,1.0,0.9285714285714286,0.9655172413793104,0.9642857142857143,0.9636241116594315,0.5357142857142857,,1,unsupported_mixed_extra_claim,0.001806780659125388,0.3386844899318212,0.29673423894887474,0.6805154334216966,0.9983135697586473,0.06255511855270404,0.0,0.8
0.47,14,1,13,0,0.07142857142857142,0.0,0.9333333333333333,1.0,0.9285714285714286,0.9655172413793104,0.9642857142857143,0.9636241116594315,0.5357142857142857,,1,unsupported_mixed_extra_claim,0.001806780659125388,0.3386844899318212,0.29673423894887474,0.6805154334216966,0.9983135697586473,0.06255511855270404,0.0,0.8
0.471,14,1,13,0,0.07142857142857142,0.0,0.9333333333333333,1.0,0.9285714285714286,0.9655172413793104,0.9642857142857143,0.9636241116594315,0.5357142857142857,,1,unsupported_mixed_extra_claim,0.001806780659125388,0.3386844899318212,0.29673423894887474,0.6805154334216966,0.9983135697586473,0.06255511855270404,0.0,0.8
0.472,14,1,13,0,0.07142857142857142,0.0,0.9333333333333333,1.0,0.9285714285714286,0.9655172413793104,0.9642857142857143,0.9636241116594315,0.5357142857142857,,1,unsupported_mixed_extra_claim,0.001806780659125388,0.3386844899318212,0.29673423894887474,0.6805154334216966,0.9983135697586473,0.06255511855270404,0.0,0.8
0.473,14,1,13,0,0.07142857142857142,0.0,0.9333333333333333,1.0,0.9285714285714286,0.9655172413793104,0.9642857142857143,0.9636241116594315,0.5357142857142857,,1,unsupported_mixed_extra_claim,0.001806780659125388,0.3386844899318212,0.29673423894887474,0.6805154334216966,0.9983135697586473,0.06255511855270404,0.0,0.8
0.474,14,1,13,0,0.07142857142857142,0.0,0.9333333333333333,1.0,0.9285714285714286,0.9655172413793104,0.9642857142857143,0.9636241116594315,0.5357142857142857,,1,unsupported_mixed_extra_claim,0.001806780659125388,0.3386844899318212,0.29673423894887474,0.6805154334216966,0.9983135697586473,0.06255511855270404,0.0,0.8
0.475,14,1,13,0,0.07142857142857142,0.0,0.9333333333333333,1.0,0.9285714285714286,0.9655172413793104,0.9642857142857143,0.9636241116594315,0.5357142857142857,,1,unsupported_mixed_extra_claim,0.001806780659125388,0.3386844899318212,0.29673423894887474,0.6805154334216966,0.9983135697586473,0.06255511855270404,0.0,0.8
0.476,14,1,13,0,0.07142857142857142,0.0,0.9333333333333333,1.0,0.9285714285714286,0.9655172413793104,0.9642857142857143,0.9636241116594315,0.5357142857142857,,1,unsupported_mixed_extra_claim,0.001806780659125388,0.3386844899318212,0.29673423894887474,0.6805154334216966,0.9983135697586473,0.06255511855270404,0.0,0.8
0.477,14,1,13,0,0.07142857142857142,0.0,0.9333333333333333,1.0,0.9285714285714286,0.9655172413793104,0.9642857142857143,0.9636241116594315,0.5357142857142857,,1,unsupported_mixed_extra_claim,0.001806780659125388,0.3386844899318212,0.29673423894887474,0.6805154334216966,0.9983135697586473,0.06255511855270404,0.0,0.8
0.478,14,1,13,0,0.07142857142857142,0.0,0.9333333333333333,1.0,0.9285714285714286,0.9655172413793104,0.9642857142857143,0.9636241116594315,0.5357142857142857,,1,unsupported_mixed_extra_claim,0.001806780659125388,0.3386844899318212,0.29673423894887474,0.6805154334216966,0.9983135697586473,0.06255511855270404,0.0,0.8
0.479,14,1,13,0,0.07142857142857142,0.0,0.9333333333333333,1.0,0.9285714285714286,0.9655172413793104,0.9642857142857143,0.9636241116594315,0.5357142857142857,,1,unsupported_mixed_extra_claim,0.001806780659125388,0.3386844899318212,0.29673423894887474,0.6805154334216966,0.9983135697586473,0.06255511855270404,0.0,0.8
0.48,14,1,13,0,0.07142857142857142,0.0,0.9333333333333333,1.0,0.9285714285714286,0.9655172413793104,0.9642857142857143,0.9636241116594315,0.5357142857142857,,1,unsupported_mixed_extra_claim,0.001806780659125388,0.3386844899318212,0.29673423894887474,0.6805154334216966,0.9983135697586473,0.06255511855270404,0.0,0.8
0.481,14,1,13,0,0.07142857142857142,0.0,0.9333333333333333,1.0,0.9285714285714286,0.9655172413793104,0.9642857142857143,0.9636241116594315,0.5357142857142857,,1,unsupported_mixed_extra_claim,0.001806780659125388,0.3386844899318212,0.29673423894887474,0.6805154334216966,0.9983135697586473,0.06255511855270404,0.0,0.8
0.482,14,1,13,0,0.07142857142857142,0.0,0.9333333333333333,1.0,0.9285714285714286,0.9655172413793104,0.9642857142857143,0.9636241116594315,0.5357142857142857,,1,unsupported_mixed_extra_claim,0.001806780659125388,0.3386844899318212,0.29673423894887474,0.6805154334216966,0.9983135697586473,0.06255511855270404,0.0,0.8
0.483,14,1,13,0,0.07142857142857142,0.0,0.9333333333333333,1.0,0.9285714285714286,0.9655172413793104,0.9642857142857143,0.9636241116594315,0.5357142857142857,,1,unsupported_mixed_extra_claim,0.001806780659125388,0.3386844899318212,0.29673423894887474,0.6805154334216966,0.9983135697586473,0.06255511855270404,0.0,0.8
0.484,14,1,13,0,0.07142857142857142,0.0,0.9333333333333333,1.0,0.9285714285714286,0.9655172413793104,0.9642857142857143,0.9636241116594315,0.5357142857142857,,1,unsupported_mixed_extra_claim,0.001806780659125388,0.3386844899318212,0.29673423894887474,0.6805154334216966,0.9983135697586473,0.06255511855270404,0.0,0.8
0.485,14,1,13,0,0.07142857142857142,0.0,0.9333333333333333,1.0,0.9285714285714286,0.9655172413793104,0.9642857142857143,0.9636241116594315,0.5357142857142857,,1,unsupported_mixed_extra_claim,0.001806780659125388,0.3386844899318212,0.29673423894887474,0.6805154334216966,0.9983135697586473,0.06255511855270404,0.0,0.8
0.486,14,1,13,0,0.07142857142857142,0.0,0.9333333333333333,1.0,0.9285714285714286,0.9655172413793104,0.9642857142857143,0.9636241116594315,0.5357142857142857,,1,unsupported_mixed_extra_claim,0.001806780659125388,0.3386844899318212,0.29673423894887474,0.6805154334216966,0.9983135697586473,0.06255511855270404,0.0,0.8
0.487,14,1,13,0,0.07142857142857142,0.0,0.9333333333333333,1.0,0.9285714285714286,0.9655172413793104,0.9642857142857143,0.9636241116594315,0.5357142857142857,,1,unsupported_mixed_extra_claim,0.001806780659125388,0.3386844899318212,0.29673423894887474,0.6805154334216966,0.9983135697586473,0.06255511855270404,0.0,0.8
0.488,14,1,13,0,0.07142857142857142,0.0,0.9333333333333333,1.0,0.9285714285714286,0.9655172413793104,0.9642857142857143,0.9636241116594315,0.5357142857142857,,1,unsupported_mixed_extra_claim,0.001806780659125388,0.3386844899318212,0.29673423894887474,0.6805154334216966,0.9983135697586473,0.06255511855270404,0.0,0.8
0.489,14,1,13,0,0.07142857142857142,0.0,0.9333333333333333,1.0,0.9285714285714286,0.9655172413793104,0.9642857142857143,0.9636241116594315,0.5357142857142857,,1,unsupported_mixed_extra_claim,0.001806780659125388,0.3386844899318212,0.29673423894887474,0.6805154334216966,0.9983135697586473,0.06255511855270404,0.0,0.8
0.49,14,1,13,0,0.07142857142857142,0.0,0.9333333333333333,1.0,0.9285714285714286,0.9655172413793104,0.9642857142857143,0.9636241116594315,0.5357142857142857,,1,unsupported_mixed_extra_claim,0.001806780659125388,0.3386844899318212,0.29673423894887474,0.6805154334216966,0.9983135697586473,0.06255511855270404,0.0,0.8
0.491,14,1,13,0,0.07142857142857142,0.0,0.9333333333333333,1.0,0.9285714285714286,0.9655172413793104,0.9642857142857143,0.9636241116594315,0.5357142857142857,,1,unsupported_mixed_extra_claim,0.001806780659125388,0.3386844899318212,0.29673423894887474,0.6805154334216966,0.9983135697586473,0.06255511855270404,0.0,0.8
0.492,14,1,13,0,0.07142857142857142,0.0,0.9333333333333333,1.0,0.9285714285714286,0.9655172413793104,0.9642857142857143,0.9636241116594315,0.5357142857142857,,1,unsupported_mixed_extra_claim,0.001806780659125388,0.3386844899318212,0.29673423894887474,0.6805154334216966,0.9983135697586473,0.06255511855270404,0.0,0.8
0.493,14,1,13,0,0.07142857142857142,0.0,0.9333333333333333,1.0,0.9285714285714286,0.9655172413793104,0.9642857142857143,0.9636241116594315,0.5357142857142857,,1,unsupported_mixed_extra_claim,0.001806780659125388,0.3386844899318212,0.29673423894887474,0.6805154334216966,0.9983135697586473,0.06255511855270404,0.0,0.8
0.494,14,1,13,0,0.07142857142857142,0.0,0.9333333333333333,1.0,0.9285714285714286,0.9655172413793104,0.9642857142857143,0.9636241116594315,0.5357142857142857,,1,unsupported_mixed_extra_claim,0.001806780659125388,0.3386844899318212,0.29673423894887474,0.6805154334216966,0.9983135697586473,0.06255511855270404,0.0,0.8
0.495,14,1,13,0,0.07142857142857142,0.0,0.9333333333333333,1.0,0.9285714285714286,0.9655172413793104,0.9642857142857143,0.9636241116594315,0.5357142857142857,,1,unsupported_mixed_extra_claim,0.001806780659125388,0.3386844899318212,0.29673423894887474,0.6805154334216966,0.9983135697586473,0.06255511855270404,0.0,0.8
0.496,14,1,13,0,0.07142857142857142,0.0,0.9333333333333333,1.0,0.9285714285714286,0.9655172413793104,0.9642857142857143,0.9636241116594315,0.5357142857142857,,1,unsupported_mixed_extra_claim,0.001806780659125388,0.3386844899318212,0.29673423894887474,0.6805154334216966,0.9983135697586473,0.06255511855270404,0.0,0.8
0.497,14,1,13,0,0.07142857142857142,0.0,0.9333333333333333,1.0,0.9285714285714286,0.9655172413793104,0.9642857142857143,0.9636241116594315,0.5357142857142857,,1,unsupported_mixed_extra_claim,0.001806780659125388,0.3386844899318212,0.29673423894887474,0.6805154334216966,0.9983135697586473,0.06255511855270404,0.0,0.8
0.498,14,1,13,0,0.07142857142857142,0.0,0.9333333333333333,1.0,0.9285714285714286,0.9655172413793104,0.9642857142857143,0.9636241116594315,0.5357142857142857,,1,unsupported_mixed_extra_claim,0.001806780659125388,0.3386844899318212,0.29673423894887474,0.6805154334216966,0.9983135697586473,0.06255511855270404,0.0,0.8
0.499,14,1,13,0,0.07142857142857142,0.0,0.9333333333333333,1.0,0.9285714285714286,0.9655172413793104,0.9642857142857143,0.9636241116594315,0.5357142857142857,,1,unsupported_mixed_extra_claim,0.001806780659125388,0.3386844899318212,0.29673423894887474,0.6805154334216966,0.9983135697586473,0.06255511855270404,0.0,0.8
0.5,14,1,13,0,0.07142857142857142,0.0,0.9333333333333333,1.0,0.9285714285714286,0.9655172413793104,0.9642857142857143,0.9636241116594315,0.5357142857142857,,1,unsupported_mixed_extra_claim,0.001806780659125388,0.3386844899318212,0.29673423894887474,0.6805154334216966,0.9983135697586473,0.06255511855270404,0.0,0.8
0.501,14,0,14,0,0.0,0.0,1.0,1.0,1.0,1.0,1.0,1.0,0.5,,0,,0.0,0.23163576165011648,0.19263617565013527,0.7683642383498835,1.0,0.0,0.0,1.0
0.502,14,0,14,0,0.0,0.0,1.0,1.0,1.0,1.0,1.0,1.0,0.5,,0,,0.0,0.23163576165011648,0.19263617565013527,0.7683642383498835,1.0,0.0,0.0,1.0
0.503,14,0,14,0,0.0,0.0,1.0,1.0,1.0,1.0,1.0,1.0,0.5,,0,,0.0,0.23163576165011648,0.19263617565013527,0.7683642383498835,1.0,0.0,0.0,1.0
0.504,14,0,14,0,0.0,0.0,1.0,1.0,1.0,1.0,1.0,1.0,0.5,,0,,0.0,0.23163576165011648,0.19263617565013527,0.7683642383498835,1.0,0.0,0.0,1.0
0.505,14,0,14,0,0.0,0.0,1.0,1.0,1.0,1.0,1.0,1.0,0.5,,0,,0.0,0.23163576165011648,0.19263617565013527,0.7683642383498835,1.0,0.0,0.0,1.0
0.506,14,0,14,0,0.0,0.0,1.0,1.0,1.0,1.0,1.0,1.0,0.5,,0,,0.0,0.23163576165011648,0.19263617565013527,0.7683642383498835,1.0,0.0,0.0,1.0
0.507,14,0,14,0,0.0,0.0,1.0,1.0,1.0,1.0,1.0,1.0,0.5,,0,,0.0,0.23163576165011648,0.19263617565013527,0.7683642383498835,1.0,0.0,0.0,1.0
0.508,14,0,14,0,0.0,0.0,1.0,1.0,1.0,1.0,1.0,1.0,0.5,,0,,0.0,0.23163576165011648,0.19263617565013527,0.7683642383498835,1.0,0.0,0.0,1.0
0.509,14,0,14,0,0.0,0.0,1.0,1.0,1.0,1.0,1.0,1.0,0.5,,0,,0.0,0.23163576165011648,0.19263617565013527,0.7683642383498835,1.0,0.0,0.0,1.0
0.51,14,0,14,0,0.0,0.0,1.0,1.0,1.0,1.0,1.0,1.0,0.5,,0,,0.0,0.23163576165011648,0.19263617565013527,0.7683642383498835,1.0,0.0,0.0,1.0
0.511,14,0,14,0,0.0,0.0,1.0,1.0,1.0,1.0,1.0,1.0,0.5,,0,,0.0,0.23163576165011648,0.19263617565013527,0.7683642383498835,1.0,0.0,0.0,1.0
0.512,14,0,14,0,0.0,0.0,1.0,1.0,1.0,1.0,1.0,1.0,0.5,,0,,0.0,0.23163576165011648,0.19263617565013527,0.7683642383498835,1.0,0.0,0.0,1.0
0.513,14,0,14,0,0.0,0.0,1.0,1.0,1.0,1.0,1.0,1.0,0.5,,0,,0.0,0.23163576165011648,0.19263617565013527,0.7683642383498835,1.0,0.0,0.0,1.0
0.514,14,0,14,0,0.0,0.0,1.0,1.0,1.0,1.0,1.0,1.0,0.5,,0,,0.0,0.23163576165011648,0.19263617565013527,0.7683642383498835,1.0,0.0,0.0,1.0
0.515,14,0,14,0,0.0,0.0,1.0,1.0,1.0,1.0,1.0,1.0,0.5,,0,,0.0,0.23163576165011648,0.19263617565013527,0.7683642383498835,1.0,0.0,0.0,1.0
0.516,14,0,14,0,0.0,0.0,1.0,1.0,1.0,1.0,1.0,1.0,0.5,,0,,0.0,0.23163576165011648,0.19263617565013527,0.7683642383498835,1.0,0.0,0.0,1.0
0.517,14,0,14,0,0.0,0.0,1.0,1.0,1.0,1.0,1.0,1.0,0.5,,0,,0.0,0.23163576165011648,0.19263617565013527,0.7683642383498835,1.0,0.0,0.0,1.0
0.518,14,0,14,0,0.0,0.0,1.0,1.0,1.0,1.0,1.0,1.0,0.5,,0,,0.0,0.23163576165011648,0.19263617565013527,0.7683642383498835,1.0,0.0,0.0,1.0
0.519,14,0,14,0,0.0,0.0,1.0,1.0,1.0,1.0,1.0,1.0,0.5,,0,,0.0,0.23163576165011648,0.19263617565013527,0.7683642383498835,1.0,0.0,0.0,1.0
0.52,14,0,14,0,0.0,0.0,1.0,1.0,1.0,1.0,1.0,1.0,0.5,,0,,0.0,0.23163576165011648,0.19263617565013527,0.7683642383498835,1.0,0.0,0.0,1.0
0.521,14,0,14,0,0.0,0.0,1.0,1.0,1.0,1.0,1.0,1.0,0.5,,0,,0.0,0.23163576165011648,0.19263617565013527,0.7683642383498835,1.0,0.0,0.0,1.0
0.522,14,0,14,0,0.0,0.0,1.0,1.0,1.0,1.0,1.0,1.0,0.5,,0,,0.0,0.23163576165011648,0.19263617565013527,0.7683642383498835,1.0,0.0,0.0,1.0
0.523,14,0,14,0,0.0,0.0,1.0,1.0,1.0,1.0,1.0,1.0,0.5,,0,,0.0,0.23163576165011648,0.19263617565013527,0.7683642383498835,1.0,0.0,0.0,1.0
0.524,14,0,14,0,0.0,0.0,1.0,1.0,1.0,1.0,1.0,1.0,0.5,,0,,0.0,0.23163576165011648,0.19263617565013527,0.7683642383498835,1.0,0.0,0.0,1.0
0.525,14,0,14,0,0.0,0.0,1.0,1.0,1.0,1.0,1.0,1.0,0.5,,0,,0.0,0.23163576165011648,0.19263617565013527,0.7683642383498835,1.0,0.0,0.0,1.0
0.526,14,0,14,0,0.0,0.0,1.0,1.0,1.0,1.0,1.0,1.0,0.5,,0,,0.0,0.23163576165011648,0.19263617565013527,0.7683642383498835,1.0,0.0,0.0,1.0
0.527,14,0,14,0,0.0,0.0,1.0,1.0,1.0,1.0,1.0,1.0,0.5,,0,,0.0,0.23163576165011648,0.19263617565013527,0.7683642383498835,1.0,0.0,0.0,1.0
0.528,14,0,14,0,0.0,0.0,1.0,1.0,1.0,1.0,1.0,1.0,0.5,,0,,0.0,0.23163576165011648,0.19263617565013527,0.7683642383498835,1.0,0.0,0.0,1.0
0.529,14,0,14,0,0.0,0.0,1.0,1.0,1.0,1.0,1.0,1.0,0.5,,0,,0.0,0.23163576165011648,0.19263617565013527,0.7683642383498835,1.0,0.0,0.0,1.0
0.53,14,0,14,0,0.0,0.0,1.0,1.0,1.0,1.0,1.0,1.0,0.5,,0,,0.0,0.23163576165011648,0.19263617565013527,0.7683642383498835,1.0,0.0,0.0,1.0
0.531,14,0,14,0,0.0,0.0,1.0,1.0,1.0,1.0,1.0,1.0,0.5,,0,,0.0,0.23163576165011648,0.19263617565013527,0.7683642383498835,1.0,0.0,0.0,1.0
0.532,14,0,14,0,0.0,0.0,1.0,1.0,1.0,1.0,1.0,1.0,0.5,,0,,0.0,0.23163576165011648,0.19263617565013527,0.7683642383498835,1.0,0.0,0.0,1.0
0.533,14,0,14,0,0.0,0.0,1.0,1.0,1.0,1.0,1.0,1.0,0.5,,0,,0.0,0.23163576165011648,0.19263617565013527,0.7683642383498835,1.0,0.0,0.0,1.0
0.534,14,0,14,0,0.0,0.0,1.0,1.0,1.0,1.0,1.0,1.0,0.5,,0,,0.0,0.23163576165011648,0.19263617565013527,0.7683642383498835,1.0,0.0,0.0,1.0
0.535,14,0,14,0,0.0,0.0,1.0,1.0,1.0,1.0,1.0,1.0,0.5,,0,,0.0,0.23163576165011648,0.19263617565013527,0.7683642383498835,1.0,0.0,0.0,1.0
0.536,14,0,14,0,0.0,0.0,1.0,1.0,1.0,1.0,1.0,1.0,0.5,,0,,0.0,0.23163576165011648,0.19263617565013527,0.7683642383498835,1.0,0.0,0.0,1.0
0.537,14,0,14,0,0.0,0.0,1.0,1.0,1.0,1.0,1.0,1.0,0.5,,0,,0.0,0.23163576165011648,0.19263617565013527,0.7683642383498835,1.0,0.0,0.0,1.0
0.538,14,0,14,0,0.0,0.0,1.0,1.0,1.0,1.0,1.0,1.0,0.5,,0,,0.0,0.23163576165011648,0.19263617565013527,0.7683642383498835,1.0,0.0,0.0,1.0
0.539,14,0,14,0,0.0,0.0,1.0,1.0,1.0,1.0,1.0,1.0,0.5,,0,,0.0,0.23163576165011648,0.19263617565013527,0.7683642383498835,1.0,0.0,0.0,1.0
0.54,14,0,14,0,0.0,0.0,1.0,1.0,1.0,1.0,1.0,1.0,0.5,,0,,0.0,0.23163576165011648,0.19263617565013527,0.7683642383498835,1.0,0.0,0.0,1.0
0.541,14,0,14,0,0.0,0.0,1.0,1.0,1.0,1.0,1.0,1.0,0.5,,0,,0.0,0.23163576165011648,0.19263617565013527,0.7683642383498835,1.0,0.0,0.0,1.0
0.5416665,14,0,14,0,0.0,0.0,1.0,1.0,1.0,1.0,1.0,1.0,0.5,,0,,0.0,0.23163576165011648,0.19263617565013527,0.7683642383498835,1.0,0.0,0.0,1.0
0.542,14,0,14,0,0.0,0.0,1.0,1.0,1.0,1.0,1.0,1.0,0.5,,0,,0.0,0.23163576165011648,0.19263617565013527,0.7683642383498835,1.0,0.0,0.0,1.0
0.543,14,0,14,0,0.0,0.0,1.0,1.0,1.0,1.0,1.0,1.0,0.5,,0,,0.0,0.23163576165011648,0.19263617565013527,0.7683642383498835,1.0,0.0,0.0,1.0
0.544,14,0,14,0,0.0,0.0,1.0,1.0,1.0,1.0,1.0,1.0,0.5,,0,,0.0,0.23163576165011648,0.19263617565013527,0.7683642383498835,1.0,0.0,0.0,1.0
0.545,14,0,14,0,0.0,0.0,1.0,1.0,1.0,1.0,1.0,1.0,0.5,,0,,0.0,0.23163576165011648,0.19263617565013527,0.7683642383498835,1.0,0.0,0.0,1.0
0.546,14,0,14,0,0.0,0.0,1.0,1.0,1.0,1.0,1.0,1.0,0.5,,0,,0.0,0.23163576165011648,0.19263617565013527,0.7683642383498835,1.0,0.0,0.0,1.0
0.547,14,0,14,0,0.0,0.0,1.0,1.0,1.0,1.0,1.0,1.0,0.5,,0,,0.0,0.23163576165011648,0.19263617565013527,0.7683642383498835,1.0,0.0,0.0,1.0
0.548,14,0,14,0,0.0,0.0,1.0,1.0,1.0,1.0,1.0,1.0,0.5,,0,,0.0,0.23163576165011648,0.19263617565013527,0.7683642383498835,1.0,0.0,0.0,1.0
0.549,14,0,14,0,0.0,0.0,1.0,1.0,1.0,1.0,1.0,1.0,0.5,,0,,0.0,0.23163576165011648,0.19263617565013527,0.7683642383498835,1.0,0.0,0.0,1.0
0.55,14,0,14,0,0.0,0.0,1.0,1.0,1.0,1.0,1.0,1.0,0.5,,0,,0.0,0.23163576165011648,0.19263617565013527,0.7683642383498835,1.0,0.0,0.0,1.0
0.551,14,0,14,0,0.0,0.0,1.0,1.0,1.0,1.0,1.0,1.0,0.5,,0,,0.0,0.23163576165011648,0.19263617565013527,0.7683642383498835,1.0,0.0,0.0,1.0
0.552,14,0,14,0,0.0,0.0,1.0,1.0,1.0,1.0,1.0,1.0,0.5,,0,,0.0,0.23163576165011648,0.19263617565013527,0.7683642383498835,1.0,0.0,0.0,1.0
0.553,14,0,14,0,0.0,0.0,1.0,1.0,1.0,1.0,1.0,1.0,0.5,,0,,0.0,0.23163576165011648,0.19263617565013527,0.7683642383498835,1.0,0.0,0.0,1.0
0.554,14,0,14,0,0.0,0.0,1.0,1.0,1.0,1.0,1.0,1.0,0.5,,0,,0.0,0.23163576165011648,0.19263617565013527,0.7683642383498835,1.0,0.0,0.0,1.0
0.555,14,0,14,0,0.0,0.0,1.0,1.0,1.0,1.0,1.0,1.0,0.5,,0,,0.0,0.23163576165011648,0.19263617565013527,0.7683642383498835,1.0,0.0,0.0,1.0
0.556,14,0,14,0,0.0,0.0,1.0,1.0,1.0,1.0,1.0,1.0,0.5,,0,,0.0,0.23163576165011648,0.19263617565013527,0.7683642383498835,1.0,0.0,0.0,1.0
0.557,14,0,14,0,0.0,0.0,1.0,1.0,1.0,1.0,1.0,1.0,0.5,,0,,0.0,0.23163576165011648,0.19263617565013527,0.7683642383498835,1.0,0.0,0.0,1.0
0.558,14,0,14,0,0.0,0.0,1.0,1.0,1.0,1.0,1.0,1.0,0.5,,0,,0.0,0.23163576165011648,0.19263617565013527,0.7683642383498835,1.0,0.0,0.0,1.0
0.559,14,0,14,0,0.0,0.0,1.0,1.0,1.0,1.0,1.0,1.0,0.5,,0,,0.0,0.23163576165011648,0.19263617565013527,0.7683642383498835,1.0,0.0,0.0,1.0
0.56,14,0,14,0,0.0,0.0,1.0,1.0,1.0,1.0,1.0,1.0,0.5,,0,,0.0,0.23163576165011648,0.19263617565013527,0.7683642383498835,1.0,0.0,0.0,1.0
0.561,14,0,14,0,0.0,0.0,1.0,1.0,1.0,1.0,1.0,1.0,0.5,,0,,0.0,0.23163576165011648,0.19263617565013527,0.7683642383498835,1.0,0.0,0.0,1.0
0.562,14,0,14,0,0.0,0.0,1.0,1.0,1.0,1.0,1.0,1.0,0.5,,0,,0.0,0.23163576165011648,0.19263617565013527,0.7683642383498835,1.0,0.0,0.0,1.0
0.563,14,0,14,0,0.0,0.0,1.0,1.0,1.0,1.0,1.0,1.0,0.5,,0,,0.0,0.23163576165011648,0.19263617565013527,0.7683642383498835,1.0,0.0,0.0,1.0
0.564,14,0,14,0,0.0,0.0,1.0,1.0,1.0,1.0,1.0,1.0,0.5,,0,,0.0,0.23163576165011648,0.19263617565013527,0.7683642383498835,1.0,0.0,0.0,1.0
0.565,14,0,14,0,0.0,0.0,1.0,1.0,1.0,1.0,1.0,1.0,0.5,,0,,0.0,0.23163576165011648,0.19263617565013527,0.7683642383498835,1.0,0.0,0.0,1.0
0.566,14,0,14,0,0.0,0.0,1.0,1.0,1.0,1.0,1.0,1.0,0.5,,0,,0.0,0.23163576165011648,0.19263617565013527,0.7683642383498835,1.0,0.0,0.0,1.0
0.567,14,0,14,0,0.0,0.0,1.0,1.0,1.0,1.0,1.0,1.0,0.5,,0,,0.0,0.23163576165011648,0.19263617565013527,0.7683642383498835,1.0,0.0,0.0,1.0
0.568,14,0,14,0,0.0,0.0,1.0,1.0,1.0,1.0,1.0,1.0,0.5,,0,,0.0,0.23163576165011648,0.19263617565013527,0.7683642383498835,1.0,0.0,0.0,1.0
0.569,14,0,14,0,0.0,0.0,1.0,1.0,1.0,1.0,1.0,1.0,0.5,,0,,0.0,0.23163576165011648,0.19263617565013527,0.7683642383498835,1.0,0.0,0.0,1.0
0.57,14,0,14,0,0.0,0.0,1.0,1.0,1.0,1.0,1.0,1.0,0.5,,0,,0.0,0.23163576165011648,0.19263617565013527,0.7683642383498835,1.0,0.0,0.0,1.0
0.571,14,0,14,0,0.0,0.0,1.0,1.0,1.0,1.0,1.0,1.0,0.5,,0,,0.0,0.23163576165011648,0.19263617565013527,0.7683642383498835,1.0,0.0,0.0,1.0
0.572,14,0,14,0,0.0,0.0,1.0,1.0,1.0,1.0,1.0,1.0,0.5,,0,,0.0,0.23163576165011648,0.19263617565013527,0.7683642383498835,1.0,0.0,0.0,1.0
0.573,14,0,14,0,0.0,0.0,1.0,1.0,1.0,1.0,1.0,1.0,0.5,,0,,0.0,0.23163576165011648,0.19263617565013527,0.7683642383498835,1.0,0.0,0.0,1.0
0.574,14,0,14,0,0.0,0.0,1.0,1.0,1.0,1.0,1.0,1.0,0.5,,0,,0.0,0.23163576165011648,0.19263617565013527,0.7683642383498835,1.0,0.0,0.0,1.0
0.575,14,0,14,0,0.0,0.0,1.0,1.0,1.0,1.0,1.0,1.0,0.5,,0,,0.0,0.23163576165011648,0.19263617565013527,0.7683642383498835,1.0,0.0,0.0,1.0
0.576,14,0,14,0,0.0,0.0,1.0,1.0,1.0,1.0,1.0,1.0,0.5,,0,,0.0,0.23163576165011648,0.19263617565013527,0.7683642383498835,1.0,0.0,0.0,1.0
0.577,14,0,14,0,0.0,0.0,1.0,1.0,1.0,1.0,1.0,1.0,0.5,,0,,0.0,0.23163576165011648,0.19263617565013527,0.7683642383498835,1.0,0.0,0.0,1.0
0.578,14,0,14,0,0.0,0.0,1.0,1.0,1.0,1.0,1.0,1.0,0.5,,0,,0.0,0.23163576165011648,0.19263617565013527,0.7683642383498835,1.0,0.0,0.0,1.0
0.579,14,0,14,0,0.0,0.0,1.0,1.0,1.0,1.0,1.0,1.0,0.5,,0,,0.0,0.23163576165011648,0.19263617565013527,0.7683642383498835,1.0,0.0,0.0,1.0
0.58,14,0,14,0,0.0,0.0,1.0,1.0,1.0,1.0,1.0,1.0,0.5,,0,,0.0,0.23163576165011648,0.19263617565013527,0.7683642383498835,1.0,0.0,0.0,1.0
0.581,14,0,14,0,0.0,0.0,1.0,1.0,1.0,1.0,1.0,1.0,0.5,,0,,0.0,0.23163576165011648,0.19263617565013527,0.7683642383498835,1.0,0.0,0.0,1.0
0.582,14,0,14,0,0.0,0.0,1.0,1.0,1.0,1.0,1.0,1.0,0.5,,0,,0.0,0.23163576165011648,0.19263617565013527,0.7683642383498835,1.0,0.0,0.0,1.0
0.583,14,0,14,0,0.0,0.0,1.0,1.0,1.0,1.0,1.0,1.0,0.5,,0,,0.0,0.23163576165011648,0.19263617565013527,0.7683642383498835,1.0,0.0,0.0,1.0
0.583333,14,0,14,0,0.0,0.0,1.0,1.0,1.0,1.0,1.0,1.0,0.5,,0,,0.0,0.23163576165011648,0.19263617565013527,0.7683642383498835,1.0,0.0,0.0,1.0
0.584,13,0,14,1,0.0,0.07142857142857142,1.0,0.9285714285714286,1.0,0.962962962962963,0.9642857142857143,0.9636241116594315,0.4642857142857143,,0,,0.0,0.23163576165011648,0.19263617565013527,0.752947361999529,1.0,0.09375144443331704,0.14966629547095767,1.0
0.585,13,0,14,1,0.0,0.07142857142857142,1.0,0.9285714285714286,1.0,0.962962962962963,0.9642857142857143,0.9636241116594315,0.4642857142857143,,0,,0.0,0.23163576165011648,0.19263617565013527,0.752947361999529,1.0,0.09375144443331704,0.14966629547095767,1.0
0.586,13,0,14,1,0.0,0.07142857142857142,1.0,0.9285714285714286,1.0,0.962962962962963,0.9642857142857143,0.9636241116594315,0.4642857142857143,,0,,0.0,0.23163576165011648,0.19263617565013527,0.752947361999529,1.0,0.09375144443331704,0.14966629547095767,1.0
0.587,13,0,14,1,0.0,0.07142857142857142,1.0,0.9285714285714286,1.0,0.962962962962963,0.9642857142857143,0.9636241116594315,0.4642857142857143,,0,,0.0,0.23163576165011648,0.19263617565013527,0.752947361999529,1.0,0.09375144443331704,0.14966629547095767,1.0
0.588,13,0,14,1,0.0,0.07142857142857142,1.0,0.9285714285714286,1.0,0.962962962962963,0.9642857142857143,0.9636241116594315,0.4642857142857143,,0,,0.0,0.23163576165011648,0.19263617565013527,0.752947361999529,1.0,0.09375144443331704,0.14966629547095767,1.0
0.589,13,0,14,1,0.0,0.07142857142857142,1.0,0.9285714285714286,1.0,0.962962962962963,0.9642857142857143,0.9636241116594315,0.4642857142857143,,0,,0.0,0.23163576165011648,0.19263617565013527,0.752947361999529,1.0,0.09375144443331704,0.14966629547095767,1.0
0.59,13,0,14,1,0.0,0.07142857142857142,1.0,0.9285714285714286,1.0,0.962962962962963,0.9642857142857143,0.9636241116594315,0.4642857142857143,,0,,0.0,0.23163576165011648,0.19263617565013527,0.752947361999529,1.0,0.09375144443331704,0.14966629547095767,1.0
0.591,13,0,14,1,0.0,0.07142857142857142,1.0,0.9285714285714286,1.0,0.962962962962963,0.9642857142857143,0.9636241116594315,0.4642857142857143,,0,,0.0,0.23163576165011648,0.19263617565013527,0.752947361999529,1.0,0.09375144443331704,0.14966629547095767,1.0
0.592,13,0,14,1,0.0,0.07142857142857142,1.0,0.9285714285714286,1.0,0.962962962962963,0.9642857142857143,0.9636241116594315,0.4642857142857143,,0,,0.0,0.23163576165011648,0.19263617565013527,0.752947361999529,1.0,0.09375144443331704,0.14966629547095767,1.0
0.593,13,0,14,1,0.0,0.07142857142857142,1.0,0.9285714285714286,1.0,0.962962962962963,0.9642857142857143,0.9636241116594315,0.4642857142857143,,0,,0.0,0.23163576165011648,0.19263617565013527,0.752947361999529,1.0,0.09375144443331704,0.14966629547095767,1.0
0.594,13,0,14,1,0.0,0.07142857142857142,1.0,0.9285714285714286,1.0,0.962962962962963,0.9642857142857143,0.9636241116594315,0.4642857142857143,,0,,0.0,0.23163576165011648,0.19263617565013527,0.752947361999529,1.0,0.09375144443331704,0.14966629547095767,1.0
0.595,13,0,14,1,0.0,0.07142857142857142,1.0,0.9285714285714286,1.0,0.962962962962963,0.9642857142857143,0.9636241116594315,0.4642857142857143,,0,,0.0,0.23163576165011648,0.19263617565013527,0.752947361999529,1.0,0.09375144443331704,0.14966629547095767,1.0
0.596,13,0,14,1,0.0,0.07142857142857142,1.0,0.9285714285714286,1.0,0.962962962962963,0.9642857142857143,0.9636241116594315,0.4642857142857143,,0,,0.0,0.23163576165011648,0.19263617565013527,0.752947361999529,1.0,0.09375144443331704,0.14966629547095767,1.0
0.597,13,0,14,1,0.0,0.07142857142857142,1.0,0.9285714285714286,1.0,0.962962962962963,0.9642857142857143,0.9636241116594315,0.4642857142857143,,0,,0.0,0.23163576165011648,0.19263617565013527,0.752947361999529,1.0,0.09375144443331704,0.14966629547095767,1.0
0.598,13,0,14,1,0.0,0.07142857142857142,1.0,0.9285714285714286,1.0,0.962962962962963,0.9642857142857143,0.9636241116594315,0.4642857142857143,,0,,0.0,0.23163576165011648,0.19263617565013527,0.752947361999529,1.0,0.09375144443331704,0.14966629547095767,1.0
0.599,13,0,14,1,0.0,0.07142857142857142,1.0,0.9285714285714286,1.0,0.962962962962963,0.9642857142857143,0.9636241116594315,0.4642857142857143,,0,,0.0,0.23163576165011648,0.19263617565013527,0.752947361999529,1.0,0.09375144443331704,0.14966629547095767,1.0
0.6,13,0,14,1,0.0,0.07142857142857142,1.0,0.9285714285714286,1.0,0.962962962962963,0.9642857142857143,0.9636241116594315,0.4642857142857143,,0,,0.0,0.23163576165011648,0.19263617565013527,0.752947361999529,1.0,0.09375144443331704,0.14966629547095767,1.0
0.601,13,0,14,1,0.0,0.07142857142857142,1.0,0.9285714285714286,1.0,0.962962962962963,0.9642857142857143,0.9636241116594315,0.4642857142857143,,0,,0.0,0.23163576165011648,0.19263617565013527,0.752947361999529,1.0,0.09375144443331704,0.14966629547095767,1.0
0.602,13,0,14,1,0.0,0.07142857142857142,1.0,0.9285714285714286,1.0,0.962962962962963,0.9642857142857143,0.9636241116594315,0.4642857142857143,,0,,0.0,0.23163576165011648,0.19263617565013527,0.752947361999529,1.0,0.09375144443331704,0.14966629547095767,1.0
0.603,13,0,14,1,0.0,0.07142857142857142,1.0,0.9285714285714286,1.0,0.962962962962963,0.9642857142857143,0.9636241116594315,0.4642857142857143,,0,,0.0,0.23163576165011648,0.19263617565013527,0.752947361999529,1.0,0.09375144443331704,0.14966629547095767,1.0
0.604,13,0,14,1,0.0,0.07142857142857142,1.0,0.9285714285714286,1.0,0.962962962962963,0.9642857142857143,0.9636241116594315,0.4642857142857143,,0,,0.0,0.23163576165011648,0.19263617565013527,0.752947361999529,1.0,0.09375144443331704,0.14966629547095767,1.0
0.605,13,0,14,1,0.0,0.07142857142857142,1.0,0.9285714285714286,1.0,0.962962962962963,0.9642857142857143,0.9636241116594315,0.4642857142857143,,0,,0.0,0.23163576165011648,0.19263617565013527,0.752947361999529,1.0,0.09375144443331704,0.14966629547095767,1.0
0.606,13,0,14,1,0.0,0.07142857142857142,1.0,0.9285714285714286,1.0,0.962962962962963,0.9642857142857143,0.9636241116594315,0.4642857142857143,,0,,0.0,0.23163576165011648,0.19263617565013527,0.752947361999529,1.0,0.09375144443331704,0.14966629547095767,1.0
0.607,13,0,14,1,0.0,0.07142857142857142,1.0,0.9285714285714286,1.0,0.962962962962963,0.9642857142857143,0.9636241116594315,0.4642857142857143,,0,,0.0,0.23163576165011648,0.19263617565013527,0.752947361999529,1.0,0.09375144443331704,0.14966629547095767,1.0
0.608,13,0,14,1,0.0,0.07142857142857142,1.0,0.9285714285714286,1.0,0.962962962962963,0.9642857142857143,0.9636241116594315,0.4642857142857143,,0,,0.0,0.23163576165011648,0.19263617565013527,0.752947361999529,1.0,0.09375144443331704,0.14966629547095767,1.0
0.609,13,0,14,1,0.0,0.07142857142857142,1.0,0.9285714285714286,1.0,0.962962962962963,0.9642857142857143,0.9636241116594315,0.4642857142857143,,0,,0.0,0.23163576165011648,0.19263617565013527,0.752947361999529,1.0,0.09375144443331704,0.14966629547095767,1.0
0.61,13,0,14,1,0.0,0.07142857142857142,1.0,0.9285714285714286,1.0,0.962962962962963,0.9642857142857143,0.9636241116594315,0.4642857142857143,,0,,0.0,0.23163576165011648,0.19263617565013527,0.752947361999529,1.0,0.09375144443331704,0.14966629547095767,1.0
0.611,13,0,14,1,0.0,0.07142857142857142,1.0,0.9285714285714286,1.0,0.962962962962963,0.9642857142857143,0.9636241116594315,0.4642857142857143,,0,,0.0,0.23163576165011648,0.19263617565013527,0.752947361999529,1.0,0.09375144443331704,0.14966629547095767,1.0
0.612,13,0,14,1,0.0,0.07142857142857142,1.0,0.9285714285714286,1.0,0.962962962962963,0.9642857142857143,0.9636241116594315,0.4642857142857143,,0,,0.0,0.23163576165011648,0.19263617565013527,0.752947361999529,1.0,0.09375144443331704,0.14966629547095767,1.0
0.613,13,0,14,1,0.0,0.07142857142857142,1.0,0.9285714285714286,1.0,0.962962962962963,0.9642857142857143,0.9636241116594315,0.4642857142857143,,0,,0.0,0.23163576165011648,0.19263617565013527,0.752947361999529,1.0,0.09375144443331704,0.14966629547095767,1.0
0.614,13,0,14,1,0.0,0.07142857142857142,1.0,0.9285714285714286,1.0,0.962962962962963,0.9642857142857143,0.9636241116594315,0.4642857142857143,,0,,0.0,0.23163576165011648,0.19263617565013527,0.752947361999529,1.0,0.09375144443331704,0.14966629547095767,1.0
0.615,13,0,14,1,0.0,0.07142857142857142,1.0,0.9285714285714286,1.0,0.962962962962963,0.9642857142857143,0.9636241116594315,0.4642857142857143,,0,,0.0,0.23163576165011648,0.19263617565013527,0.752947361999529,1.0,0.09375144443331704,0.14966629547095767,1.0
0.616,13,0,14,1,0.0,0.07142857142857142,1.0,0.9285714285714286,1.0,0.962962962962963,0.9642857142857143,0.9636241116594315,0.4642857142857143,,0,,0.0,0.23163576165011648,0.19263617565013527,0.752947361999529,1.0,0.09375144443331704,0.14966629547095767,1.0
0.617,13,0,14,1,0.0,0.07142857142857142,1.0,0.9285714285714286,1.0,0.962962962962963,0.9642857142857143,0.9636241116594315,0.4642857142857143,,0,,0.0,0.23163576165011648,0.19263617565013527,0.752947361999529,1.0,0.09375144443331704,0.14966629547095767,1.0
0.618,13,0,14,1,0.0,0.07142857142857142,1.0,0.9285714285714286,1.0,0.962962962962963,0.9642857142857143,0.9636241116594315,0.4642857142857143,,0,,0.0,0.23163576165011648,0.19263617565013527,0.752947361999529,1.0,0.09375144443331704,0.14966629547095767,1.0
0.619,13,0,14,1,0.0,0.07142857142857142,1.0,0.9285714285714286,1.0,0.962962962962963,0.9642857142857143,0.9636241116594315,0.4642857142857143,,0,,0.0,0.23163576165011648,0.19263617565013527,0.752947361999529,1.0,0.09375144443331704,0.14966629547095767,1.0
0.62,13,0,14,1,0.0,0.07142857142857142,1.0,0.9285714285714286,1.0,0.962962962962963,0.9642857142857143,0.9636241116594315,0.4642857142857143,,0,,0.0,0.23163576165011648,0.19263617565013527,0.752947361999529,1.0,0.09375144443331704,0.14966629547095767,1.0
0.621,13,0,14,1,0.0,0.07142857142857142,1.0,0.9285714285714286,1.0,0.962962962962963,0.9642857142857143,0.9636241116594315,0.4642857142857143,,0,,0.0,0.23163576165011648,0.19263617565013527,0.752947361999529,1.0,0.09375144443331704,0.14966629547095767,1.0
0.622,13,0,14,1,0.0,0.07142857142857142,1.0,0.9285714285714286,1.0,0.962962962962963,0.9642857142857143,0.9636241116594315,0.4642857142857143,,0,,0.0,0.23163576165011648,0.19263617565013527,0.752947361999529,1.0,0.09375144443331704,0.14966629547095767,1.0
0.623,13,0,14,1,0.0,0.07142857142857142,1.0,0.9285714285714286,1.0,0.962962962962963,0.9642857142857143,0.9636241116594315,0.4642857142857143,,0,,0.0,0.23163576165011648,0.19263617565013527,0.752947361999529,1.0,0.09375144443331704,0.14966629547095767,1.0
0.624,13,0,14,1,0.0,0.07142857142857142,1.0,0.9285714285714286,1.0,0.962962962962963,0.9642857142857143,0.9636241116594315,0.4642857142857143,,0,,0.0,0.23163576165011648,0.19263617565013527,0.752947361999529,1.0,0.09375144443331704,0.14966629547095767,1.0
0.625,13,0,14,1,0.0,0.07142857142857142,1.0,0.9285714285714286,1.0,0.962962962962963,0.9642857142857143,0.9636241116594315,0.4642857142857143,,0,,0.0,0.23163576165011648,0.19263617565013527,0.752947361999529,1.0,0.09375144443331704,0.14966629547095767,1.0
0.626,13,0,14,1,0.0,0.07142857142857142,1.0,0.9285714285714286,1.0,0.962962962962963,0.9642857142857143,0.9636241116594315,0.4642857142857143,,0,,0.0,0.23163576165011648,0.19263617565013527,0.752947361999529,1.0,0.09375144443331704,0.14966629547095767,1.0
0.627,13,0,14,1,0.0,0.07142857142857142,1.0,0.9285714285714286,1.0,0.962962962962963,0.9642857142857143,0.9636241116594315,0.4642857142857143,,0,,0.0,0.23163576165011648,0.19263617565013527,0.752947361999529,1.0,0.09375144443331704,0.14966629547095767,1.0
0.628,13,0,14,1,0.0,0.07142857142857142,1.0,0.9285714285714286,1.0,0.962962962962963,0.9642857142857143,0.9636241116594315,0.4642857142857143,,0,,0.0,0.23163576165011648,0.19263617565013527,0.752947361999529,1.0,0.09375144443331704,0.14966629547095767,1.0
0.629,13,0,14,1,0.0,0.07142857142857142,1.0,0.9285714285714286,1.0,0.962962962962963,0.9642857142857143,0.9636241116594315,0.4642857142857143,,0,,0.0,0.23163576165011648,0.19263617565013527,0.752947361999529,1.0,0.09375144443331704,0.14966629547095767,1.0
0.63,13,0,14,1,0.0,0.07142857142857142,1.0,0.9285714285714286,1.0,0.962962962962963,0.9642857142857143,0.9636241116594315,0.4642857142857143,,0,,0.0,0.23163576165011648,0.19263617565013527,0.752947361999529,1.0,0.09375144443331704,0.14966629547095767,1.0
0.631,13,0,14,1,0.0,0.07142857142857142,1.0,0.9285714285714286,1.0,0.962962962962963,0.9642857142857143,0.9636241116594315,0.4642857142857143,,0,,0.0,0.23163576165011648,0.19263617565013527,0.752947361999529,1.0,0.09375144443331704,0.14966629547095767,1.0
0.632,13,0,14,1,0.0,0.07142857142857142,1.0,0.9285714285714286,1.0,0.962962962962963,0.9642857142857143,0.9636241116594315,0.4642857142857143,,0,,0.0,0.23163576165011648,0.19263617565013527,0.752947361999529,1.0,0.09375144443331704,0.14966629547095767,1.0
0.633,13,0,14,1,0.0,0.07142857142857142,1.0,0.9285714285714286,1.0,0.962962962962963,0.9642857142857143,0.9636241116594315,0.4642857142857143,,0,,0.0,0.23163576165011648,0.19263617565013527,0.752947361999529,1.0,0.09375144443331704,0.14966629547095767,1.0
0.634,13,0,14,1,0.0,0.07142857142857142,1.0,0.9285714285714286,1.0,0.962962962962963,0.9642857142857143,0.9636241116594315,0.4642857142857143,,0,,0.0,0.23163576165011648,0.19263617565013527,0.752947361999529,1.0,0.09375144443331704,0.14966629547095767,1.0
0.635,13,0,14,1,0.0,0.07142857142857142,1.0,0.9285714285714286,1.0,0.962962962962963,0.9642857142857143,0.9636241116594315,0.4642857142857143,,0,,0.0,0.23163576165011648,0.19263617565013527,0.752947361999529,1.0,0.09375144443331704,0.14966629547095767,1.0
0.636,13,0,14,1,0.0,0.07142857142857142,1.0,0.9285714285714286,1.0,0.962962962962963,0.9642857142857143,0.9636241116594315,0.4642857142857143,,0,,0.0,0.23163576165011648,0.19263617565013527,0.752947361999529,1.0,0.09375144443331704,0.14966629547095767,1.0
0.637,13,0,14,1,0.0,0.07142857142857142,1.0,0.9285714285714286,1.0,0.962962962962963,0.9642857142857143,0.9636241116594315,0.4642857142857143,,0,,0.0,0.23163576165011648,0.19263617565013527,0.752947361999529,1.0,0.09375144443331704,0.14966629547095767,1.0
0.638,13,0,14,1,0.0,0.07142857142857142,1.0,0.9285714285714286,1.0,0.962962962962963,0.9642857142857143,0.9636241116594315,0.4642857142857143,,0,,0.0,0.23163576165011648,0.19263617565013527,0.752947361999529,1.0,0.09375144443331704,0.14966629547095767,1.0
0.639,13,0,14,1,0.0,0.07142857142857142,1.0,0.9285714285714286,1.0,0.962962962962963,0.9642857142857143,0.9636241116594315,0.4642857142857143,,0,,0.0,0.23163576165011648,0.19263617565013527,0.752947361999529,1.0,0.09375144443331704,0.14966629547095767,1.0
0.64,13,0,14,1,0.0,0.07142857142857142,1.0,0.9285714285714286,1.0,0.962962962962963,0.9642857142857143,0.9636241116594315,0.4642857142857143,,0,,0.0,0.23163576165011648,0.19263617565013527,0.752947361999529,1.0,0.09375144443331704,0.14966629547095767,1.0
0.641,13,0,14,1,0.0,0.07142857142857142,1.0,0.9285714285714286,1.0,0.962962962962963,0.9642857142857143,0.9636241116594315,0.4642857142857143,,0,,0.0,0.23163576165011648,0.19263617565013527,0.752947361999529,1.0,0.09375144443331704,0.14966629547095767,1.0
0.642,13,0,14,1,0.0,0.07142857142857142,1.0,0.9285714285714286,1.0,0.962962962962963,0.9642857142857143,0.9636241116594315,0.4642857142857143,,0,,0.0,0.23163576165011648,0.19263617565013527,0.752947361999529,1.0,0.09375144443331704,0.14966629547095767,1.0
0.643,13,0,14,1,0.0,0.07142857142857142,1.0,0.9285714285714286,1.0,0.962962962962963,0.9642857142857143,0.9636241116594315,0.4642857142857143,,0,,0.0,0.23163576165011648,0.19263617565013527,0.752947361999529,1.0,0.09375144443331704,0.14966629547095767,1.0
0.644,13,0,14,1,0.0,0.07142857142857142,1.0,0.9285714285714286,1.0,0.962962962962963,0.9642857142857143,0.9636241116594315,0.4642857142857143,,0,,0.0,0.23163576165011648,0.19263617565013527,0.752947361999529,1.0,0.09375144443331704,0.14966629547095767,1.0
0.645,13,0,14,1,0.0,0.07142857142857142,1.0,0.9285714285714286,1.0,0.962962962962963,0.9642857142857143,0.9636241116594315,0.4642857142857143,,0,,0.0,0.23163576165011648,0.19263617565013527,0.752947361999529,1.0,0.09375144443331704,0.14966629547095767,1.0
0.646,13,0,14,1,0.0,0.07142857142857142,1.0,0.9285714285714286,1.0,0.962962962962963,0.9642857142857143,0.9636241116594315,0.4642857142857143,,0,,0.0,0.23163576165011648,0.19263617565013527,0.752947361999529,1.0,0.09375144443331704,0.14966629547095767,1.0
0.647,13,0,14,1,0.0,0.07142857142857142,1.0,0.9285714285714286,1.0,0.962962962962963,0.9642857142857143,0.9636241116594315,0.4642857142857143,,0,,0.0,0.23163576165011648,0.19263617565013527,0.752947361999529,1.0,0.09375144443331704,0.14966629547095767,1.0
0.648,13,0,14,1,0.0,0.07142857142857142,1.0,0.9285714285714286,1.0,0.962962962962963,0.9642857142857143,0.9636241116594315,0.4642857142857143,,0,,0.0,0.23163576165011648,0.19263617565013527,0.752947361999529,1.0,0.09375144443331704,0.14966629547095767,1.0
0.649,13,0,14,1,0.0,0.07142857142857142,1.0,0.9285714285714286,1.0,0.962962962962963,0.9642857142857143,0.9636241116594315,0.4642857142857143,,0,,0.0,0.23163576165011648,0.19263617565013527,0.752947361999529,1.0,0.09375144443331704,0.14966629547095767,1.0
0.65,13,0,14,1,0.0,0.07142857142857142,1.0,0.9285714285714286,1.0,0.962962962962963,0.9642857142857143,0.9636241116594315,0.4642857142857143,,0,,0.0,0.23163576165011648,0.19263617565013527,0.752947361999529,1.0,0.09375144443331704,0.14966629547095767,1.0
0.651,13,0,14,1,0.0,0.07142857142857142,1.0,0.9285714285714286,1.0,0.962962962962963,0.9642857142857143,0.9636241116594315,0.4642857142857143,,0,,0.0,0.23163576165011648,0.19263617565013527,0.752947361999529,1.0,0.09375144443331704,0.14966629547095767,1.0
0.652,13,0,14,1,0.0,0.07142857142857142,1.0,0.9285714285714286,1.0,0.962962962962963,0.9642857142857143,0.9636241116594315,0.4642857142857143,,0,,0.0,0.23163576165011648,0.19263617565013527,0.752947361999529,1.0,0.09375144443331704,0.14966629547095767,1.0
0.653,13,0,14,1,0.0,0.07142857142857142,1.0,0.9285714285714286,1.0,0.962962962962963,0.9642857142857143,0.9636241116594315,0.4642857142857143,,0,,0.0,0.23163576165011648,0.19263617565013527,0.752947361999529,1.0,0.09375144443331704,0.14966629547095767,1.0
0.654,13,0,14,1,0.0,0.07142857142857142,1.0,0.9285714285714286,1.0,0.962962962962963,0.9642857142857143,0.9636241116594315,0.4642857142857143,,0,,0.0,0.23163576165011648,0.19263617565013527,0.752947361999529,1.0,0.09375144443331704,0.14966629547095767,1.0
0.655,13,0,14,1,0.0,0.07142857142857142,1.0,0.9285714285714286,1.0,0.962962962962963,0.9642857142857143,0.9636241116594315,0.4642857142857143,,0,,0.0,0.23163576165011648,0.19263617565013527,0.752947361999529,1.0,0.09375144443331704,0.14966629547095767,1.0
0.656,13,0,14,1,0.0,0.07142857142857142,1.0,0.9285714285714286,1.0,0.962962962962963,0.9642857142857143,0.9636241116594315,0.4642857142857143,,0,,0.0,0.23163576165011648,0.19263617565013527,0.752947361999529,1.0,0.09375144443331704,0.14966629547095767,1.0
0.657,13,0,14,1,0.0,0.07142857142857142,1.0,0.9285714285714286,1.0,0.962962962962963,0.9642857142857143,0.9636241116594315,0.4642857142857143,,0,,0.0,0.23163576165011648,0.19263617565013527,0.752947361999529,1.0,0.09375144443331704,0.14966629547095767,1.0
0.658,13,0,14,1,0.0,0.07142857142857142,1.0,0.9285714285714286,1.0,0.962962962962963,0.9642857142857143,0.9636241116594315,0.4642857142857143,,0,,0.0,0.23163576165011648,0.19263617565013527,0.752947361999529,1.0,0.09375144443331704,0.14966629547095767,1.0
0.659,13,0,14,1,0.0,0.07142857142857142,1.0,0.9285714285714286,1.0,0.962962962962963,0.9642857142857143,0.9636241116594315,0.4642857142857143,,0,,0.0,0.23163576165011648,0.19263617565013527,0.752947361999529,1.0,0.09375144443331704,0.14966629547095767,1.0
0.66,13,0,14,1,0.0,0.07142857142857142,1.0,0.9285714285714286,1.0,0.962962962962963,0.9642857142857143,0.9636241116594315,0.4642857142857143,,0,,0.0,0.23163576165011648,0.19263617565013527,0.752947361999529,1.0,0.09375144443331704,0.14966629547095767,1.0
0.661,13,0,14,1,0.0,0.07142857142857142,1.0,0.9285714285714286,1.0,0.962962962962963,0.9642857142857143,0.9636241116594315,0.4642857142857143,,0,,0.0,0.23163576165011648,0.19263617565013527,0.752947361999529,1.0,0.09375144443331704,0.14966629547095767,1.0
0.662,13,0,14,1,0.0,0.07142857142857142,1.0,0.9285714285714286,1.0,0.962962962962963,0.9642857142857143,0.9636241116594315,0.4642857142857143,,0,,0.0,0.23163576165011648,0.19263617565013527,0.752947361999529,1.0,0.09375144443331704,0.14966629547095767,1.0
0.663,13,0,14,1,0.0,0.07142857142857142,1.0,0.9285714285714286,1.0,0.962962962962963,0.9642857142857143,0.9636241116594315,0.4642857142857143,,0,,0.0,0.23163576165011648,0.19263617565013527,0.752947361999529,1.0,0.09375144443331704,0.14966629547095767,1.0
0.664,13,0,14,1,0.0,0.07142857142857142,1.0,0.9285714285714286,1.0,0.962962962962963,0.9642857142857143,0.9636241116594315,0.4642857142857143,,0,,0.0,0.23163576165011648,0.19263617565013527,0.752947361999529,1.0,0.09375144443331704,0.14966629547095767,1.0
0.665,13,0,14,1,0.0,0.07142857142857142,1.0,0.9285714285714286,1.0,0.962962962962963,0.9642857142857143,0.9636241116594315,0.4642857142857143,,0,,0.0,0.23163576165011648,0.19263617565013527,0.752947361999529,1.0,0.09375144443331704,0.14966629547095767,1.0
0.666,13,0,14,1,0.0,0.07142857142857142,1.0,0.9285714285714286,1.0,0.962962962962963,0.9642857142857143,0.9636241116594315,0.4642857142857143,,0,,0.0,0.23163576165011648,0.19263617565013527,0.752947361999529,1.0,0.09375144443331704,0.14966629547095767,1.0
0.667,13,0,14,1,0.0,0.07142857142857142,1.0,0.9285714285714286,1.0,0.962962962962963,0.9642857142857143,0.9636241116594315,0.4642857142857143,,0,,0.0,0.23163576165011648,0.19263617565013527,0.752947361999529,1.0,0.09375144443331704,0.14966629547095767,1.0
0.668,13,0,14,1,0.0,0.07142857142857142,1.0,0.9285714285714286,1.0,0.962962962962963,0.9642857142857143,0.9636241116594315,0.4642857142857143,,0,,0.0,0.23163576165011648,0.19263617565013527,0.752947361999529,1.0,0.09375144443331704,0.14966629547095767,1.0
0.669,13,0,14,1,0.0,0.07142857142857142,1.0,0.9285714285714286,1.0,0.962962962962963,0.9642857142857143,0.9636241116594315,0.4642857142857143,,0,,0.0,0.23163576165011648,0.19263617565013527,0.752947361999529,1.0,0.09375144443331704,0.14966629547095767,1.0
0.67,13,0,14,1,0.0,0.07142857142857142,1.0,0.9285714285714286,1.0,0.962962962962963,0.9642857142857143,0.9636241116594315,0.4642857142857143,,0,,0.0,0.23163576165011648,0.19263617565013527,0.752947361999529,1.0,0.09375144443331704,0.14966629547095767,1.0
0.671,13,0,14,1,0.0,0.07142857142857142,1.0,0.9285714285714286,1.0,0.962962962962963,0.9642857142857143,0.9636241116594315,0.4642857142857143,,0,,0.0,0.23163576165011648,0.19263617565013527,0.752947361999529,1.0,0.09375144443331704,0.14966629547095767,1.0
0.672,13,0,14,1,0.0,0.07142857142857142,1.0,0.9285714285714286,1.0,0.962962962962963,0.9642857142857143,0.9636241116594315,0.4642857142857143,,0,,0.0,0.23163576165011648,0.19263617565013527,0.752947361999529,1.0,0.09375144443331704,0.14966629547095767,1.0
0.673,13,0,14,1,0.0,0.07142857142857142,1.0,0.9285714285714286,1.0,0.962962962962963,0.9642857142857143,0.9636241116594315,0.4642857142857143,,0,,0.0,0.23163576165011648,0.19263617565013527,0.752947361999529,1.0,0.09375144443331704,0.14966629547095767,1.0
0.674,13,0,14,1,0.0,0.07142857142857142,1.0,0.9285714285714286,1.0,0.962962962962963,0.9642857142857143,0.9636241116594315,0.4642857142857143,,0,,0.0,0.23163576165011648,0.19263617565013527,0.752947361999529,1.0,0.09375144443331704,0.14966629547095767,1.0
0.675,13,0,14,1,0.0,0.07142857142857142,1.0,0.9285714285714286,1.0,0.962962962962963,0.9642857142857143,0.9636241116594315,0.4642857142857143,,0,,0.0,0.23163576165011648,0.19263617565013527,0.752947361999529,1.0,0.09375144443331704,0.14966629547095767,1.0
0.676,13,0,14,1,0.0,0.07142857142857142,1.0,0.9285714285714286,1.0,0.962962962962963,0.9642857142857143,0.9636241116594315,0.4642857142857143,,0,,0.0,0.23163576165011648,0.19263617565013527,0.752947361999529,1.0,0.09375144443331704,0.14966629547095767,1.0
0.677,13,0,14,1,0.0,0.07142857142857142,1.0,0.9285714285714286,1.0,0.962962962962963,0.9642857142857143,0.9636241116594315,0.4642857142857143,,0,,0.0,0.23163576165011648,0.19263617565013527,0.752947361999529,1.0,0.09375144443331704,0.14966629547095767,1.0
0.678,13,0,14,1,0.0,0.07142857142857142,1.0,0.9285714285714286,1.0,0.962962962962963,0.9642857142857143,0.9636241116594315,0.4642857142857143,,0,,0.0,0.23163576165011648,0.19263617565013527,0.752947361999529,1.0,0.09375144443331704,0.14966629547095767,1.0
0.679,13,0,14,1,0.0,0.07142857142857142,1.0,0.9285714285714286,1.0,0.962962962962963,0.9642857142857143,0.9636241116594315,0.4642857142857143,,0,,0.0,0.23163576165011648,0.19263617565013527,0.752947361999529,1.0,0.09375144443331704,0.14966629547095767,1.0
0.68,13,0,14,1,0.0,0.07142857142857142,1.0,0.9285714285714286,1.0,0.962962962962963,0.9642857142857143,0.9636241116594315,0.4642857142857143,,0,,0.0,0.23163576165011648,0.19263617565013527,0.752947361999529,1.0,0.09375144443331704,0.14966629547095767,1.0
0.681,13,0,14,1,0.0,0.07142857142857142,1.0,0.9285714285714286,1.0,0.962962962962963,0.9642857142857143,0.9636241116594315,0.4642857142857143,,0,,0.0,0.23163576165011648,0.19263617565013527,0.752947361999529,1.0,0.09375144443331704,0.14966629547095767,1.0
0.682,13,0,14,1,0.0,0.07142857142857142,1.0,0.9285714285714286,1.0,0.962962962962963,0.9642857142857143,0.9636241116594315,0.4642857142857143,,0,,0.0,0.23163576165011648,0.19263617565013527,0.752947361999529,1.0,0.09375144443331704,0.14966629547095767,1.0
0.683,13,0,14,1,0.0,0.07142857142857142,1.0,0.9285714285714286,1.0,0.962962962962963,0.9642857142857143,0.9636241116594315,0.4642857142857143,,0,,0.0,0.23163576165011648,0.19263617565013527,0.752947361999529,1.0,0.09375144443331704,0.14966629547095767,1.0
0.684,13,0,14,1,0.0,0.07142857142857142,1.0,0.9285714285714286,1.0,0.962962962962963,0.9642857142857143,0.9636241116594315,0.4642857142857143,,0,,0.0,0.23163576165011648,0.19263617565013527,0.752947361999529,1.0,0.09375144443331704,0.14966629547095767,1.0
0.685,13,0,14,1,0.0,0.07142857142857142,1.0,0.9285714285714286,1.0,0.962962962962963,0.9642857142857143,0.9636241116594315,0.4642857142857143,,0,,0.0,0.23163576165011648,0.19263617565013527,0.752947361999529,1.0,0.09375144443331704,0.14966629547095767,1.0
0.686,13,0,14,1,0.0,0.07142857142857142,1.0,0.9285714285714286,1.0,0.962962962962963,0.9642857142857143,0.9636241116594315,0.4642857142857143,,0,,0.0,0.23163576165011648,0.19263617565013527,0.752947361999529,1.0,0.09375144443331704,0.14966629547095767,1.0
0.687,13,0,14,1,0.0,0.07142857142857142,1.0,0.9285714285714286,1.0,0.962962962962963,0.9642857142857143,0.9636241116594315,0.4642857142857143,,0,,0.0,0.23163576165011648,0.19263617565013527,0.752947361999529,1.0,0.09375144443331704,0.14966629547095767,1.0
0.688,13,0,14,1,0.0,0.07142857142857142,1.0,0.9285714285714286,1.0,0.962962962962963,0.9642857142857143,0.9636241116594315,0.4642857142857143,,0,,0.0,0.23163576165011648,0.19263617565013527,0.752947361999529,1.0,0.09375144443331704,0.14966629547095767,1.0
0.689,13,0,14,1,0.0,0.07142857142857142,1.0,0.9285714285714286,1.0,0.962962962962963,0.9642857142857143,0.9636241116594315,0.4642857142857143,,0,,0.0,0.23163576165011648,0.19263617565013527,0.752947361999529,1.0,0.09375144443331704,0.14966629547095767,1.0
0.69,13,0,14,1,0.0,0.07142857142857142,1.0,0.9285714285714286,1.0,0.962962962962963,0.9642857142857143,0.9636241116594315,0.4642857142857143,,0,,0.0,0.23163576165011648,0.19263617565013527,0.752947361999529,1.0,0.09375144443331704,0.14966629547095767,1.0
0.691,13,0,14,1,0.0,0.07142857142857142,1.0,0.9285714285714286,1.0,0.962962962962963,0.9642857142857143,0.9636241116594315,0.4642857142857143,,0,,0.0,0.23163576165011648,0.19263617565013527,0.752947361999529,1.0,0.09375144443331704,0.14966629547095767,1.0
0.6916665,13,0,14,1,0.0,0.07142857142857142,1.0,0.9285714285714286,1.0,0.962962962962963,0.9642857142857143,0.9636241116594315,0.4642857142857143,,0,,0.0,0.23163576165011648,0.19263617565013527,0.752947361999529,1.0,0.09375144443331704,0.14966629547095767,1.0
0.692,13,0,14,1,0.0,0.07142857142857142,1.0,0.9285714285714286,1.0,0.962962962962963,0.9642857142857143,0.9636241116594315,0.4642857142857143,,0,,0.0,0.23163576165011648,0.19263617565013527,0.752947361999529,1.0,0.09375144443331704,0.14966629547095767,1.0
0.693,13,0,14,1,0.0,0.07142857142857142,1.0,0.9285714285714286,1.0,0.962962962962963,0.9642857142857143,0.9636241116594315,0.4642857142857143,,0,,0.0,0.23163576165011648,0.19263617565013527,0.752947361999529,1.0,0.09375144443331704,0.14966629547095767,1.0
0.694,13,0,14,1,0.0,0.07142857142857142,1.0,0.9285714285714286,1.0,0.962962962962963,0.9642857142857143,0.9636241116594315,0.4642857142857143,,0,,0.0,0.23163576165011648,0.19263617565013527,0.752947361999529,1.0,0.09375144443331704,0.14966629547095767,1.0
0.695,13,0,14,1,0.0,0.07142857142857142,1.0,0.9285714285714286,1.0,0.962962962962963,0.9642857142857143,0.9636241116594315,0.4642857142857143,,0,,0.0,0.23163576165011648,0.19263617565013527,0.752947361999529,1.0,0.09375144443331704,0.14966629547095767,1.0
0.696,13,0,14,1,0.0,0.07142857142857142,1.0,0.9285714285714286,1.0,0.962962962962963,0.9642857142857143,0.9636241116594315,0.4642857142857143,,0,,0.0,0.23163576165011648,0.19263617565013527,0.752947361999529,1.0,0.09375144443331704,0.14966629547095767,1.0
0.697,13,0,14,1,0.0,0.07142857142857142,1.0,0.9285714285714286,1.0,0.962962962962963,0.9642857142857143,0.9636241116594315,0.4642857142857143,,0,,0.0,0.23163576165011648,0.19263617565013527,0.752947361999529,1.0,0.09375144443331704,0.14966629547095767,1.0
0.698,13,0,14,1,0.0,0.07142857142857142,1.0,0.9285714285714286,1.0,0.962962962962963,0.9642857142857143,0.9636241116594315,0.4642857142857143,,0,,0.0,0.23163576165011648,0.19263617565013527,0.752947361999529,1.0,0.09375144443331704,0.14966629547095767,1.0
0.699,13,0,14,1,0.0,0.07142857142857142,1.0,0.9285714285714286,1.0,0.962962962962963,0.9642857142857143,0.9636241116594315,0.4642857142857143,,0,,0.0,0.23163576165011648,0.19263617565013527,0.752947361999529,1.0,0.09375144443331704,0.14966629547095767,1.0
0.7,13,0,14,1,0.0,0.07142857142857142,1.0,0.9285714285714286,1.0,0.962962962962963,0.9642857142857143,0.9636241116594315,0.4642857142857143,,0,,0.0,0.23163576165011648,0.19263617565013527,0.752947361999529,1.0,0.09375144443331704,0.14966629547095767,1.0
0.701,13,0,14,1,0.0,0.07142857142857142,1.0,0.9285714285714286,1.0,0.962962962962963,0.9642857142857143,0.9636241116594315,0.4642857142857143,,0,,0.0,0.23163576165011648,0.19263617565013527,0.752947361999529,1.0,0.09375144443331704,0.14966629547095767,1.0
0.702,13,0,14,1,0.0,0.07142857142857142,1.0,0.9285714285714286,1.0,0.962962962962963,0.9642857142857143,0.9636241116594315,0.4642857142857143,,0,,0.0,0.23163576165011648,0.19263617565013527,0.752947361999529,1.0,0.09375144443331704,0.14966629547095767,1.0
0.703,13,0,14,1,0.0,0.07142857142857142,1.0,0.9285714285714286,1.0,0.962962962962963,0.9642857142857143,0.9636241116594315,0.4642857142857143,,0,,0.0,0.23163576165011648,0.19263617565013527,0.752947361999529,1.0,0.09375144443331704,0.14966629547095767,1.0
0.704,13,0,14,1,0.0,0.07142857142857142,1.0,0.9285714285714286,1.0,0.962962962962963,0.9642857142857143,0.9636241116594315,0.4642857142857143,,0,,0.0,0.23163576165011648,0.19263617565013527,0.752947361999529,1.0,0.09375144443331704,0.14966629547095767,1.0
0.705,13,0,14,1,0.0,0.07142857142857142,1.0,0.9285714285714286,1.0,0.962962962962963,0.9642857142857143,0.9636241116594315,0.4642857142857143,,0,,0.0,0.23163576165011648,0.19263617565013527,0.752947361999529,1.0,0.09375144443331704,0.14966629547095767,1.0
0.706,13,0,14,1,0.0,0.07142857142857142,1.0,0.9285714285714286,1.0,0.962962962962963,0.9642857142857143,0.9636241116594315,0.4642857142857143,,0,,0.0,0.23163576165011648,0.19263617565013527,0.752947361999529,1.0,0.09375144443331704,0.14966629547095767,1.0
0.707,13,0,14,1,0.0,0.07142857142857142,1.0,0.9285714285714286,1.0,0.962962962962963,0.9642857142857143,0.9636241116594315,0.4642857142857143,,0,,0.0,0.23163576165011648,0.19263617565013527,0.752947361999529,1.0,0.09375144443331704,0.14966629547095767,1.0
0.708,13,0,14,1,0.0,0.07142857142857142,1.0,0.9285714285714286,1.0,0.962962962962963,0.9642857142857143,0.9636241116594315,0.4642857142857143,,0,,0.0,0.23163576165011648,0.19263617565013527,0.752947361999529,1.0,0.09375144443331704,0.14966629547095767,1.0
0.709,13,0,14,1,0.0,0.07142857142857142,1.0,0.9285714285714286,1.0,0.962962962962963,0.9642857142857143,0.9636241116594315,0.4642857142857143,,0,,0.0,0.23163576165011648,0.19263617565013527,0.752947361999529,1.0,0.09375144443331704,0.14966629547095767,1.0
0.71,13,0,14,1,0.0,0.07142857142857142,1.0,0.9285714285714286,1.0,0.962962962962963,0.9642857142857143,0.9636241116594315,0.4642857142857143,,0,,0.0,0.23163576165011648,0.19263617565013527,0.752947361999529,1.0,0.09375144443331704,0.14966629547095767,1.0
0.711,13,0,14,1,0.0,0.07142857142857142,1.0,0.9285714285714286,1.0,0.962962962962963,0.9642857142857143,0.9636241116594315,0.4642857142857143,,0,,0.0,0.23163576165011648,0.19263617565013527,0.752947361999529,1.0,0.09375144443331704,0.14966629547095767,1.0
0.712,13,0,14,1,0.0,0.07142857142857142,1.0,0.9285714285714286,1.0,0.962962962962963,0.9642857142857143,0.9636241116594315,0.4642857142857143,,0,,0.0,0.23163576165011648,0.19263617565013527,0.752947361999529,1.0,0.09375144443331704,0.14966629547095767,1.0
0.713,13,0,14,1,0.0,0.07142857142857142,1.0,0.9285714285714286,1.0,0.962962962962963,0.9642857142857143,0.9636241116594315,0.4642857142857143,,0,,0.0,0.23163576165011648,0.19263617565013527,0.752947361999529,1.0,0.09375144443331704,0.14966629547095767,1.0
0.714,13,0,14,1,0.0,0.07142857142857142,1.0,0.9285714285714286,1.0,0.962962962962963,0.9642857142857143,0.9636241116594315,0.4642857142857143,,0,,0.0,0.23163576165011648,0.19263617565013527,0.752947361999529,1.0,0.09375144443331704,0.14966629547095767,1.0
0.715,13,0,14,1,0.0,0.07142857142857142,1.0,0.9285714285714286,1.0,0.962962962962963,0.9642857142857143,0.9636241116594315,0.4642857142857143,,0,,0.0,0.23163576165011648,0.19263617565013527,0.752947361999529,1.0,0.09375144443331704,0.14966629547095767,1.0
0.716,13,0,14,1,0.0,0.07142857142857142,1.0,0.9285714285714286,1.0,0.962962962962963,0.9642857142857143,0.9636241116594315,0.4642857142857143,,0,,0.0,0.23163576165011648,0.19263617565013527,0.752947361999529,1.0,0.09375144443331704,0.14966629547095767,1.0
0.717,13,0,14,1,0.0,0.07142857142857142,1.0,0.9285714285714286,1.0,0.962962962962963,0.9642857142857143,0.9636241116594315,0.4642857142857143,,0,,0.0,0.23163576165011648,0.19263617565013527,0.752947361999529,1.0,0.09375144443331704,0.14966629547095767,1.0
0.718,13,0,14,1,0.0,0.07142857142857142,1.0,0.9285714285714286,1.0,0.962962962962963,0.9642857142857143,0.9636241116594315,0.4642857142857143,,0,,0.0,0.23163576165011648,0.19263617565013527,0.752947361999529,1.0,0.09375144443331704,0.14966629547095767,1.0
0.719,13,0,14,1,0.0,0.07142857142857142,1.0,0.9285714285714286,1.0,0.962962962962963,0.9642857142857143,0.9636241116594315,0.4642857142857143,,0,,0.0,0.23163576165011648,0.19263617565013527,0.752947361999529,1.0,0.09375144443331704,0.14966629547095767,1.0
0.72,13,0,14,1,0.0,0.07142857142857142,1.0,0.9285714285714286,1.0,0.962962962962963,0.9642857142857143,0.9636241116594315,0.4642857142857143,,0,,0.0,0.23163576165011648,0.19263617565013527,0.752947361999529,1.0,0.09375144443331704,0.14966629547095767,1.0
0.721,13,0,14,1,0.0,0.07142857142857142,1.0,0.9285714285714286,1.0,0.962962962962963,0.9642857142857143,0.9636241116594315,0.4642857142857143,,0,,0.0,0.23163576165011648,0.19263617565013527,0.752947361999529,1.0,0.09375144443331704,0.14966629547095767,1.0
0.722,13,0,14,1,0.0,0.07142857142857142,1.0,0.9285714285714286,1.0,0.962962962962963,0.9642857142857143,0.9636241116594315,0.4642857142857143,,0,,0.0,0.23163576165011648,0.19263617565013527,0.752947361999529,1.0,0.09375144443331704,0.14966629547095767,1.0
0.723,13,0,14,1,0.0,0.07142857142857142,1.0,0.9285714285714286,1.0,0.962962962962963,0.9642857142857143,0.9636241116594315,0.4642857142857143,,0,,0.0,0.23163576165011648,0.19263617565013527,0.752947361999529,1.0,0.09375144443331704,0.14966629547095767,1.0
0.724,13,0,14,1,0.0,0.07142857142857142,1.0,0.9285714285714286,1.0,0.962962962962963,0.9642857142857143,0.9636241116594315,0.4642857142857143,,0,,0.0,0.23163576165011648,0.19263617565013527,0.752947361999529,1.0,0.09375144443331704,0.14966629547095767,1.0
0.725,13,0,14,1,0.0,0.07142857142857142,1.0,0.9285714285714286,1.0,0.962962962962963,0.9642857142857143,0.9636241116594315,0.4642857142857143,,0,,0.0,0.23163576165011648,0.19263617565013527,0.752947361999529,1.0,0.09375144443331704,0.14966629547095767,1.0
0.726,13,0,14,1,0.0,0.07142857142857142,1.0,0.9285714285714286,1.0,0.962962962962963,0.9642857142857143,0.9636241116594315,0.4642857142857143,,0,,0.0,0.23163576165011648,0.19263617565013527,0.752947361999529,1.0,0.09375144443331704,0.14966629547095767,1.0
0.727,13,0,14,1,0.0,0.07142857142857142,1.0,0.9285714285714286,1.0,0.962962962962963,0.9642857142857143,0.9636241116594315,0.4642857142857143,,0,,0.0,0.23163576165011648,0.19263617565013527,0.752947361999529,1.0,0.09375144443331704,0.14966629547095767,1.0
0.728,13,0,14,1,0.0,0.07142857142857142,1.0,0.9285714285714286,1.0,0.962962962962963,0.9642857142857143,0.9636241116594315,0.4642857142857143,,0,,0.0,0.23163576165011648,0.19263617565013527,0.752947361999529,1.0,0.09375144443331704,0.14966629547095767,1.0
0.729,13,0,14,1,0.0,0.07142857142857142,1.0,0.9285714285714286,1.0,0.962962962962963,0.9642857142857143,0.9636241116594315,0.4642857142857143,,0,,0.0,0.23163576165011648,0.19263617565013527,0.752947361999529,1.0,0.09375144443331704,0.14966629547095767,1.0
0.73,13,0,14,1,0.0,0.07142857142857142,1.0,0.9285714285714286,1.0,0.962962962962963,0.9642857142857143,0.9636241116594315,0.4642857142857143,,0,,0.0,0.23163576165011648,0.19263617565013527,0.752947361999529,1.0,0.09375144443331704,0.14966629547095767,1.0
0.731,13,0,14,1,0.0,0.07142857142857142,1.0,0.9285714285714286,1.0,0.962962962962963,0.9642857142857143,0.9636241116594315,0.4642857142857143,,0,,0.0,0.23163576165011648,0.19263617565013527,0.752947361999529,1.0,0.09375144443331704,0.14966629547095767,1.0
0.732,13,0,14,1,0.0,0.07142857142857142,1.0,0.9285714285714286,1.0,0.962962962962963,0.9642857142857143,0.9636241116594315,0.4642857142857143,,0,,0.0,0.23163576165011648,0.19263617565013527,0.752947361999529,1.0,0.09375144443331704,0.14966629547095767,1.0
0.733,13,0,14,1,0.0,0.07142857142857142,1.0,0.9285714285714286,1.0,0.962962962962963,0.9642857142857143,0.9636241116594315,0.4642857142857143,,0,,0.0,0.23163576165011648,0.19263617565013527,0.752947361999529,1.0,0.09375144443331704,0.14966629547095767,1.0
0.734,13,0,14,1,0.0,0.07142857142857142,1.0,0.9285714285714286,1.0,0.962962962962963,0.9642857142857143,0.9636241116594315,0.4642857142857143,,0,,0.0,0.23163576165011648,0.19263617565013527,0.752947361999529,1.0,0.09375144443331704,0.14966629547095767,1.0
0.735,13,0,14,1,0.0,0.07142857142857142,1.0,0.9285714285714286,1.0,0.962962962962963,0.9642857142857143,0.9636241116594315,0.4642857142857143,,0,,0.0,0.23163576165011648,0.19263617565013527,0.752947361999529,1.0,0.09375144443331704,0.14966629547095767,1.0
0.736,13,0,14,1,0.0,0.07142857142857142,1.0,0.9285714285714286,1.0,0.962962962962963,0.9642857142857143,0.9636241116594315,0.4642857142857143,,0,,0.0,0.23163576165011648,0.19263617565013527,0.752947361999529,1.0,0.09375144443331704,0.14966629547095767,1.0
0.737,13,0,14,1,0.0,0.07142857142857142,1.0,0.9285714285714286,1.0,0.962962962962963,0.9642857142857143,0.9636241116594315,0.4642857142857143,,0,,0.0,0.23163576165011648,0.19263617565013527,0.752947361999529,1.0,0.09375144443331704,0.14966629547095767,1.0
0.738,13,0,14,1,0.0,0.07142857142857142,1.0,0.9285714285714286,1.0,0.962962962962963,0.9642857142857143,0.9636241116594315,0.4642857142857143,,0,,0.0,0.23163576165011648,0.19263617565013527,0.752947361999529,1.0,0.09375144443331704,0.14966629547095767,1.0
0.739,13,0,14,1,0.0,0.07142857142857142,1.0,0.9285714285714286,1.0,0.962962962962963,0.9642857142857143,0.9636241116594315,0.4642857142857143,,0,,0.0,0.23163576165011648,0.19263617565013527,0.752947361999529,1.0,0.09375144443331704,0.14966629547095767,1.0
0.74,13,0,14,1,0.0,0.07142857142857142,1.0,0.9285714285714286,1.0,0.962962962962963,0.9642857142857143,0.9636241116594315,0.4642857142857143,,0,,0.0,0.23163576165011648,0.19263617565013527,0.752947361999529,1.0,0.09375144443331704,0.14966629547095767,1.0
0.741,13,0,14,1,0.0,0.07142857142857142,1.0,0.9285714285714286,1.0,0.962962962962963,0.9642857142857143,0.9636241116594315,0.4642857142857143,,0,,0.0,0.23163576165011648,0.19263617565013527,0.752947361999529,1.0,0.09375144443331704,0.14966629547095767,1.0
0.742,13,0,14,1,0.0,0.07142857142857142,1.0,0.9285714285714286,1.0,0.962962962962963,0.9642857142857143,0.9636241116594315,0.4642857142857143,,0,,0.0,0.23163576165011648,0.19263617565013527,0.752947361999529,1.0,0.09375144443331704,0.14966629547095767,1.0
0.743,13,0,14,1,0.0,0.07142857142857142,1.0,0.9285714285714286,1.0,0.962962962962963,0.9642857142857143,0.9636241116594315,0.4642857142857143,,0,,0.0,0.23163576165011648,0.19263617565013527,0.752947361999529,1.0,0.09375144443331704,0.14966629547095767,1.0
0.744,13,0,14,1,0.0,0.07142857142857142,1.0,0.9285714285714286,1.0,0.962962962962963,0.9642857142857143,0.9636241116594315,0.4642857142857143,,0,,0.0,0.23163576165011648,0.19263617565013527,0.752947361999529,1.0,0.09375144443331704,0.14966629547095767,1.0
0.745,13,0,14,1,0.0,0.07142857142857142,1.0,0.9285714285714286,1.0,0.962962962962963,0.9642857142857143,0.9636241116594315,0.4642857142857143,,0,,0.0,0.23163576165011648,0.19263617565013527,0.752947361999529,1.0,0.09375144443331704,0.14966629547095767,1.0
0.746,13,0,14,1,0.0,0.07142857142857142,1.0,0.9285714285714286,1.0,0.962962962962963,0.9642857142857143,0.9636241116594315,0.4642857142857143,,0,,0.0,0.23163576165011648,0.19263617565013527,0.752947361999529,1.0,0.09375144443331704,0.14966629547095767,1.0
0.747,13,0,14,1,0.0,0.07142857142857142,1.0,0.9285714285714286,1.0,0.962962962962963,0.9642857142857143,0.9636241116594315,0.4642857142857143,,0,,0.0,0.23163576165011648,0.19263617565013527,0.752947361999529,1.0,0.09375144443331704,0.14966629547095767,1.0
0.748,13,0,14,1,0.0,0.07142857142857142,1.0,0.9285714285714286,1.0,0.962962962962963,0.9642857142857143,0.9636241116594315,0.4642857142857143,,0,,0.0,0.23163576165011648,0.19263617565013527,0.752947361999529,1.0,0.09375144443331704,0.14966629547095767,1.0
0.749,13,0,14,1,0.0,0.07142857142857142,1.0,0.9285714285714286,1.0,0.962962962962963,0.9642857142857143,0.9636241116594315,0.4642857142857143,,0,,0.0,0.23163576165011648,0.19263617565013527,0.752947361999529,1.0,0.09375144443331704,0.14966629547095767,1.0
0.75,13,0,14,1,0.0,0.07142857142857142,1.0,0.9285714285714286,1.0,0.962962962962963,0.9642857142857143,0.9636241116594315,0.4642857142857143,,0,,0.0,0.23163576165011648,0.19263617565013527,0.752947361999529,1.0,0.09375144443331704,0.14966629547095767,1.0
0.751,13,0,14,1,0.0,0.07142857142857142,1.0,0.9285714285714286,1.0,0.962962962962963,0.9642857142857143,0.9636241116594315,0.4642857142857143,,0,,0.0,0.23163576165011648,0.19263617565013527,0.752947361999529,1.0,0.09375144443331704,0.14966629547095767,1.0
0.752,13,0,14,1,0.0,0.07142857142857142,1.0,0.9285714285714286,1.0,0.962962962962963,0.9642857142857143,0.9636241116594315,0.4642857142857143,,0,,0.0,0.23163576165011648,0.19263617565013527,0.752947361999529,1.0,0.09375144443331704,0.14966629547095767,1.0
0.753,13,0,14,1,0.0,0.07142857142857142,1.0,0.9285714285714286,1.0,0.962962962962963,0.9642857142857143,0.9636241116594315,0.4642857142857143,,0,,0.0,0.23163576165011648,0.19263617565013527,0.752947361999529,1.0,0.09375144443331704,0.14966629547095767,1.0
0.754,13,0,14,1,0.0,0.07142857142857142,1.0,0.9285714285714286,1.0,0.962962962962963,0.9642857142857143,0.9636241116594315,0.4642857142857143,,0,,0.0,0.23163576165011648,0.19263617565013527,0.752947361999529,1.0,0.09375144443331704,0.14966629547095767,1.0
0.755,13,0,14,1,0.0,0.07142857142857142,1.0,0.9285714285714286,1.0,0.962962962962963,0.9642857142857143,0.9636241116594315,0.4642857142857143,,0,,0.0,0.23163576165011648,0.19263617565013527,0.752947361999529,1.0,0.09375144443331704,0.14966629547095767,1.0
0.756,13,0,14,1,0.0,0.07142857142857142,1.0,0.9285714285714286,1.0,0.962962962962963,0.9642857142857143,0.9636241116594315,0.4642857142857143,,0,,0.0,0.23163576165011648,0.19263617565013527,0.752947361999529,1.0,0.09375144443331704,0.14966629547095767,1.0
0.757,13,0,14,1,0.0,0.07142857142857142,1.0,0.9285714285714286,1.0,0.962962962962963,0.9642857142857143,0.9636241116594315,0.4642857142857143,,0,,0.0,0.23163576165011648,0.19263617565013527,0.752947361999529,1.0,0.09375144443331704,0.14966629547095767,1.0
0.758,13,0,14,1,0.0,0.07142857142857142,1.0,0.9285714285714286,1.0,0.962962962962963,0.9642857142857143,0.9636241116594315,0.4642857142857143,,0,,0.0,0.23163576165011648,0.19263617565013527,0.752947361999529,1.0,0.09375144443331704,0.14966629547095767,1.0
0.759,13,0,14,1,0.0,0.07142857142857142,1.0,0.9285714285714286,1.0,0.962962962962963,0.9642857142857143,0.9636241116594315,0.4642857142857143,,0,,0.0,0.23163576165011648,0.19263617565013527,0.752947361999529,1.0,0.09375144443331704,0.14966629547095767,1.0
0.76,13,0,14,1,0.0,0.07142857142857142,1.0,0.9285714285714286,1.0,0.962962962962963,0.9642857142857143,0.9636241116594315,0.4642857142857143,,0,,0.0,0.23163576165011648,0.19263617565013527,0.752947361999529,1.0,0.09375144443331704,0.14966629547095767,1.0
0.761,13,0,14,1,0.0,0.07142857142857142,1.0,0.9285714285714286,1.0,0.962962962962963,0.9642857142857143,0.9636241116594315,0.4642857142857143,,0,,0.0,0.23163576165011648,0.19263617565013527,0.752947361999529,1.0,0.09375144443331704,0.14966629547095767,1.0
0.762,13,0,14,1,0.0,0.07142857142857142,1.0,0.9285714285714286,1.0,0.962962962962963,0.9642857142857143,0.9636241116594315,0.4642857142857143,,0,,0.0,0.23163576165011648,0.19263617565013527,0.752947361999529,1.0,0.09375144443331704,0.14966629547095767,1.0
0.763,13,0,14,1,0.0,0.07142857142857142,1.0,0.9285714285714286,1.0,0.962962962962963,0.9642857142857143,0.9636241116594315,0.4642857142857143,,0,,0.0,0.23163576165011648,0.19263617565013527,0.752947361999529,1.0,0.09375144443331704,0.14966629547095767,1.0
0.764,13,0,14,1,0.0,0.07142857142857142,1.0,0.9285714285714286,1.0,0.962962962962963,0.9642857142857143,0.9636241116594315,0.4642857142857143,,0,,0.0,0.23163576165011648,0.19263617565013527,0.752947361999529,1.0,0.09375144443331704,0.14966629547095767,1.0
0.765,13,0,14,1,0.0,0.07142857142857142,1.0,0.9285714285714286,1.0,0.962962962962963,0.9642857142857143,0.9636241116594315,0.4642857142857143,,0,,0.0,0.23163576165011648,0.19263617565013527,0.752947361999529,1.0,0.09375144443331704,0.14966629547095767,1.0
0.766,13,0,14,1,0.0,0.07142857142857142,1.0,0.9285714285714286,1.0,0.962962962962963,0.9642857142857143,0.9636241116594315,0.4642857142857143,,0,,0.0,0.23163576165011648,0.19263617565013527,0.752947361999529,1.0,0.09375144443331704,0.14966629547095767,1.0
0.767,13,0,14,1,0.0,0.07142857142857142,1.0,0.9285714285714286,1.0,0.962962962962963,0.9642857142857143,0.9636241116594315,0.4642857142857143,,0,,0.0,0.23163576165011648,0.19263617565013527,0.752947361999529,1.0,0.09375144443331704,0.14966629547095767,1.0
0.768,13,0,14,1,0.0,0.07142857142857142,1.0,0.9285714285714286,1.0,0.962962962962963,0.9642857142857143,0.9636241116594315,0.4642857142857143,,0,,0.0,0.23163576165011648,0.19263617565013527,0.752947361999529,1.0,0.09375144443331704,0.14966629547095767,1.0
0.769,13,0,14,1,0.0,0.07142857142857142,1.0,0.9285714285714286,1.0,0.962962962962963,0.9642857142857143,0.9636241116594315,0.4642857142857143,,0,,0.0,0.23163576165011648,0.19263617565013527,0.752947361999529,1.0,0.09375144443331704,0.14966629547095767,1.0
0.77,13,0,14,1,0.0,0.07142857142857142,1.0,0.9285714285714286,1.0,0.962962962962963,0.9642857142857143,0.9636241116594315,0.4642857142857143,,0,,0.0,0.23163576165011648,0.19263617565013527,0.752947361999529,1.0,0.09375144443331704,0.14966629547095767,1.0
0.771,13,0,14,1,0.0,0.07142857142857142,1.0,0.9285714285714286,1.0,0.962962962962963,0.9642857142857143,0.9636241116594315,0.4642857142857143,,0,,0.0,0.23163576165011648,0.19263617565013527,0.752947361999529,1.0,0.09375144443331704,0.14966629547095767,1.0
0.772,13,0,14,1,0.0,0.07142857142857142,1.0,0.9285714285714286,1.0,0.962962962962963,0.9642857142857143,0.9636241116594315,0.4642857142857143,,0,,0.0,0.23163576165011648,0.19263617565013527,0.752947361999529,1.0,0.09375144443331704,0.14966629547095767,1.0
0.773,13,0,14,1,0.0,0.07142857142857142,1.0,0.9285714285714286,1.0,0.962962962962963,0.9642857142857143,0.9636241116594315,0.4642857142857143,,0,,0.0,0.23163576165011648,0.19263617565013527,0.752947361999529,1.0,0.09375144443331704,0.14966629547095767,1.0
0.774,13,0,14,1,0.0,0.07142857142857142,1.0,0.9285714285714286,1.0,0.962962962962963,0.9642857142857143,0.9636241116594315,0.4642857142857143,,0,,0.0,0.23163576165011648,0.19263617565013527,0.752947361999529,1.0,0.09375144443331704,0.14966629547095767,1.0
0.775,13,0,14,1,0.0,0.07142857142857142,1.0,0.9285714285714286,1.0,0.962962962962963,0.9642857142857143,0.9636241116594315,0.4642857142857143,,0,,0.0,0.23163576165011648,0.19263617565013527,0.752947361999529,1.0,0.09375144443331704,0.14966629547095767,1.0
0.776,13,0,14,1,0.0,0.07142857142857142,1.0,0.9285714285714286,1.0,0.962962962962963,0.9642857142857143,0.9636241116594315,0.4642857142857143,,0,,0.0,0.23163576165011648,0.19263617565013527,0.752947361999529,1.0,0.09375144443331704,0.14966629547095767,1.0
0.777,13,0,14,1,0.0,0.07142857142857142,1.0,0.9285714285714286,1.0,0.962962962962963,0.9642857142857143,0.9636241116594315,0.4642857142857143,,0,,0.0,0.23163576165011648,0.19263617565013527,0.752947361999529,1.0,0.09375144443331704,0.14966629547095767,1.0
0.778,13,0,14,1,0.0,0.07142857142857142,1.0,0.9285714285714286,1.0,0.962962962962963,0.9642857142857143,0.9636241116594315,0.4642857142857143,,0,,0.0,0.23163576165011648,0.19263617565013527,0.752947361999529,1.0,0.09375144443331704,0.14966629547095767,1.0
0.779,13,0,14,1,0.0,0.07142857142857142,1.0,0.9285714285714286,1.0,0.962962962962963,0.9642857142857143,0.9636241116594315,0.4642857142857143,,0,,0.0,0.23163576165011648,0.19263617565013527,0.752947361999529,1.0,0.09375144443331704,0.14966629547095767,1.0
0.78,13,0,14,1,0.0,0.07142857142857142,1.0,0.9285714285714286,1.0,0.962962962962963,0.9642857142857143,0.9636241116594315,0.4642857142857143,,0,,0.0,0.23163576165011648,0.19263617565013527,0.752947361999529,1.0,0.09375144443331704,0.14966629547095767,1.0
0.781,13,0,14,1,0.0,0.07142857142857142,1.0,0.9285714285714286,1.0,0.962962962962963,0.9642857142857143,0.9636241116594315,0.4642857142857143,,0,,0.0,0.23163576165011648,0.19263617565013527,0.752947361999529,1.0,0.09375144443331704,0.14966629547095767,1.0
0.782,13,0,14,1,0.0,0.07142857142857142,1.0,0.9285714285714286,1.0,0.962962962962963,0.9642857142857143,0.9636241116594315,0.4642857142857143,,0,,0.0,0.23163576165011648,0.19263617565013527,0.752947361999529,1.0,0.09375144443331704,0.14966629547095767,1.0
0.783,13,0,14,1,0.0,0.07142857142857142,1.0,0.9285714285714286,1.0,0.962962962962963,0.9642857142857143,0.9636241116594315,0.4642857142857143,,0,,0.0,0.23163576165011648,0.19263617565013527,0.752947361999529,1.0,0.09375144443331704,0.14966629547095767,1.0
0.784,13,0,14,1,0.0,0.07142857142857142,1.0,0.9285714285714286,1.0,0.962962962962963,0.9642857142857143,0.9636241116594315,0.4642857142857143,,0,,0.0,0.23163576165011648,0.19263617565013527,0.752947361999529,1.0,0.09375144443331704,0.14966629547095767,1.0
0.785,13,0,14,1,0.0,0.07142857142857142,1.0,0.9285714285714286,1.0,0.962962962962963,0.9642857142857143,0.9636241116594315,0.4642857142857143,,0,,0.0,0.23163576165011648,0.19263617565013527,0.752947361999529,1.0,0.09375144443331704,0.14966629547095767,1.0
0.786,13,0,14,1,0.0,0.07142857142857142,1.0,0.9285714285714286,1.0,0.962962962962963,0.9642857142857143,0.9636241116594315,0.4642857142857143,,0,,0.0,0.23163576165011648,0.19263617565013527,0.752947361999529,1.0,0.09375144443331704,0.14966629547095767,1.0
0.787,13,0,14,1,0.0,0.07142857142857142,1.0,0.9285714285714286,1.0,0.962962962962963,0.9642857142857143,0.9636241116594315,0.4642857142857143,,0,,0.0,0.23163576165011648,0.19263617565013527,0.752947361999529,1.0,0.09375144443331704,0.14966629547095767,1.0
0.788,13,0,14,1,0.0,0.07142857142857142,1.0,0.9285714285714286,1.0,0.962962962962963,0.9642857142857143,0.9636241116594315,0.4642857142857143,,0,,0.0,0.23163576165011648,0.19263617565013527,0.752947361999529,1.0,0.09375144443331704,0.14966629547095767,1.0
0.789,13,0,14,1,0.0,0.07142857142857142,1.0,0.9285714285714286,1.0,0.962962962962963,0.9642857142857143,0.9636241116594315,0.4642857142857143,,0,,0.0,0.23163576165011648,0.19263617565013527,0.752947361999529,1.0,0.09375144443331704,0.14966629547095767,1.0
0.79,13,0,14,1,0.0,0.07142857142857142,1.0,0.9285714285714286,1.0,0.962962962962963,0.9642857142857143,0.9636241116594315,0.4642857142857143,,0,,0.0,0.23163576165011648,0.19263617565013527,0.752947361999529,1.0,0.09375144443331704,0.14966629547095767,1.0
0.791,13,0,14,1,0.0,0.07142857142857142,1.0,0.9285714285714286,1.0,0.962962962962963,0.9642857142857143,0.9636241116594315,0.4642857142857143,,0,,0.0,0.23163576165011648,0.19263617565013527,0.752947361999529,1.0,0.09375144443331704,0.14966629547095767,1.0
0.792,13,0,14,1,0.0,0.07142857142857142,1.0,0.9285714285714286,1.0,0.962962962962963,0.9642857142857143,0.9636241116594315,0.4642857142857143,,0,,0.0,0.23163576165011648,0.19263617565013527,0.752947361999529,1.0,0.09375144443331704,0.14966629547095767,1.0
0.793,13,0,14,1,0.0,0.07142857142857142,1.0,0.9285714285714286,1.0,0.962962962962963,0.9642857142857143,0.9636241116594315,0.4642857142857143,,0,,0.0,0.23163576165011648,0.19263617565013527,0.752947361999529,1.0,0.09375144443331704,0.14966629547095767,1.0
0.794,13,0,14,1,0.0,0.07142857142857142,1.0,0.9285714285714286,1.0,0.962962962962963,0.9642857142857143,0.9636241116594315,0.4642857142857143,,0,,0.0,0.23163576165011648,0.19263617565013527,0.752947361999529,1.0,0.09375144443331704,0.14966629547095767,1.0
0.795,13,0,14,1,0.0,0.07142857142857142,1.0,0.9285714285714286,1.0,0.962962962962963,0.9642857142857143,0.9636241116594315,0.4642857142857143,,0,,0.0,0.23163576165011648,0.19263617565013527,0.752947361999529,1.0,0.09375144443331704,0.14966629547095767,1.0
0.796,13,0,14,1,0.0,0.07142857142857142,1.0,0.9285714285714286,1.0,0.962962962962963,0.9642857142857143,0.9636241116594315,0.4642857142857143,,0,,0.0,0.23163576165011648,0.19263617565013527,0.752947361999529,1.0,0.09375144443331704,0.14966629547095767,1.0
0.797,13,0,14,1,0.0,0.07142857142857142,1.0,0.9285714285714286,1.0,0.962962962962963,0.9642857142857143,0.9636241116594315,0.4642857142857143,,0,,0.0,0.23163576165011648,0.19263617565013527,0.752947361999529,1.0,0.09375144443331704,0.14966629547095767,1.0
0.798,13,0,14,1,0.0,0.07142857142857142,1.0,0.9285714285714286,1.0,0.962962962962963,0.9642857142857143,0.9636241116594315,0.4642857142857143,,0,,0.0,0.23163576165011648,0.19263617565013527,0.752947361999529,1.0,0.09375144443331704,0.14966629547095767,1.0
0.799,13,0,14,1,0.0,0.07142857142857142,1.0,0.9285714285714286,1.0,0.962962962962963,0.9642857142857143,0.9636241116594315,0.4642857142857143,,0,,0.0,0.23163576165011648,0.19263617565013527,0.752947361999529,1.0,0.09375144443331704,0.14966629547095767,1.0
0.8,13,0,14,1,0.0,0.07142857142857142,1.0,0.9285714285714286,1.0,0.962962962962963,0.9642857142857143,0.9636241116594315,0.4642857142857143,,0,,0.0,0.23163576165011648,0.19263617565013527,0.752947361999529,1.0,0.09375144443331704,0.14966629547095767,1.0
0.801,12,0,14,2,0.0,0.14285714285714285,1.0,0.8571428571428571,1.0,0.923076923076923,0.9285714285714286,0.9258200997725514,0.42857142857142855,,0,,0.0,0.23163576165011648,0.19263617565013527,0.7353515306029488,1.0,0.12476644848141934,0.19151443229630968,1.0
0.802,12,0,14,2,0.0,0.14285714285714285,1.0,0.8571428571428571,1.0,0.923076923076923,0.9285714285714286,0.9258200997725514,0.42857142857142855,,0,,0.0,0.23163576165011648,0.19263617565013527,0.7353515306029488,1.0,0.12476644848141934,0.19151443229630968,1.0
0.803,12,0,14,2,0.0,0.14285714285714285,1.0,0.8571428571428571,1.0,0.923076923076923,0.9285714285714286,0.9258200997725514,0.42857142857142855,,0,,0.0,0.23163576165011648,0.19263617565013527,0.7353515306029488,1.0,0.12476644848141934,0.19151443229630968,1.0
0.804,12,0,14,2,0.0,0.14285714285714285,1.0,0.8571428571428571,1.0,0.923076923076923,0.9285714285714286,0.9258200997725514,0.42857142857142855,,0,,0.0,0.23163576165011648,0.19263617565013527,0.7353515306029488,1.0,0.12476644848141934,0.19151443229630968,1.0
0.805,12,0,14,2,0.0,0.14285714285714285,1.0,0.8571428571428571,1.0,0.923076923076923,0.9285714285714286,0.9258200997725514,0.42857142857142855,,0,,0.0,0.23163576165011648,0.19263617565013527,0.7353515306029488,1.0,0.12476644848141934,0.19151443229630968,1.0
0.806,12,0,14,2,0.0,0.14285714285714285,1.0,0.8571428571428571,1.0,0.923076923076923,0.9285714285714286,0.9258200997725514,0.42857142857142855,,0,,0.0,0.23163576165011648,0.19263617565013527,0.7353515306029488,1.0,0.12476644848141934,0.19151443229630968,1.0
0.807,12,0,14,2,0.0,0.14285714285714285,1.0,0.8571428571428571,1.0,0.923076923076923,0.9285714285714286,0.9258200997725514,0.42857142857142855,,0,,0.0,0.23163576165011648,0.19263617565013527,0.7353515306029488,1.0,0.12476644848141934,0.19151443229630968,1.0
0.8072725,12,0,14,2,0.0,0.14285714285714285,1.0,0.8571428571428571,1.0,0.923076923076923,0.9285714285714286,0.9258200997725514,0.42857142857142855,,0,,0.0,0.23163576165011648,0.19263617565013527,0.7353515306029488,1.0,0.12476644848141934,0.19151443229630968,1.0
0.808,12,0,14,2,0.0,0.14285714285714285,1.0,0.8571428571428571,1.0,0.923076923076923,0.9285714285714286,0.9258200997725514,0.42857142857142855,,0,,0.0,0.23163576165011648,0.19263617565013527,0.7353515306029488,1.0,0.12476644848141934,0.19151443229630968,1.0
0.809,12,0,14,2,0.0,0.14285714285714285,1.0,0.8571428571428571,1.0,0.923076923076923,0.9285714285714286,0.9258200997725514,0.42857142857142855,,0,,0.0,0.23163576165011648,0.19263617565013527,0.7353515306029488,1.0,0.12476644848141934,0.19151443229630968,1.0
0.81,12,0,14,2,0.0,0.14285714285714285,1.0,0.8571428571428571,1.0,0.923076923076923,0.9285714285714286,0.9258200997725514,0.42857142857142855,,0,,0.0,0.23163576165011648,0.19263617565013527,0.7353515306029488,1.0,0.12476644848141934,0.19151443229630968,1.0
0.811,12,0,14,2,0.0,0.14285714285714285,1.0,0.8571428571428571,1.0,0.923076923076923,0.9285714285714286,0.9258200997725514,0.42857142857142855,,0,,0.0,0.23163576165011648,0.19263617565013527,0.7353515306029488,1.0,0.12476644848141934,0.19151443229630968,1.0
0.812,12,0,14,2,0.0,0.14285714285714285,1.0,0.8571428571428571,1.0,0.923076923076923,0.9285714285714286,0.9258200997725514,0.42857142857142855,,0,,0.0,0.23163576165011648,0.19263617565013527,0.7353515306029488,1.0,0.12476644848141934,0.19151443229630968,1.0
0.813,12,0,14,2,0.0,0.14285714285714285,1.0,0.8571428571428571,1.0,0.923076923076923,0.9285714285714286,0.9258200997725514,0.42857142857142855,,0,,0.0,0.23163576165011648,0.19263617565013527,0.7353515306029488,1.0,0.12476644848141934,0.19151443229630968,1.0
0.814,12,0,14,2,0.0,0.14285714285714285,1.0,0.8571428571428571,1.0,0.923076923076923,0.9285714285714286,0.9258200997725514,0.42857142857142855,,0,,0.0,0.23163576165011648,0.19263617565013527,0.7353515306029488,1.0,0.12476644848141934,0.19151443229630968,1.0
0.814545,12,0,14,2,0.0,0.14285714285714285,1.0,0.8571428571428571,1.0,0.923076923076923,0.9285714285714286,0.9258200997725514,0.42857142857142855,,0,,0.0,0.23163576165011648,0.19263617565013527,0.7353515306029488,1.0,0.12476644848141934,0.19151443229630968,1.0
0.815,11,0,14,3,0.0,0.21428571428571427,1.0,0.7857142857142857,1.0,0.88,0.8928571428571428,0.8864052604279183,0.39285714285714285,,0,,0.0,0.23163576165011648,0.19263617565013527,0.7150858470818456,1.0,0.14321545540431962,0.21031722072463144,1.0
0.816,11,0,14,3,0.0,0.21428571428571427,1.0,0.7857142857142857,1.0,0.88,0.8928571428571428,0.8864052604279183,0.39285714285714285,,0,,0.0,0.23163576165011648,0.19263617565013527,0.7150858470818456,1.0,0.14321545540431962,0.21031722072463144,1.0
0.817,11,0,14,3,0.0,0.21428571428571427,1.0,0.7857142857142857,1.0,0.88,0.8928571428571428,0.8864052604279183,0.39285714285714285,,0,,0.0,0.23163576165011648,0.19263617565013527,0.7150858470818456,1.0,0.14321545540431962,0.21031722072463144,1.0
0.818,11,0,14,3,0.0,0.21428571428571427,1.0,0.7857142857142857,1.0,0.88,0.8928571428571428,0.8864052604279183,0.39285714285714285,,0,,0.0,0.23163576165011648,0.19263617565013527,0.7150858470818456,1.0,0.14321545540431962,0.21031722072463144,1.0
0.819,11,0,14,3,0.0,0.21428571428571427,1.0,0.7857142857142857,1.0,0.88,0.8928571428571428,0.8864052604279183,0.39285714285714285,,0,,0.0,0.23163576165011648,0.19263617565013527,0.7150858470818456,1.0,0.14321545540431962,0.21031722072463144,1.0
0.82,11,0,14,3,0.0,0.21428571428571427,1.0,0.7857142857142857,1.0,0.88,0.8928571428571428,0.8864052604279183,0.39285714285714285,,0,,0.0,0.23163576165011648,0.19263617565013527,0.7150858470818456,1.0,0.14321545540431962,0.21031722072463144,1.0
0.821,11,0,14,3,0.0,0.21428571428571427,1.0,0.7857142857142857,1.0,0.88,0.8928571428571428,0.8864052604279183,0.39285714285714285,,0,,0.0,0.23163576165011648,0.19263617565013527,0.7150858470818456,1.0,0.14321545540431962,0.21031722072463144,1.0
0.822,11,0,14,3,0.0,0.21428571428571427,1.0,0.7857142857142857,1.0,0.88,0.8928571428571428,0.8864052604279183,0.39285714285714285,,0,,0.0,0.23163576165011648,0.19263617565013527,0.7150858470818456,1.0,0.14321545540431962,0.21031722072463144,1.0
0.823,11,0,14,3,0.0,0.21428571428571427,1.0,0.7857142857142857,1.0,0.88,0.8928571428571428,0.8864052604279183,0.39285714285714285,,0,,0.0,0.23163576165011648,0.19263617565013527,0.7150858470818456,1.0,0.14321545540431962,0.21031722072463144,1.0
0.824,11,0,14,3,0.0,0.21428571428571427,1.0,0.7857142857142857,1.0,0.88,0.8928571428571428,0.8864052604279183,0.39285714285714285,,0,,0.0,0.23163576165011648,0.19263617565013527,0.7150858470818456,1.0,0.14321545540431962,0.21031722072463144,1.0
0.825,11,0,14,3,0.0,0.21428571428571427,1.0,0.7857142857142857,1.0,0.88,0.8928571428571428,0.8864052604279183,0.39285714285714285,,0,,0.0,0.23163576165011648,0.19263617565013527,0.7150858470818456,1.0,0.14321545540431962,0.21031722072463144,1.0
0.826,11,0,14,3,0.0,0.21428571428571427,1.0,0.7857142857142857,1.0,0.88,0.8928571428571428,0.8864052604279183,0.39285714285714285,,0,,0.0,0.23163576165011648,0.19263617565013527,0.7150858470818456,1.0,0.14321545540431962,0.21031722072463144,1.0
0.827,11,0,14,3,0.0,0.21428571428571427,1.0,0.7857142857142857,1.0,0.88,0.8928571428571428,0.8864052604279183,0.39285714285714285,,0,,0.0,0.23163576165011648,0.19263617565013527,0.7150858470818456,1.0,0.14321545540431962,0.21031722072463144,1.0
0.828,11,0,14,3,0.0,0.21428571428571427,1.0,0.7857142857142857,1.0,0.88,0.8928571428571428,0.8864052604279183,0.39285714285714285,,0,,0.0,0.23163576165011648,0.19263617565013527,0.7150858470818456,1.0,0.14321545540431962,0.21031722072463144,1.0
0.829,11,0,14,3,0.0,0.21428571428571427,1.0,0.7857142857142857,1.0,0.88,0.8928571428571428,0.8864052604279183,0.39285714285714285,,0,,0.0,0.23163576165011648,0.19263617565013527,0.7150858470818456,1.0,0.14321545540431962,0.21031722072463144,1.0
0.83,11,0,14,3,0.0,0.21428571428571427,1.0,0.7857142857142857,1.0,0.88,0.8928571428571428,0.8864052604279183,0.39285714285714285,,0,,0.0,0.23163576165011648,0.19263617565013527,0.7150858470818456,1.0,0.14321545540431962,0.21031722072463144,1.0
0.831,11,0,14,3,0.0,0.21428571428571427,1.0,0.7857142857142857,1.0,0.88,0.8928571428571428,0.8864052604279183,0.39285714285714285,,0,,0.0,0.23163576165011648,0.19263617565013527,0.7150858470818456,1.0,0.14321545540431962,0.21031722072463144,1.0
0.831717,11,0,14,3,0.0,0.21428571428571427,1.0,0.7857142857142857,1.0,0.88,0.8928571428571428,0.8864052604279183,0.39285714285714285,,0,,0.0,0.23163576165011648,0.19263617565013527,0.7150858470818456,1.0,0.14321545540431962,0.21031722072463144,1.0
0.832,11,0,14,3,0.0,0.21428571428571427,1.0,0.7857142857142857,1.0,0.88,0.8928571428571428,0.8864052604279183,0.39285714285714285,,0,,0.0,0.23163576165011648,0.19263617565013527,0.7150858470818456,1.0,0.14321545540431962,0.21031722072463144,1.0
0.833,11,0,14,3,0.0,0.21428571428571427,1.0,0.7857142857142857,1.0,0.88,0.8928571428571428,0.8864052604279183,0.39285714285714285,,0,,0.0,0.23163576165011648,0.19263617565013527,0.7150858470818456,1.0,0.14321545540431962,0.21031722072463144,1.0
0.834,11,0,14,3,0.0,0.21428571428571427,1.0,0.7857142857142857,1.0,0.88,0.8928571428571428,0.8864052604279183,0.39285714285714285,,0,,0.0,0.23163576165011648,0.19263617565013527,0.7150858470818456,1.0,0.14321545540431962,0.21031722072463144,1.0
0.835,11,0,14,3,0.0,0.21428571428571427,1.0,0.7857142857142857,1.0,0.88,0.8928571428571428,0.8864052604279183,0.39285714285714285,,0,,0.0,0.23163576165011648,0.19263617565013527,0.7150858470818456,1.0,0.14321545540431962,0.21031722072463144,1.0
0.836,11,0,14,3,0.0,0.21428571428571427,1.0,0.7857142857142857,1.0,0.88,0.8928571428571428,0.8864052604279183,0.39285714285714285,,0,,0.0,0.23163576165011648,0.19263617565013527,0.7150858470818456,1.0,0.14321545540431962,0.21031722072463144,1.0
0.837,11,0,14,3,0.0,0.21428571428571427,1.0,0.7857142857142857,1.0,0.88,0.8928571428571428,0.8864052604279183,0.39285714285714285,,0,,0.0,0.23163576165011648,0.19263617565013527,0.7150858470818456,1.0,0.14321545540431962,0.21031722072463144,1.0
0.838,11,0,14,3,0.0,0.21428571428571427,1.0,0.7857142857142857,1.0,0.88,0.8928571428571428,0.8864052604279183,0.39285714285714285,,0,,0.0,0.23163576165011648,0.19263617565013527,0.7150858470818456,1.0,0.14321545540431962,0.21031722072463144,1.0
0.839,11,0,14,3,0.0,0.21428571428571427,1.0,0.7857142857142857,1.0,0.88,0.8928571428571428,0.8864052604279183,0.39285714285714285,,0,,0.0,0.23163576165011648,0.19263617565013527,0.7150858470818456,1.0,0.14321545540431962,0.21031722072463144,1.0
0.84,11,0,14,3,0.0,0.21428571428571427,1.0,0.7857142857142857,1.0,0.88,0.8928571428571428,0.8864052604279183,0.39285714285714285,,0,,0.0,0.23163576165011648,0.19263617565013527,0.7150858470818456,1.0,0.14321545540431962,0.21031722072463144,1.0
0.841,11,0,14,3,0.0,0.21428571428571427,1.0,0.7857142857142857,1.0,0.88,0.8928571428571428,0.8864052604279183,0.39285714285714285,,0,,0.0,0.23163576165011648,0.19263617565013527,0.7150858470818456,1.0,0.14321545540431962,0.21031722072463144,1.0
0.842,11,0,14,3,0.0,0.21428571428571427,1.0,0.7857142857142857,1.0,0.88,0.8928571428571428,0.8864052604279183,0.39285714285714285,,0,,0.0,0.23163576165011648,0.19263617565013527,0.7150858470818456,1.0,0.14321545540431962,0.21031722072463144,1.0
0.843,11,0,14,3,0.0,0.21428571428571427,1.0,0.7857142857142857,1.0,0.88,0.8928571428571428,0.8864052604279183,0.39285714285714285,,0,,0.0,0.23163576165011648,0.19263617565013527,0.7150858470818456,1.0,0.14321545540431962,0.21031722072463144,1.0
0.844,11,0,14,3,0.0,0.21428571428571427,1.0,0.7857142857142857,1.0,0.88,0.8928571428571428,0.8864052604279183,0.39285714285714285,,0,,0.0,0.23163576165011648,0.19263617565013527,0.7150858470818456,1.0,0.14321545540431962,0.21031722072463144,1.0
0.845,11,0,14,3,0.0,0.21428571428571427,1.0,0.7857142857142857,1.0,0.88,0.8928571428571428,0.8864052604279183,0.39285714285714285,,0,,0.0,0.23163576165011648,0.19263617565013527,0.7150858470818456,1.0,0.14321545540431962,0.21031722072463144,1.0
0.846,11,0,14,3,0.0,0.21428571428571427,1.0,0.7857142857142857,1.0,0.88,0.8928571428571428,0.8864052604279183,0.39285714285714285,,0,,0.0,0.23163576165011648,0.19263617565013527,0.7150858470818456,1.0,0.14321545540431962,0.21031722072463144,1.0
0.847,11,0,14,3,0.0,0.21428571428571427,1.0,0.7857142857142857,1.0,0.88,0.8928571428571428,0.8864052604279183,0.39285714285714285,,0,,0.0,0.23163576165011648,0.19263617565013527,0.7150858470818456,1.0,0.14321545540431962,0.21031722072463144,1.0
0.848,11,0,14,3,0.0,0.21428571428571427,1.0,0.7857142857142857,1.0,0.88,0.8928571428571428,0.8864052604279183,0.39285714285714285,,0,,0.0,0.23163576165011648,0.19263617565013527,0.7150858470818456,1.0,0.14321545540431962,0.21031722072463144,1.0
0.848889,11,0,14,3,0.0,0.21428571428571427,1.0,0.7857142857142857,1.0,0.88,0.8928571428571428,0.8864052604279183,0.39285714285714285,,0,,0.0,0.23163576165011648,0.19263617565013527,0.7150858470818456,1.0,0.14321545540431962,0.21031722072463144,1.0
0.849,10,0,14,4,0.0,0.2857142857142857,1.0,0.7142857142857143,1.0,0.8333333333333333,0.8571428571428572,0.8451542547285166,0.35714285714285715,,0,,0.0,0.23163576165011648,0.19263617565013527,0.6915028921812392,1.0,0.2186788614485736,0.2539466260632121,1.0
0.85,10,0,14,4,0.0,0.2857142857142857,1.0,0.7142857142857143,1.0,0.8333333333333333,0.8571428571428572,0.8451542547285166,0.35714285714285715,,0,,0.0,0.23163576165011648,0.19263617565013527,0.6915028921812392,1.0,0.2186788614485736,0.2539466260632121,1.0
0.851,10,0,14,4,0.0,0.2857142857142857,1.0,0.7142857142857143,1.0,0.8333333333333333,0.8571428571428572,0.8451542547285166,0.35714285714285715,,0,,0.0,0.23163576165011648,0.19263617565013527,0.6915028921812392,1.0,0.2186788614485736,0.2539466260632121,1.0
0.852,10,0,14,4,0.0,0.2857142857142857,1.0,0.7142857142857143,1.0,0.8333333333333333,0.8571428571428572,0.8451542547285166,0.35714285714285715,,0,,0.0,0.23163576165011648,0.19263617565013527,0.6915028921812392,1.0,0.2186788614485736,0.2539466260632121,1.0
0.853,10,0,14,4,0.0,0.2857142857142857,1.0,0.7142857142857143,1.0,0.8333333333333333,0.8571428571428572,0.8451542547285166,0.35714285714285715,,0,,0.0,0.23163576165011648,0.19263617565013527,0.6915028921812392,1.0,0.2186788614485736,0.2539466260632121,1.0
0.854,10,0,14,4,0.0,0.2857142857142857,1.0,0.7142857142857143,1.0,0.8333333333333333,0.8571428571428572,0.8451542547285166,0.35714285714285715,,0,,0.0,0.23163576165011648,0.19263617565013527,0.6915028921812392,1.0,0.2186788614485736,0.2539466260632121,1.0
0.855,10,0,14,4,0.0,0.2857142857142857,1.0,0.7142857142857143,1.0,0.8333333333333333,0.8571428571428572,0.8451542547285166,0.35714285714285715,,0,,0.0,0.23163576165011648,0.19263617565013527,0.6915028921812392,1.0,0.2186788614485736,0.2539466260632121,1.0
0.856,10,0,14,4,0.0,0.2857142857142857,1.0,0.7142857142857143,1.0,0.8333333333333333,0.8571428571428572,0.8451542547285166,0.35714285714285715,,0,,0.0,0.23163576165011648,0.19263617565013527,0.6915028921812392,1.0,0.2186788614485736,0.2539466260632121,1.0
0.857,10,0,14,4,0.0,0.2857142857142857,1.0,0.7142857142857143,1.0,0.8333333333333333,0.8571428571428572,0.8451542547285166,0.35714285714285715,,0,,0.0,0.23163576165011648,0.19263617565013527,0.6915028921812392,1.0,0.2186788614485736,0.2539466260632121,1.0
0.858,10,0,14,4,0.0,0.2857142857142857,1.0,0.7142857142857143,1.0,0.8333333333333333,0.8571428571428572,0.8451542547285166,0.35714285714285715,,0,,0.0,0.23163576165011648,0.19263617565013527,0.6915028921812392,1.0,0.2186788614485736,0.2539466260632121,1.0
0.859,10,0,14,4,0.0,0.2857142857142857,1.0,0.7142857142857143,1.0,0.8333333333333333,0.8571428571428572,0.8451542547285166,0.35714285714285715,,0,,0.0,0.23163576165011648,0.19263617565013527,0.6915028921812392,1.0,0.2186788614485736,0.2539466260632121,1.0
0.86,10,0,14,4,0.0,0.2857142857142857,1.0,0.7142857142857143,1.0,0.8333333333333333,0.8571428571428572,0.8451542547285166,0.35714285714285715,,0,,0.0,0.23163576165011648,0.19263617565013527,0.6915028921812392,1.0,0.2186788614485736,0.2539466260632121,1.0
0.861,10,0,14,4,0.0,0.2857142857142857,1.0,0.7142857142857143,1.0,0.8333333333333333,0.8571428571428572,0.8451542547285166,0.35714285714285715,,0,,0.0,0.23163576165011648,0.19263617565013527,0.6915028921812392,1.0,0.2186788614485736,0.2539466260632121,1.0
0.862,10,0,14,4,0.0,0.2857142857142857,1.0,0.7142857142857143,1.0,0.8333333333333333,0.8571428571428572,0.8451542547285166,0.35714285714285715,,0,,0.0,0.23163576165011648,0.19263617565013527,0.6915028921812392,1.0,0.2186788614485736,0.2539466260632121,1.0
0.863,10,0,14,4,0.0,0.2857142857142857,1.0,0.7142857142857143,1.0,0.8333333333333333,0.8571428571428572,0.8451542547285166,0.35714285714285715,,0,,0.0,0.23163576165011648,0.19263617565013527,0.6915028921812392,1.0,0.2186788614485736,0.2539466260632121,1.0
0.864,10,0,14,4,0.0,0.2857142857142857,1.0,0.7142857142857143,1.0,0.8333333333333333,0.8571428571428572,0.8451542547285166,0.35714285714285715,,0,,0.0,0.23163576165011648,0.19263617565013527,0.6915028921812392,1.0,0.2186788614485736,0.2539466260632121,1.0
0.865,10,0,14,4,0.0,0.2857142857142857,1.0,0.7142857142857143,1.0,0.8333333333333333,0.8571428571428572,0.8451542547285166,0.35714285714285715,,0,,0.0,0.23163576165011648,0.19263617565013527,0.6915028921812392,1.0,0.2186788614485736,0.2539466260632121,1.0
0.866,10,0,14,4,0.0,0.2857142857142857,1.0,0.7142857142857143,1.0,0.8333333333333333,0.8571428571428572,0.8451542547285166,0.35714285714285715,,0,,0.0,0.23163576165011648,0.19263617565013527,0.6915028921812392,1.0,0.2186788614485736,0.2539466260632121,1.0
0.867,10,0,14,4,0.0,0.2857142857142857,1.0,0.7142857142857143,1.0,0.8333333333333333,0.8571428571428572,0.8451542547285166,0.35714285714285715,,0,,0.0,0.23163576165011648,0.19263617565013527,0.6915028921812392,1.0,0.2186788614485736,0.2539466260632121,1.0
0.867778,10,0,14,4,0.0,0.2857142857142857,1.0,0.7142857142857143,1.0,0.8333333333333333,0.8571428571428572,0.8451542547285166,0.35714285714285715,,0,,0.0,0.23163576165011648,0.19263617565013527,0.6915028921812392,1.0,0.2186788614485736,0.2539466260632121,1.0
0.868,10,0,14,4,0.0,0.2857142857142857,1.0,0.7142857142857143,1.0,0.8333333333333333,0.8571428571428572,0.8451542547285166,0.35714285714285715,,0,,0.0,0.23163576165011648,0.19263617565013527,0.6915028921812392,1.0,0.2186788614485736,0.2539466260632121,1.0
0.869,10,0,14,4,0.0,0.2857142857142857,1.0,0.7142857142857143,1.0,0.8333333333333333,0.8571428571428572,0.8451542547285166,0.35714285714285715,,0,,0.0,0.23163576165011648,0.19263617565013527,0.6915028921812392,1.0,0.2186788614485736,0.2539466260632121,1.0
0.87,10,0,14,4,0.0,0.2857142857142857,1.0,0.7142857142857143,1.0,0.8333333333333333,0.8571428571428572,0.8451542547285166,0.35714285714285715,,0,,0.0,0.23163576165011648,0.19263617565013527,0.6915028921812392,1.0,0.2186788614485736,0.2539466260632121,1.0
0.871,10,0,14,4,0.0,0.2857142857142857,1.0,0.7142857142857143,1.0,0.8333333333333333,0.8571428571428572,0.8451542547285166,0.35714285714285715,,0,,0.0,0.23163576165011648,0.19263617565013527,0.6915028921812392,1.0,0.2186788614485736,0.2539466260632121,1.0
0.872,10,0,14,4,0.0,0.2857142857142857,1.0,0.7142857142857143,1.0,0.8333333333333333,0.8571428571428572,0.8451542547285166,0.35714285714285715,,0,,0.0,0.23163576165011648,0.19263617565013527,0.6915028921812392,1.0,0.2186788614485736,0.2539466260632121,1.0
0.873,10,0,14,4,0.0,0.2857142857142857,1.0,0.7142857142857143,1.0,0.8333333333333333,0.8571428571428572,0.8451542547285166,0.35714285714285715,,0,,0.0,0.23163576165011648,0.19263617565013527,0.6915028921812392,1.0,0.2186788614485736,0.2539466260632121,1.0
0.874,10,0,14,4,0.0,0.2857142857142857,1.0,0.7142857142857143,1.0,0.8333333333333333,0.8571428571428572,0.8451542547285166,0.35714285714285715,,0,,0.0,0.23163576165011648,0.19263617565013527,0.6915028921812392,1.0,0.2186788614485736,0.2539466260632121,1.0
0.875,10,0,14,4,0.0,0.2857142857142857,1.0,0.7142857142857143,1.0,0.8333333333333333,0.8571428571428572,0.8451542547285166,0.35714285714285715,,0,,0.0,0.23163576165011648,0.19263617565013527,0.6915028921812392,1.0,0.2186788614485736,0.2539466260632121,1.0
0.876,10,0,14,4,0.0,0.2857142857142857,1.0,0.7142857142857143,1.0,0.8333333333333333,0.8571428571428572,0.8451542547285166,0.35714285714285715,,0,,0.0,0.23163576165011648,0.19263617565013527,0.6915028921812392,1.0,0.2186788614485736,0.2539466260632121,1.0
0.877,10,0,14,4,0.0,0.2857142857142857,1.0,0.7142857142857143,1.0,0.8333333333333333,0.8571428571428572,0.8451542547285166,0.35714285714285715,,0,,0.0,0.23163576165011648,0.19263617565013527,0.6915028921812392,1.0,0.2186788614485736,0.2539466260632121,1.0
0.878,10,0,14,4,0.0,0.2857142857142857,1.0,0.7142857142857143,1.0,0.8333333333333333,0.8571428571428572,0.8451542547285166,0.35714285714285715,,0,,0.0,0.23163576165011648,0.19263617565013527,0.6915028921812392,1.0,0.2186788614485736,0.2539466260632121,1.0
0.879,10,0,14,4,0.0,0.2857142857142857,1.0,0.7142857142857143,1.0,0.8333333333333333,0.8571428571428572,0.8451542547285166,0.35714285714285715,,0,,0.0,0.23163576165011648,0.19263617565013527,0.6915028921812392,1.0,0.2186788614485736,0.2539466260632121,1.0
0.88,10,0,14,4,0.0,0.2857142857142857,1.0,0.7142857142857143,1.0,0.8333333333333333,0.8571428571428572,0.8451542547285166,0.35714285714285715,,0,,0.0,0.23163576165011648,0.19263617565013527,0.6915028921812392,1.0,0.2186788614485736,0.2539466260632121,1.0
0.881,10,0,14,4,0.0,0.2857142857142857,1.0,0.7142857142857143,1.0,0.8333333333333333,0.8571428571428572,0.8451542547285166,0.35714285714285715,,0,,0.0,0.23163576165011648,0.19263617565013527,0.6915028921812392,1.0,0.2186788614485736,0.2539466260632121,1.0
0.882,10,0,14,4,0.0,0.2857142857142857,1.0,0.7142857142857143,1.0,0.8333333333333333,0.8571428571428572,0.8451542547285166,0.35714285714285715,,0,,0.0,0.23163576165011648,0.19263617565013527,0.6915028921812392,1.0,0.2186788614485736,0.2539466260632121,1.0
0.883,10,0,14,4,0.0,0.2857142857142857,1.0,0.7142857142857143,1.0,0.8333333333333333,0.8571428571428572,0.8451542547285166,0.35714285714285715,,0,,0.0,0.23163576165011648,0.19263617565013527,0.6915028921812392,1.0,0.2186788614485736,0.2539466260632121,1.0
0.884,10,0,14,4,0.0,0.2857142857142857,1.0,0.7142857142857143,1.0,0.8333333333333333,0.8571428571428572,0.8451542547285166,0.35714285714285715,,0,,0.0,0.23163576165011648,0.19263617565013527,0.6915028921812392,1.0,0.2186788614485736,0.2539466260632121,1.0
0.885,10,0,14,4,0.0,0.2857142857142857,1.0,0.7142857142857143,1.0,0.8333333333333333,0.8571428571428572,0.8451542547285166,0.35714285714285715,,0,,0.0,0.23163576165011648,0.19263617565013527,0.6915028921812392,1.0,0.2186788614485736,0.2539466260632121,1.0
0.886,10,0,14,4,0.0,0.2857142857142857,1.0,0.7142857142857143,1.0,0.8333333333333333,0.8571428571428572,0.8451542547285166,0.35714285714285715,,0,,0.0,0.23163576165011648,0.19263617565013527,0.6915028921812392,1.0,0.2186788614485736,0.2539466260632121,1.0
0.886667,10,0,14,4,0.0,0.2857142857142857,1.0,0.7142857142857143,1.0,0.8333333333333333,0.8571428571428572,0.8451542547285166,0.35714285714285715,,0,,0.0,0.23163576165011648,0.19263617565013527,0.6915028921812392,1.0,0.2186788614485736,0.2539466260632121,1.0
0.887,9,0,14,5,0.0,0.35714285714285715,1.0,0.6428571428571429,1.0,0.782608695652174,0.8214285714285714,0.8017837257372732,0.32142857142857145,,0,,0.0,0.23163576165011648,0.19263617565013527,0.6637328831200572,1.0,0.22481696258660436,0.2582204054248575,1.0
0.888,9,0,14,5,0.0,0.35714285714285715,1.0,0.6428571428571429,1.0,0.782608695652174,0.8214285714285714,0.8017837257372732,0.32142857142857145,,0,,0.0,0.23163576165011648,0.19263617565013527,0.6637328831200572,1.0,0.22481696258660436,0.2582204054248575,1.0
0.889,9,0,14,5,0.0,0.35714285714285715,1.0,0.6428571428571429,1.0,0.782608695652174,0.8214285714285714,0.8017837257372732,0.32142857142857145,,0,,0.0,0.23163576165011648,0.19263617565013527,0.6637328831200572,1.0,0.22481696258660436,0.2582204054248575,1.0
0.89,9,0,14,5,0.0,0.35714285714285715,1.0,0.6428571428571429,1.0,0.782608695652174,0.8214285714285714,0.8017837257372732,0.32142857142857145,,0,,0.0,0.23163576165011648,0.19263617565013527,0.6637328831200572,1.0,0.22481696258660436,0.2582204054248575,1.0
0.891,9,0,14,5,0.0,0.35714285714285715,1.0,0.6428571428571429,1.0,0.782608695652174,0.8214285714285714,0.8017837257372732,0.32142857142857145,,0,,0.0,0.23163576165011648,0.19263617565013527,0.6637328831200572,1.0,0.22481696258660436,0.2582204054248575,1.0
0.892,9,0,14,5,0.0,0.35714285714285715,1.0,0.6428571428571429,1.0,0.782608695652174,0.8214285714285714,0.8017837257372732,0.32142857142857145,,0,,0.0,0.23163576165011648,0.19263617565013527,0.6637328831200572,1.0,0.22481696258660436,0.2582204054248575,1.0
0.893,9,0,14,5,0.0,0.35714285714285715,1.0,0.6428571428571429,1.0,0.782608695652174,0.8214285714285714,0.8017837257372732,0.32142857142857145,,0,,0.0,0.23163576165011648,0.19263617565013527,0.6637328831200572,1.0,0.22481696258660436,0.2582204054248575,1.0
0.894,9,0,14,5,0.0,0.35714285714285715,1.0,0.6428571428571429,1.0,0.782608695652174,0.8214285714285714,0.8017837257372732,0.32142857142857145,,0,,0.0,0.23163576165011648,0.19263617565013527,0.6637328831200572,1.0,0.22481696258660436,0.2582204054248575,1.0
0.894762,9,0,14,5,0.0,0.35714285714285715,1.0,0.6428571428571429,1.0,0.782608695652174,0.8214285714285714,0.8017837257372732,0.32142857142857145,,0,,0.0,0.23163576165011648,0.19263617565013527,0.6637328831200572,1.0,0.22481696258660436,0.2582204054248575,1.0
0.895,9,0,14,5,0.0,0.35714285714285715,1.0,0.6428571428571429,1.0,0.782608695652174,0.8214285714285714,0.8017837257372732,0.32142857142857145,,0,,0.0,0.23163576165011648,0.19263617565013527,0.6637328831200572,1.0,0.22481696258660436,0.2582204054248575,1.0
0.896,9,0,14,5,0.0,0.35714285714285715,1.0,0.6428571428571429,1.0,0.782608695652174,0.8214285714285714,0.8017837257372732,0.32142857142857145,,0,,0.0,0.23163576165011648,0.19263617565013527,0.6637328831200572,1.0,0.22481696258660436,0.2582204054248575,1.0
0.897,9,0,14,5,0.0,0.35714285714285715,1.0,0.6428571428571429,1.0,0.782608695652174,0.8214285714285714,0.8017837257372732,0.32142857142857145,,0,,0.0,0.23163576165011648,0.19263617565013527,0.6637328831200572,1.0,0.22481696258660436,0.2582204054248575,1.0
0.898,9,0,14,5,0.0,0.35714285714285715,1.0,0.6428571428571429,1.0,0.782608695652174,0.8214285714285714,0.8017837257372732,0.32142857142857145,,0,,0.0,0.23163576165011648,0.19263617565013527,0.6637328831200572,1.0,0.22481696258660436,0.2582204054248575,1.0
0.899,9,0,14,5,0.0,0.35714285714285715,1.0,0.6428571428571429,1.0,0.782608695652174,0.8214285714285714,0.8017837257372732,0.32142857142857145,,0,,0.0,0.23163576165011648,0.19263617565013527,0.6637328831200572,1.0,0.22481696258660436,0.2582204054248575,1.0
0.9,9,0,14,5,0.0,0.35714285714285715,1.0,0.6428571428571429,1.0,0.782608695652174,0.8214285714285714,0.8017837257372732,0.32142857142857145,,0,,0.0,0.23163576165011648,0.19263617565013527,0.6637328831200572,1.0,0.22481696258660436,0.2582204054248575,1.0
0.901,9,0,14,5,0.0,0.35714285714285715,1.0,0.6428571428571429,1.0,0.782608695652174,0.8214285714285714,0.8017837257372732,0.32142857142857145,,0,,0.0,0.23163576165011648,0.19263617565013527,0.6637328831200572,1.0,0.22481696258660436,0.2582204054248575,1.0
0.902,9,0,14,5,0.0,0.35714285714285715,1.0,0.6428571428571429,1.0,0.782608695652174,0.8214285714285714,0.8017837257372732,0.32142857142857145,,0,,0.0,0.23163576165011648,0.19263617565013527,0.6637328831200572,1.0,0.22481696258660436,0.2582204054248575,1.0
0.902857,9,0,14,5,0.0,0.35714285714285715,1.0,0.6428571428571429,1.0,0.782608695652174,0.8214285714285714,0.8017837257372732,0.32142857142857145,,0,,0.0,0.23163576165011648,0.19263617565013527,0.6637328831200572,1.0,0.22481696258660436,0.2582204054248575,1.0
0.903,8,0,14,6,0.0,0.42857142857142855,1.0,0.5714285714285714,1.0,0.7272727272727273,0.7857142857142857,0.7559289460184544,0.2857142857142857,,0,,0.0,0.23163576165011648,0.19263617565013527,0.6305833524471808,1.0,0.29028797961870745,0.28867513459481287,1.0
0.904,8,0,14,6,0.0,0.42857142857142855,1.0,0.5714285714285714,1.0,0.7272727272727273,0.7857142857142857,0.7559289460184544,0.2857142857142857,,0,,0.0,0.23163576165011648,0.19263617565013527,0.6305833524471808,1.0,0.29028797961870745,0.28867513459481287,1.0
0.905,8,0,14,6,0.0,0.42857142857142855,1.0,0.5714285714285714,1.0,0.7272727272727273,0.7857142857142857,0.7559289460184544,0.2857142857142857,,0,,0.0,0.23163576165011648,0.19263617565013527,0.6305833524471808,1.0,0.29028797961870745,0.28867513459481287,1.0
0.906,8,0,14,6,0.0,0.42857142857142855,1.0,0.5714285714285714,1.0,0.7272727272727273,0.7857142857142857,0.7559289460184544,0.2857142857142857,,0,,0.0,0.23163576165011648,0.19263617565013527,0.6305833524471808,1.0,0.29028797961870745,0.28867513459481287,1.0
0.907,8,0,14,6,0.0,0.42857142857142855,1.0,0.5714285714285714,1.0,0.7272727272727273,0.7857142857142857,0.7559289460184544,0.2857142857142857,,0,,0.0,0.23163576165011648,0.19263617565013527,0.6305833524471808,1.0,0.29028797961870745,0.28867513459481287,1.0
0.908,8,0,14,6,0.0,0.42857142857142855,1.0,0.5714285714285714,1.0,0.7272727272727273,0.7857142857142857,0.7559289460184544,0.2857142857142857,,0,,0.0,0.23163576165011648,0.19263617565013527,0.6305833524471808,1.0,0.29028797961870745,0.28867513459481287,1.0
0.909,8,0,14,6,0.0,0.42857142857142855,1.0,0.5714285714285714,1.0,0.7272727272727273,0.7857142857142857,0.7559289460184544,0.2857142857142857,,0,,0.0,0.23163576165011648,0.19263617565013527,0.6305833524471808,1.0,0.29028797961870745,0.28867513459481287,1.0
0.91,8,0,14,6,0.0,0.42857142857142855,1.0,0.5714285714285714,1.0,0.7272727272727273,0.7857142857142857,0.7559289460184544,0.2857142857142857,,0,,0.0,0.23163576165011648,0.19263617565013527,0.6305833524471808,1.0,0.29028797961870745,0.28867513459481287,1.0
0.911,8,0,14,6,0.0,0.42857142857142855,1.0,0.5714285714285714,1.0,0.7272727272727273,0.7857142857142857,0.7559289460184544,0.2857142857142857,,0,,0.0,0.23163576165011648,0.19263617565013527,0.6305833524471808,1.0,0.29028797961870745,0.28867513459481287,1.0
0.912,8,0,14,6,0.0,0.42857142857142855,1.0,0.5714285714285714,1.0,0.7272727272727273,0.7857142857142857,0.7559289460184544,0.2857142857142857,,0,,0.0,0.23163576165011648,0.19263617565013527,0.6305833524471808,1.0,0.29028797961870745,0.28867513459481287,1.0
0.913,8,0,14,6,0.0,0.42857142857142855,1.0,0.5714285714285714,1.0,0.7272727272727273,0.7857142857142857,0.7559289460184544,0.2857142857142857,,0,,0.0,0.23163576165011648,0.19263617565013527,0.6305833524471808,1.0,0.29028797961870745,0.28867513459481287,1.0
0.914,8,0,14,6,0.0,0.42857142857142855,1.0,0.5714285714285714,1.0,0.7272727272727273,0.7857142857142857,0.7559289460184544,0.2857142857142857,,0,,0.0,0.23163576165011648,0.19263617565013527,0.6305833524471808,1.0,0.29028797961870745,0.28867513459481287,1.0
0.915,8,0,14,6,0.0,0.42857142857142855,1.0,0.5714285714285714,1.0,0.7272727272727273,0.7857142857142857,0.7559289460184544,0.2857142857142857,,0,,0.0,0.23163576165011648,0.19263617565013527,0.6305833524471808,1.0,0.29028797961870745,0.28867513459481287,1.0
0.916,8,0,14,6,0.0,0.42857142857142855,1.0,0.5714285714285714,1.0,0.7272727272727273,0.7857142857142857,0.7559289460184544,0.2857142857142857,,0,,0.0,0.23163576165011648,0.19263617565013527,0.6305833524471808,1.0,0.29028797961870745,0.28867513459481287,1.0
0.917,8,0,14,6,0.0,0.42857142857142855,1.0,0.5714285714285714,1.0,0.7272727272727273,0.7857142857142857,0.7559289460184544,0.2857142857142857,,0,,0.0,0.23163576165011648,0.19263617565013527,0.6305833524471808,1.0,0.29028797961870745,0.28867513459481287,1.0
0.918,8,0,14,6,0.0,0.42857142857142855,1.0,0.5714285714285714,1.0,0.7272727272727273,0.7857142857142857,0.7559289460184544,0.2857142857142857,,0,,0.0,0.23163576165011648,0.19263617565013527,0.6305833524471808,1.0,0.29028797961870745,0.28867513459481287,1.0
0.919,8,0,14,6,0.0,0.42857142857142855,1.0,0.5714285714285714,1.0,0.7272727272727273,0.7857142857142857,0.7559289460184544,0.2857142857142857,,0,,0.0,0.23163576165011648,0.19263617565013527,0.6305833524471808,1.0,0.29028797961870745,0.28867513459481287,1.0
0.92,8,0,14,6,0.0,0.42857142857142855,1.0,0.5714285714285714,1.0,0.7272727272727273,0.7857142857142857,0.7559289460184544,0.2857142857142857,,0,,0.0,0.23163576165011648,0.19263617565013527,0.6305833524471808,1.0,0.29028797961870745,0.28867513459481287,1.0
0.921,8,0,14,6,0.0,0.42857142857142855,1.0,0.5714285714285714,1.0,0.7272727272727273,0.7857142857142857,0.7559289460184544,0.2857142857142857,,0,,0.0,0.23163576165011648,0.19263617565013527,0.6305833524471808,1.0,0.29028797961870745,0.28867513459481287,1.0
0.922,8,0,14,6,0.0,0.42857142857142855,1.0,0.5714285714285714,1.0,0.7272727272727273,0.7857142857142857,0.7559289460184544,0.2857142857142857,,0,,0.0,0.23163576165011648,0.19263617565013527,0.6305833524471808,1.0,0.29028797961870745,0.28867513459481287,1.0
0.923,8,0,14,6,0.0,0.42857142857142855,1.0,0.5714285714285714,1.0,0.7272727272727273,0.7857142857142857,0.7559289460184544,0.2857142857142857,,0,,0.0,0.23163576165011648,0.19263617565013527,0.6305833524471808,1.0,0.29028797961870745,0.28867513459481287,1.0
0.924,8,0,14,6,0.0,0.42857142857142855,1.0,0.5714285714285714,1.0,0.7272727272727273,0.7857142857142857,0.7559289460184544,0.2857142857142857,,0,,0.0,0.23163576165011648,0.19263617565013527,0.6305833524471808,1.0,0.29028797961870745,0.28867513459481287,1.0
0.925,8,0,14,6,0.0,0.42857142857142855,1.0,0.5714285714285714,1.0,0.7272727272727273,0.7857142857142857,0.7559289460184544,0.2857142857142857,,0,,0.0,0.23163576165011648,0.19263617565013527,0.6305833524471808,1.0,0.29028797961870745,0.28867513459481287,1.0
0.926,8,0,14,6,0.0,0.42857142857142855,1.0,0.5714285714285714,1.0,0.7272727272727273,0.7857142857142857,0.7559289460184544,0.2857142857142857,,0,,0.0,0.23163576165011648,0.19263617565013527,0.6305833524471808,1.0,0.29028797961870745,0.28867513459481287,1.0
0.927,8,0,14,6,0.0,0.42857142857142855,1.0,0.5714285714285714,1.0,0.7272727272727273,0.7857142857142857,0.7559289460184544,0.2857142857142857,,0,,0.0,0.23163576165011648,0.19263617565013527,0.6305833524471808,1.0,0.29028797961870745,0.28867513459481287,1.0
0.928,8,0,14,6,0.0,0.42857142857142855,1.0,0.5714285714285714,1.0,0.7272727272727273,0.7857142857142857,0.7559289460184544,0.2857142857142857,,0,,0.0,0.23163576165011648,0.19263617565013527,0.6305833524471808,1.0,0.29028797961870745,0.28867513459481287,1.0
0.929,8,0,14,6,0.0,0.42857142857142855,1.0,0.5714285714285714,1.0,0.7272727272727273,0.7857142857142857,0.7559289460184544,0.2857142857142857,,0,,0.0,0.23163576165011648,0.19263617565013527,0.6305833524471808,1.0,0.29028797961870745,0.28867513459481287,1.0
0.93,8,0,14,6,0.0,0.42857142857142855,1.0,0.5714285714285714,1.0,0.7272727272727273,0.7857142857142857,0.7559289460184544,0.2857142857142857,,0,,0.0,0.23163576165011648,0.19263617565013527,0.6305833524471808,1.0,0.29028797961870745,0.28867513459481287,1.0
0.931,8,0,14,6,0.0,0.42857142857142855,1.0,0.5714285714285714,1.0,0.7272727272727273,0.7857142857142857,0.7559289460184544,0.2857142857142857,,0,,0.0,0.23163576165011648,0.19263617565013527,0.6305833524471808,1.0,0.29028797961870745,0.28867513459481287,1.0
0.932,8,0,14,6,0.0,0.42857142857142855,1.0,0.5714285714285714,1.0,0.7272727272727273,0.7857142857142857,0.7559289460184544,0.2857142857142857,,0,,0.0,0.23163576165011648,0.19263617565013527,0.6305833524471808,1.0,0.29028797961870745,0.28867513459481287,1.0
0.933,8,0,14,6,0.0,0.42857142857142855,1.0,0.5714285714285714,1.0,0.7272727272727273,0.7857142857142857,0.7559289460184544,0.2857142857142857,,0,,0.0,0.23163576165011648,0.19263617565013527,0.6305833524471808,1.0,0.29028797961870745,0.28867513459481287,1.0
0.934,8,0,14,6,0.0,0.42857142857142855,1.0,0.5714285714285714,1.0,0.7272727272727273,0.7857142857142857,0.7559289460184544,0.2857142857142857,,0,,0.0,0.23163576165011648,0.19263617565013527,0.6305833524471808,1.0,0.29028797961870745,0.28867513459481287,1.0
0.935,8,0,14,6,0.0,0.42857142857142855,1.0,0.5714285714285714,1.0,0.7272727272727273,0.7857142857142857,0.7559289460184544,0.2857142857142857,,0,,0.0,0.23163576165011648,0.19263617565013527,0.6305833524471808,1.0,0.29028797961870745,0.28867513459481287,1.0
0.936,8,0,14,6,0.0,0.42857142857142855,1.0,0.5714285714285714,1.0,0.7272727272727273,0.7857142857142857,0.7559289460184544,0.2857142857142857,,0,,0.0,0.23163576165011648,0.19263617565013527,0.6305833524471808,1.0,0.29028797961870745,0.28867513459481287,1.0
0.937,8,0,14,6,0.0,0.42857142857142855,1.0,0.5714285714285714,1.0,0.7272727272727273,0.7857142857142857,0.7559289460184544,0.2857142857142857,,0,,0.0,0.23163576165011648,0.19263617565013527,0.6305833524471808,1.0,0.29028797961870745,0.28867513459481287,1.0
0.938,8,0,14,6,0.0,0.42857142857142855,1.0,0.5714285714285714,1.0,0.7272727272727273,0.7857142857142857,0.7559289460184544,0.2857142857142857,,0,,0.0,0.23163576165011648,0.19263617565013527,0.6305833524471808,1.0,0.29028797961870745,0.28867513459481287,1.0
0.939,8,0,14,6,0.0,0.42857142857142855,1.0,0.5714285714285714,1.0,0.7272727272727273,0.7857142857142857,0.7559289460184544,0.2857142857142857,,0,,0.0,0.23163576165011648,0.19263617565013527,0.6305833524471808,1.0,0.29028797961870745,0.28867513459481287,1.0
0.94,8,0,14,6,0.0,0.42857142857142855,1.0,0.5714285714285714,1.0,0.7272727272727273,0.7857142857142857,0.7559289460184544,0.2857142857142857,,0,,0.0,0.23163576165011648,0.19263617565013527,0.6305833524471808,1.0,0.29028797961870745,0.28867513459481287,1.0
0.941,8,0,14,6,0.0,0.42857142857142855,1.0,0.5714285714285714,1.0,0.7272727272727273,0.7857142857142857,0.7559289460184544,0.2857142857142857,,0,,0.0,0.23163576165011648,0.19263617565013527,0.6305833524471808,1.0,0.29028797961870745,0.28867513459481287,1.0
0.942,8,0,14,6,0.0,0.42857142857142855,1.0,0.5714285714285714,1.0,0.7272727272727273,0.7857142857142857,0.7559289460184544,0.2857142857142857,,0,,0.0,0.23163576165011648,0.19263617565013527,0.6305833524471808,1.0,0.29028797961870745,0.28867513459481287,1.0
0.943,8,0,14,6,0.0,0.42857142857142855,1.0,0.5714285714285714,1.0,0.7272727272727273,0.7857142857142857,0.7559289460184544,0.2857142857142857,,0,,0.0,0.23163576165011648,0.19263617565013527,0.6305833524471808,1.0,0.29028797961870745,0.28867513459481287,1.0
0.944,8,0,14,6,0.0,0.42857142857142855,1.0,0.5714285714285714,1.0,0.7272727272727273,0.7857142857142857,0.7559289460184544,0.2857142857142857,,0,,0.0,0.23163576165011648,0.19263617565013527,0.6305833524471808,1.0,0.29028797961870745,0.28867513459481287,1.0
0.945,8,0,14,6,0.0,0.42857142857142855,1.0,0.5714285714285714,1.0,0.7272727272727273,0.7857142857142857,0.7559289460184544,0.2857142857142857,,0,,0.0,0.23163576165011648,0.19263617565013527,0.6305833524471808,1.0,0.29028797961870745,0.28867513459481287,1.0
0.946,8,0,14,6,0.0,0.42857142857142855,1.0,0.5714285714285714,1.0,0.7272727272727273,0.7857142857142857,0.7559289460184544,0.2857142857142857,,0,,0.0,0.23163576165011648,0.19263617565013527,0.6305833524471808,1.0,0.29028797961870745,0.28867513459481287,1.0
0.947,8,0,14,6,0.0,0.42857142857142855,1.0,0.5714285714285714,1.0,0.7272727272727273,0.7857142857142857,0.7559289460184544,0.2857142857142857,,0,,0.0,0.23163576165011648,0.19263617565013527,0.6305833524471808,1.0,0.29028797961870745,0.28867513459481287,1.0
0.948,8,0,14,6,0.0,0.42857142857142855,1.0,0.5714285714285714,1.0,0.7272727272727273,0.7857142857142857,0.7559289460184544,0.2857142857142857,,0,,0.0,0.23163576165011648,0.19263617565013527,0.6305833524471808,1.0,0.29028797961870745,0.28867513459481287,1.0
0.949,8,0,14,6,0.0,0.42857142857142855,1.0,0.5714285714285714,1.0,0.7272727272727273,0.7857142857142857,0.7559289460184544,0.2857142857142857,,0,,0.0,0.23163576165011648,0.19263617565013527,0.6305833524471808,1.0,0.29028797961870745,0.28867513459481287,1.0
0.95,8,0,14,6,0.0,0.42857142857142855,1.0,0.5714285714285714,1.0,0.7272727272727273,0.7857142857142857,0.7559289460184544,0.2857142857142857,,0,,0.0,0.23163576165011648,0.19263617565013527,0.6305833524471808,1.0,0.29028797961870745,0.28867513459481287,1.0
0.951,8,0,14,6,0.0,0.42857142857142855,1.0,0.5714285714285714,1.0,0.7272727272727273,0.7857142857142857,0.7559289460184544,0.2857142857142857,,0,,0.0,0.23163576165011648,0.19263617565013527,0.6305833524471808,1.0,0.29028797961870745,0.28867513459481287,1.0
0.9514285,8,0,14,6,0.0,0.42857142857142855,1.0,0.5714285714285714,1.0,0.7272727272727273,0.7857142857142857,0.7559289460184544,0.2857142857142857,,0,,0.0,0.23163576165011648,0.19263617565013527,0.6305833524471808,1.0,0.29028797961870745,0.28867513459481287,1.0
0.952,8,0,14,6,0.0,0.42857142857142855,1.0,0.5714285714285714,1.0,0.7272727272727273,0.7857142857142857,0.7559289460184544,0.2857142857142857,,0,,0.0,0.23163576165011648,0.19263617565013527,0.6305833524471808,1.0,0.29028797961870745,0.28867513459481287,1.0
0.953,8,0,14,6,0.0,0.42857142857142855,1.0,0.5714285714285714,1.0,0.7272727272727273,0.7857142857142857,0.7559289460184544,0.2857142857142857,,0,,0.0,0.23163576165011648,0.19263617565013527,0.6305833524471808,1.0,0.29028797961870745,0.28867513459481287,1.0
0.954,8,0,14,6,0.0,0.42857142857142855,1.0,0.5714285714285714,1.0,0.7272727272727273,0.7857142857142857,0.7559289460184544,0.2857142857142857,,0,,0.0,0.23163576165011648,0.19263617565013527,0.6305833524471808,1.0,0.29028797961870745,0.28867513459481287,1.0
0.955,8,0,14,6,0.0,0.42857142857142855,1.0,0.5714285714285714,1.0,0.7272727272727273,0.7857142857142857,0.7559289460184544,0.2857142857142857,,0,,0.0,0.23163576165011648,0.19263617565013527,0.6305833524471808,1.0,0.29028797961870745,0.28867513459481287,1.0
0.956,8,0,14,6,0.0,0.42857142857142855,1.0,0.5714285714285714,1.0,0.7272727272727273,0.7857142857142857,0.7559289460184544,0.2857142857142857,,0,,0.0,0.23163576165011648,0.19263617565013527,0.6305833524471808,1.0,0.29028797961870745,0.28867513459481287,1.0
0.957,8,0,14,6,0.0,0.42857142857142855,1.0,0.5714285714285714,1.0,0.7272727272727273,0.7857142857142857,0.7559289460184544,0.2857142857142857,,0,,0.0,0.23163576165011648,0.19263617565013527,0.6305833524471808,1.0,0.29028797961870745,0.28867513459481287,1.0
0.958,8,0,14,6,0.0,0.42857142857142855,1.0,0.5714285714285714,1.0,0.7272727272727273,0.7857142857142857,0.7559289460184544,0.2857142857142857,,0,,0.0,0.23163576165011648,0.19263617565013527,0.6305833524471808,1.0,0.29028797961870745,0.28867513459481287,1.0
0.959,8,0,14,6,0.0,0.42857142857142855,1.0,0.5714285714285714,1.0,0.7272727272727273,0.7857142857142857,0.7559289460184544,0.2857142857142857,,0,,0.0,0.23163576165011648,0.19263617565013527,0.6305833524471808,1.0,0.29028797961870745,0.28867513459481287,1.0
0.96,8,0,14,6,0.0,0.42857142857142855,1.0,0.5714285714285714,1.0,0.7272727272727273,0.7857142857142857,0.7559289460184544,0.2857142857142857,,0,,0.0,0.23163576165011648,0.19263617565013527,0.6305833524471808,1.0,0.29028797961870745,0.28867513459481287,1.0
0.961,8,0,14,6,0.0,0.42857142857142855,1.0,0.5714285714285714,1.0,0.7272727272727273,0.7857142857142857,0.7559289460184544,0.2857142857142857,,0,,0.0,0.23163576165011648,0.19263617565013527,0.6305833524471808,1.0,0.29028797961870745,0.28867513459481287,1.0
0.962,8,0,14,6,0.0,0.42857142857142855,1.0,0.5714285714285714,1.0,0.7272727272727273,0.7857142857142857,0.7559289460184544,0.2857142857142857,,0,,0.0,0.23163576165011648,0.19263617565013527,0.6305833524471808,1.0,0.29028797961870745,0.28867513459481287,1.0
0.963,8,0,14,6,0.0,0.42857142857142855,1.0,0.5714285714285714,1.0,0.7272727272727273,0.7857142857142857,0.7559289460184544,0.2857142857142857,,0,,0.0,0.23163576165011648,0.19263617565013527,0.6305833524471808,1.0,0.29028797961870745,0.28867513459481287,1.0
0.964,8,0,14,6,0.0,0.42857142857142855,1.0,0.5714285714285714,1.0,0.7272727272727273,0.7857142857142857,0.7559289460184544,0.2857142857142857,,0,,0.0,0.23163576165011648,0.19263617565013527,0.6305833524471808,1.0,0.29028797961870745,0.28867513459481287,1.0
0.965,8,0,14,6,0.0,0.42857142857142855,1.0,0.5714285714285714,1.0,0.7272727272727273,0.7857142857142857,0.7559289460184544,0.2857142857142857,,0,,0.0,0.23163576165011648,0.19263617565013527,0.6305833524471808,1.0,0.29028797961870745,0.28867513459481287,1.0
0.966,8,0,14,6,0.0,0.42857142857142855,1.0,0.5714285714285714,1.0,0.7272727272727273,0.7857142857142857,0.7559289460184544,0.2857142857142857,,0,,0.0,0.23163576165011648,0.19263617565013527,0.6305833524471808,1.0,0.29028797961870745,0.28867513459481287,1.0
0.967,8,0,14,6,0.0,0.42857142857142855,1.0,0.5714285714285714,1.0,0.7272727272727273,0.7857142857142857,0.7559289460184544,0.2857142857142857,,0,,0.0,0.23163576165011648,0.19263617565013527,0.6305833524471808,1.0,0.29028797961870745,0.28867513459481287,1.0
0.968,8,0,14,6,0.0,0.42857142857142855,1.0,0.5714285714285714,1.0,0.7272727272727273,0.7857142857142857,0.7559289460184544,0.2857142857142857,,0,,0.0,0.23163576165011648,0.19263617565013527,0.6305833524471808,1.0,0.29028797961870745,0.28867513459481287,1.0
0.969,8,0,14,6,0.0,0.42857142857142855,1.0,0.5714285714285714,1.0,0.7272727272727273,0.7857142857142857,0.7559289460184544,0.2857142857142857,,0,,0.0,0.23163576165011648,0.19263617565013527,0.6305833524471808,1.0,0.29028797961870745,0.28867513459481287,1.0
0.97,8,0,14,6,0.0,0.42857142857142855,1.0,0.5714285714285714,1.0,0.7272727272727273,0.7857142857142857,0.7559289460184544,0.2857142857142857,,0,,0.0,0.23163576165011648,0.19263617565013527,0.6305833524471808,1.0,0.29028797961870745,0.28867513459481287,1.0
0.971,8,0,14,6,0.0,0.42857142857142855,1.0,0.5714285714285714,1.0,0.7272727272727273,0.7857142857142857,0.7559289460184544,0.2857142857142857,,0,,0.0,0.23163576165011648,0.19263617565013527,0.6305833524471808,1.0,0.29028797961870745,0.28867513459481287,1.0
0.972,8,0,14,6,0.0,0.42857142857142855,1.0,0.5714285714285714,1.0,0.7272727272727273,0.7857142857142857,0.7559289460184544,0.2857142857142857,,0,,0.0,0.23163576165011648,0.19263617565013527,0.6305833524471808,1.0,0.29028797961870745,0.28867513459481287,1.0
0.973,8,0,14,6,0.0,0.42857142857142855,1.0,0.5714285714285714,1.0,0.7272727272727273,0.7857142857142857,0.7559289460184544,0.2857142857142857,,0,,0.0,0.23163576165011648,0.19263617565013527,0.6305833524471808,1.0,0.29028797961870745,0.28867513459481287,1.0
0.974,8,0,14,6,0.0,0.42857142857142855,1.0,0.5714285714285714,1.0,0.7272727272727273,0.7857142857142857,0.7559289460184544,0.2857142857142857,,0,,0.0,0.23163576165011648,0.19263617565013527,0.6305833524471808,1.0,0.29028797961870745,0.28867513459481287,1.0
0.975,8,0,14,6,0.0,0.42857142857142855,1.0,0.5714285714285714,1.0,0.7272727272727273,0.7857142857142857,0.7559289460184544,0.2857142857142857,,0,,0.0,0.23163576165011648,0.19263617565013527,0.6305833524471808,1.0,0.29028797961870745,0.28867513459481287,1.0
0.976,8,0,14,6,0.0,0.42857142857142855,1.0,0.5714285714285714,1.0,0.7272727272727273,0.7857142857142857,0.7559289460184544,0.2857142857142857,,0,,0.0,0.23163576165011648,0.19263617565013527,0.6305833524471808,1.0,0.29028797961870745,0.28867513459481287,1.0
0.977,8,0,14,6,0.0,0.42857142857142855,1.0,0.5714285714285714,1.0,0.7272727272727273,0.7857142857142857,0.7559289460184544,0.2857142857142857,,0,,0.0,0.23163576165011648,0.19263617565013527,0.6305833524471808,1.0,0.29028797961870745,0.28867513459481287,1.0
0.978,8,0,14,6,0.0,0.42857142857142855,1.0,0.5714285714285714,1.0,0.7272727272727273,0.7857142857142857,0.7559289460184544,0.2857142857142857,,0,,0.0,0.23163576165011648,0.19263617565013527,0.6305833524471808,1.0,0.29028797961870745,0.28867513459481287,1.0
0.979,8,0,14,6,0.0,0.42857142857142855,1.0,0.5714285714285714,1.0,0.7272727272727273,0.7857142857142857,0.7559289460184544,0.2857142857142857,,0,,0.0,0.23163576165011648,0.19263617565013527,0.6305833524471808,1.0,0.29028797961870745,0.28867513459481287,1.0
0.98,8,0,14,6,0.0,0.42857142857142855,1.0,0.5714285714285714,1.0,0.7272727272727273,0.7857142857142857,0.7559289460184544,0.2857142857142857,,0,,0.0,0.23163576165011648,0.19263617565013527,0.6305833524471808,1.0,0.29028797961870745,0.28867513459481287,1.0
0.981,8,0,14,6,0.0,0.42857142857142855,1.0,0.5714285714285714,1.0,0.7272727272727273,0.7857142857142857,0.7559289460184544,0.2857142857142857,,0,,0.0,0.23163576165011648,0.19263617565013527,0.6305833524471808,1.0,0.29028797961870745,0.28867513459481287,1.0
0.982,8,0,14,6,0.0,0.42857142857142855,1.0,0.5714285714285714,1.0,0.7272727272727273,0.7857142857142857,0.7559289460184544,0.2857142857142857,,0,,0.0,0.23163576165011648,0.19263617565013527,0.6305833524471808,1.0,0.29028797961870745,0.28867513459481287,1.0
0.983,8,0,14,6,0.0,0.42857142857142855,1.0,0.5714285714285714,1.0,0.7272727272727273,0.7857142857142857,0.7559289460184544,0.2857142857142857,,0,,0.0,0.23163576165011648,0.19263617565013527,0.6305833524471808,1.0,0.29028797961870745,0.28867513459481287,1.0
0.984,8,0,14,6,0.0,0.42857142857142855,1.0,0.5714285714285714,1.0,0.7272727272727273,0.7857142857142857,0.7559289460184544,0.2857142857142857,,0,,0.0,0.23163576165011648,0.19263617565013527,0.6305833524471808,1.0,0.29028797961870745,0.28867513459481287,1.0
0.985,8,0,14,6,0.0,0.42857142857142855,1.0,0.5714285714285714,1.0,0.7272727272727273,0.7857142857142857,0.7559289460184544,0.2857142857142857,,0,,0.0,0.23163576165011648,0.19263617565013527,0.6305833524471808,1.0,0.29028797961870745,0.28867513459481287,1.0
0.986,8,0,14,6,0.0,0.42857142857142855,1.0,0.5714285714285714,1.0,0.7272727272727273,0.7857142857142857,0.7559289460184544,0.2857142857142857,,0,,0.0,0.23163576165011648,0.19263617565013527,0.6305833524471808,1.0,0.29028797961870745,0.28867513459481287,1.0
0.987,8,0,14,6,0.0,0.42857142857142855,1.0,0.5714285714285714,1.0,0.7272727272727273,0.7857142857142857,0.7559289460184544,0.2857142857142857,,0,,0.0,0.23163576165011648,0.19263617565013527,0.6305833524471808,1.0,0.29028797961870745,0.28867513459481287,1.0
0.988,8,0,14,6,0.0,0.42857142857142855,1.0,0.5714285714285714,1.0,0.7272727272727273,0.7857142857142857,0.7559289460184544,0.2857142857142857,,0,,0.0,0.23163576165011648,0.19263617565013527,0.6305833524471808,1.0,0.29028797961870745,0.28867513459481287,1.0
0.989,8,0,14,6,0.0,0.42857142857142855,1.0,0.5714285714285714,1.0,0.7272727272727273,0.7857142857142857,0.7559289460184544,0.2857142857142857,,0,,0.0,0.23163576165011648,0.19263617565013527,0.6305833524471808,1.0,0.29028797961870745,0.28867513459481287,1.0
0.99,8,0,14,6,0.0,0.42857142857142855,1.0,0.5714285714285714,1.0,0.7272727272727273,0.7857142857142857,0.7559289460184544,0.2857142857142857,,0,,0.0,0.23163576165011648,0.19263617565013527,0.6305833524471808,1.0,0.29028797961870745,0.28867513459481287,1.0
0.991,8,0,14,6,0.0,0.42857142857142855,1.0,0.5714285714285714,1.0,0.7272727272727273,0.7857142857142857,0.7559289460184544,0.2857142857142857,,0,,0.0,0.23163576165011648,0.19263617565013527,0.6305833524471808,1.0,0.29028797961870745,0.28867513459481287,1.0
0.992,8,0,14,6,0.0,0.42857142857142855,1.0,0.5714285714285714,1.0,0.7272727272727273,0.7857142857142857,0.7559289460184544,0.2857142857142857,,0,,0.0,0.23163576165011648,0.19263617565013527,0.6305833524471808,1.0,0.29028797961870745,0.28867513459481287,1.0
0.993,8,0,14,6,0.0,0.42857142857142855,1.0,0.5714285714285714,1.0,0.7272727272727273,0.7857142857142857,0.7559289460184544,0.2857142857142857,,0,,0.0,0.23163576165011648,0.19263617565013527,0.6305833524471808,1.0,0.29028797961870745,0.28867513459481287,1.0
0.994,8,0,14,6,0.0,0.42857142857142855,1.0,0.5714285714285714,1.0,0.7272727272727273,0.7857142857142857,0.7559289460184544,0.2857142857142857,,0,,0.0,0.23163576165011648,0.19263617565013527,0.6305833524471808,1.0,0.29028797961870745,0.28867513459481287,1.0
0.995,8,0,14,6,0.0,0.42857142857142855,1.0,0.5714285714285714,1.0,0.7272727272727273,0.7857142857142857,0.7559289460184544,0.2857142857142857,,0,,0.0,0.23163576165011648,0.19263617565013527,0.6305833524471808,1.0,0.29028797961870745,0.28867513459481287,1.0
0.996,8,0,14,6,0.0,0.42857142857142855,1.0,0.5714285714285714,1.0,0.7272727272727273,0.7857142857142857,0.7559289460184544,0.2857142857142857,,0,,0.0,0.23163576165011648,0.19263617565013527,0.6305833524471808,1.0,0.29028797961870745,0.28867513459481287,1.0
0.997,8,0,14,6,0.0,0.42857142857142855,1.0,0.5714285714285714,1.0,0.7272727272727273,0.7857142857142857,0.7559289460184544,0.2857142857142857,,0,,0.0,0.23163576165011648,0.19263617565013527,0.6305833524471808,1.0,0.29028797961870745,0.28867513459481287,1.0
0.998,8,0,14,6,0.0,0.42857142857142855,1.0,0.5714285714285714,1.0,0.7272727272727273,0.7857142857142857,0.7559289460184544,0.2857142857142857,,0,,0.0,0.23163576165011648,0.19263617565013527,0.6305833524471808,1.0,0.29028797961870745,0.28867513459481287,1.0
0.999,8,0,14,6,0.0,0.42857142857142855,1.0,0.5714285714285714,1.0,0.7272727272727273,0.7857142857142857,0.7559289460184544,0.2857142857142857,,0,,0.0,0.23163576165011648,0.19263617565013527,0.6305833524471808,1.0,0.29028797961870745,0.28867513459481287,1.0
1.0,8,0,14,6,0.0,0.42857142857142855,1.0,0.5714285714285714,1.0,0.7272727272727273,0.7857142857142857,0.7559289460184544,0.2857142857142857,,0,,0.0,0.23163576165011648,0.19263617565013527,0.6305833524471808,1.0,0.29028797961870745,0.28867513459481287,1.0
