case_id,weak_label,weak_label_source,weak_label_confidence,weak_label_quality_reason,source_type,mutation_type,split,leakage_group_id,quality_flags,primary_source_exists,mutation_source_exists,mutation_provenance_complete,traceable_change,duplicate_group_id,canonical_case,duplicate_cluster_size,excluded_from_primary_reason,high_risk_mutation_proxy,classifier_version
ext-iqa-pass-001,PASS,generator_expected_label plus documented mutation/source provenance,HIGH,primary_source_present;required_fields_complete;no_quality_flags;not_exact_duplicate;weak_label_not_human_ground_truth,insuranceqa,exact_answer,LOCKED_HOLDOUT_CANDIDATE,lg-a489a05f62b0,[],True,True,True,True,,True,1,,False,weak_label_quality_v1
ext-iqa-pass-002,PASS,generator_expected_label plus documented mutation/source provenance,HIGH,primary_source_present;required_fields_complete;no_quality_flags;not_exact_duplicate;weak_label_not_human_ground_truth,insuranceqa,exact_answer,LOCKED_HOLDOUT_CANDIDATE,lg-74314ded45d1,[],True,True,True,True,,True,1,,False,weak_label_quality_v1
ext-iqa-pass-003,PASS,generator_expected_label plus documented mutation/source provenance,HIGH,primary_source_present;required_fields_complete;no_quality_flags;not_exact_duplicate;weak_label_not_human_ground_truth,insuranceqa,exact_answer,VALIDATION,lg-d1676baf7624,[],True,True,True,True,,True,1,,False,weak_label_quality_v1
ext-iqa-pass-004,PASS,generator_expected_label plus documented mutation/source provenance,HIGH,primary_source_present;required_fields_complete;no_quality_flags;not_exact_duplicate;weak_label_not_human_ground_truth,insuranceqa,exact_answer,CALIBRATION,lg-46f8b30126ae,[],True,True,True,True,,True,1,,False,weak_label_quality_v1
ext-iqa-pass-005,PASS,generator_expected_label plus documented mutation/source provenance,HIGH,primary_source_present;required_fields_complete;no_quality_flags;not_exact_duplicate;weak_label_not_human_ground_truth,insuranceqa,exact_answer,CALIBRATION,lg-f4013c68ca9c,[],True,True,True,True,,True,1,,False,weak_label_quality_v1
ext-iqa-pass-006,PASS,generator_expected_label plus documented mutation/source provenance,HIGH,primary_source_present;required_fields_complete;no_quality_flags;not_exact_duplicate;weak_label_not_human_ground_truth,insuranceqa,exact_answer,LOCKED_HOLDOUT_CANDIDATE,lg-ced6d6171b50,[],True,True,True,True,,True,1,,False,weak_label_quality_v1
ext-iqa-pass-007,PASS,generator_expected_label plus documented mutation/source provenance,HIGH,primary_source_present;required_fields_complete;no_quality_flags;not_exact_duplicate;weak_label_not_human_ground_truth,insuranceqa,exact_answer,CALIBRATION,lg-2772e43051a7,[],True,True,True,True,,True,1,,False,weak_label_quality_v1
ext-iqa-pass-008,PASS,generator_expected_label plus documented mutation/source provenance,HIGH,primary_source_present;required_fields_complete;no_quality_flags;not_exact_duplicate;weak_label_not_human_ground_truth,insuranceqa,exact_answer,LOCKED_HOLDOUT_CANDIDATE,lg-997ccac81852,[],True,True,True,True,,True,1,,False,weak_label_quality_v1
ext-iqa-pass-009,PASS,generator_expected_label plus documented mutation/source provenance,HIGH,primary_source_present;required_fields_complete;no_quality_flags;not_exact_duplicate;weak_label_not_human_ground_truth,insuranceqa,exact_answer,VALIDATION,lg-0d9016c6778e,[],True,True,True,True,,True,1,,False,weak_label_quality_v1
ext-iqa-pass-010,PASS,generator_expected_label plus documented mutation/source provenance,HIGH,primary_source_present;required_fields_complete;no_quality_flags;not_exact_duplicate;weak_label_not_human_ground_truth,insuranceqa,exact_answer,LOCKED_HOLDOUT_CANDIDATE,lg-4894bbbcb52c,[],True,True,True,True,,True,1,,False,weak_label_quality_v1
ext-iqa-pass-011,PASS,generator_expected_label plus documented mutation/source provenance,HIGH,primary_source_present;required_fields_complete;no_quality_flags;not_exact_duplicate;weak_label_not_human_ground_truth,insuranceqa,exact_answer,LOCKED_HOLDOUT_CANDIDATE,lg-e4f6d0dc5640,[],True,True,True,True,,True,1,,False,weak_label_quality_v1
ext-iqa-pass-012,PASS,generator_expected_label plus documented mutation/source provenance,HIGH,primary_source_present;required_fields_complete;no_quality_flags;not_exact_duplicate;weak_label_not_human_ground_truth,insuranceqa,exact_answer,CALIBRATION,lg-158b32e48f1c,[],True,True,True,True,,True,1,,False,weak_label_quality_v1
ext-iqa-pass-013,PASS,generator_expected_label plus documented mutation/source provenance,HIGH,primary_source_present;required_fields_complete;no_quality_flags;not_exact_duplicate;weak_label_not_human_ground_truth,insuranceqa,exact_answer,LOCKED_HOLDOUT_CANDIDATE,lg-e06506497dd1,[],True,True,True,True,,True,1,,False,weak_label_quality_v1
ext-iqa-pass-014,PASS,generator_expected_label plus documented mutation/source provenance,HIGH,primary_source_present;required_fields_complete;no_quality_flags;not_exact_duplicate;weak_label_not_human_ground_truth,insuranceqa,exact_answer,VALIDATION,lg-e5fbc46753a2,[],True,True,True,True,,True,1,,False,weak_label_quality_v1
ext-iqa-pass-015,PASS,generator_expected_label plus documented mutation/source provenance,HIGH,primary_source_present;required_fields_complete;no_quality_flags;not_exact_duplicate;weak_label_not_human_ground_truth,insuranceqa,exact_answer,VALIDATION,lg-cff2a6820ea7,[],True,True,True,True,,True,1,,False,weak_label_quality_v1
ext-iqa-pass-016,PASS,generator_expected_label plus documented mutation/source provenance,HIGH,primary_source_present;required_fields_complete;no_quality_flags;not_exact_duplicate;weak_label_not_human_ground_truth,insuranceqa,exact_answer,VALIDATION,lg-893eea51aa5f,[],True,True,True,True,,True,1,,False,weak_label_quality_v1
ext-iqa-pass-017,PASS,generator_expected_label plus documented mutation/source provenance,HIGH,primary_source_present;required_fields_complete;no_quality_flags;not_exact_duplicate;weak_label_not_human_ground_truth,insuranceqa,exact_answer,CALIBRATION,lg-6b9a823da657,[],True,True,True,True,,True,1,,False,weak_label_quality_v1
ext-iqa-pass-018,PASS,generator_expected_label plus documented mutation/source provenance,HIGH,primary_source_present;required_fields_complete;no_quality_flags;not_exact_duplicate;weak_label_not_human_ground_truth,insuranceqa,exact_answer,VALIDATION,lg-3570ee32687e,[],True,True,True,True,,True,1,,False,weak_label_quality_v1
ext-iqa-pass-019,PASS,generator_expected_label plus documented mutation/source provenance,HIGH,primary_source_present;required_fields_complete;no_quality_flags;not_exact_duplicate;weak_label_not_human_ground_truth,insuranceqa,exact_answer,VALIDATION,lg-69f8c9702c9a,[],True,True,True,True,,True,1,,False,weak_label_quality_v1
ext-iqa-pass-020,PASS,generator_expected_label plus documented mutation/source provenance,HIGH,primary_source_present;required_fields_complete;no_quality_flags;not_exact_duplicate;weak_label_not_human_ground_truth,insuranceqa,exact_answer,VALIDATION,lg-3a9ca4b9f3c8,[],True,True,True,True,,True,1,,False,weak_label_quality_v1
ext-iqa-pass-021,PASS,generator_expected_label plus documented mutation/source provenance,HIGH,primary_source_present;required_fields_complete;no_quality_flags;not_exact_duplicate;weak_label_not_human_ground_truth,insuranceqa,exact_answer,VALIDATION,lg-5ec7b9af0c61,[],True,True,True,True,,True,1,,False,weak_label_quality_v1
ext-iqa-pass-022,PASS,generator_expected_label plus documented mutation/source provenance,HIGH,primary_source_present;required_fields_complete;no_quality_flags;not_exact_duplicate;weak_label_not_human_ground_truth,insuranceqa,exact_answer,CALIBRATION,lg-e912afbae8e7,[],True,True,True,True,,True,1,,False,weak_label_quality_v1
ext-iqa-pass-023,PASS,generator_expected_label plus documented mutation/source provenance,HIGH,primary_source_present;required_fields_complete;no_quality_flags;not_exact_duplicate;weak_label_not_human_ground_truth,insuranceqa,exact_answer,VALIDATION,lg-6c4bc6cfa954,[],True,True,True,True,,True,1,,False,weak_label_quality_v1
ext-iqa-pass-024,PASS,generator_expected_label plus documented mutation/source provenance,HIGH,primary_source_present;required_fields_complete;no_quality_flags;not_exact_duplicate;weak_label_not_human_ground_truth,insuranceqa,exact_answer,VALIDATION,lg-6c4bc6cfa954,[],True,True,True,True,,True,1,,False,weak_label_quality_v1
ext-iqa-pass-025,PASS,generator_expected_label plus documented mutation/source provenance,HIGH,primary_source_present;required_fields_complete;no_quality_flags;not_exact_duplicate;weak_label_not_human_ground_truth,insuranceqa,exact_answer,VALIDATION,lg-aba2c9e7a82d,[],True,True,True,True,,True,1,,False,weak_label_quality_v1
ext-iqa-pass-026,PASS,generator_expected_label plus documented mutation/source provenance,HIGH,primary_source_present;required_fields_complete;no_quality_flags;not_exact_duplicate;weak_label_not_human_ground_truth,insuranceqa,exact_answer,LOCKED_HOLDOUT_CANDIDATE,lg-9e8009daaecf,[],True,True,True,True,,True,1,,False,weak_label_quality_v1
ext-iqa-pass-027,PASS,generator_expected_label plus documented mutation/source provenance,HIGH,primary_source_present;required_fields_complete;no_quality_flags;not_exact_duplicate;weak_label_not_human_ground_truth,insuranceqa,exact_answer,VALIDATION,lg-1d1ce626b09d,[],True,True,True,True,,True,1,,False,weak_label_quality_v1
ext-iqa-pass-028,PASS,generator_expected_label plus documented mutation/source provenance,HIGH,primary_source_present;required_fields_complete;no_quality_flags;not_exact_duplicate;weak_label_not_human_ground_truth,insuranceqa,exact_answer,CALIBRATION,lg-0be3095c3478,[],True,True,True,True,,True,1,,False,weak_label_quality_v1
ext-iqa-pass-029,PASS,generator_expected_label plus documented mutation/source provenance,HIGH,primary_source_present;required_fields_complete;no_quality_flags;not_exact_duplicate;weak_label_not_human_ground_truth,insuranceqa,exact_answer,LOCKED_HOLDOUT_CANDIDATE,lg-33989e349e5c,[],True,True,True,True,,True,1,,False,weak_label_quality_v1
ext-iqa-pass-030,PASS,generator_expected_label plus documented mutation/source provenance,HIGH,primary_source_present;required_fields_complete;no_quality_flags;not_exact_duplicate;weak_label_not_human_ground_truth,insuranceqa,exact_answer,VALIDATION,lg-6c4bc6cfa954,[],True,True,True,True,,True,1,,False,weak_label_quality_v1
ext-iqa-pass-031,PASS,generator_expected_label plus documented mutation/source provenance,HIGH,primary_source_present;required_fields_complete;no_quality_flags;not_exact_duplicate;weak_label_not_human_ground_truth,insuranceqa,exact_answer,LOCKED_HOLDOUT_CANDIDATE,lg-43edded82d7c,[],True,True,True,True,,True,1,,False,weak_label_quality_v1
ext-iqa-pass-032,PASS,generator_expected_label plus documented mutation/source provenance,HIGH,primary_source_present;required_fields_complete;no_quality_flags;not_exact_duplicate;weak_label_not_human_ground_truth,insuranceqa,exact_answer,LOCKED_HOLDOUT_CANDIDATE,lg-a596cce11c22,[],True,True,True,True,,True,1,,False,weak_label_quality_v1
ext-iqa-pass-033,PASS,generator_expected_label plus documented mutation/source provenance,HIGH,primary_source_present;required_fields_complete;no_quality_flags;not_exact_duplicate;weak_label_not_human_ground_truth,insuranceqa,exact_answer,CALIBRATION,lg-5d4ec89b8176,[],True,True,True,True,,True,1,,False,weak_label_quality_v1
ext-iqa-pass-034,PASS,generator_expected_label plus documented mutation/source provenance,HIGH,primary_source_present;required_fields_complete;no_quality_flags;not_exact_duplicate;weak_label_not_human_ground_truth,insuranceqa,exact_answer,CALIBRATION,lg-e4e12d64d217,[],True,True,True,True,,True,1,,False,weak_label_quality_v1
ext-iqa-pass-035,PASS,generator_expected_label plus documented mutation/source provenance,HIGH,primary_source_present;required_fields_complete;no_quality_flags;not_exact_duplicate;weak_label_not_human_ground_truth,insuranceqa,exact_answer,CALIBRATION,lg-998dc2e43ba5,[],True,True,True,True,,True,1,,False,weak_label_quality_v1
ext-iqa-pass-036,PASS,generator_expected_label plus documented mutation/source provenance,HIGH,primary_source_present;required_fields_complete;no_quality_flags;not_exact_duplicate;weak_label_not_human_ground_truth,insuranceqa,exact_answer,LOCKED_HOLDOUT_CANDIDATE,lg-8d7e2acf95d5,[],True,True,True,True,,True,1,,False,weak_label_quality_v1
ext-iqa-pass-037,PASS,generator_expected_label plus documented mutation/source provenance,HIGH,primary_source_present;required_fields_complete;no_quality_flags;not_exact_duplicate;weak_label_not_human_ground_truth,insuranceqa,exact_answer,CALIBRATION,lg-75f840a070a5,[],True,True,True,True,,True,1,,False,weak_label_quality_v1
ext-iqa-pass-038,PASS,generator_expected_label plus documented mutation/source provenance,HIGH,primary_source_present;required_fields_complete;no_quality_flags;not_exact_duplicate;weak_label_not_human_ground_truth,insuranceqa,exact_answer,CALIBRATION,lg-6cc4ba0e7bee,[],True,True,True,True,,True,1,,False,weak_label_quality_v1
ext-iqa-pass-039,PASS,generator_expected_label plus documented mutation/source provenance,HIGH,primary_source_present;required_fields_complete;no_quality_flags;not_exact_duplicate;weak_label_not_human_ground_truth,insuranceqa,exact_answer,LOCKED_HOLDOUT_CANDIDATE,lg-2a530e51e40c,[],True,True,True,True,,True,1,,False,weak_label_quality_v1
ext-iqa-pass-040,PASS,generator_expected_label plus documented mutation/source provenance,HIGH,primary_source_present;required_fields_complete;no_quality_flags;not_exact_duplicate;weak_label_not_human_ground_truth,insuranceqa,exact_answer,VALIDATION,lg-c34c21dbcd45,[],True,True,True,True,,True,1,,False,weak_label_quality_v1
ext-iqa-pass-041,PASS,generator_expected_label plus documented mutation/source provenance,HIGH,primary_source_present;required_fields_complete;no_quality_flags;not_exact_duplicate;weak_label_not_human_ground_truth,insuranceqa,supported_answer_preface,VALIDATION,lg-bce999019bc2,[],True,True,True,True,,True,1,,False,weak_label_quality_v1
ext-iqa-pass-042,PASS,generator_expected_label plus documented mutation/source provenance,HIGH,primary_source_present;required_fields_complete;no_quality_flags;not_exact_duplicate;weak_label_not_human_ground_truth,insuranceqa,supported_answer_preface,VALIDATION,lg-06d04824ff51,[],True,True,True,True,,True,1,,False,weak_label_quality_v1
ext-iqa-pass-043,PASS,generator_expected_label plus documented mutation/source provenance,HIGH,primary_source_present;required_fields_complete;no_quality_flags;not_exact_duplicate;weak_label_not_human_ground_truth,insuranceqa,supported_answer_preface,VALIDATION,lg-e91671ac667e,[],True,True,True,True,,True,1,,False,weak_label_quality_v1
ext-iqa-pass-044,PASS,generator_expected_label plus documented mutation/source provenance,HIGH,primary_source_present;required_fields_complete;no_quality_flags;not_exact_duplicate;weak_label_not_human_ground_truth,insuranceqa,supported_answer_preface,VALIDATION,lg-2f27fd06051f,[],True,True,True,True,,True,1,,False,weak_label_quality_v1
ext-iqa-pass-045,PASS,generator_expected_label plus documented mutation/source provenance,HIGH,primary_source_present;required_fields_complete;no_quality_flags;not_exact_duplicate;weak_label_not_human_ground_truth,insuranceqa,supported_answer_preface,CALIBRATION,lg-fb55c6c4f298,[],True,True,True,True,,True,1,,False,weak_label_quality_v1
ext-iqa-pass-046,PASS,generator_expected_label plus documented mutation/source provenance,HIGH,primary_source_present;required_fields_complete;no_quality_flags;not_exact_duplicate;weak_label_not_human_ground_truth,insuranceqa,supported_answer_preface,CALIBRATION,lg-f7c3426f7595,[],True,True,True,True,,True,1,,False,weak_label_quality_v1
ext-iqa-pass-047,PASS,generator_expected_label plus documented mutation/source provenance,HIGH,primary_source_present;required_fields_complete;no_quality_flags;not_exact_duplicate;weak_label_not_human_ground_truth,insuranceqa,supported_answer_preface,LOCKED_HOLDOUT_CANDIDATE,lg-bf57042a42f4,[],True,True,True,True,,True,1,,False,weak_label_quality_v1
ext-iqa-pass-048,PASS,generator_expected_label plus documented mutation/source provenance,HIGH,primary_source_present;required_fields_complete;no_quality_flags;not_exact_duplicate;weak_label_not_human_ground_truth,insuranceqa,supported_answer_preface,VALIDATION,lg-bb496bd62b0e,[],True,True,True,True,,True,1,,False,weak_label_quality_v1
ext-iqa-pass-049,PASS,generator_expected_label plus documented mutation/source provenance,HIGH,primary_source_present;required_fields_complete;no_quality_flags;not_exact_duplicate;weak_label_not_human_ground_truth,insuranceqa,supported_answer_preface,LOCKED_HOLDOUT_CANDIDATE,lg-efa66051644a,[],True,True,True,True,,True,1,,False,weak_label_quality_v1
ext-iqa-pass-050,PASS,generator_expected_label plus documented mutation/source provenance,HIGH,primary_source_present;required_fields_complete;no_quality_flags;not_exact_duplicate;weak_label_not_human_ground_truth,insuranceqa,supported_answer_preface,CALIBRATION,lg-16b8e6895d05,[],True,True,True,True,,True,1,,False,weak_label_quality_v1
ext-iqa-pass-051,PASS,generator_expected_label plus documented mutation/source provenance,HIGH,primary_source_present;required_fields_complete;no_quality_flags;not_exact_duplicate;weak_label_not_human_ground_truth,insuranceqa,supported_answer_preface,VALIDATION,lg-5ec7b9af0c61,[],True,True,True,True,,True,1,,False,weak_label_quality_v1
ext-iqa-pass-052,PASS,generator_expected_label plus documented mutation/source provenance,HIGH,primary_source_present;required_fields_complete;no_quality_flags;not_exact_duplicate;weak_label_not_human_ground_truth,insuranceqa,supported_answer_preface,VALIDATION,lg-92604aa92260,[],True,True,True,True,,True,1,,False,weak_label_quality_v1
ext-iqa-pass-053,PASS,generator_expected_label plus documented mutation/source provenance,HIGH,primary_source_present;required_fields_complete;no_quality_flags;not_exact_duplicate;weak_label_not_human_ground_truth,insuranceqa,supported_answer_preface,VALIDATION,lg-2f02a4071f1a,[],True,True,True,True,,True,1,,False,weak_label_quality_v1
ext-iqa-pass-054,PASS,generator_expected_label plus documented mutation/source provenance,HIGH,primary_source_present;required_fields_complete;no_quality_flags;not_exact_duplicate;weak_label_not_human_ground_truth,insuranceqa,supported_answer_preface,VALIDATION,lg-55aa2726a798,[],True,True,True,True,,True,1,,False,weak_label_quality_v1
ext-iqa-pass-055,PASS,generator_expected_label plus documented mutation/source provenance,HIGH,primary_source_present;required_fields_complete;no_quality_flags;not_exact_duplicate;weak_label_not_human_ground_truth,insuranceqa,supported_answer_preface,VALIDATION,lg-96158ce07170,[],True,True,True,True,,True,1,,False,weak_label_quality_v1
ext-iqa-pass-056,PASS,generator_expected_label plus documented mutation/source provenance,HIGH,primary_source_present;required_fields_complete;no_quality_flags;not_exact_duplicate;weak_label_not_human_ground_truth,insuranceqa,supported_answer_preface,CALIBRATION,lg-e965d718aa27,[],True,True,True,True,,True,1,,False,weak_label_quality_v1
ext-iqa-pass-057,PASS,generator_expected_label plus documented mutation/source provenance,HIGH,primary_source_present;required_fields_complete;no_quality_flags;not_exact_duplicate;weak_label_not_human_ground_truth,insuranceqa,supported_answer_preface,LOCKED_HOLDOUT_CANDIDATE,lg-3484938e3c8d,[],True,True,True,True,,True,1,,False,weak_label_quality_v1
ext-iqa-pass-058,PASS,generator_expected_label plus documented mutation/source provenance,HIGH,primary_source_present;required_fields_complete;no_quality_flags;not_exact_duplicate;weak_label_not_human_ground_truth,insuranceqa,supported_answer_preface,LOCKED_HOLDOUT_CANDIDATE,lg-d52a46015bc0,[],True,True,True,True,,True,1,,False,weak_label_quality_v1
ext-iqa-pass-059,PASS,generator_expected_label plus documented mutation/source provenance,HIGH,primary_source_present;required_fields_complete;no_quality_flags;not_exact_duplicate;weak_label_not_human_ground_truth,insuranceqa,supported_answer_preface,LOCKED_HOLDOUT_CANDIDATE,lg-0842e3c07b93,[],True,True,True,True,,True,1,,False,weak_label_quality_v1
ext-iqa-pass-060,PASS,generator_expected_label plus documented mutation/source provenance,HIGH,primary_source_present;required_fields_complete;no_quality_flags;not_exact_duplicate;weak_label_not_human_ground_truth,insuranceqa,supported_answer_preface,CALIBRATION,lg-8472bb0c76c3,[],True,True,True,True,,True,1,,False,weak_label_quality_v1
ext-iqa-pass-061,PASS,generator_expected_label plus documented mutation/source provenance,HIGH,primary_source_present;required_fields_complete;no_quality_flags;not_exact_duplicate;weak_label_not_human_ground_truth,insuranceqa,supported_answer_preface,LOCKED_HOLDOUT_CANDIDATE,lg-8a2118072fba,[],True,True,True,True,,True,1,,False,weak_label_quality_v1
ext-iqa-pass-062,PASS,generator_expected_label plus documented mutation/source provenance,HIGH,primary_source_present;required_fields_complete;no_quality_flags;not_exact_duplicate;weak_label_not_human_ground_truth,insuranceqa,supported_answer_preface,CALIBRATION,lg-e1a2f492ceb7,[],True,True,True,True,,True,1,,False,weak_label_quality_v1
ext-iqa-pass-063,PASS,generator_expected_label plus documented mutation/source provenance,HIGH,primary_source_present;required_fields_complete;no_quality_flags;not_exact_duplicate;weak_label_not_human_ground_truth,insuranceqa,supported_answer_preface,VALIDATION,lg-e5fbc46753a2,[],True,True,True,True,,True,1,,False,weak_label_quality_v1
ext-iqa-pass-064,PASS,generator_expected_label plus documented mutation/source provenance,HIGH,primary_source_present;required_fields_complete;no_quality_flags;not_exact_duplicate;weak_label_not_human_ground_truth,insuranceqa,supported_answer_preface,LOCKED_HOLDOUT_CANDIDATE,lg-bc0d2da20ce3,[],True,True,True,True,,True,1,,False,weak_label_quality_v1
ext-iqa-pass-065,PASS,generator_expected_label plus documented mutation/source provenance,HIGH,primary_source_present;required_fields_complete;no_quality_flags;not_exact_duplicate;weak_label_not_human_ground_truth,insuranceqa,supported_answer_preface,VALIDATION,lg-23c6bcee5466,[],True,True,True,True,,True,1,,False,weak_label_quality_v1
ext-iqa-pass-066,PASS,generator_expected_label plus documented mutation/source provenance,HIGH,primary_source_present;required_fields_complete;no_quality_flags;not_exact_duplicate;weak_label_not_human_ground_truth,insuranceqa,supported_answer_preface,CALIBRATION,lg-0412d4c453d4,[],True,True,True,True,,True,1,,False,weak_label_quality_v1
ext-iqa-pass-067,PASS,generator_expected_label plus documented mutation/source provenance,HIGH,primary_source_present;required_fields_complete;no_quality_flags;not_exact_duplicate;weak_label_not_human_ground_truth,insuranceqa,supported_answer_preface,VALIDATION,lg-9cc6a236f482,[],True,True,True,True,,True,1,,False,weak_label_quality_v1
ext-iqa-pass-068,PASS,generator_expected_label plus documented mutation/source provenance,HIGH,primary_source_present;required_fields_complete;no_quality_flags;not_exact_duplicate;weak_label_not_human_ground_truth,insuranceqa,supported_answer_preface,VALIDATION,lg-1765c102a38c,[],True,True,True,True,,True,1,,False,weak_label_quality_v1
ext-iqa-pass-069,PASS,generator_expected_label plus documented mutation/source provenance,HIGH,primary_source_present;required_fields_complete;no_quality_flags;not_exact_duplicate;weak_label_not_human_ground_truth,insuranceqa,supported_answer_preface,LOCKED_HOLDOUT_CANDIDATE,lg-1ae1de81b884,[],True,True,True,True,,True,1,,False,weak_label_quality_v1
ext-iqa-pass-070,PASS,generator_expected_label plus documented mutation/source provenance,HIGH,primary_source_present;required_fields_complete;no_quality_flags;not_exact_duplicate;weak_label_not_human_ground_truth,insuranceqa,supported_answer_preface,LOCKED_HOLDOUT_CANDIDATE,lg-4f620dc4451b,[],True,True,True,True,,True,1,,False,weak_label_quality_v1
ext-iqa-pass-071,PASS,generator_expected_label plus documented mutation/source provenance,HIGH,primary_source_present;required_fields_complete;no_quality_flags;not_exact_duplicate;weak_label_not_human_ground_truth,insuranceqa,supported_answer_preface,CALIBRATION,lg-79756d801e39,[],True,True,True,True,,True,1,,False,weak_label_quality_v1
ext-iqa-pass-072,PASS,generator_expected_label plus documented mutation/source provenance,HIGH,primary_source_present;required_fields_complete;no_quality_flags;not_exact_duplicate;weak_label_not_human_ground_truth,insuranceqa,supported_answer_preface,LOCKED_HOLDOUT_CANDIDATE,lg-eb39f2aacad7,[],True,True,True,True,,True,1,,False,weak_label_quality_v1
ext-iqa-pass-073,PASS,generator_expected_label plus documented mutation/source provenance,HIGH,primary_source_present;required_fields_complete;no_quality_flags;not_exact_duplicate;weak_label_not_human_ground_truth,insuranceqa,supported_answer_preface,LOCKED_HOLDOUT_CANDIDATE,lg-eb3338d2d21b,[],True,True,True,True,,True,1,,False,weak_label_quality_v1
ext-iqa-pass-074,PASS,generator_expected_label plus documented mutation/source provenance,HIGH,primary_source_present;required_fields_complete;no_quality_flags;not_exact_duplicate;weak_label_not_human_ground_truth,insuranceqa,supported_answer_preface,LOCKED_HOLDOUT_CANDIDATE,lg-7611a909dba9,[],True,True,True,True,,True,1,,False,weak_label_quality_v1
ext-iqa-pass-075,PASS,generator_expected_label plus documented mutation/source provenance,HIGH,primary_source_present;required_fields_complete;no_quality_flags;not_exact_duplicate;weak_label_not_human_ground_truth,insuranceqa,supported_answer_preface,CALIBRATION,lg-f248e68c5395,[],True,True,True,True,,True,1,,False,weak_label_quality_v1
ext-iqa-pass-076,PASS,generator_expected_label plus documented mutation/source provenance,HIGH,primary_source_present;required_fields_complete;no_quality_flags;not_exact_duplicate;weak_label_not_human_ground_truth,insuranceqa,supported_answer_preface,CALIBRATION,lg-171c5b5949f5,[],True,True,True,True,,True,1,,False,weak_label_quality_v1
ext-iqa-pass-077,PASS,generator_expected_label plus documented mutation/source provenance,HIGH,primary_source_present;required_fields_complete;no_quality_flags;not_exact_duplicate;weak_label_not_human_ground_truth,insuranceqa,supported_answer_preface,CALIBRATION,lg-1fe2a3e8b76f,[],True,True,True,True,,True,1,,False,weak_label_quality_v1
ext-iqa-pass-078,PASS,generator_expected_label plus documented mutation/source provenance,HIGH,primary_source_present;required_fields_complete;no_quality_flags;not_exact_duplicate;weak_label_not_human_ground_truth,insuranceqa,supported_answer_preface,CALIBRATION,lg-6b50e6a0e3ef,[],True,True,True,True,,True,1,,False,weak_label_quality_v1
ext-iqa-pass-079,PASS,generator_expected_label plus documented mutation/source provenance,HIGH,primary_source_present;required_fields_complete;no_quality_flags;not_exact_duplicate;weak_label_not_human_ground_truth,insuranceqa,supported_answer_preface,CALIBRATION,lg-1ab60ed2ee2e,[],True,True,True,True,,True,1,,False,weak_label_quality_v1
ext-iqa-pass-080,PASS,generator_expected_label plus documented mutation/source provenance,HIGH,primary_source_present;required_fields_complete;no_quality_flags;not_exact_duplicate;weak_label_not_human_ground_truth,insuranceqa,supported_answer_preface,VALIDATION,lg-d22d88154e4b,[],True,True,True,True,,True,1,,False,weak_label_quality_v1
ext-iqa-pass-081,PASS,generator_expected_label plus documented mutation/source provenance,HIGH,primary_source_present;required_fields_complete;no_quality_flags;not_exact_duplicate;weak_label_not_human_ground_truth,insuranceqa,supported_answer_with_citation,CALIBRATION,lg-a139ceecfa4a,[],True,True,True,True,,True,1,,False,weak_label_quality_v1
ext-iqa-pass-082,PASS,generator_expected_label plus documented mutation/source provenance,HIGH,primary_source_present;required_fields_complete;no_quality_flags;not_exact_duplicate;weak_label_not_human_ground_truth,insuranceqa,supported_answer_with_citation,LOCKED_HOLDOUT_CANDIDATE,lg-dd866d624eeb,[],True,True,True,True,,True,1,,False,weak_label_quality_v1
ext-iqa-pass-083,PASS,generator_expected_label plus documented mutation/source provenance,HIGH,primary_source_present;required_fields_complete;no_quality_flags;not_exact_duplicate;weak_label_not_human_ground_truth,insuranceqa,supported_answer_with_citation,CALIBRATION,lg-e56431f4de61,[],True,True,True,True,,True,1,,False,weak_label_quality_v1
ext-iqa-pass-084,PASS,generator_expected_label plus documented mutation/source provenance,HIGH,primary_source_present;required_fields_complete;no_quality_flags;not_exact_duplicate;weak_label_not_human_ground_truth,insuranceqa,supported_answer_with_citation,CALIBRATION,lg-4501a3e32b81,[],True,True,True,True,,True,1,,False,weak_label_quality_v1
ext-iqa-pass-085,PASS,generator_expected_label plus documented mutation/source provenance,HIGH,primary_source_present;required_fields_complete;no_quality_flags;not_exact_duplicate;weak_label_not_human_ground_truth,insuranceqa,supported_answer_with_citation,LOCKED_HOLDOUT_CANDIDATE,lg-0f3b7f218fbc,[],True,True,True,True,,True,1,,False,weak_label_quality_v1
ext-iqa-pass-086,PASS,generator_expected_label plus documented mutation/source provenance,HIGH,primary_source_present;required_fields_complete;no_quality_flags;not_exact_duplicate;weak_label_not_human_ground_truth,insuranceqa,supported_answer_with_citation,LOCKED_HOLDOUT_CANDIDATE,lg-a13bb5c15d00,[],True,True,True,True,,True,1,,False,weak_label_quality_v1
ext-iqa-pass-087,PASS,generator_expected_label plus documented mutation/source provenance,HIGH,primary_source_present;required_fields_complete;no_quality_flags;not_exact_duplicate;weak_label_not_human_ground_truth,insuranceqa,supported_answer_with_citation,CALIBRATION,lg-45a0ee290c0d,[],True,True,True,True,,True,1,,False,weak_label_quality_v1
ext-iqa-pass-088,PASS,generator_expected_label plus documented mutation/source provenance,HIGH,primary_source_present;required_fields_complete;no_quality_flags;not_exact_duplicate;weak_label_not_human_ground_truth,insuranceqa,supported_answer_with_citation,LOCKED_HOLDOUT_CANDIDATE,lg-6fdc3d2d9390,[],True,True,True,True,,True,1,,False,weak_label_quality_v1
ext-iqa-pass-089,PASS,generator_expected_label plus documented mutation/source provenance,HIGH,primary_source_present;required_fields_complete;no_quality_flags;not_exact_duplicate;weak_label_not_human_ground_truth,insuranceqa,supported_answer_with_citation,VALIDATION,lg-f21b5436fe03,[],True,True,True,True,,True,1,,False,weak_label_quality_v1
ext-iqa-pass-090,PASS,generator_expected_label plus documented mutation/source provenance,HIGH,primary_source_present;required_fields_complete;no_quality_flags;not_exact_duplicate;weak_label_not_human_ground_truth,insuranceqa,supported_answer_with_citation,CALIBRATION,lg-260d2ea3e827,[],True,True,True,True,,True,1,,False,weak_label_quality_v1
ext-iqa-pass-091,PASS,generator_expected_label plus documented mutation/source provenance,HIGH,primary_source_present;required_fields_complete;no_quality_flags;not_exact_duplicate;weak_label_not_human_ground_truth,insuranceqa,supported_answer_with_citation,CALIBRATION,lg-f5c92063b9f9,[],True,True,True,True,,True,1,,False,weak_label_quality_v1
ext-iqa-pass-092,PASS,generator_expected_label plus documented mutation/source provenance,HIGH,primary_source_present;required_fields_complete;no_quality_flags;not_exact_duplicate;weak_label_not_human_ground_truth,insuranceqa,supported_answer_with_citation,CALIBRATION,lg-539216c197ba,[],True,True,True,True,,True,1,,False,weak_label_quality_v1
ext-iqa-pass-093,PASS,generator_expected_label plus documented mutation/source provenance,HIGH,primary_source_present;required_fields_complete;no_quality_flags;not_exact_duplicate;weak_label_not_human_ground_truth,insuranceqa,supported_answer_with_citation,LOCKED_HOLDOUT_CANDIDATE,lg-4a33acbf9d3a,[],True,True,True,True,,True,1,,False,weak_label_quality_v1
ext-iqa-pass-094,PASS,generator_expected_label plus documented mutation/source provenance,HIGH,primary_source_present;required_fields_complete;no_quality_flags;not_exact_duplicate;weak_label_not_human_ground_truth,insuranceqa,supported_answer_with_citation,VALIDATION,lg-aa5458d0aec6,[],True,True,True,True,,True,1,,False,weak_label_quality_v1
ext-iqa-pass-095,PASS,generator_expected_label plus documented mutation/source provenance,HIGH,primary_source_present;required_fields_complete;no_quality_flags;not_exact_duplicate;weak_label_not_human_ground_truth,insuranceqa,supported_answer_with_citation,CALIBRATION,lg-de449b51c8c5,[],True,True,True,True,,True,1,,False,weak_label_quality_v1
ext-iqa-pass-096,PASS,generator_expected_label plus documented mutation/source provenance,HIGH,primary_source_present;required_fields_complete;no_quality_flags;not_exact_duplicate;weak_label_not_human_ground_truth,insuranceqa,supported_answer_with_citation,CALIBRATION,lg-2fdcfee9d401,[],True,True,True,True,,True,1,,False,weak_label_quality_v1
ext-iqa-pass-097,PASS,generator_expected_label plus documented mutation/source provenance,HIGH,primary_source_present;required_fields_complete;no_quality_flags;not_exact_duplicate;weak_label_not_human_ground_truth,insuranceqa,supported_answer_with_citation,CALIBRATION,lg-7a1764cde250,[],True,True,True,True,,True,1,,False,weak_label_quality_v1
ext-iqa-pass-098,PASS,generator_expected_label plus documented mutation/source provenance,HIGH,primary_source_present;required_fields_complete;no_quality_flags;not_exact_duplicate;weak_label_not_human_ground_truth,insuranceqa,supported_answer_with_citation,VALIDATION,lg-3b134e28c017,[],True,True,True,True,,True,1,,False,weak_label_quality_v1
ext-iqa-pass-099,PASS,generator_expected_label plus documented mutation/source provenance,HIGH,primary_source_present;required_fields_complete;no_quality_flags;not_exact_duplicate;weak_label_not_human_ground_truth,insuranceqa,supported_answer_with_citation,CALIBRATION,lg-578f38d6df39,[],True,True,True,True,,True,1,,False,weak_label_quality_v1
ext-iqa-pass-100,PASS,generator_expected_label plus documented mutation/source provenance,HIGH,primary_source_present;required_fields_complete;no_quality_flags;not_exact_duplicate;weak_label_not_human_ground_truth,insuranceqa,supported_answer_with_citation,VALIDATION,lg-d76697114a22,[],True,True,True,True,,True,1,,False,weak_label_quality_v1
ext-iqa-pass-101,PASS,generator_expected_label plus documented mutation/source provenance,HIGH,primary_source_present;required_fields_complete;no_quality_flags;not_exact_duplicate;weak_label_not_human_ground_truth,insuranceqa,supported_answer_with_citation,CALIBRATION,lg-606f287dcc33,[],True,True,True,True,,True,1,,False,weak_label_quality_v1
ext-iqa-pass-102,PASS,generator_expected_label plus documented mutation/source provenance,HIGH,primary_source_present;required_fields_complete;no_quality_flags;not_exact_duplicate;weak_label_not_human_ground_truth,insuranceqa,supported_answer_with_citation,VALIDATION,lg-1253764bbd0f,[],True,True,True,True,,True,1,,False,weak_label_quality_v1
ext-iqa-pass-103,PASS,generator_expected_label plus documented mutation/source provenance,HIGH,primary_source_present;required_fields_complete;no_quality_flags;not_exact_duplicate;weak_label_not_human_ground_truth,insuranceqa,supported_answer_with_citation,LOCKED_HOLDOUT_CANDIDATE,lg-da8f48a2b6c6,[],True,True,True,True,,True,1,,False,weak_label_quality_v1
ext-iqa-pass-104,PASS,generator_expected_label plus documented mutation/source provenance,HIGH,primary_source_present;required_fields_complete;no_quality_flags;not_exact_duplicate;weak_label_not_human_ground_truth,insuranceqa,supported_answer_with_citation,CALIBRATION,lg-3a5fb2f61ecb,[],True,True,True,True,,True,1,,False,weak_label_quality_v1
ext-iqa-pass-105,PASS,generator_expected_label plus documented mutation/source provenance,HIGH,primary_source_present;required_fields_complete;no_quality_flags;not_exact_duplicate;weak_label_not_human_ground_truth,insuranceqa,supported_answer_with_citation,LOCKED_HOLDOUT_CANDIDATE,lg-b0c4193ba7ae,[],True,True,True,True,,True,1,,False,weak_label_quality_v1
ext-iqa-pass-106,PASS,generator_expected_label plus documented mutation/source provenance,HIGH,primary_source_present;required_fields_complete;no_quality_flags;not_exact_duplicate;weak_label_not_human_ground_truth,insuranceqa,supported_answer_with_citation,VALIDATION,lg-739d57a4dd1e,[],True,True,True,True,,True,1,,False,weak_label_quality_v1
ext-iqa-pass-107,PASS,generator_expected_label plus documented mutation/source provenance,HIGH,primary_source_present;required_fields_complete;no_quality_flags;not_exact_duplicate;weak_label_not_human_ground_truth,insuranceqa,supported_answer_with_citation,LOCKED_HOLDOUT_CANDIDATE,lg-148dcee9455b,[],True,True,True,True,,True,1,,False,weak_label_quality_v1
ext-iqa-pass-108,PASS,generator_expected_label plus documented mutation/source provenance,HIGH,primary_source_present;required_fields_complete;no_quality_flags;not_exact_duplicate;weak_label_not_human_ground_truth,insuranceqa,supported_answer_with_citation,CALIBRATION,lg-d2e2217b2f76,[],True,True,True,True,,True,1,,False,weak_label_quality_v1
ext-iqa-pass-109,PASS,generator_expected_label plus documented mutation/source provenance,HIGH,primary_source_present;required_fields_complete;no_quality_flags;not_exact_duplicate;weak_label_not_human_ground_truth,insuranceqa,supported_answer_with_citation,LOCKED_HOLDOUT_CANDIDATE,lg-e555d8e9c0cf,[],True,True,True,True,,True,1,,False,weak_label_quality_v1
ext-iqa-pass-110,PASS,generator_expected_label plus documented mutation/source provenance,HIGH,primary_source_present;required_fields_complete;no_quality_flags;not_exact_duplicate;weak_label_not_human_ground_truth,insuranceqa,supported_answer_with_citation,CALIBRATION,lg-fa7e632c620b,[],True,True,True,True,,True,1,,False,weak_label_quality_v1
ext-iqa-fail-001,FAIL,generator_expected_label plus documented mutation/source provenance,MEDIUM,primary_source_present;required_fields_complete;no_quality_flags;not_exact_duplicate;fail_mutation_provenance_complete;weak_label_not_human_ground_truth,insuranceqa,answer_from_distractor_document,LOCKED_HOLDOUT_CANDIDATE,lg-a489a05f62b0,[],True,True,True,True,,True,1,semantic_collision_possible_in_constructed_negative,False,weak_label_quality_v1
ext-iqa-fail-002,FAIL,generator_expected_label plus documented mutation/source provenance,MEDIUM,primary_source_present;required_fields_complete;no_quality_flags;not_exact_duplicate;fail_mutation_provenance_complete;weak_label_not_human_ground_truth,insuranceqa,answer_from_distractor_document,LOCKED_HOLDOUT_CANDIDATE,lg-74314ded45d1,[],True,True,True,True,,True,1,semantic_collision_possible_in_constructed_negative,False,weak_label_quality_v1
ext-iqa-fail-003,FAIL,generator_expected_label plus documented mutation/source provenance,MEDIUM,primary_source_present;required_fields_complete;no_quality_flags;not_exact_duplicate;fail_mutation_provenance_complete;weak_label_not_human_ground_truth,insuranceqa,answer_from_distractor_document,VALIDATION,lg-d1676baf7624,[],True,True,True,True,,True,1,semantic_collision_possible_in_constructed_negative,False,weak_label_quality_v1
ext-iqa-fail-004,FAIL,generator_expected_label plus documented mutation/source provenance,MEDIUM,primary_source_present;required_fields_complete;no_quality_flags;not_exact_duplicate;fail_mutation_provenance_complete;weak_label_not_human_ground_truth,insuranceqa,answer_from_distractor_document,CALIBRATION,lg-46f8b30126ae,[],True,True,True,True,,True,1,semantic_collision_possible_in_constructed_negative,False,weak_label_quality_v1
ext-iqa-fail-005,FAIL,generator_expected_label plus documented mutation/source provenance,MEDIUM,primary_source_present;required_fields_complete;no_quality_flags;not_exact_duplicate;fail_mutation_provenance_complete;weak_label_not_human_ground_truth,insuranceqa,answer_from_distractor_document,CALIBRATION,lg-f4013c68ca9c,[],True,True,True,True,,True,1,semantic_collision_possible_in_constructed_negative,False,weak_label_quality_v1
ext-iqa-fail-006,FAIL,generator_expected_label plus documented mutation/source provenance,MEDIUM,primary_source_present;required_fields_complete;no_quality_flags;not_exact_duplicate;fail_mutation_provenance_complete;weak_label_not_human_ground_truth,insuranceqa,answer_from_distractor_document,LOCKED_HOLDOUT_CANDIDATE,lg-ced6d6171b50,[],True,True,True,True,,True,1,semantic_collision_possible_in_constructed_negative,False,weak_label_quality_v1
ext-iqa-fail-007,FAIL,generator_expected_label plus documented mutation/source provenance,MEDIUM,primary_source_present;required_fields_complete;no_quality_flags;not_exact_duplicate;fail_mutation_provenance_complete;weak_label_not_human_ground_truth,insuranceqa,answer_from_distractor_document,CALIBRATION,lg-2772e43051a7,[],True,True,True,True,,True,1,semantic_collision_possible_in_constructed_negative,False,weak_label_quality_v1
ext-iqa-fail-008,FAIL,generator_expected_label plus documented mutation/source provenance,MEDIUM,primary_source_present;required_fields_complete;no_quality_flags;not_exact_duplicate;fail_mutation_provenance_complete;weak_label_not_human_ground_truth,insuranceqa,answer_from_distractor_document,LOCKED_HOLDOUT_CANDIDATE,lg-997ccac81852,[],True,True,True,True,,True,1,semantic_collision_possible_in_constructed_negative,False,weak_label_quality_v1
ext-iqa-fail-009,FAIL,generator_expected_label plus documented mutation/source provenance,MEDIUM,primary_source_present;required_fields_complete;no_quality_flags;not_exact_duplicate;fail_mutation_provenance_complete;weak_label_not_human_ground_truth,insuranceqa,answer_from_distractor_document,VALIDATION,lg-0d9016c6778e,[],True,True,True,True,,True,1,semantic_collision_possible_in_constructed_negative,False,weak_label_quality_v1
ext-iqa-fail-010,FAIL,generator_expected_label plus documented mutation/source provenance,MEDIUM,primary_source_present;required_fields_complete;no_quality_flags;not_exact_duplicate;fail_mutation_provenance_complete;weak_label_not_human_ground_truth,insuranceqa,answer_from_distractor_document,LOCKED_HOLDOUT_CANDIDATE,lg-4894bbbcb52c,[],True,True,True,True,,True,1,semantic_collision_possible_in_constructed_negative,False,weak_label_quality_v1
ext-iqa-fail-011,FAIL,generator_expected_label plus documented mutation/source provenance,MEDIUM,primary_source_present;required_fields_complete;no_quality_flags;not_exact_duplicate;fail_mutation_provenance_complete;weak_label_not_human_ground_truth,insuranceqa,answer_from_distractor_document,LOCKED_HOLDOUT_CANDIDATE,lg-e4f6d0dc5640,[],True,True,True,True,,True,1,semantic_collision_possible_in_constructed_negative,False,weak_label_quality_v1
ext-iqa-fail-012,FAIL,generator_expected_label plus documented mutation/source provenance,MEDIUM,primary_source_present;required_fields_complete;no_quality_flags;not_exact_duplicate;fail_mutation_provenance_complete;weak_label_not_human_ground_truth,insuranceqa,answer_from_distractor_document,CALIBRATION,lg-158b32e48f1c,[],True,True,True,True,,True,1,semantic_collision_possible_in_constructed_negative,False,weak_label_quality_v1
ext-iqa-fail-013,FAIL,generator_expected_label plus documented mutation/source provenance,MEDIUM,primary_source_present;required_fields_complete;no_quality_flags;not_exact_duplicate;fail_mutation_provenance_complete;weak_label_not_human_ground_truth,insuranceqa,answer_from_distractor_document,LOCKED_HOLDOUT_CANDIDATE,lg-e06506497dd1,[],True,True,True,True,,True,1,semantic_collision_possible_in_constructed_negative,False,weak_label_quality_v1
ext-iqa-fail-014,FAIL,generator_expected_label plus documented mutation/source provenance,MEDIUM,primary_source_present;required_fields_complete;no_quality_flags;not_exact_duplicate;fail_mutation_provenance_complete;weak_label_not_human_ground_truth,insuranceqa,answer_from_distractor_document,VALIDATION,lg-e5fbc46753a2,[],True,True,True,True,,True,1,semantic_collision_possible_in_constructed_negative,False,weak_label_quality_v1
ext-iqa-fail-015,FAIL,generator_expected_label plus documented mutation/source provenance,MEDIUM,primary_source_present;required_fields_complete;no_quality_flags;not_exact_duplicate;fail_mutation_provenance_complete;weak_label_not_human_ground_truth,insuranceqa,answer_from_distractor_document,VALIDATION,lg-cff2a6820ea7,[],True,True,True,True,,True,1,semantic_collision_possible_in_constructed_negative,False,weak_label_quality_v1
ext-iqa-fail-016,FAIL,generator_expected_label plus documented mutation/source provenance,MEDIUM,primary_source_present;required_fields_complete;no_quality_flags;not_exact_duplicate;fail_mutation_provenance_complete;weak_label_not_human_ground_truth,insuranceqa,answer_from_distractor_document,VALIDATION,lg-893eea51aa5f,[],True,True,True,True,,True,1,semantic_collision_possible_in_constructed_negative,False,weak_label_quality_v1
ext-iqa-fail-017,FAIL,generator_expected_label plus documented mutation/source provenance,MEDIUM,primary_source_present;required_fields_complete;no_quality_flags;not_exact_duplicate;fail_mutation_provenance_complete;weak_label_not_human_ground_truth,insuranceqa,answer_from_distractor_document,CALIBRATION,lg-6b9a823da657,[],True,True,True,True,,True,1,semantic_collision_possible_in_constructed_negative,False,weak_label_quality_v1
ext-iqa-fail-018,FAIL,generator_expected_label plus documented mutation/source provenance,MEDIUM,primary_source_present;required_fields_complete;no_quality_flags;not_exact_duplicate;fail_mutation_provenance_complete;weak_label_not_human_ground_truth,insuranceqa,answer_from_distractor_document,VALIDATION,lg-3570ee32687e,[],True,True,True,True,,True,1,semantic_collision_possible_in_constructed_negative,False,weak_label_quality_v1
ext-iqa-fail-019,FAIL,generator_expected_label plus documented mutation/source provenance,MEDIUM,primary_source_present;required_fields_complete;no_quality_flags;not_exact_duplicate;fail_mutation_provenance_complete;weak_label_not_human_ground_truth,insuranceqa,answer_from_distractor_document,VALIDATION,lg-69f8c9702c9a,[],True,True,True,True,,True,1,semantic_collision_possible_in_constructed_negative,False,weak_label_quality_v1
ext-iqa-fail-020,FAIL,generator_expected_label plus documented mutation/source provenance,MEDIUM,primary_source_present;required_fields_complete;no_quality_flags;not_exact_duplicate;fail_mutation_provenance_complete;weak_label_not_human_ground_truth,insuranceqa,answer_from_distractor_document,VALIDATION,lg-3a9ca4b9f3c8,[],True,True,True,True,,True,1,semantic_collision_possible_in_constructed_negative,False,weak_label_quality_v1
ext-iqa-fail-021,FAIL,generator_expected_label plus documented mutation/source provenance,MEDIUM,primary_source_present;required_fields_complete;no_quality_flags;not_exact_duplicate;fail_mutation_provenance_complete;weak_label_not_human_ground_truth,insuranceqa,answer_from_distractor_document,VALIDATION,lg-5ec7b9af0c61,[],True,True,True,True,,True,1,semantic_collision_possible_in_constructed_negative,False,weak_label_quality_v1
ext-iqa-fail-022,FAIL,generator_expected_label plus documented mutation/source provenance,MEDIUM,primary_source_present;required_fields_complete;no_quality_flags;not_exact_duplicate;fail_mutation_provenance_complete;weak_label_not_human_ground_truth,insuranceqa,answer_from_distractor_document,CALIBRATION,lg-e912afbae8e7,[],True,True,True,True,,True,1,semantic_collision_possible_in_constructed_negative,False,weak_label_quality_v1
ext-iqa-fail-023,FAIL,generator_expected_label plus documented mutation/source provenance,MEDIUM,primary_source_present;required_fields_complete;no_quality_flags;not_exact_duplicate;fail_mutation_provenance_complete;weak_label_not_human_ground_truth,insuranceqa,answer_from_distractor_document,VALIDATION,lg-6c4bc6cfa954,[],True,True,True,True,,True,1,semantic_collision_possible_in_constructed_negative,False,weak_label_quality_v1
ext-iqa-fail-024,FAIL,generator_expected_label plus documented mutation/source provenance,MEDIUM,primary_source_present;required_fields_complete;no_quality_flags;not_exact_duplicate;fail_mutation_provenance_complete;weak_label_not_human_ground_truth,insuranceqa,answer_from_distractor_document,VALIDATION,lg-6c4bc6cfa954,[],True,True,True,True,,True,1,semantic_collision_possible_in_constructed_negative,False,weak_label_quality_v1
ext-iqa-fail-025,FAIL,generator_expected_label plus documented mutation/source provenance,MEDIUM,primary_source_present;required_fields_complete;no_quality_flags;not_exact_duplicate;fail_mutation_provenance_complete;weak_label_not_human_ground_truth,insuranceqa,answer_from_distractor_document,VALIDATION,lg-aba2c9e7a82d,[],True,True,True,True,,True,1,semantic_collision_possible_in_constructed_negative,False,weak_label_quality_v1
ext-iqa-fail-026,FAIL,generator_expected_label plus documented mutation/source provenance,MEDIUM,primary_source_present;required_fields_complete;no_quality_flags;not_exact_duplicate;fail_mutation_provenance_complete;weak_label_not_human_ground_truth,insuranceqa,answer_from_distractor_document,LOCKED_HOLDOUT_CANDIDATE,lg-9e8009daaecf,[],True,True,True,True,,True,1,semantic_collision_possible_in_constructed_negative,False,weak_label_quality_v1
ext-iqa-fail-027,FAIL,generator_expected_label plus documented mutation/source provenance,MEDIUM,primary_source_present;required_fields_complete;no_quality_flags;not_exact_duplicate;fail_mutation_provenance_complete;weak_label_not_human_ground_truth,insuranceqa,answer_from_distractor_document,VALIDATION,lg-1d1ce626b09d,[],True,True,True,True,,True,1,semantic_collision_possible_in_constructed_negative,False,weak_label_quality_v1
ext-iqa-fail-028,FAIL,generator_expected_label plus documented mutation/source provenance,MEDIUM,primary_source_present;required_fields_complete;no_quality_flags;not_exact_duplicate;fail_mutation_provenance_complete;weak_label_not_human_ground_truth,insuranceqa,answer_from_distractor_document,CALIBRATION,lg-0be3095c3478,[],True,True,True,True,,True,1,semantic_collision_possible_in_constructed_negative,False,weak_label_quality_v1
ext-iqa-fail-029,FAIL,generator_expected_label plus documented mutation/source provenance,MEDIUM,primary_source_present;required_fields_complete;no_quality_flags;not_exact_duplicate;fail_mutation_provenance_complete;weak_label_not_human_ground_truth,insuranceqa,answer_from_distractor_document,LOCKED_HOLDOUT_CANDIDATE,lg-33989e349e5c,[],True,True,True,True,,True,1,semantic_collision_possible_in_constructed_negative,False,weak_label_quality_v1
ext-iqa-fail-030,FAIL,generator_expected_label plus documented mutation/source provenance,MEDIUM,primary_source_present;required_fields_complete;no_quality_flags;not_exact_duplicate;fail_mutation_provenance_complete;weak_label_not_human_ground_truth,insuranceqa,answer_from_distractor_document,VALIDATION,lg-6c4bc6cfa954,[],True,True,True,True,,True,1,semantic_collision_possible_in_constructed_negative,False,weak_label_quality_v1
ext-iqa-fail-031,FAIL,generator_expected_label plus documented mutation/source provenance,MEDIUM,primary_source_present;required_fields_complete;no_quality_flags;not_exact_duplicate;fail_mutation_provenance_complete;weak_label_not_human_ground_truth,insuranceqa,cross_product_confusion,LOCKED_HOLDOUT_CANDIDATE,lg-43edded82d7c,[],True,True,True,True,,True,1,semantic_collision_possible_in_constructed_negative,False,weak_label_quality_v1
ext-iqa-fail-032,FAIL,generator_expected_label plus documented mutation/source provenance,MEDIUM,primary_source_present;required_fields_complete;no_quality_flags;not_exact_duplicate;fail_mutation_provenance_complete;weak_label_not_human_ground_truth,insuranceqa,cross_product_confusion,LOCKED_HOLDOUT_CANDIDATE,lg-a596cce11c22,[],True,True,True,True,,True,1,semantic_collision_possible_in_constructed_negative,False,weak_label_quality_v1
ext-iqa-fail-033,FAIL,generator_expected_label plus documented mutation/source provenance,MEDIUM,primary_source_present;required_fields_complete;no_quality_flags;not_exact_duplicate;fail_mutation_provenance_complete;weak_label_not_human_ground_truth,insuranceqa,cross_product_confusion,CALIBRATION,lg-5d4ec89b8176,[],True,True,True,True,,True,1,semantic_collision_possible_in_constructed_negative,False,weak_label_quality_v1
ext-iqa-fail-034,FAIL,generator_expected_label plus documented mutation/source provenance,MEDIUM,primary_source_present;required_fields_complete;no_quality_flags;not_exact_duplicate;fail_mutation_provenance_complete;weak_label_not_human_ground_truth,insuranceqa,cross_product_confusion,CALIBRATION,lg-e4e12d64d217,[],True,True,True,True,,True,1,semantic_collision_possible_in_constructed_negative,False,weak_label_quality_v1
ext-iqa-fail-035,FAIL,generator_expected_label plus documented mutation/source provenance,MEDIUM,primary_source_present;required_fields_complete;no_quality_flags;not_exact_duplicate;fail_mutation_provenance_complete;weak_label_not_human_ground_truth,insuranceqa,cross_product_confusion,CALIBRATION,lg-998dc2e43ba5,[],True,True,True,True,,True,1,semantic_collision_possible_in_constructed_negative,False,weak_label_quality_v1
ext-iqa-fail-036,FAIL,generator_expected_label plus documented mutation/source provenance,MEDIUM,primary_source_present;required_fields_complete;no_quality_flags;not_exact_duplicate;fail_mutation_provenance_complete;weak_label_not_human_ground_truth,insuranceqa,cross_product_confusion,LOCKED_HOLDOUT_CANDIDATE,lg-8d7e2acf95d5,[],True,True,True,True,,True,1,semantic_collision_possible_in_constructed_negative,False,weak_label_quality_v1
ext-iqa-fail-037,FAIL,generator_expected_label plus documented mutation/source provenance,MEDIUM,primary_source_present;required_fields_complete;no_quality_flags;not_exact_duplicate;fail_mutation_provenance_complete;weak_label_not_human_ground_truth,insuranceqa,cross_product_confusion,CALIBRATION,lg-75f840a070a5,[],True,True,True,True,,True,1,semantic_collision_possible_in_constructed_negative,False,weak_label_quality_v1
ext-iqa-fail-038,FAIL,generator_expected_label plus documented mutation/source provenance,LOW,primary_source_present;required_fields_complete;quality_flags:possibly_trivial_fail_low_lexical_overlap;not_exact_duplicate;fail_mutation_provenance_complete;weak_label_not_human_ground_truth,insuranceqa,cross_product_confusion,CALIBRATION,lg-6cc4ba0e7bee,"[""possibly_trivial_fail_low_lexical_overlap""]",True,True,True,True,,True,1,quality_flag_requires_review,False,weak_label_quality_v1
ext-iqa-fail-039,FAIL,generator_expected_label plus documented mutation/source provenance,MEDIUM,primary_source_present;required_fields_complete;no_quality_flags;not_exact_duplicate;fail_mutation_provenance_complete;weak_label_not_human_ground_truth,insuranceqa,cross_product_confusion,LOCKED_HOLDOUT_CANDIDATE,lg-2a530e51e40c,[],True,True,True,True,,True,1,semantic_collision_possible_in_constructed_negative,False,weak_label_quality_v1
ext-iqa-fail-040,FAIL,generator_expected_label plus documented mutation/source provenance,MEDIUM,primary_source_present;required_fields_complete;no_quality_flags;not_exact_duplicate;fail_mutation_provenance_complete;weak_label_not_human_ground_truth,insuranceqa,cross_product_confusion,VALIDATION,lg-c34c21dbcd45,[],True,True,True,True,,True,1,semantic_collision_possible_in_constructed_negative,False,weak_label_quality_v1
ext-iqa-fail-041,FAIL,generator_expected_label plus documented mutation/source provenance,MEDIUM,primary_source_present;required_fields_complete;no_quality_flags;not_exact_duplicate;fail_mutation_provenance_complete;weak_label_not_human_ground_truth,insuranceqa,partially_supported_answer,VALIDATION,lg-bce999019bc2,[],True,True,True,True,,True,1,semantic_collision_possible_in_constructed_negative,False,weak_label_quality_v1
ext-iqa-fail-042,FAIL,generator_expected_label plus documented mutation/source provenance,MEDIUM,primary_source_present;required_fields_complete;no_quality_flags;not_exact_duplicate;fail_mutation_provenance_complete;weak_label_not_human_ground_truth,insuranceqa,partially_supported_answer,VALIDATION,lg-06d04824ff51,[],True,True,True,True,,True,1,semantic_collision_possible_in_constructed_negative,False,weak_label_quality_v1
ext-iqa-fail-043,FAIL,generator_expected_label plus documented mutation/source provenance,MEDIUM,primary_source_present;required_fields_complete;no_quality_flags;not_exact_duplicate;fail_mutation_provenance_complete;weak_label_not_human_ground_truth,insuranceqa,partially_supported_answer,VALIDATION,lg-e91671ac667e,[],True,True,True,True,,True,1,semantic_collision_possible_in_constructed_negative,False,weak_label_quality_v1
ext-iqa-fail-044,FAIL,generator_expected_label plus documented mutation/source provenance,MEDIUM,primary_source_present;required_fields_complete;no_quality_flags;not_exact_duplicate;fail_mutation_provenance_complete;weak_label_not_human_ground_truth,insuranceqa,partially_supported_answer,VALIDATION,lg-2f27fd06051f,[],True,True,True,True,,True,1,semantic_collision_possible_in_constructed_negative,False,weak_label_quality_v1
ext-iqa-fail-045,FAIL,generator_expected_label plus documented mutation/source provenance,MEDIUM,primary_source_present;required_fields_complete;no_quality_flags;not_exact_duplicate;fail_mutation_provenance_complete;weak_label_not_human_ground_truth,insuranceqa,partially_supported_answer,CALIBRATION,lg-fb55c6c4f298,[],True,True,True,True,,True,1,semantic_collision_possible_in_constructed_negative,False,weak_label_quality_v1
ext-iqa-fail-046,FAIL,generator_expected_label plus documented mutation/source provenance,MEDIUM,primary_source_present;required_fields_complete;no_quality_flags;not_exact_duplicate;fail_mutation_provenance_complete;weak_label_not_human_ground_truth,insuranceqa,partially_supported_answer,CALIBRATION,lg-f7c3426f7595,[],True,True,True,True,,True,1,semantic_collision_possible_in_constructed_negative,False,weak_label_quality_v1
ext-iqa-fail-047,FAIL,generator_expected_label plus documented mutation/source provenance,MEDIUM,primary_source_present;required_fields_complete;no_quality_flags;not_exact_duplicate;fail_mutation_provenance_complete;weak_label_not_human_ground_truth,insuranceqa,partially_supported_answer,LOCKED_HOLDOUT_CANDIDATE,lg-bf57042a42f4,[],True,True,True,True,,True,1,semantic_collision_possible_in_constructed_negative,False,weak_label_quality_v1
ext-iqa-fail-048,FAIL,generator_expected_label plus documented mutation/source provenance,MEDIUM,primary_source_present;required_fields_complete;no_quality_flags;not_exact_duplicate;fail_mutation_provenance_complete;weak_label_not_human_ground_truth,insuranceqa,partially_supported_answer,VALIDATION,lg-bb496bd62b0e,[],True,True,True,True,,True,1,semantic_collision_possible_in_constructed_negative,False,weak_label_quality_v1
ext-iqa-fail-049,FAIL,generator_expected_label plus documented mutation/source provenance,MEDIUM,primary_source_present;required_fields_complete;no_quality_flags;not_exact_duplicate;fail_mutation_provenance_complete;weak_label_not_human_ground_truth,insuranceqa,partially_supported_answer,LOCKED_HOLDOUT_CANDIDATE,lg-efa66051644a,[],True,True,True,True,,True,1,semantic_collision_possible_in_constructed_negative,False,weak_label_quality_v1
ext-iqa-fail-050,FAIL,generator_expected_label plus documented mutation/source provenance,MEDIUM,primary_source_present;required_fields_complete;no_quality_flags;not_exact_duplicate;fail_mutation_provenance_complete;weak_label_not_human_ground_truth,insuranceqa,partially_supported_answer,CALIBRATION,lg-16b8e6895d05,[],True,True,True,True,,True,1,semantic_collision_possible_in_constructed_negative,False,weak_label_quality_v1
ext-iqa-fail-051,FAIL,generator_expected_label plus documented mutation/source provenance,MEDIUM,primary_source_present;required_fields_complete;no_quality_flags;not_exact_duplicate;fail_mutation_provenance_complete;weak_label_not_human_ground_truth,insuranceqa,partially_supported_answer,VALIDATION,lg-5ec7b9af0c61,[],True,True,True,True,,True,1,semantic_collision_possible_in_constructed_negative,False,weak_label_quality_v1
ext-iqa-fail-052,FAIL,generator_expected_label plus documented mutation/source provenance,MEDIUM,primary_source_present;required_fields_complete;no_quality_flags;not_exact_duplicate;fail_mutation_provenance_complete;weak_label_not_human_ground_truth,insuranceqa,partially_supported_answer,VALIDATION,lg-92604aa92260,[],True,True,True,True,,True,1,semantic_collision_possible_in_constructed_negative,False,weak_label_quality_v1
ext-iqa-fail-053,FAIL,generator_expected_label plus documented mutation/source provenance,MEDIUM,primary_source_present;required_fields_complete;no_quality_flags;not_exact_duplicate;fail_mutation_provenance_complete;weak_label_not_human_ground_truth,insuranceqa,partially_supported_answer,VALIDATION,lg-2f02a4071f1a,[],True,True,True,True,,True,1,semantic_collision_possible_in_constructed_negative,False,weak_label_quality_v1
ext-iqa-fail-054,FAIL,generator_expected_label plus documented mutation/source provenance,MEDIUM,primary_source_present;required_fields_complete;no_quality_flags;not_exact_duplicate;fail_mutation_provenance_complete;weak_label_not_human_ground_truth,insuranceqa,partially_supported_answer,VALIDATION,lg-55aa2726a798,[],True,True,True,True,,True,1,semantic_collision_possible_in_constructed_negative,False,weak_label_quality_v1
ext-iqa-fail-055,FAIL,generator_expected_label plus documented mutation/source provenance,MEDIUM,primary_source_present;required_fields_complete;no_quality_flags;not_exact_duplicate;fail_mutation_provenance_complete;weak_label_not_human_ground_truth,insuranceqa,partially_supported_answer,VALIDATION,lg-96158ce07170,[],True,True,True,True,,True,1,semantic_collision_possible_in_constructed_negative,False,weak_label_quality_v1
ext-iqa-fail-056,FAIL,generator_expected_label plus documented mutation/source provenance,MEDIUM,primary_source_present;required_fields_complete;no_quality_flags;not_exact_duplicate;fail_mutation_provenance_complete;weak_label_not_human_ground_truth,insuranceqa,partially_supported_answer,CALIBRATION,lg-e965d718aa27,[],True,True,True,True,,True,1,semantic_collision_possible_in_constructed_negative,False,weak_label_quality_v1
ext-iqa-fail-057,FAIL,generator_expected_label plus documented mutation/source provenance,MEDIUM,primary_source_present;required_fields_complete;no_quality_flags;not_exact_duplicate;fail_mutation_provenance_complete;weak_label_not_human_ground_truth,insuranceqa,partially_supported_answer,LOCKED_HOLDOUT_CANDIDATE,lg-3484938e3c8d,[],True,True,True,True,,True,1,semantic_collision_possible_in_constructed_negative,False,weak_label_quality_v1
ext-iqa-fail-058,FAIL,generator_expected_label plus documented mutation/source provenance,MEDIUM,primary_source_present;required_fields_complete;no_quality_flags;not_exact_duplicate;fail_mutation_provenance_complete;weak_label_not_human_ground_truth,insuranceqa,partially_supported_answer,LOCKED_HOLDOUT_CANDIDATE,lg-d52a46015bc0,[],True,True,True,True,,True,1,semantic_collision_possible_in_constructed_negative,False,weak_label_quality_v1
ext-iqa-fail-059,FAIL,generator_expected_label plus documented mutation/source provenance,MEDIUM,primary_source_present;required_fields_complete;no_quality_flags;not_exact_duplicate;fail_mutation_provenance_complete;weak_label_not_human_ground_truth,insuranceqa,partially_supported_answer,LOCKED_HOLDOUT_CANDIDATE,lg-0842e3c07b93,[],True,True,True,True,,True,1,semantic_collision_possible_in_constructed_negative,False,weak_label_quality_v1
ext-iqa-fail-060,FAIL,generator_expected_label plus documented mutation/source provenance,MEDIUM,primary_source_present;required_fields_complete;no_quality_flags;not_exact_duplicate;fail_mutation_provenance_complete;weak_label_not_human_ground_truth,insuranceqa,partially_supported_answer,CALIBRATION,lg-8472bb0c76c3,[],True,True,True,True,,True,1,semantic_collision_possible_in_constructed_negative,False,weak_label_quality_v1
ext-iqa-fail-061,FAIL,generator_expected_label plus documented mutation/source provenance,HIGH,primary_source_present;required_fields_complete;no_quality_flags;not_exact_duplicate;fail_mutation_provenance_complete;weak_label_not_human_ground_truth,insuranceqa,insufficient_evidence,LOCKED_HOLDOUT_CANDIDATE,lg-8a2118072fba,[],True,True,True,True,,True,1,,False,weak_label_quality_v1
ext-iqa-fail-062,FAIL,generator_expected_label plus documented mutation/source provenance,HIGH,primary_source_present;required_fields_complete;no_quality_flags;not_exact_duplicate;fail_mutation_provenance_complete;weak_label_not_human_ground_truth,insuranceqa,insufficient_evidence,CALIBRATION,lg-e1a2f492ceb7,[],True,True,True,True,,True,1,,False,weak_label_quality_v1
ext-iqa-fail-063,FAIL,generator_expected_label plus documented mutation/source provenance,HIGH,primary_source_present;required_fields_complete;no_quality_flags;not_exact_duplicate;fail_mutation_provenance_complete;weak_label_not_human_ground_truth,insuranceqa,insufficient_evidence,VALIDATION,lg-e5fbc46753a2,[],True,True,True,True,,True,1,,False,weak_label_quality_v1
ext-iqa-fail-064,FAIL,generator_expected_label plus documented mutation/source provenance,HIGH,primary_source_present;required_fields_complete;no_quality_flags;not_exact_duplicate;fail_mutation_provenance_complete;weak_label_not_human_ground_truth,insuranceqa,insufficient_evidence,LOCKED_HOLDOUT_CANDIDATE,lg-bc0d2da20ce3,[],True,True,True,True,,True,1,,False,weak_label_quality_v1
ext-iqa-fail-065,FAIL,generator_expected_label plus documented mutation/source provenance,HIGH,primary_source_present;required_fields_complete;no_quality_flags;not_exact_duplicate;fail_mutation_provenance_complete;weak_label_not_human_ground_truth,insuranceqa,insufficient_evidence,VALIDATION,lg-23c6bcee5466,[],True,True,True,True,,True,1,,False,weak_label_quality_v1
ext-iqa-fail-066,FAIL,generator_expected_label plus documented mutation/source provenance,HIGH,primary_source_present;required_fields_complete;no_quality_flags;not_exact_duplicate;fail_mutation_provenance_complete;weak_label_not_human_ground_truth,insuranceqa,insufficient_evidence,CALIBRATION,lg-0412d4c453d4,[],True,True,True,True,,True,1,,False,weak_label_quality_v1
ext-iqa-fail-067,FAIL,generator_expected_label plus documented mutation/source provenance,HIGH,primary_source_present;required_fields_complete;no_quality_flags;not_exact_duplicate;fail_mutation_provenance_complete;weak_label_not_human_ground_truth,insuranceqa,insufficient_evidence,VALIDATION,lg-9cc6a236f482,[],True,True,True,True,,True,1,,False,weak_label_quality_v1
ext-iqa-fail-068,FAIL,generator_expected_label plus documented mutation/source provenance,HIGH,primary_source_present;required_fields_complete;no_quality_flags;not_exact_duplicate;fail_mutation_provenance_complete;weak_label_not_human_ground_truth,insuranceqa,insufficient_evidence,VALIDATION,lg-1765c102a38c,[],True,True,True,True,,True,1,,False,weak_label_quality_v1
ext-iqa-fail-069,FAIL,generator_expected_label plus documented mutation/source provenance,HIGH,primary_source_present;required_fields_complete;no_quality_flags;not_exact_duplicate;fail_mutation_provenance_complete;weak_label_not_human_ground_truth,insuranceqa,insufficient_evidence,LOCKED_HOLDOUT_CANDIDATE,lg-1ae1de81b884,[],True,True,True,True,,True,1,,False,weak_label_quality_v1
ext-iqa-fail-070,FAIL,generator_expected_label plus documented mutation/source provenance,HIGH,primary_source_present;required_fields_complete;no_quality_flags;not_exact_duplicate;fail_mutation_provenance_complete;weak_label_not_human_ground_truth,insuranceqa,insufficient_evidence,LOCKED_HOLDOUT_CANDIDATE,lg-4f620dc4451b,[],True,True,True,True,,True,1,,False,weak_label_quality_v1
ext-iqa-fail-071,FAIL,generator_expected_label plus documented mutation/source provenance,HIGH,primary_source_present;required_fields_complete;no_quality_flags;not_exact_duplicate;fail_mutation_provenance_complete;weak_label_not_human_ground_truth,insuranceqa,wrong_percentage,CALIBRATION,lg-a139ceecfa4a,[],True,True,True,True,,True,1,,True,weak_label_quality_v1
ext-iqa-fail-072,FAIL,generator_expected_label plus documented mutation/source provenance,HIGH,primary_source_present;required_fields_complete;no_quality_flags;not_exact_duplicate;fail_mutation_provenance_complete;weak_label_not_human_ground_truth,insuranceqa,wrong_percentage,CALIBRATION,lg-2fdcfee9d401,[],True,True,True,True,,True,1,,True,weak_label_quality_v1
ext-iqa-fail-073,FAIL,generator_expected_label plus documented mutation/source provenance,HIGH,primary_source_present;required_fields_complete;no_quality_flags;not_exact_duplicate;fail_mutation_provenance_complete;weak_label_not_human_ground_truth,insuranceqa,wrong_percentage,LOCKED_HOLDOUT_CANDIDATE,lg-e555d8e9c0cf,[],True,True,True,True,,True,1,,True,weak_label_quality_v1
ext-iqa-fail-074,FAIL,generator_expected_label plus documented mutation/source provenance,HIGH,primary_source_present;required_fields_complete;no_quality_flags;not_exact_duplicate;fail_mutation_provenance_complete;weak_label_not_human_ground_truth,insuranceqa,wrong_percentage,VALIDATION,lg-fe94f0f45fdb,[],True,True,True,True,,True,1,,True,weak_label_quality_v1
ext-iqa-fail-075,FAIL,generator_expected_label plus documented mutation/source provenance,HIGH,primary_source_present;required_fields_complete;no_quality_flags;not_exact_duplicate;fail_mutation_provenance_complete;weak_label_not_human_ground_truth,insuranceqa,wrong_percentage,VALIDATION,lg-284563f0ab99,[],True,True,True,True,,True,1,,True,weak_label_quality_v1
ext-iqa-fail-076,FAIL,generator_expected_label plus documented mutation/source provenance,HIGH,primary_source_present;required_fields_complete;no_quality_flags;not_exact_duplicate;fail_mutation_provenance_complete;weak_label_not_human_ground_truth,insuranceqa,wrong_percentage,VALIDATION,lg-495342c21815,[],True,True,True,True,,True,1,,True,weak_label_quality_v1
ext-iqa-fail-077,FAIL,generator_expected_label plus documented mutation/source provenance,HIGH,primary_source_present;required_fields_complete;no_quality_flags;not_exact_duplicate;fail_mutation_provenance_complete;weak_label_not_human_ground_truth,insuranceqa,wrong_percentage,LOCKED_HOLDOUT_CANDIDATE,lg-0f927e1fe262,[],True,True,True,True,,True,1,,True,weak_label_quality_v1
ext-iqa-fail-078,FAIL,generator_expected_label plus documented mutation/source provenance,HIGH,primary_source_present;required_fields_complete;no_quality_flags;not_exact_duplicate;fail_mutation_provenance_complete;weak_label_not_human_ground_truth,insuranceqa,wrong_percentage,VALIDATION,lg-ea3bb032ab54,[],True,True,True,True,,True,1,,True,weak_label_quality_v1
ext-iqa-fail-079,FAIL,generator_expected_label plus documented mutation/source provenance,HIGH,primary_source_present;required_fields_complete;no_quality_flags;not_exact_duplicate;fail_mutation_provenance_complete;weak_label_not_human_ground_truth,insuranceqa,wrong_percentage,LOCKED_HOLDOUT_CANDIDATE,lg-0d445bc7dadd,[],True,True,True,True,,True,1,,True,weak_label_quality_v1
ext-iqa-fail-080,FAIL,generator_expected_label plus documented mutation/source provenance,HIGH,primary_source_present;required_fields_complete;no_quality_flags;not_exact_duplicate;fail_mutation_provenance_complete;weak_label_not_human_ground_truth,insuranceqa,wrong_percentage,VALIDATION,lg-3181b98ac074,[],True,True,True,True,,True,1,,True,weak_label_quality_v1
ext-helvetia-pass-001,PASS,generator_expected_label plus documented mutation/source provenance,HIGH,primary_source_present;required_fields_complete;no_quality_flags;not_exact_duplicate;weak_label_not_human_ground_truth,helvetia_pdf,exact_supported_excerpt,CALIBRATION,lg-c51dd7a63470,[],True,True,True,True,,True,1,,False,weak_label_quality_v1
ext-helvetia-pass-002,PASS,generator_expected_label plus documented mutation/source provenance,HIGH,primary_source_present;required_fields_complete;no_quality_flags;not_exact_duplicate;weak_label_not_human_ground_truth,helvetia_pdf,exact_supported_excerpt,CALIBRATION,lg-0cf33004bcbf,[],True,True,True,True,,True,1,,False,weak_label_quality_v1
ext-helvetia-pass-003,PASS,generator_expected_label plus documented mutation/source provenance,HIGH,primary_source_present;required_fields_complete;no_quality_flags;not_exact_duplicate;weak_label_not_human_ground_truth,helvetia_pdf,exact_supported_excerpt,LOCKED_HOLDOUT_CANDIDATE,lg-62bb52eee817,[],True,True,True,True,,True,1,,False,weak_label_quality_v1
ext-helvetia-pass-004,PASS,generator_expected_label plus documented mutation/source provenance,HIGH,primary_source_present;required_fields_complete;no_quality_flags;not_exact_duplicate;weak_label_not_human_ground_truth,helvetia_pdf,exact_supported_excerpt,LOCKED_HOLDOUT_CANDIDATE,lg-62bb52eee817,[],True,True,True,True,,True,1,,False,weak_label_quality_v1
ext-helvetia-pass-005,PASS,generator_expected_label plus documented mutation/source provenance,HIGH,primary_source_present;required_fields_complete;no_quality_flags;not_exact_duplicate;weak_label_not_human_ground_truth,helvetia_pdf,exact_supported_excerpt,CALIBRATION,lg-7975497f9d66,[],True,True,True,True,,True,1,,False,weak_label_quality_v1
ext-helvetia-pass-006,PASS,generator_expected_label plus documented mutation/source provenance,HIGH,primary_source_present;required_fields_complete;no_quality_flags;not_exact_duplicate;weak_label_not_human_ground_truth,helvetia_pdf,exact_supported_excerpt,LOCKED_HOLDOUT_CANDIDATE,lg-62bb52eee817,[],True,True,True,True,,True,1,,False,weak_label_quality_v1
ext-helvetia-pass-007,PASS,generator_expected_label plus documented mutation/source provenance,HIGH,primary_source_present;required_fields_complete;no_quality_flags;not_exact_duplicate;weak_label_not_human_ground_truth,helvetia_pdf,exact_supported_excerpt,CALIBRATION,lg-384a1a4b0321,[],True,True,True,True,,True,1,,False,weak_label_quality_v1
ext-helvetia-pass-008,PASS,generator_expected_label plus documented mutation/source provenance,HIGH,primary_source_present;required_fields_complete;no_quality_flags;not_exact_duplicate;weak_label_not_human_ground_truth,helvetia_pdf,exact_supported_excerpt,VALIDATION,lg-15b51ba77470,[],True,True,True,True,,True,1,,False,weak_label_quality_v1
ext-helvetia-pass-009,PASS,generator_expected_label plus documented mutation/source provenance,HIGH,primary_source_present;required_fields_complete;no_quality_flags;not_exact_duplicate;weak_label_not_human_ground_truth,helvetia_pdf,exact_supported_excerpt,LOCKED_HOLDOUT_CANDIDATE,lg-62bb52eee817,[],True,True,True,True,,True,1,,False,weak_label_quality_v1
ext-helvetia-pass-010,PASS,generator_expected_label plus documented mutation/source provenance,HIGH,primary_source_present;required_fields_complete;no_quality_flags;not_exact_duplicate;weak_label_not_human_ground_truth,helvetia_pdf,exact_supported_excerpt,CALIBRATION,lg-fb2eac232edc,[],True,True,True,True,,True,1,,False,weak_label_quality_v1
ext-helvetia-pass-011,PASS,generator_expected_label plus documented mutation/source provenance,HIGH,primary_source_present;required_fields_complete;no_quality_flags;not_exact_duplicate;weak_label_not_human_ground_truth,helvetia_pdf,exact_supported_excerpt,LOCKED_HOLDOUT_CANDIDATE,lg-62bb52eee817,[],True,True,True,True,,True,1,,False,weak_label_quality_v1
ext-helvetia-pass-012,PASS,generator_expected_label plus documented mutation/source provenance,HIGH,primary_source_present;required_fields_complete;no_quality_flags;not_exact_duplicate;weak_label_not_human_ground_truth,helvetia_pdf,exact_supported_excerpt,CALIBRATION,lg-c51dd7a63470,[],True,True,True,True,,True,1,,False,weak_label_quality_v1
ext-helvetia-pass-013,PASS,generator_expected_label plus documented mutation/source provenance,HIGH,primary_source_present;required_fields_complete;no_quality_flags;not_exact_duplicate;weak_label_not_human_ground_truth,helvetia_pdf,exact_supported_excerpt,CALIBRATION,lg-0cf33004bcbf,[],True,True,True,True,,True,1,,False,weak_label_quality_v1
ext-helvetia-pass-014,PASS,generator_expected_label plus documented mutation/source provenance,HIGH,primary_source_present;required_fields_complete;no_quality_flags;not_exact_duplicate;weak_label_not_human_ground_truth,helvetia_pdf,exact_supported_excerpt,LOCKED_HOLDOUT_CANDIDATE,lg-62bb52eee817,[],True,True,True,True,,True,1,,False,weak_label_quality_v1
ext-helvetia-pass-015,PASS,generator_expected_label plus documented mutation/source provenance,HIGH,primary_source_present;required_fields_complete;no_quality_flags;not_exact_duplicate;weak_label_not_human_ground_truth,helvetia_pdf,exact_supported_excerpt,LOCKED_HOLDOUT_CANDIDATE,lg-62bb52eee817,[],True,True,True,True,,True,1,,False,weak_label_quality_v1
ext-helvetia-pass-016,PASS,generator_expected_label plus documented mutation/source provenance,HIGH,primary_source_present;required_fields_complete;no_quality_flags;not_exact_duplicate;weak_label_not_human_ground_truth,helvetia_pdf,exact_supported_excerpt,CALIBRATION,lg-7975497f9d66,[],True,True,True,True,,True,1,,False,weak_label_quality_v1
ext-helvetia-pass-017,PASS,generator_expected_label plus documented mutation/source provenance,HIGH,primary_source_present;required_fields_complete;no_quality_flags;not_exact_duplicate;weak_label_not_human_ground_truth,helvetia_pdf,exact_supported_excerpt,LOCKED_HOLDOUT_CANDIDATE,lg-62bb52eee817,[],True,True,True,True,,True,1,,False,weak_label_quality_v1
ext-helvetia-pass-018,PASS,generator_expected_label plus documented mutation/source provenance,HIGH,primary_source_present;required_fields_complete;no_quality_flags;not_exact_duplicate;weak_label_not_human_ground_truth,helvetia_pdf,exact_supported_excerpt,CALIBRATION,lg-384a1a4b0321,[],True,True,True,True,,True,1,,False,weak_label_quality_v1
ext-helvetia-pass-019,PASS,generator_expected_label plus documented mutation/source provenance,HIGH,primary_source_present;required_fields_complete;no_quality_flags;not_exact_duplicate;weak_label_not_human_ground_truth,helvetia_pdf,exact_supported_excerpt,VALIDATION,lg-15b51ba77470,[],True,True,True,True,,True,1,,False,weak_label_quality_v1
ext-helvetia-pass-020,PASS,generator_expected_label plus documented mutation/source provenance,HIGH,primary_source_present;required_fields_complete;no_quality_flags;not_exact_duplicate;weak_label_not_human_ground_truth,helvetia_pdf,exact_supported_excerpt,LOCKED_HOLDOUT_CANDIDATE,lg-62bb52eee817,[],True,True,True,True,,True,1,,False,weak_label_quality_v1
ext-helvetia-pass-021,PASS,generator_expected_label plus documented mutation/source provenance,HIGH,primary_source_present;required_fields_complete;no_quality_flags;not_exact_duplicate;weak_label_not_human_ground_truth,helvetia_pdf,exact_supported_excerpt,CALIBRATION,lg-fb2eac232edc,[],True,True,True,True,,True,1,,False,weak_label_quality_v1
ext-helvetia-pass-022,PASS,generator_expected_label plus documented mutation/source provenance,HIGH,primary_source_present;required_fields_complete;no_quality_flags;not_exact_duplicate;weak_label_not_human_ground_truth,helvetia_pdf,exact_supported_excerpt,LOCKED_HOLDOUT_CANDIDATE,lg-62bb52eee817,[],True,True,True,True,,True,1,,False,weak_label_quality_v1
ext-helvetia-pass-023,PASS,generator_expected_label plus documented mutation/source provenance,HIGH,primary_source_present;required_fields_complete;no_quality_flags;not_exact_duplicate;weak_label_not_human_ground_truth,helvetia_pdf,exact_supported_excerpt,CALIBRATION,lg-c51dd7a63470,[],True,True,True,True,,True,1,,False,weak_label_quality_v1
ext-helvetia-pass-024,PASS,generator_expected_label plus documented mutation/source provenance,HIGH,primary_source_present;required_fields_complete;no_quality_flags;not_exact_duplicate;weak_label_not_human_ground_truth,helvetia_pdf,exact_supported_excerpt,CALIBRATION,lg-0cf33004bcbf,[],True,True,True,True,,True,1,,False,weak_label_quality_v1
ext-helvetia-pass-025,PASS,generator_expected_label plus documented mutation/source provenance,HIGH,primary_source_present;required_fields_complete;no_quality_flags;not_exact_duplicate;weak_label_not_human_ground_truth,helvetia_pdf,exact_supported_excerpt,LOCKED_HOLDOUT_CANDIDATE,lg-62bb52eee817,[],True,True,True,True,,True,1,,False,weak_label_quality_v1
ext-helvetia-pass-026,PASS,generator_expected_label plus documented mutation/source provenance,HIGH,primary_source_present;required_fields_complete;no_quality_flags;not_exact_duplicate;weak_label_not_human_ground_truth,helvetia_pdf,exact_supported_excerpt,LOCKED_HOLDOUT_CANDIDATE,lg-62bb52eee817,[],True,True,True,True,,True,1,,False,weak_label_quality_v1
ext-helvetia-pass-027,PASS,generator_expected_label plus documented mutation/source provenance,HIGH,primary_source_present;required_fields_complete;no_quality_flags;not_exact_duplicate;weak_label_not_human_ground_truth,helvetia_pdf,exact_supported_excerpt,CALIBRATION,lg-7975497f9d66,[],True,True,True,True,,True,1,,False,weak_label_quality_v1
ext-helvetia-pass-028,PASS,generator_expected_label plus documented mutation/source provenance,HIGH,primary_source_present;required_fields_complete;no_quality_flags;not_exact_duplicate;weak_label_not_human_ground_truth,helvetia_pdf,exact_supported_excerpt,LOCKED_HOLDOUT_CANDIDATE,lg-62bb52eee817,[],True,True,True,True,,True,1,,False,weak_label_quality_v1
ext-helvetia-pass-029,PASS,generator_expected_label plus documented mutation/source provenance,HIGH,primary_source_present;required_fields_complete;no_quality_flags;not_exact_duplicate;weak_label_not_human_ground_truth,helvetia_pdf,exact_supported_excerpt,CALIBRATION,lg-384a1a4b0321,[],True,True,True,True,,True,1,,False,weak_label_quality_v1
ext-helvetia-pass-030,PASS,generator_expected_label plus documented mutation/source provenance,HIGH,primary_source_present;required_fields_complete;no_quality_flags;not_exact_duplicate;weak_label_not_human_ground_truth,helvetia_pdf,exact_supported_excerpt,VALIDATION,lg-15b51ba77470,[],True,True,True,True,,True,1,,False,weak_label_quality_v1
ext-helvetia-pass-031,PASS,generator_expected_label plus documented mutation/source provenance,HIGH,primary_source_present;required_fields_complete;no_quality_flags;not_exact_duplicate;weak_label_not_human_ground_truth,helvetia_pdf,exact_supported_excerpt,LOCKED_HOLDOUT_CANDIDATE,lg-62bb52eee817,[],True,True,True,True,,True,1,,False,weak_label_quality_v1
ext-helvetia-pass-032,PASS,generator_expected_label plus documented mutation/source provenance,HIGH,primary_source_present;required_fields_complete;no_quality_flags;not_exact_duplicate;weak_label_not_human_ground_truth,helvetia_pdf,exact_supported_excerpt,CALIBRATION,lg-fb2eac232edc,[],True,True,True,True,,True,1,,False,weak_label_quality_v1
ext-helvetia-pass-033,PASS,generator_expected_label plus documented mutation/source provenance,HIGH,primary_source_present;required_fields_complete;no_quality_flags;not_exact_duplicate;weak_label_not_human_ground_truth,helvetia_pdf,exact_supported_excerpt,LOCKED_HOLDOUT_CANDIDATE,lg-62bb52eee817,[],True,True,True,True,,True,1,,False,weak_label_quality_v1
ext-helvetia-pass-034,PASS,generator_expected_label plus documented mutation/source provenance,HIGH,primary_source_present;required_fields_complete;no_quality_flags;not_exact_duplicate;weak_label_not_human_ground_truth,helvetia_pdf,exact_supported_excerpt,CALIBRATION,lg-c51dd7a63470,[],True,True,True,True,,True,1,,False,weak_label_quality_v1
ext-helvetia-pass-035,PASS,generator_expected_label plus documented mutation/source provenance,HIGH,primary_source_present;required_fields_complete;no_quality_flags;not_exact_duplicate;weak_label_not_human_ground_truth,helvetia_pdf,exact_supported_excerpt,CALIBRATION,lg-0cf33004bcbf,[],True,True,True,True,,True,1,,False,weak_label_quality_v1
ext-helvetia-pass-036,PASS,generator_expected_label plus documented mutation/source provenance,HIGH,primary_source_present;required_fields_complete;no_quality_flags;not_exact_duplicate;weak_label_not_human_ground_truth,helvetia_pdf,exact_supported_excerpt,LOCKED_HOLDOUT_CANDIDATE,lg-62bb52eee817,[],True,True,True,True,,True,1,,False,weak_label_quality_v1
ext-helvetia-pass-037,PASS,generator_expected_label plus documented mutation/source provenance,HIGH,primary_source_present;required_fields_complete;no_quality_flags;not_exact_duplicate;weak_label_not_human_ground_truth,helvetia_pdf,exact_supported_excerpt,LOCKED_HOLDOUT_CANDIDATE,lg-62bb52eee817,[],True,True,True,True,,True,1,,False,weak_label_quality_v1
ext-helvetia-pass-038,PASS,generator_expected_label plus documented mutation/source provenance,HIGH,primary_source_present;required_fields_complete;no_quality_flags;not_exact_duplicate;weak_label_not_human_ground_truth,helvetia_pdf,exact_supported_excerpt,CALIBRATION,lg-7975497f9d66,[],True,True,True,True,,True,1,,False,weak_label_quality_v1
ext-helvetia-pass-039,PASS,generator_expected_label plus documented mutation/source provenance,HIGH,primary_source_present;required_fields_complete;no_quality_flags;not_exact_duplicate;weak_label_not_human_ground_truth,helvetia_pdf,exact_supported_excerpt,LOCKED_HOLDOUT_CANDIDATE,lg-62bb52eee817,[],True,True,True,True,,True,1,,False,weak_label_quality_v1
ext-helvetia-pass-040,PASS,generator_expected_label plus documented mutation/source provenance,HIGH,primary_source_present;required_fields_complete;no_quality_flags;not_exact_duplicate;weak_label_not_human_ground_truth,helvetia_pdf,exact_supported_excerpt,CALIBRATION,lg-384a1a4b0321,[],True,True,True,True,,True,1,,False,weak_label_quality_v1
ext-helvetia-pass-041,PASS,generator_expected_label plus documented mutation/source provenance,HIGH,primary_source_present;required_fields_complete;no_quality_flags;not_exact_duplicate;weak_label_not_human_ground_truth,helvetia_pdf,supported_excerpt_with_citation,VALIDATION,lg-15b51ba77470,[],True,True,True,True,,True,1,,False,weak_label_quality_v1
ext-helvetia-pass-042,PASS,generator_expected_label plus documented mutation/source provenance,HIGH,primary_source_present;required_fields_complete;no_quality_flags;not_exact_duplicate;weak_label_not_human_ground_truth,helvetia_pdf,supported_excerpt_with_citation,LOCKED_HOLDOUT_CANDIDATE,lg-62bb52eee817,[],True,True,True,True,,True,1,,False,weak_label_quality_v1
ext-helvetia-pass-043,PASS,generator_expected_label plus documented mutation/source provenance,HIGH,primary_source_present;required_fields_complete;no_quality_flags;not_exact_duplicate;weak_label_not_human_ground_truth,helvetia_pdf,supported_excerpt_with_citation,CALIBRATION,lg-fb2eac232edc,[],True,True,True,True,,True,1,,False,weak_label_quality_v1
ext-helvetia-pass-044,PASS,generator_expected_label plus documented mutation/source provenance,HIGH,primary_source_present;required_fields_complete;no_quality_flags;not_exact_duplicate;weak_label_not_human_ground_truth,helvetia_pdf,supported_excerpt_with_citation,LOCKED_HOLDOUT_CANDIDATE,lg-62bb52eee817,[],True,True,True,True,,True,1,,False,weak_label_quality_v1
ext-helvetia-pass-045,PASS,generator_expected_label plus documented mutation/source provenance,HIGH,primary_source_present;required_fields_complete;no_quality_flags;not_exact_duplicate;weak_label_not_human_ground_truth,helvetia_pdf,supported_excerpt_with_citation,CALIBRATION,lg-c51dd7a63470,[],True,True,True,True,,True,1,,False,weak_label_quality_v1
ext-helvetia-pass-046,PASS,generator_expected_label plus documented mutation/source provenance,HIGH,primary_source_present;required_fields_complete;no_quality_flags;not_exact_duplicate;weak_label_not_human_ground_truth,helvetia_pdf,supported_excerpt_with_citation,CALIBRATION,lg-0cf33004bcbf,[],True,True,True,True,,True,1,,False,weak_label_quality_v1
ext-helvetia-pass-047,PASS,generator_expected_label plus documented mutation/source provenance,HIGH,primary_source_present;required_fields_complete;no_quality_flags;not_exact_duplicate;weak_label_not_human_ground_truth,helvetia_pdf,supported_excerpt_with_citation,LOCKED_HOLDOUT_CANDIDATE,lg-62bb52eee817,[],True,True,True,True,,True,1,,False,weak_label_quality_v1
ext-helvetia-pass-048,PASS,generator_expected_label plus documented mutation/source provenance,HIGH,primary_source_present;required_fields_complete;no_quality_flags;not_exact_duplicate;weak_label_not_human_ground_truth,helvetia_pdf,supported_excerpt_with_citation,LOCKED_HOLDOUT_CANDIDATE,lg-62bb52eee817,[],True,True,True,True,,True,1,,False,weak_label_quality_v1
ext-helvetia-pass-049,PASS,generator_expected_label plus documented mutation/source provenance,HIGH,primary_source_present;required_fields_complete;no_quality_flags;not_exact_duplicate;weak_label_not_human_ground_truth,helvetia_pdf,supported_excerpt_with_citation,CALIBRATION,lg-7975497f9d66,[],True,True,True,True,,True,1,,False,weak_label_quality_v1
ext-helvetia-pass-050,PASS,generator_expected_label plus documented mutation/source provenance,HIGH,primary_source_present;required_fields_complete;no_quality_flags;not_exact_duplicate;weak_label_not_human_ground_truth,helvetia_pdf,supported_excerpt_with_citation,LOCKED_HOLDOUT_CANDIDATE,lg-62bb52eee817,[],True,True,True,True,,True,1,,False,weak_label_quality_v1
ext-helvetia-pass-051,PASS,generator_expected_label plus documented mutation/source provenance,HIGH,primary_source_present;required_fields_complete;no_quality_flags;not_exact_duplicate;weak_label_not_human_ground_truth,helvetia_pdf,supported_excerpt_with_citation,CALIBRATION,lg-384a1a4b0321,[],True,True,True,True,,True,1,,False,weak_label_quality_v1
ext-helvetia-pass-052,PASS,generator_expected_label plus documented mutation/source provenance,HIGH,primary_source_present;required_fields_complete;no_quality_flags;not_exact_duplicate;weak_label_not_human_ground_truth,helvetia_pdf,supported_excerpt_with_citation,VALIDATION,lg-15b51ba77470,[],True,True,True,True,,True,1,,False,weak_label_quality_v1
ext-helvetia-pass-053,PASS,generator_expected_label plus documented mutation/source provenance,HIGH,primary_source_present;required_fields_complete;no_quality_flags;not_exact_duplicate;weak_label_not_human_ground_truth,helvetia_pdf,supported_excerpt_with_citation,LOCKED_HOLDOUT_CANDIDATE,lg-62bb52eee817,[],True,True,True,True,,True,1,,False,weak_label_quality_v1
ext-helvetia-pass-054,PASS,generator_expected_label plus documented mutation/source provenance,HIGH,primary_source_present;required_fields_complete;no_quality_flags;not_exact_duplicate;weak_label_not_human_ground_truth,helvetia_pdf,supported_excerpt_with_citation,CALIBRATION,lg-fb2eac232edc,[],True,True,True,True,,True,1,,False,weak_label_quality_v1
ext-helvetia-pass-055,PASS,generator_expected_label plus documented mutation/source provenance,HIGH,primary_source_present;required_fields_complete;no_quality_flags;not_exact_duplicate;weak_label_not_human_ground_truth,helvetia_pdf,supported_excerpt_with_citation,LOCKED_HOLDOUT_CANDIDATE,lg-62bb52eee817,[],True,True,True,True,,True,1,,False,weak_label_quality_v1
ext-helvetia-pass-056,PASS,generator_expected_label plus documented mutation/source provenance,HIGH,primary_source_present;required_fields_complete;no_quality_flags;not_exact_duplicate;weak_label_not_human_ground_truth,helvetia_pdf,supported_excerpt_with_citation,CALIBRATION,lg-c51dd7a63470,[],True,True,True,True,,True,1,,False,weak_label_quality_v1
ext-helvetia-pass-057,PASS,generator_expected_label plus documented mutation/source provenance,HIGH,primary_source_present;required_fields_complete;no_quality_flags;not_exact_duplicate;weak_label_not_human_ground_truth,helvetia_pdf,supported_excerpt_with_citation,CALIBRATION,lg-0cf33004bcbf,[],True,True,True,True,,True,1,,False,weak_label_quality_v1
ext-helvetia-pass-058,PASS,generator_expected_label plus documented mutation/source provenance,HIGH,primary_source_present;required_fields_complete;no_quality_flags;not_exact_duplicate;weak_label_not_human_ground_truth,helvetia_pdf,supported_excerpt_with_citation,LOCKED_HOLDOUT_CANDIDATE,lg-62bb52eee817,[],True,True,True,True,,True,1,,False,weak_label_quality_v1
ext-helvetia-pass-059,PASS,generator_expected_label plus documented mutation/source provenance,HIGH,primary_source_present;required_fields_complete;no_quality_flags;not_exact_duplicate;weak_label_not_human_ground_truth,helvetia_pdf,supported_excerpt_with_citation,LOCKED_HOLDOUT_CANDIDATE,lg-62bb52eee817,[],True,True,True,True,,True,1,,False,weak_label_quality_v1
ext-helvetia-pass-060,PASS,generator_expected_label plus documented mutation/source provenance,HIGH,primary_source_present;required_fields_complete;no_quality_flags;not_exact_duplicate;weak_label_not_human_ground_truth,helvetia_pdf,supported_excerpt_with_citation,CALIBRATION,lg-7975497f9d66,[],True,True,True,True,,True,1,,False,weak_label_quality_v1
ext-helvetia-fail-001,FAIL,generator_expected_label plus documented mutation/source provenance,HIGH,primary_source_present;required_fields_complete;no_quality_flags;not_exact_duplicate;fail_mutation_provenance_complete;weak_label_not_human_ground_truth,helvetia_pdf,wrong_limit,CALIBRATION,lg-0cf33004bcbf,[],True,True,True,True,,True,1,,True,weak_label_quality_v1
ext-helvetia-fail-002,FAIL,generator_expected_label plus documented mutation/source provenance,HIGH,primary_source_present;required_fields_complete;no_quality_flags;not_exact_duplicate;fail_mutation_provenance_complete;weak_label_not_human_ground_truth,helvetia_pdf,wrong_limit,LOCKED_HOLDOUT_CANDIDATE,lg-62bb52eee817,[],True,True,True,True,,True,1,,True,weak_label_quality_v1
ext-helvetia-fail-003,FAIL,generator_expected_label plus documented mutation/source provenance,HIGH,primary_source_present;required_fields_complete;no_quality_flags;not_exact_duplicate;fail_mutation_provenance_complete;weak_label_not_human_ground_truth,helvetia_pdf,wrong_limit,CALIBRATION,lg-7975497f9d66,[],True,True,True,True,,True,1,,True,weak_label_quality_v1
ext-helvetia-fail-004,FAIL,generator_expected_label plus documented mutation/source provenance,HIGH,primary_source_present;required_fields_complete;no_quality_flags;not_exact_duplicate;fail_mutation_provenance_complete;weak_label_not_human_ground_truth,helvetia_pdf,wrong_limit,LOCKED_HOLDOUT_CANDIDATE,lg-62bb52eee817,[],True,True,True,True,,True,1,,True,weak_label_quality_v1
ext-helvetia-fail-005,FAIL,generator_expected_label plus documented mutation/source provenance,HIGH,primary_source_present;required_fields_complete;no_quality_flags;not_exact_duplicate;fail_mutation_provenance_complete;weak_label_not_human_ground_truth,helvetia_pdf,wrong_limit,CALIBRATION,lg-384a1a4b0321,[],True,True,True,True,,True,1,,True,weak_label_quality_v1
ext-helvetia-fail-006,FAIL,generator_expected_label plus documented mutation/source provenance,HIGH,primary_source_present;required_fields_complete;no_quality_flags;not_exact_duplicate;fail_mutation_provenance_complete;weak_label_not_human_ground_truth,helvetia_pdf,wrong_limit,LOCKED_HOLDOUT_CANDIDATE,lg-62bb52eee817,[],True,True,True,True,,True,1,,True,weak_label_quality_v1
ext-helvetia-fail-007,FAIL,generator_expected_label plus documented mutation/source provenance,HIGH,primary_source_present;required_fields_complete;no_quality_flags;not_exact_duplicate;fail_mutation_provenance_complete;weak_label_not_human_ground_truth,helvetia_pdf,wrong_limit,CALIBRATION,lg-fb2eac232edc,[],True,True,True,True,,True,1,,True,weak_label_quality_v1
ext-helvetia-fail-008,FAIL,generator_expected_label plus documented mutation/source provenance,HIGH,primary_source_present;required_fields_complete;no_quality_flags;not_exact_duplicate;fail_mutation_provenance_complete;weak_label_not_human_ground_truth,helvetia_pdf,wrong_limit,LOCKED_HOLDOUT_CANDIDATE,lg-62bb52eee817,[],True,True,True,True,,True,1,,True,weak_label_quality_v1
ext-helvetia-fail-009,FAIL,generator_expected_label plus documented mutation/source provenance,HIGH,primary_source_present;required_fields_complete;no_quality_flags;not_exact_duplicate;fail_mutation_provenance_complete;weak_label_not_human_ground_truth,helvetia_pdf,wrong_limit,CALIBRATION,lg-0cf33004bcbf,[],True,True,True,True,,True,1,,True,weak_label_quality_v1
ext-helvetia-fail-010,FAIL,generator_expected_label plus documented mutation/source provenance,HIGH,primary_source_present;required_fields_complete;no_quality_flags;not_exact_duplicate;fail_mutation_provenance_complete;weak_label_not_human_ground_truth,helvetia_pdf,wrong_limit,LOCKED_HOLDOUT_CANDIDATE,lg-62bb52eee817,[],True,True,True,True,,True,1,,True,weak_label_quality_v1
ext-helvetia-fail-011,FAIL,generator_expected_label plus documented mutation/source provenance,HIGH,primary_source_present;required_fields_complete;no_quality_flags;not_exact_duplicate;fail_mutation_provenance_complete;weak_label_not_human_ground_truth,helvetia_pdf,reversed_coverage,CALIBRATION,lg-c51dd7a63470,[],True,True,True,True,,True,1,,True,weak_label_quality_v1
ext-helvetia-fail-012,FAIL,generator_expected_label plus documented mutation/source provenance,HIGH,primary_source_present;required_fields_complete;no_quality_flags;not_exact_duplicate;fail_mutation_provenance_complete;weak_label_not_human_ground_truth,helvetia_pdf,reversed_coverage,CALIBRATION,lg-0cf33004bcbf,[],True,True,True,True,,True,1,,True,weak_label_quality_v1
ext-helvetia-fail-013,FAIL,generator_expected_label plus documented mutation/source provenance,HIGH,primary_source_present;required_fields_complete;no_quality_flags;not_exact_duplicate;fail_mutation_provenance_complete;weak_label_not_human_ground_truth,helvetia_pdf,reversed_coverage,LOCKED_HOLDOUT_CANDIDATE,lg-62bb52eee817,[],True,True,True,True,,True,1,,True,weak_label_quality_v1
ext-helvetia-fail-014,FAIL,generator_expected_label plus documented mutation/source provenance,HIGH,primary_source_present;required_fields_complete;no_quality_flags;not_exact_duplicate;fail_mutation_provenance_complete;weak_label_not_human_ground_truth,helvetia_pdf,reversed_coverage,CALIBRATION,lg-7975497f9d66,[],True,True,True,True,,True,1,,True,weak_label_quality_v1
ext-helvetia-fail-015,FAIL,generator_expected_label plus documented mutation/source provenance,HIGH,primary_source_present;required_fields_complete;no_quality_flags;not_exact_duplicate;fail_mutation_provenance_complete;weak_label_not_human_ground_truth,helvetia_pdf,reversed_coverage,LOCKED_HOLDOUT_CANDIDATE,lg-62bb52eee817,[],True,True,True,True,,True,1,,True,weak_label_quality_v1
ext-helvetia-fail-016,FAIL,generator_expected_label plus documented mutation/source provenance,HIGH,primary_source_present;required_fields_complete;no_quality_flags;not_exact_duplicate;fail_mutation_provenance_complete;weak_label_not_human_ground_truth,helvetia_pdf,reversed_coverage,CALIBRATION,lg-384a1a4b0321,[],True,True,True,True,,True,1,,True,weak_label_quality_v1
ext-helvetia-fail-017,FAIL,generator_expected_label plus documented mutation/source provenance,HIGH,primary_source_present;required_fields_complete;no_quality_flags;not_exact_duplicate;fail_mutation_provenance_complete;weak_label_not_human_ground_truth,helvetia_pdf,reversed_coverage,LOCKED_HOLDOUT_CANDIDATE,lg-62bb52eee817,[],True,True,True,True,,True,1,,True,weak_label_quality_v1
ext-helvetia-fail-018,FAIL,generator_expected_label plus documented mutation/source provenance,HIGH,primary_source_present;required_fields_complete;no_quality_flags;not_exact_duplicate;fail_mutation_provenance_complete;weak_label_not_human_ground_truth,helvetia_pdf,reversed_coverage,CALIBRATION,lg-fb2eac232edc,[],True,True,True,True,,True,1,,True,weak_label_quality_v1
ext-helvetia-fail-019,FAIL,generator_expected_label plus documented mutation/source provenance,HIGH,primary_source_present;required_fields_complete;no_quality_flags;not_exact_duplicate;fail_mutation_provenance_complete;weak_label_not_human_ground_truth,helvetia_pdf,reversed_coverage,LOCKED_HOLDOUT_CANDIDATE,lg-62bb52eee817,[],True,True,True,True,,True,1,,True,weak_label_quality_v1
ext-helvetia-fail-020,FAIL,generator_expected_label plus documented mutation/source provenance,HIGH,primary_source_present;required_fields_complete;no_quality_flags;not_exact_duplicate;fail_mutation_provenance_complete;weak_label_not_human_ground_truth,helvetia_pdf,reversed_coverage,CALIBRATION,lg-c51dd7a63470,[],True,True,True,True,,True,1,,True,weak_label_quality_v1
ext-helvetia-fail-021,FAIL,generator_expected_label plus documented mutation/source provenance,HIGH,primary_source_present;required_fields_complete;no_quality_flags;not_exact_duplicate;fail_mutation_provenance_complete;weak_label_not_human_ground_truth,helvetia_pdf,citation_mismatch,CALIBRATION,lg-0cf33004bcbf,[],True,True,True,True,,True,1,,True,weak_label_quality_v1
ext-helvetia-fail-022,FAIL,generator_expected_label plus documented mutation/source provenance,HIGH,primary_source_present;required_fields_complete;no_quality_flags;not_exact_duplicate;fail_mutation_provenance_complete;weak_label_not_human_ground_truth,helvetia_pdf,citation_mismatch,LOCKED_HOLDOUT_CANDIDATE,lg-62bb52eee817,[],True,True,True,True,,True,1,,True,weak_label_quality_v1
ext-helvetia-fail-023,FAIL,generator_expected_label plus documented mutation/source provenance,HIGH,primary_source_present;required_fields_complete;no_quality_flags;not_exact_duplicate;fail_mutation_provenance_complete;weak_label_not_human_ground_truth,helvetia_pdf,citation_mismatch,LOCKED_HOLDOUT_CANDIDATE,lg-62bb52eee817,[],True,True,True,True,,True,1,,True,weak_label_quality_v1
ext-helvetia-fail-024,FAIL,generator_expected_label plus documented mutation/source provenance,HIGH,primary_source_present;required_fields_complete;no_quality_flags;not_exact_duplicate;fail_mutation_provenance_complete;weak_label_not_human_ground_truth,helvetia_pdf,citation_mismatch,CALIBRATION,lg-7975497f9d66,[],True,True,True,True,,True,1,,True,weak_label_quality_v1
ext-helvetia-fail-025,FAIL,generator_expected_label plus documented mutation/source provenance,HIGH,primary_source_present;required_fields_complete;no_quality_flags;not_exact_duplicate;fail_mutation_provenance_complete;weak_label_not_human_ground_truth,helvetia_pdf,citation_mismatch,LOCKED_HOLDOUT_CANDIDATE,lg-62bb52eee817,[],True,True,True,True,,True,1,,True,weak_label_quality_v1
ext-helvetia-fail-026,FAIL,generator_expected_label plus documented mutation/source provenance,HIGH,primary_source_present;required_fields_complete;no_quality_flags;not_exact_duplicate;fail_mutation_provenance_complete;weak_label_not_human_ground_truth,helvetia_pdf,citation_mismatch,CALIBRATION,lg-384a1a4b0321,[],True,True,True,True,,True,1,,True,weak_label_quality_v1
ext-helvetia-fail-027,FAIL,generator_expected_label plus documented mutation/source provenance,HIGH,primary_source_present;required_fields_complete;no_quality_flags;not_exact_duplicate;fail_mutation_provenance_complete;weak_label_not_human_ground_truth,helvetia_pdf,citation_mismatch,VALIDATION,lg-15b51ba77470,[],True,True,True,True,,True,1,,True,weak_label_quality_v1
ext-helvetia-fail-028,FAIL,generator_expected_label plus documented mutation/source provenance,HIGH,primary_source_present;required_fields_complete;no_quality_flags;not_exact_duplicate;fail_mutation_provenance_complete;weak_label_not_human_ground_truth,helvetia_pdf,citation_mismatch,LOCKED_HOLDOUT_CANDIDATE,lg-62bb52eee817,[],True,True,True,True,,True,1,,True,weak_label_quality_v1
ext-helvetia-fail-029,FAIL,generator_expected_label plus documented mutation/source provenance,HIGH,primary_source_present;required_fields_complete;no_quality_flags;not_exact_duplicate;fail_mutation_provenance_complete;weak_label_not_human_ground_truth,helvetia_pdf,citation_mismatch,CALIBRATION,lg-fb2eac232edc,[],True,True,True,True,,True,1,,True,weak_label_quality_v1
ext-helvetia-fail-030,FAIL,generator_expected_label plus documented mutation/source provenance,HIGH,primary_source_present;required_fields_complete;no_quality_flags;not_exact_duplicate;fail_mutation_provenance_complete;weak_label_not_human_ground_truth,helvetia_pdf,citation_mismatch,LOCKED_HOLDOUT_CANDIDATE,lg-62bb52eee817,[],True,True,True,True,,True,1,,True,weak_label_quality_v1
ext-helvetia-fail-031,FAIL,generator_expected_label plus documented mutation/source provenance,HIGH,primary_source_present;required_fields_complete;no_quality_flags;not_exact_duplicate;fail_mutation_provenance_complete;weak_label_not_human_ground_truth,helvetia_pdf,unsupported_extra_claim,CALIBRATION,lg-0cf33004bcbf,[],True,True,True,True,,True,1,,False,weak_label_quality_v1
ext-helvetia-fail-032,FAIL,generator_expected_label plus documented mutation/source provenance,HIGH,primary_source_present;required_fields_complete;no_quality_flags;not_exact_duplicate;fail_mutation_provenance_complete;weak_label_not_human_ground_truth,helvetia_pdf,unsupported_extra_claim,LOCKED_HOLDOUT_CANDIDATE,lg-62bb52eee817,[],True,True,True,True,,True,1,,False,weak_label_quality_v1
ext-helvetia-fail-033,FAIL,generator_expected_label plus documented mutation/source provenance,HIGH,primary_source_present;required_fields_complete;no_quality_flags;not_exact_duplicate;fail_mutation_provenance_complete;weak_label_not_human_ground_truth,helvetia_pdf,unsupported_extra_claim,LOCKED_HOLDOUT_CANDIDATE,lg-62bb52eee817,[],True,True,True,True,,True,1,,False,weak_label_quality_v1
ext-helvetia-fail-034,FAIL,generator_expected_label plus documented mutation/source provenance,HIGH,primary_source_present;required_fields_complete;no_quality_flags;not_exact_duplicate;fail_mutation_provenance_complete;weak_label_not_human_ground_truth,helvetia_pdf,unsupported_extra_claim,CALIBRATION,lg-7975497f9d66,[],True,True,True,True,,True,1,,False,weak_label_quality_v1
ext-helvetia-fail-035,FAIL,generator_expected_label plus documented mutation/source provenance,HIGH,primary_source_present;required_fields_complete;no_quality_flags;not_exact_duplicate;fail_mutation_provenance_complete;weak_label_not_human_ground_truth,helvetia_pdf,unsupported_extra_claim,LOCKED_HOLDOUT_CANDIDATE,lg-62bb52eee817,[],True,True,True,True,,True,1,,False,weak_label_quality_v1
ext-helvetia-fail-036,FAIL,generator_expected_label plus documented mutation/source provenance,HIGH,primary_source_present;required_fields_complete;no_quality_flags;not_exact_duplicate;fail_mutation_provenance_complete;weak_label_not_human_ground_truth,helvetia_pdf,unsupported_extra_claim,CALIBRATION,lg-384a1a4b0321,[],True,True,True,True,,True,1,,False,weak_label_quality_v1
ext-helvetia-fail-037,FAIL,generator_expected_label plus documented mutation/source provenance,HIGH,primary_source_present;required_fields_complete;no_quality_flags;not_exact_duplicate;fail_mutation_provenance_complete;weak_label_not_human_ground_truth,helvetia_pdf,unsupported_extra_claim,VALIDATION,lg-15b51ba77470,[],True,True,True,True,,True,1,,False,weak_label_quality_v1
ext-helvetia-fail-038,FAIL,generator_expected_label plus documented mutation/source provenance,HIGH,primary_source_present;required_fields_complete;no_quality_flags;not_exact_duplicate;fail_mutation_provenance_complete;weak_label_not_human_ground_truth,helvetia_pdf,unsupported_extra_claim,LOCKED_HOLDOUT_CANDIDATE,lg-62bb52eee817,[],True,True,True,True,,True,1,,False,weak_label_quality_v1
ext-helvetia-fail-039,FAIL,generator_expected_label plus documented mutation/source provenance,HIGH,primary_source_present;required_fields_complete;no_quality_flags;not_exact_duplicate;fail_mutation_provenance_complete;weak_label_not_human_ground_truth,helvetia_pdf,unsupported_extra_claim,CALIBRATION,lg-fb2eac232edc,[],True,True,True,True,,True,1,,False,weak_label_quality_v1
ext-helvetia-fail-040,FAIL,generator_expected_label plus documented mutation/source provenance,HIGH,primary_source_present;required_fields_complete;no_quality_flags;not_exact_duplicate;fail_mutation_provenance_complete;weak_label_not_human_ground_truth,helvetia_pdf,unsupported_extra_claim,LOCKED_HOLDOUT_CANDIDATE,lg-62bb52eee817,[],True,True,True,True,,True,1,,False,weak_label_quality_v1
ext-baloise-fail-001,FAIL,generator_expected_label plus documented mutation/source provenance,MEDIUM,primary_source_present;required_fields_complete;no_quality_flags;not_exact_duplicate;fail_mutation_provenance_complete;weak_label_not_human_ground_truth,baloise_excluded_pdf,old_document_instead_of_current,LOCKED_HOLDOUT_CANDIDATE,lg-62bb52eee817,[],True,True,True,True,,True,1,source_family_has_additional_semantic_or_provenance_uncertainty,True,weak_label_quality_v1
ext-baloise-fail-002,FAIL,generator_expected_label plus documented mutation/source provenance,MEDIUM,primary_source_present;required_fields_complete;no_quality_flags;not_exact_duplicate;fail_mutation_provenance_complete;weak_label_not_human_ground_truth,baloise_excluded_pdf,old_document_instead_of_current,LOCKED_HOLDOUT_CANDIDATE,lg-62bb52eee817,[],True,True,True,True,,True,1,source_family_has_additional_semantic_or_provenance_uncertainty,True,weak_label_quality_v1
ext-baloise-fail-003,FAIL,generator_expected_label plus documented mutation/source provenance,MEDIUM,primary_source_present;required_fields_complete;no_quality_flags;not_exact_duplicate;fail_mutation_provenance_complete;weak_label_not_human_ground_truth,baloise_excluded_pdf,old_document_instead_of_current,LOCKED_HOLDOUT_CANDIDATE,lg-62bb52eee817,[],True,True,True,True,,True,1,source_family_has_additional_semantic_or_provenance_uncertainty,True,weak_label_quality_v1
ext-baloise-fail-004,FAIL,generator_expected_label plus documented mutation/source provenance,MEDIUM,primary_source_present;required_fields_complete;no_quality_flags;not_exact_duplicate;fail_mutation_provenance_complete;weak_label_not_human_ground_truth,baloise_excluded_pdf,old_document_instead_of_current,LOCKED_HOLDOUT_CANDIDATE,lg-62bb52eee817,[],True,True,True,True,,True,1,source_family_has_additional_semantic_or_provenance_uncertainty,True,weak_label_quality_v1
ext-baloise-fail-005,FAIL,generator_expected_label plus documented mutation/source provenance,MEDIUM,primary_source_present;required_fields_complete;no_quality_flags;not_exact_duplicate;fail_mutation_provenance_complete;weak_label_not_human_ground_truth,baloise_excluded_pdf,old_document_instead_of_current,LOCKED_HOLDOUT_CANDIDATE,lg-62bb52eee817,[],True,True,True,True,,True,1,source_family_has_additional_semantic_or_provenance_uncertainty,True,weak_label_quality_v1
ext-baloise-fail-006,FAIL,generator_expected_label plus documented mutation/source provenance,MEDIUM,primary_source_present;required_fields_complete;no_quality_flags;not_exact_duplicate;fail_mutation_provenance_complete;weak_label_not_human_ground_truth,baloise_excluded_pdf,old_document_instead_of_current,LOCKED_HOLDOUT_CANDIDATE,lg-62bb52eee817,[],True,True,True,True,,True,1,source_family_has_additional_semantic_or_provenance_uncertainty,True,weak_label_quality_v1
ext-baloise-fail-007,FAIL,generator_expected_label plus documented mutation/source provenance,MEDIUM,primary_source_present;required_fields_complete;no_quality_flags;not_exact_duplicate;fail_mutation_provenance_complete;weak_label_not_human_ground_truth,baloise_excluded_pdf,old_document_instead_of_current,LOCKED_HOLDOUT_CANDIDATE,lg-62bb52eee817,[],True,True,True,True,,True,1,source_family_has_additional_semantic_or_provenance_uncertainty,True,weak_label_quality_v1
ext-baloise-fail-008,FAIL,generator_expected_label plus documented mutation/source provenance,MEDIUM,primary_source_present;required_fields_complete;no_quality_flags;not_exact_duplicate;fail_mutation_provenance_complete;weak_label_not_human_ground_truth,baloise_excluded_pdf,old_document_instead_of_current,LOCKED_HOLDOUT_CANDIDATE,lg-62bb52eee817,[],True,True,True,True,,True,1,source_family_has_additional_semantic_or_provenance_uncertainty,True,weak_label_quality_v1
ext-baloise-fail-009,FAIL,generator_expected_label plus documented mutation/source provenance,MEDIUM,primary_source_present;required_fields_complete;no_quality_flags;not_exact_duplicate;fail_mutation_provenance_complete;weak_label_not_human_ground_truth,baloise_excluded_pdf,old_document_instead_of_current,VALIDATION,lg-15b51ba77470,[],True,True,True,True,,True,1,source_family_has_additional_semantic_or_provenance_uncertainty,True,weak_label_quality_v1
ext-baloise-fail-010,FAIL,generator_expected_label plus documented mutation/source provenance,MEDIUM,primary_source_present;required_fields_complete;no_quality_flags;not_exact_duplicate;fail_mutation_provenance_complete;weak_label_not_human_ground_truth,baloise_excluded_pdf,old_document_instead_of_current,LOCKED_HOLDOUT_CANDIDATE,lg-62bb52eee817,[],True,True,True,True,,True,1,source_family_has_additional_semantic_or_provenance_uncertainty,True,weak_label_quality_v1
ext-baloise-fail-011,FAIL,generator_expected_label plus documented mutation/source provenance,MEDIUM,primary_source_present;required_fields_complete;no_quality_flags;not_exact_duplicate;fail_mutation_provenance_complete;weak_label_not_human_ground_truth,baloise_excluded_pdf,wrong_exclusion,LOCKED_HOLDOUT_CANDIDATE,lg-62bb52eee817,[],True,True,True,True,,True,1,source_family_has_additional_semantic_or_provenance_uncertainty,True,weak_label_quality_v1
ext-baloise-fail-012,FAIL,generator_expected_label plus documented mutation/source provenance,MEDIUM,primary_source_present;required_fields_complete;no_quality_flags;not_exact_duplicate;fail_mutation_provenance_complete;weak_label_not_human_ground_truth,baloise_excluded_pdf,wrong_exclusion,LOCKED_HOLDOUT_CANDIDATE,lg-62bb52eee817,[],True,True,True,True,,True,1,source_family_has_additional_semantic_or_provenance_uncertainty,True,weak_label_quality_v1
ext-baloise-fail-013,FAIL,generator_expected_label plus documented mutation/source provenance,MEDIUM,primary_source_present;required_fields_complete;no_quality_flags;not_exact_duplicate;fail_mutation_provenance_complete;weak_label_not_human_ground_truth,baloise_excluded_pdf,wrong_exclusion,LOCKED_HOLDOUT_CANDIDATE,lg-62bb52eee817,[],True,True,True,True,,True,1,source_family_has_additional_semantic_or_provenance_uncertainty,True,weak_label_quality_v1
ext-baloise-fail-014,FAIL,generator_expected_label plus documented mutation/source provenance,MEDIUM,primary_source_present;required_fields_complete;no_quality_flags;not_exact_duplicate;fail_mutation_provenance_complete;weak_label_not_human_ground_truth,baloise_excluded_pdf,wrong_exclusion,LOCKED_HOLDOUT_CANDIDATE,lg-62bb52eee817,[],True,True,True,True,,True,1,source_family_has_additional_semantic_or_provenance_uncertainty,True,weak_label_quality_v1
ext-baloise-fail-015,FAIL,generator_expected_label plus documented mutation/source provenance,MEDIUM,primary_source_present;required_fields_complete;no_quality_flags;not_exact_duplicate;fail_mutation_provenance_complete;weak_label_not_human_ground_truth,baloise_excluded_pdf,wrong_exclusion,LOCKED_HOLDOUT_CANDIDATE,lg-62bb52eee817,[],True,True,True,True,,True,1,source_family_has_additional_semantic_or_provenance_uncertainty,True,weak_label_quality_v1
ext-baloise-fail-016,FAIL,generator_expected_label plus documented mutation/source provenance,MEDIUM,primary_source_present;required_fields_complete;no_quality_flags;not_exact_duplicate;fail_mutation_provenance_complete;weak_label_not_human_ground_truth,baloise_excluded_pdf,wrong_exclusion,LOCKED_HOLDOUT_CANDIDATE,lg-62bb52eee817,[],True,True,True,True,,True,1,source_family_has_additional_semantic_or_provenance_uncertainty,True,weak_label_quality_v1
ext-baloise-fail-017,FAIL,generator_expected_label plus documented mutation/source provenance,MEDIUM,primary_source_present;required_fields_complete;no_quality_flags;not_exact_duplicate;fail_mutation_provenance_complete;weak_label_not_human_ground_truth,baloise_excluded_pdf,wrong_exclusion,LOCKED_HOLDOUT_CANDIDATE,lg-62bb52eee817,[],True,True,True,True,,True,1,source_family_has_additional_semantic_or_provenance_uncertainty,True,weak_label_quality_v1
ext-baloise-fail-018,FAIL,generator_expected_label plus documented mutation/source provenance,MEDIUM,primary_source_present;required_fields_complete;no_quality_flags;not_exact_duplicate;fail_mutation_provenance_complete;weak_label_not_human_ground_truth,baloise_excluded_pdf,wrong_exclusion,LOCKED_HOLDOUT_CANDIDATE,lg-62bb52eee817,[],True,True,True,True,,True,1,source_family_has_additional_semantic_or_provenance_uncertainty,True,weak_label_quality_v1
ext-baloise-fail-019,FAIL,generator_expected_label plus documented mutation/source provenance,MEDIUM,primary_source_present;required_fields_complete;no_quality_flags;not_exact_duplicate;fail_mutation_provenance_complete;weak_label_not_human_ground_truth,baloise_excluded_pdf,wrong_exclusion,LOCKED_HOLDOUT_CANDIDATE,lg-62bb52eee817,[],True,True,True,True,,True,1,source_family_has_additional_semantic_or_provenance_uncertainty,True,weak_label_quality_v1
ext-baloise-fail-020,FAIL,generator_expected_label plus documented mutation/source provenance,MEDIUM,primary_source_present;required_fields_complete;no_quality_flags;not_exact_duplicate;fail_mutation_provenance_complete;weak_label_not_human_ground_truth,baloise_excluded_pdf,wrong_exclusion,LOCKED_HOLDOUT_CANDIDATE,lg-62bb52eee817,[],True,True,True,True,,True,1,source_family_has_additional_semantic_or_provenance_uncertainty,True,weak_label_quality_v1
ext-crm-pass-001,PASS,generator_expected_label plus documented mutation/source provenance,HIGH,primary_source_present;required_fields_complete;no_quality_flags;not_exact_duplicate;weak_label_not_human_ground_truth,synthetic_crm,supported_policy_multi_claim,CALIBRATION,lg-05df6a2320fd,[],True,True,True,True,,True,1,,False,weak_label_quality_v1
ext-crm-pass-002,PASS,generator_expected_label plus documented mutation/source provenance,HIGH,primary_source_present;required_fields_complete;no_quality_flags;not_exact_duplicate;weak_label_not_human_ground_truth,synthetic_crm,supported_policy_multi_claim,CALIBRATION,lg-05df6a2320fd,[],True,True,True,True,,True,1,,False,weak_label_quality_v1
ext-crm-pass-003,PASS,generator_expected_label plus documented mutation/source provenance,HIGH,primary_source_present;required_fields_complete;no_quality_flags;not_exact_duplicate;weak_label_not_human_ground_truth,synthetic_crm,supported_policy_multi_claim,CALIBRATION,lg-05df6a2320fd,[],True,True,True,True,,True,1,,False,weak_label_quality_v1
ext-crm-pass-004,PASS,generator_expected_label plus documented mutation/source provenance,HIGH,primary_source_present;required_fields_complete;no_quality_flags;not_exact_duplicate;weak_label_not_human_ground_truth,synthetic_crm,supported_policy_multi_claim,CALIBRATION,lg-05df6a2320fd,[],True,True,True,True,,True,1,,False,weak_label_quality_v1
ext-crm-pass-005,PASS,generator_expected_label plus documented mutation/source provenance,HIGH,primary_source_present;required_fields_complete;no_quality_flags;not_exact_duplicate;weak_label_not_human_ground_truth,synthetic_crm,supported_policy_multi_claim,CALIBRATION,lg-05df6a2320fd,[],True,True,True,True,,True,1,,False,weak_label_quality_v1
ext-crm-pass-006,PASS,generator_expected_label plus documented mutation/source provenance,HIGH,primary_source_present;required_fields_complete;no_quality_flags;not_exact_duplicate;weak_label_not_human_ground_truth,synthetic_crm,supported_policy_multi_claim,CALIBRATION,lg-05df6a2320fd,[],True,True,True,True,,True,1,,False,weak_label_quality_v1
ext-crm-pass-007,PASS,generator_expected_label plus documented mutation/source provenance,HIGH,primary_source_present;required_fields_complete;no_quality_flags;not_exact_duplicate;weak_label_not_human_ground_truth,synthetic_crm,supported_policy_multi_claim,CALIBRATION,lg-05df6a2320fd,[],True,True,True,True,,True,1,,False,weak_label_quality_v1
ext-crm-pass-008,PASS,generator_expected_label plus documented mutation/source provenance,HIGH,primary_source_present;required_fields_complete;no_quality_flags;not_exact_duplicate;weak_label_not_human_ground_truth,synthetic_crm,supported_policy_multi_claim,CALIBRATION,lg-05df6a2320fd,[],True,True,True,True,,True,1,,False,weak_label_quality_v1
ext-crm-pass-009,PASS,generator_expected_label plus documented mutation/source provenance,HIGH,primary_source_present;required_fields_complete;no_quality_flags;not_exact_duplicate;weak_label_not_human_ground_truth,synthetic_crm,supported_policy_multi_claim,CALIBRATION,lg-05df6a2320fd,[],True,True,True,True,,True,1,,False,weak_label_quality_v1
ext-crm-pass-010,PASS,generator_expected_label plus documented mutation/source provenance,HIGH,primary_source_present;required_fields_complete;no_quality_flags;not_exact_duplicate;weak_label_not_human_ground_truth,synthetic_crm,supported_policy_multi_claim,CALIBRATION,lg-05df6a2320fd,[],True,True,True,True,,True,1,,False,weak_label_quality_v1
ext-crm-pass-011,PASS,generator_expected_label plus documented mutation/source provenance,HIGH,primary_source_present;required_fields_complete;no_quality_flags;not_exact_duplicate;weak_label_not_human_ground_truth,synthetic_crm,supported_policy_multi_claim,CALIBRATION,lg-05df6a2320fd,[],True,True,True,True,,True,1,,False,weak_label_quality_v1
ext-crm-pass-012,PASS,generator_expected_label plus documented mutation/source provenance,HIGH,primary_source_present;required_fields_complete;no_quality_flags;not_exact_duplicate;weak_label_not_human_ground_truth,synthetic_crm,supported_policy_multi_claim,CALIBRATION,lg-05df6a2320fd,[],True,True,True,True,,True,1,,False,weak_label_quality_v1
ext-crm-pass-013,PASS,generator_expected_label plus documented mutation/source provenance,HIGH,primary_source_present;required_fields_complete;no_quality_flags;not_exact_duplicate;weak_label_not_human_ground_truth,synthetic_crm,supported_policy_multi_claim,CALIBRATION,lg-05df6a2320fd,[],True,True,True,True,,True,1,,False,weak_label_quality_v1
ext-crm-pass-014,PASS,generator_expected_label plus documented mutation/source provenance,HIGH,primary_source_present;required_fields_complete;no_quality_flags;not_exact_duplicate;weak_label_not_human_ground_truth,synthetic_crm,supported_policy_multi_claim,CALIBRATION,lg-05df6a2320fd,[],True,True,True,True,,True,1,,False,weak_label_quality_v1
ext-crm-pass-015,PASS,generator_expected_label plus documented mutation/source provenance,HIGH,primary_source_present;required_fields_complete;no_quality_flags;not_exact_duplicate;weak_label_not_human_ground_truth,synthetic_crm,supported_policy_multi_claim,CALIBRATION,lg-05df6a2320fd,[],True,True,True,True,,True,1,,False,weak_label_quality_v1
ext-crm-pass-016,PASS,generator_expected_label plus documented mutation/source provenance,HIGH,primary_source_present;required_fields_complete;no_quality_flags;not_exact_duplicate;weak_label_not_human_ground_truth,synthetic_crm,supported_policy_multi_claim,CALIBRATION,lg-05df6a2320fd,[],True,True,True,True,,True,1,,False,weak_label_quality_v1
ext-crm-pass-017,PASS,generator_expected_label plus documented mutation/source provenance,HIGH,primary_source_present;required_fields_complete;no_quality_flags;not_exact_duplicate;weak_label_not_human_ground_truth,synthetic_crm,supported_deductible_and_premium,CALIBRATION,lg-05df6a2320fd,[],True,True,True,True,,True,1,,False,weak_label_quality_v1
ext-crm-pass-018,PASS,generator_expected_label plus documented mutation/source provenance,HIGH,primary_source_present;required_fields_complete;no_quality_flags;not_exact_duplicate;weak_label_not_human_ground_truth,synthetic_crm,supported_deductible_and_premium,CALIBRATION,lg-05df6a2320fd,[],True,True,True,True,,True,1,,False,weak_label_quality_v1
ext-crm-pass-019,PASS,generator_expected_label plus documented mutation/source provenance,HIGH,primary_source_present;required_fields_complete;no_quality_flags;not_exact_duplicate;weak_label_not_human_ground_truth,synthetic_crm,supported_deductible_and_premium,CALIBRATION,lg-05df6a2320fd,[],True,True,True,True,,True,1,,False,weak_label_quality_v1
ext-crm-pass-020,PASS,generator_expected_label plus documented mutation/source provenance,HIGH,primary_source_present;required_fields_complete;no_quality_flags;not_exact_duplicate;weak_label_not_human_ground_truth,synthetic_crm,supported_deductible_and_premium,CALIBRATION,lg-05df6a2320fd,[],True,True,True,True,,True,1,,False,weak_label_quality_v1
ext-crm-pass-021,PASS,generator_expected_label plus documented mutation/source provenance,HIGH,primary_source_present;required_fields_complete;no_quality_flags;not_exact_duplicate;weak_label_not_human_ground_truth,synthetic_crm,supported_deductible_and_premium,CALIBRATION,lg-05df6a2320fd,[],True,True,True,True,,True,1,,False,weak_label_quality_v1
ext-crm-pass-022,PASS,generator_expected_label plus documented mutation/source provenance,HIGH,primary_source_present;required_fields_complete;no_quality_flags;not_exact_duplicate;weak_label_not_human_ground_truth,synthetic_crm,supported_deductible_and_premium,CALIBRATION,lg-05df6a2320fd,[],True,True,True,True,,True,1,,False,weak_label_quality_v1
ext-crm-pass-023,PASS,generator_expected_label plus documented mutation/source provenance,HIGH,primary_source_present;required_fields_complete;no_quality_flags;not_exact_duplicate;weak_label_not_human_ground_truth,synthetic_crm,supported_deductible_and_premium,CALIBRATION,lg-05df6a2320fd,[],True,True,True,True,,True,1,,False,weak_label_quality_v1
ext-crm-pass-024,PASS,generator_expected_label plus documented mutation/source provenance,HIGH,primary_source_present;required_fields_complete;no_quality_flags;not_exact_duplicate;weak_label_not_human_ground_truth,synthetic_crm,supported_deductible_and_premium,CALIBRATION,lg-05df6a2320fd,[],True,True,True,True,,True,1,,False,weak_label_quality_v1
ext-crm-pass-025,PASS,generator_expected_label plus documented mutation/source provenance,HIGH,primary_source_present;required_fields_complete;no_quality_flags;not_exact_duplicate;weak_label_not_human_ground_truth,synthetic_crm,supported_deductible_and_premium,CALIBRATION,lg-05df6a2320fd,[],True,True,True,True,,True,1,,False,weak_label_quality_v1
ext-crm-pass-026,PASS,generator_expected_label plus documented mutation/source provenance,HIGH,primary_source_present;required_fields_complete;no_quality_flags;not_exact_duplicate;weak_label_not_human_ground_truth,synthetic_crm,supported_deductible_and_premium,CALIBRATION,lg-05df6a2320fd,[],True,True,True,True,,True,1,,False,weak_label_quality_v1
ext-crm-pass-027,PASS,generator_expected_label plus documented mutation/source provenance,HIGH,primary_source_present;required_fields_complete;no_quality_flags;not_exact_duplicate;weak_label_not_human_ground_truth,synthetic_crm,supported_deductible_and_premium,CALIBRATION,lg-05df6a2320fd,[],True,True,True,True,,True,1,,False,weak_label_quality_v1
ext-crm-pass-028,PASS,generator_expected_label plus documented mutation/source provenance,HIGH,primary_source_present;required_fields_complete;no_quality_flags;not_exact_duplicate;weak_label_not_human_ground_truth,synthetic_crm,supported_deductible_and_premium,CALIBRATION,lg-05df6a2320fd,[],True,True,True,True,,True,1,,False,weak_label_quality_v1
ext-crm-pass-029,PASS,generator_expected_label plus documented mutation/source provenance,HIGH,primary_source_present;required_fields_complete;no_quality_flags;not_exact_duplicate;weak_label_not_human_ground_truth,synthetic_crm,supported_deductible_and_premium,CALIBRATION,lg-05df6a2320fd,[],True,True,True,True,,True,1,,False,weak_label_quality_v1
ext-crm-pass-030,PASS,generator_expected_label plus documented mutation/source provenance,HIGH,primary_source_present;required_fields_complete;no_quality_flags;not_exact_duplicate;weak_label_not_human_ground_truth,synthetic_crm,supported_deductible_and_premium,CALIBRATION,lg-05df6a2320fd,[],True,True,True,True,,True,1,,False,weak_label_quality_v1
ext-crm-pass-031,PASS,generator_expected_label plus documented mutation/source provenance,HIGH,primary_source_present;required_fields_complete;no_quality_flags;not_exact_duplicate;weak_label_not_human_ground_truth,synthetic_crm,supported_deductible_and_premium,CALIBRATION,lg-05df6a2320fd,[],True,True,True,True,,True,1,,False,weak_label_quality_v1
ext-crm-pass-032,PASS,generator_expected_label plus documented mutation/source provenance,HIGH,primary_source_present;required_fields_complete;no_quality_flags;not_exact_duplicate;weak_label_not_human_ground_truth,synthetic_crm,supported_deductible_and_premium,CALIBRATION,lg-05df6a2320fd,[],True,True,True,True,,True,1,,False,weak_label_quality_v1
ext-crm-pass-033,PASS,generator_expected_label plus documented mutation/source provenance,HIGH,primary_source_present;required_fields_complete;no_quality_flags;not_exact_duplicate;weak_label_not_human_ground_truth,synthetic_crm,supported_coverage_status_dates,CALIBRATION,lg-05df6a2320fd,[],True,True,True,True,,True,1,,False,weak_label_quality_v1
ext-crm-pass-034,PASS,generator_expected_label plus documented mutation/source provenance,HIGH,primary_source_present;required_fields_complete;no_quality_flags;not_exact_duplicate;weak_label_not_human_ground_truth,synthetic_crm,supported_coverage_status_dates,CALIBRATION,lg-05df6a2320fd,[],True,True,True,True,,True,1,,False,weak_label_quality_v1
ext-crm-pass-035,PASS,generator_expected_label plus documented mutation/source provenance,HIGH,primary_source_present;required_fields_complete;no_quality_flags;not_exact_duplicate;weak_label_not_human_ground_truth,synthetic_crm,supported_coverage_status_dates,CALIBRATION,lg-05df6a2320fd,[],True,True,True,True,,True,1,,False,weak_label_quality_v1
ext-crm-pass-036,PASS,generator_expected_label plus documented mutation/source provenance,HIGH,primary_source_present;required_fields_complete;no_quality_flags;not_exact_duplicate;weak_label_not_human_ground_truth,synthetic_crm,supported_coverage_status_dates,CALIBRATION,lg-05df6a2320fd,[],True,True,True,True,,True,1,,False,weak_label_quality_v1
ext-crm-pass-037,PASS,generator_expected_label plus documented mutation/source provenance,HIGH,primary_source_present;required_fields_complete;no_quality_flags;not_exact_duplicate;weak_label_not_human_ground_truth,synthetic_crm,supported_coverage_status_dates,CALIBRATION,lg-05df6a2320fd,[],True,True,True,True,,True,1,,False,weak_label_quality_v1
ext-crm-pass-038,PASS,generator_expected_label plus documented mutation/source provenance,HIGH,primary_source_present;required_fields_complete;no_quality_flags;not_exact_duplicate;weak_label_not_human_ground_truth,synthetic_crm,supported_coverage_status_dates,CALIBRATION,lg-05df6a2320fd,[],True,True,True,True,,True,1,,False,weak_label_quality_v1
ext-crm-pass-039,PASS,generator_expected_label plus documented mutation/source provenance,HIGH,primary_source_present;required_fields_complete;no_quality_flags;not_exact_duplicate;weak_label_not_human_ground_truth,synthetic_crm,supported_coverage_status_dates,CALIBRATION,lg-05df6a2320fd,[],True,True,True,True,,True,1,,False,weak_label_quality_v1
ext-crm-pass-040,PASS,generator_expected_label plus documented mutation/source provenance,HIGH,primary_source_present;required_fields_complete;no_quality_flags;not_exact_duplicate;weak_label_not_human_ground_truth,synthetic_crm,supported_coverage_status_dates,CALIBRATION,lg-05df6a2320fd,[],True,True,True,True,,True,1,,False,weak_label_quality_v1
ext-crm-pass-041,PASS,generator_expected_label plus documented mutation/source provenance,HIGH,primary_source_present;required_fields_complete;no_quality_flags;not_exact_duplicate;weak_label_not_human_ground_truth,synthetic_crm,supported_coverage_status_dates,CALIBRATION,lg-05df6a2320fd,[],True,True,True,True,,True,1,,False,weak_label_quality_v1
ext-crm-pass-042,PASS,generator_expected_label plus documented mutation/source provenance,HIGH,primary_source_present;required_fields_complete;no_quality_flags;not_exact_duplicate;weak_label_not_human_ground_truth,synthetic_crm,supported_coverage_status_dates,CALIBRATION,lg-05df6a2320fd,[],True,True,True,True,,True,1,,False,weak_label_quality_v1
ext-crm-pass-043,PASS,generator_expected_label plus documented mutation/source provenance,HIGH,primary_source_present;required_fields_complete;no_quality_flags;not_exact_duplicate;weak_label_not_human_ground_truth,synthetic_crm,supported_coverage_status_dates,CALIBRATION,lg-05df6a2320fd,[],True,True,True,True,,True,1,,False,weak_label_quality_v1
ext-crm-pass-044,PASS,generator_expected_label plus documented mutation/source provenance,HIGH,primary_source_present;required_fields_complete;no_quality_flags;not_exact_duplicate;weak_label_not_human_ground_truth,synthetic_crm,supported_coverage_status_dates,CALIBRATION,lg-05df6a2320fd,[],True,True,True,True,,True,1,,False,weak_label_quality_v1
ext-crm-pass-045,PASS,generator_expected_label plus documented mutation/source provenance,HIGH,primary_source_present;required_fields_complete;no_quality_flags;not_exact_duplicate;weak_label_not_human_ground_truth,synthetic_crm,supported_coverage_status_dates,CALIBRATION,lg-05df6a2320fd,[],True,True,True,True,,True,1,,False,weak_label_quality_v1
ext-crm-pass-046,PASS,generator_expected_label plus documented mutation/source provenance,HIGH,primary_source_present;required_fields_complete;no_quality_flags;not_exact_duplicate;weak_label_not_human_ground_truth,synthetic_crm,supported_coverage_status_dates,CALIBRATION,lg-05df6a2320fd,[],True,True,True,True,,True,1,,False,weak_label_quality_v1
ext-crm-pass-047,PASS,generator_expected_label plus documented mutation/source provenance,HIGH,primary_source_present;required_fields_complete;no_quality_flags;not_exact_duplicate;weak_label_not_human_ground_truth,synthetic_crm,supported_coverage_status_dates,CALIBRATION,lg-05df6a2320fd,[],True,True,True,True,,True,1,,False,weak_label_quality_v1
ext-crm-pass-048,PASS,generator_expected_label plus documented mutation/source provenance,HIGH,primary_source_present;required_fields_complete;no_quality_flags;not_exact_duplicate;weak_label_not_human_ground_truth,synthetic_crm,supported_coverage_status_dates,CALIBRATION,lg-05df6a2320fd,[],True,True,True,True,,True,1,,False,weak_label_quality_v1
ext-crm-pass-049,PASS,generator_expected_label plus documented mutation/source provenance,HIGH,primary_source_present;required_fields_complete;no_quality_flags;not_exact_duplicate;weak_label_not_human_ground_truth,synthetic_crm,supported_current_policy,CALIBRATION,lg-05df6a2320fd,[],True,True,True,True,,True,1,,False,weak_label_quality_v1
ext-crm-pass-050,PASS,generator_expected_label plus documented mutation/source provenance,HIGH,primary_source_present;required_fields_complete;no_quality_flags;not_exact_duplicate;weak_label_not_human_ground_truth,synthetic_crm,supported_claim_record,CALIBRATION,lg-05df6a2320fd,[],True,True,True,True,,True,1,,False,weak_label_quality_v1
ext-crm-fail-001,FAIL,generator_expected_label plus documented mutation/source provenance,HIGH,primary_source_present;required_fields_complete;no_quality_flags;not_exact_duplicate;fail_mutation_provenance_complete;weak_label_not_human_ground_truth,synthetic_crm,wrong_customer,CALIBRATION,lg-05df6a2320fd,[],True,True,True,True,,True,1,,True,weak_label_quality_v1
ext-crm-fail-002,FAIL,generator_expected_label plus documented mutation/source provenance,HIGH,primary_source_present;required_fields_complete;no_quality_flags;not_exact_duplicate;fail_mutation_provenance_complete;weak_label_not_human_ground_truth,synthetic_crm,wrong_customer,CALIBRATION,lg-05df6a2320fd,[],True,True,True,True,,True,1,,True,weak_label_quality_v1
ext-crm-fail-003,FAIL,generator_expected_label plus documented mutation/source provenance,HIGH,primary_source_present;required_fields_complete;no_quality_flags;not_exact_duplicate;fail_mutation_provenance_complete;weak_label_not_human_ground_truth,synthetic_crm,wrong_customer,CALIBRATION,lg-05df6a2320fd,[],True,True,True,True,,True,1,,True,weak_label_quality_v1
ext-crm-fail-004,FAIL,generator_expected_label plus documented mutation/source provenance,HIGH,primary_source_present;required_fields_complete;no_quality_flags;not_exact_duplicate;fail_mutation_provenance_complete;weak_label_not_human_ground_truth,synthetic_crm,wrong_customer,CALIBRATION,lg-05df6a2320fd,[],True,True,True,True,,True,1,,True,weak_label_quality_v1
ext-crm-fail-005,FAIL,generator_expected_label plus documented mutation/source provenance,HIGH,primary_source_present;required_fields_complete;no_quality_flags;not_exact_duplicate;fail_mutation_provenance_complete;weak_label_not_human_ground_truth,synthetic_crm,wrong_customer,CALIBRATION,lg-05df6a2320fd,[],True,True,True,True,,True,1,,True,weak_label_quality_v1
ext-crm-fail-006,FAIL,generator_expected_label plus documented mutation/source provenance,HIGH,primary_source_present;required_fields_complete;no_quality_flags;not_exact_duplicate;fail_mutation_provenance_complete;weak_label_not_human_ground_truth,synthetic_crm,wrong_customer,CALIBRATION,lg-05df6a2320fd,[],True,True,True,True,,True,1,,True,weak_label_quality_v1
ext-crm-fail-007,FAIL,generator_expected_label plus documented mutation/source provenance,HIGH,primary_source_present;required_fields_complete;no_quality_flags;not_exact_duplicate;fail_mutation_provenance_complete;weak_label_not_human_ground_truth,synthetic_crm,wrong_customer,CALIBRATION,lg-05df6a2320fd,[],True,True,True,True,,True,1,,True,weak_label_quality_v1
ext-crm-fail-008,FAIL,generator_expected_label plus documented mutation/source provenance,HIGH,primary_source_present;required_fields_complete;no_quality_flags;not_exact_duplicate;fail_mutation_provenance_complete;weak_label_not_human_ground_truth,synthetic_crm,wrong_customer,CALIBRATION,lg-05df6a2320fd,[],True,True,True,True,,True,1,,True,weak_label_quality_v1
ext-crm-fail-009,FAIL,generator_expected_label plus documented mutation/source provenance,HIGH,primary_source_present;required_fields_complete;no_quality_flags;not_exact_duplicate;fail_mutation_provenance_complete;weak_label_not_human_ground_truth,synthetic_crm,wrong_customer,CALIBRATION,lg-05df6a2320fd,[],True,True,True,True,,True,1,,True,weak_label_quality_v1
ext-crm-fail-010,FAIL,generator_expected_label plus documented mutation/source provenance,HIGH,primary_source_present;required_fields_complete;no_quality_flags;not_exact_duplicate;fail_mutation_provenance_complete;weak_label_not_human_ground_truth,synthetic_crm,wrong_customer,CALIBRATION,lg-05df6a2320fd,[],True,True,True,True,,True,1,,True,weak_label_quality_v1
ext-crm-fail-011,FAIL,generator_expected_label plus documented mutation/source provenance,HIGH,primary_source_present;required_fields_complete;no_quality_flags;not_exact_duplicate;fail_mutation_provenance_complete;weak_label_not_human_ground_truth,synthetic_crm,wrong_policy,CALIBRATION,lg-05df6a2320fd,[],True,True,True,True,,True,1,,True,weak_label_quality_v1
ext-crm-fail-012,FAIL,generator_expected_label plus documented mutation/source provenance,HIGH,primary_source_present;required_fields_complete;no_quality_flags;not_exact_duplicate;fail_mutation_provenance_complete;weak_label_not_human_ground_truth,synthetic_crm,wrong_policy,CALIBRATION,lg-05df6a2320fd,[],True,True,True,True,,True,1,,True,weak_label_quality_v1
ext-crm-fail-013,FAIL,generator_expected_label plus documented mutation/source provenance,HIGH,primary_source_present;required_fields_complete;no_quality_flags;not_exact_duplicate;fail_mutation_provenance_complete;weak_label_not_human_ground_truth,synthetic_crm,wrong_policy,CALIBRATION,lg-05df6a2320fd,[],True,True,True,True,,True,1,,True,weak_label_quality_v1
ext-crm-fail-014,FAIL,generator_expected_label plus documented mutation/source provenance,HIGH,primary_source_present;required_fields_complete;no_quality_flags;not_exact_duplicate;fail_mutation_provenance_complete;weak_label_not_human_ground_truth,synthetic_crm,wrong_policy,CALIBRATION,lg-05df6a2320fd,[],True,True,True,True,,True,1,,True,weak_label_quality_v1
ext-crm-fail-015,FAIL,generator_expected_label plus documented mutation/source provenance,HIGH,primary_source_present;required_fields_complete;no_quality_flags;not_exact_duplicate;fail_mutation_provenance_complete;weak_label_not_human_ground_truth,synthetic_crm,wrong_policy,CALIBRATION,lg-05df6a2320fd,[],True,True,True,True,,True,1,,True,weak_label_quality_v1
ext-crm-fail-016,FAIL,generator_expected_label plus documented mutation/source provenance,HIGH,primary_source_present;required_fields_complete;no_quality_flags;not_exact_duplicate;fail_mutation_provenance_complete;weak_label_not_human_ground_truth,synthetic_crm,wrong_policy,CALIBRATION,lg-05df6a2320fd,[],True,True,True,True,,True,1,,True,weak_label_quality_v1
ext-crm-fail-017,FAIL,generator_expected_label plus documented mutation/source provenance,HIGH,primary_source_present;required_fields_complete;no_quality_flags;not_exact_duplicate;fail_mutation_provenance_complete;weak_label_not_human_ground_truth,synthetic_crm,wrong_policy,CALIBRATION,lg-05df6a2320fd,[],True,True,True,True,,True,1,,True,weak_label_quality_v1
ext-crm-fail-018,FAIL,generator_expected_label plus documented mutation/source provenance,HIGH,primary_source_present;required_fields_complete;no_quality_flags;not_exact_duplicate;fail_mutation_provenance_complete;weak_label_not_human_ground_truth,synthetic_crm,wrong_policy,CALIBRATION,lg-05df6a2320fd,[],True,True,True,True,,True,1,,True,weak_label_quality_v1
ext-crm-fail-019,FAIL,generator_expected_label plus documented mutation/source provenance,HIGH,primary_source_present;required_fields_complete;no_quality_flags;not_exact_duplicate;fail_mutation_provenance_complete;weak_label_not_human_ground_truth,synthetic_crm,wrong_policy,CALIBRATION,lg-05df6a2320fd,[],True,True,True,True,,True,1,,True,weak_label_quality_v1
ext-crm-fail-020,FAIL,generator_expected_label plus documented mutation/source provenance,HIGH,primary_source_present;required_fields_complete;no_quality_flags;not_exact_duplicate;fail_mutation_provenance_complete;weak_label_not_human_ground_truth,synthetic_crm,wrong_policy,CALIBRATION,lg-05df6a2320fd,[],True,True,True,True,,True,1,,True,weak_label_quality_v1
ext-crm-fail-021,FAIL,generator_expected_label plus documented mutation/source provenance,HIGH,primary_source_present;required_fields_complete;no_quality_flags;not_exact_duplicate;fail_mutation_provenance_complete;weak_label_not_human_ground_truth,synthetic_crm,wrong_policy_status,CALIBRATION,lg-05df6a2320fd,[],True,True,True,True,,True,1,,True,weak_label_quality_v1
ext-crm-fail-022,FAIL,generator_expected_label plus documented mutation/source provenance,HIGH,primary_source_present;required_fields_complete;no_quality_flags;not_exact_duplicate;fail_mutation_provenance_complete;weak_label_not_human_ground_truth,synthetic_crm,wrong_policy_status,CALIBRATION,lg-05df6a2320fd,[],True,True,True,True,,True,1,,True,weak_label_quality_v1
ext-crm-fail-023,FAIL,generator_expected_label plus documented mutation/source provenance,HIGH,primary_source_present;required_fields_complete;no_quality_flags;not_exact_duplicate;fail_mutation_provenance_complete;weak_label_not_human_ground_truth,synthetic_crm,wrong_policy_status,CALIBRATION,lg-05df6a2320fd,[],True,True,True,True,,True,1,,True,weak_label_quality_v1
ext-crm-fail-024,FAIL,generator_expected_label plus documented mutation/source provenance,HIGH,primary_source_present;required_fields_complete;no_quality_flags;not_exact_duplicate;fail_mutation_provenance_complete;weak_label_not_human_ground_truth,synthetic_crm,wrong_policy_status,CALIBRATION,lg-05df6a2320fd,[],True,True,True,True,,True,1,,True,weak_label_quality_v1
ext-crm-fail-025,FAIL,generator_expected_label plus documented mutation/source provenance,HIGH,primary_source_present;required_fields_complete;no_quality_flags;not_exact_duplicate;fail_mutation_provenance_complete;weak_label_not_human_ground_truth,synthetic_crm,wrong_policy_status,CALIBRATION,lg-05df6a2320fd,[],True,True,True,True,,True,1,,True,weak_label_quality_v1
ext-crm-fail-026,FAIL,generator_expected_label plus documented mutation/source provenance,HIGH,primary_source_present;required_fields_complete;no_quality_flags;not_exact_duplicate;fail_mutation_provenance_complete;weak_label_not_human_ground_truth,synthetic_crm,wrong_policy_status,CALIBRATION,lg-05df6a2320fd,[],True,True,True,True,,True,1,,True,weak_label_quality_v1
ext-crm-fail-027,FAIL,generator_expected_label plus documented mutation/source provenance,HIGH,primary_source_present;required_fields_complete;no_quality_flags;not_exact_duplicate;fail_mutation_provenance_complete;weak_label_not_human_ground_truth,synthetic_crm,wrong_policy_status,CALIBRATION,lg-05df6a2320fd,[],True,True,True,True,,True,1,,True,weak_label_quality_v1
ext-crm-fail-028,FAIL,generator_expected_label plus documented mutation/source provenance,HIGH,primary_source_present;required_fields_complete;no_quality_flags;not_exact_duplicate;fail_mutation_provenance_complete;weak_label_not_human_ground_truth,synthetic_crm,wrong_policy_status,CALIBRATION,lg-05df6a2320fd,[],True,True,True,True,,True,1,,True,weak_label_quality_v1
ext-crm-fail-029,FAIL,generator_expected_label plus documented mutation/source provenance,HIGH,primary_source_present;required_fields_complete;no_quality_flags;not_exact_duplicate;fail_mutation_provenance_complete;weak_label_not_human_ground_truth,synthetic_crm,wrong_policy_status,CALIBRATION,lg-05df6a2320fd,[],True,True,True,True,,True,1,,True,weak_label_quality_v1
ext-crm-fail-030,FAIL,generator_expected_label plus documented mutation/source provenance,HIGH,primary_source_present;required_fields_complete;no_quality_flags;not_exact_duplicate;fail_mutation_provenance_complete;weak_label_not_human_ground_truth,synthetic_crm,wrong_policy_status,CALIBRATION,lg-05df6a2320fd,[],True,True,True,True,,True,1,,True,weak_label_quality_v1
ext-crm-fail-031,FAIL,generator_expected_label plus documented mutation/source provenance,HIGH,primary_source_present;required_fields_complete;no_quality_flags;not_exact_duplicate;fail_mutation_provenance_complete;weak_label_not_human_ground_truth,synthetic_crm,wrong_deductible,CALIBRATION,lg-05df6a2320fd,[],True,True,True,True,,True,1,,True,weak_label_quality_v1
ext-crm-fail-032,FAIL,generator_expected_label plus documented mutation/source provenance,HIGH,primary_source_present;required_fields_complete;no_quality_flags;not_exact_duplicate;fail_mutation_provenance_complete;weak_label_not_human_ground_truth,synthetic_crm,wrong_deductible,CALIBRATION,lg-05df6a2320fd,[],True,True,True,True,,True,1,,True,weak_label_quality_v1
ext-crm-fail-033,FAIL,generator_expected_label plus documented mutation/source provenance,HIGH,primary_source_present;required_fields_complete;no_quality_flags;not_exact_duplicate;fail_mutation_provenance_complete;weak_label_not_human_ground_truth,synthetic_crm,wrong_deductible,CALIBRATION,lg-05df6a2320fd,[],True,True,True,True,,True,1,,True,weak_label_quality_v1
ext-crm-fail-034,FAIL,generator_expected_label plus documented mutation/source provenance,HIGH,primary_source_present;required_fields_complete;no_quality_flags;not_exact_duplicate;fail_mutation_provenance_complete;weak_label_not_human_ground_truth,synthetic_crm,wrong_deductible,CALIBRATION,lg-05df6a2320fd,[],True,True,True,True,,True,1,,True,weak_label_quality_v1
ext-crm-fail-035,FAIL,generator_expected_label plus documented mutation/source provenance,HIGH,primary_source_present;required_fields_complete;no_quality_flags;not_exact_duplicate;fail_mutation_provenance_complete;weak_label_not_human_ground_truth,synthetic_crm,wrong_deductible,CALIBRATION,lg-05df6a2320fd,[],True,True,True,True,,True,1,,True,weak_label_quality_v1
ext-crm-fail-036,FAIL,generator_expected_label plus documented mutation/source provenance,HIGH,primary_source_present;required_fields_complete;no_quality_flags;not_exact_duplicate;fail_mutation_provenance_complete;weak_label_not_human_ground_truth,synthetic_crm,wrong_deductible,CALIBRATION,lg-05df6a2320fd,[],True,True,True,True,,True,1,,True,weak_label_quality_v1
ext-crm-fail-037,FAIL,generator_expected_label plus documented mutation/source provenance,HIGH,primary_source_present;required_fields_complete;no_quality_flags;not_exact_duplicate;fail_mutation_provenance_complete;weak_label_not_human_ground_truth,synthetic_crm,wrong_deductible,CALIBRATION,lg-05df6a2320fd,[],True,True,True,True,,True,1,,True,weak_label_quality_v1
ext-crm-fail-038,FAIL,generator_expected_label plus documented mutation/source provenance,HIGH,primary_source_present;required_fields_complete;no_quality_flags;not_exact_duplicate;fail_mutation_provenance_complete;weak_label_not_human_ground_truth,synthetic_crm,wrong_deductible,CALIBRATION,lg-05df6a2320fd,[],True,True,True,True,,True,1,,True,weak_label_quality_v1
ext-crm-fail-039,FAIL,generator_expected_label plus documented mutation/source provenance,HIGH,primary_source_present;required_fields_complete;no_quality_flags;not_exact_duplicate;fail_mutation_provenance_complete;weak_label_not_human_ground_truth,synthetic_crm,wrong_deductible,CALIBRATION,lg-05df6a2320fd,[],True,True,True,True,,True,1,,True,weak_label_quality_v1
ext-crm-fail-040,FAIL,generator_expected_label plus documented mutation/source provenance,HIGH,primary_source_present;required_fields_complete;no_quality_flags;not_exact_duplicate;fail_mutation_provenance_complete;weak_label_not_human_ground_truth,synthetic_crm,wrong_deductible,CALIBRATION,lg-05df6a2320fd,[],True,True,True,True,,True,1,,True,weak_label_quality_v1
ext-crm-fail-041,FAIL,generator_expected_label plus documented mutation/source provenance,HIGH,primary_source_present;required_fields_complete;no_quality_flags;not_exact_duplicate;fail_mutation_provenance_complete;weak_label_not_human_ground_truth,synthetic_crm,wrong_premium,CALIBRATION,lg-05df6a2320fd,[],True,True,True,True,,True,1,,True,weak_label_quality_v1
ext-crm-fail-042,FAIL,generator_expected_label plus documented mutation/source provenance,HIGH,primary_source_present;required_fields_complete;no_quality_flags;not_exact_duplicate;fail_mutation_provenance_complete;weak_label_not_human_ground_truth,synthetic_crm,wrong_premium,CALIBRATION,lg-05df6a2320fd,[],True,True,True,True,,True,1,,True,weak_label_quality_v1
ext-crm-fail-043,FAIL,generator_expected_label plus documented mutation/source provenance,HIGH,primary_source_present;required_fields_complete;no_quality_flags;not_exact_duplicate;fail_mutation_provenance_complete;weak_label_not_human_ground_truth,synthetic_crm,wrong_premium,CALIBRATION,lg-05df6a2320fd,[],True,True,True,True,,True,1,,True,weak_label_quality_v1
ext-crm-fail-044,FAIL,generator_expected_label plus documented mutation/source provenance,HIGH,primary_source_present;required_fields_complete;no_quality_flags;not_exact_duplicate;fail_mutation_provenance_complete;weak_label_not_human_ground_truth,synthetic_crm,wrong_premium,CALIBRATION,lg-05df6a2320fd,[],True,True,True,True,,True,1,,True,weak_label_quality_v1
ext-crm-fail-045,FAIL,generator_expected_label plus documented mutation/source provenance,HIGH,primary_source_present;required_fields_complete;no_quality_flags;not_exact_duplicate;fail_mutation_provenance_complete;weak_label_not_human_ground_truth,synthetic_crm,wrong_premium,CALIBRATION,lg-05df6a2320fd,[],True,True,True,True,,True,1,,True,weak_label_quality_v1
ext-crm-fail-046,FAIL,generator_expected_label plus documented mutation/source provenance,HIGH,primary_source_present;required_fields_complete;no_quality_flags;not_exact_duplicate;fail_mutation_provenance_complete;weak_label_not_human_ground_truth,synthetic_crm,wrong_premium,CALIBRATION,lg-05df6a2320fd,[],True,True,True,True,,True,1,,True,weak_label_quality_v1
ext-crm-fail-047,FAIL,generator_expected_label plus documented mutation/source provenance,HIGH,primary_source_present;required_fields_complete;no_quality_flags;not_exact_duplicate;fail_mutation_provenance_complete;weak_label_not_human_ground_truth,synthetic_crm,wrong_premium,CALIBRATION,lg-05df6a2320fd,[],True,True,True,True,,True,1,,True,weak_label_quality_v1
ext-crm-fail-048,FAIL,generator_expected_label plus documented mutation/source provenance,HIGH,primary_source_present;required_fields_complete;no_quality_flags;not_exact_duplicate;fail_mutation_provenance_complete;weak_label_not_human_ground_truth,synthetic_crm,wrong_premium,CALIBRATION,lg-05df6a2320fd,[],True,True,True,True,,True,1,,True,weak_label_quality_v1
ext-crm-fail-049,FAIL,generator_expected_label plus documented mutation/source provenance,HIGH,primary_source_present;required_fields_complete;no_quality_flags;not_exact_duplicate;fail_mutation_provenance_complete;weak_label_not_human_ground_truth,synthetic_crm,wrong_premium,CALIBRATION,lg-05df6a2320fd,[],True,True,True,True,,True,1,,True,weak_label_quality_v1
ext-crm-fail-050,FAIL,generator_expected_label plus documented mutation/source provenance,HIGH,primary_source_present;required_fields_complete;no_quality_flags;not_exact_duplicate;fail_mutation_provenance_complete;weak_label_not_human_ground_truth,synthetic_crm,wrong_premium,CALIBRATION,lg-05df6a2320fd,[],True,True,True,True,,True,1,,True,weak_label_quality_v1
ext-crm-fail-051,FAIL,generator_expected_label plus documented mutation/source provenance,HIGH,primary_source_present;required_fields_complete;no_quality_flags;not_exact_duplicate;fail_mutation_provenance_complete;weak_label_not_human_ground_truth,synthetic_crm,wrong_coverage,CALIBRATION,lg-05df6a2320fd,[],True,True,True,True,,True,1,,True,weak_label_quality_v1
ext-crm-fail-052,FAIL,generator_expected_label plus documented mutation/source provenance,HIGH,primary_source_present;required_fields_complete;no_quality_flags;not_exact_duplicate;fail_mutation_provenance_complete;weak_label_not_human_ground_truth,synthetic_crm,wrong_coverage,CALIBRATION,lg-05df6a2320fd,[],True,True,True,True,,True,1,,True,weak_label_quality_v1
ext-crm-fail-053,FAIL,generator_expected_label plus documented mutation/source provenance,HIGH,primary_source_present;required_fields_complete;no_quality_flags;not_exact_duplicate;fail_mutation_provenance_complete;weak_label_not_human_ground_truth,synthetic_crm,wrong_coverage,CALIBRATION,lg-05df6a2320fd,[],True,True,True,True,,True,1,,True,weak_label_quality_v1
ext-crm-fail-054,FAIL,generator_expected_label plus documented mutation/source provenance,HIGH,primary_source_present;required_fields_complete;no_quality_flags;not_exact_duplicate;fail_mutation_provenance_complete;weak_label_not_human_ground_truth,synthetic_crm,wrong_coverage,CALIBRATION,lg-05df6a2320fd,[],True,True,True,True,,True,1,,True,weak_label_quality_v1
ext-crm-fail-055,FAIL,generator_expected_label plus documented mutation/source provenance,HIGH,primary_source_present;required_fields_complete;no_quality_flags;not_exact_duplicate;fail_mutation_provenance_complete;weak_label_not_human_ground_truth,synthetic_crm,wrong_coverage,CALIBRATION,lg-05df6a2320fd,[],True,True,True,True,,True,1,,True,weak_label_quality_v1
ext-crm-fail-056,FAIL,generator_expected_label plus documented mutation/source provenance,HIGH,primary_source_present;required_fields_complete;no_quality_flags;not_exact_duplicate;fail_mutation_provenance_complete;weak_label_not_human_ground_truth,synthetic_crm,wrong_coverage,CALIBRATION,lg-05df6a2320fd,[],True,True,True,True,,True,1,,True,weak_label_quality_v1
ext-crm-fail-057,FAIL,generator_expected_label plus documented mutation/source provenance,HIGH,primary_source_present;required_fields_complete;no_quality_flags;not_exact_duplicate;fail_mutation_provenance_complete;weak_label_not_human_ground_truth,synthetic_crm,wrong_coverage,CALIBRATION,lg-05df6a2320fd,[],True,True,True,True,,True,1,,True,weak_label_quality_v1
ext-crm-fail-058,FAIL,generator_expected_label plus documented mutation/source provenance,HIGH,primary_source_present;required_fields_complete;no_quality_flags;not_exact_duplicate;fail_mutation_provenance_complete;weak_label_not_human_ground_truth,synthetic_crm,wrong_coverage,CALIBRATION,lg-05df6a2320fd,[],True,True,True,True,,True,1,,True,weak_label_quality_v1
ext-crm-fail-059,FAIL,generator_expected_label plus documented mutation/source provenance,HIGH,primary_source_present;required_fields_complete;no_quality_flags;not_exact_duplicate;fail_mutation_provenance_complete;weak_label_not_human_ground_truth,synthetic_crm,wrong_coverage,CALIBRATION,lg-05df6a2320fd,[],True,True,True,True,,True,1,,True,weak_label_quality_v1
ext-crm-fail-060,FAIL,generator_expected_label plus documented mutation/source provenance,HIGH,primary_source_present;required_fields_complete;no_quality_flags;not_exact_duplicate;fail_mutation_provenance_complete;weak_label_not_human_ground_truth,synthetic_crm,wrong_coverage,CALIBRATION,lg-05df6a2320fd,[],True,True,True,True,,True,1,,True,weak_label_quality_v1
ext-crm-fail-061,FAIL,generator_expected_label plus documented mutation/source provenance,HIGH,primary_source_present;required_fields_complete;no_quality_flags;not_exact_duplicate;fail_mutation_provenance_complete;weak_label_not_human_ground_truth,synthetic_crm,wrong_date,CALIBRATION,lg-05df6a2320fd,[],True,True,True,True,,True,1,,True,weak_label_quality_v1
ext-crm-fail-062,FAIL,generator_expected_label plus documented mutation/source provenance,HIGH,primary_source_present;required_fields_complete;no_quality_flags;not_exact_duplicate;fail_mutation_provenance_complete;weak_label_not_human_ground_truth,synthetic_crm,wrong_date,CALIBRATION,lg-05df6a2320fd,[],True,True,True,True,,True,1,,True,weak_label_quality_v1
ext-crm-fail-063,FAIL,generator_expected_label plus documented mutation/source provenance,HIGH,primary_source_present;required_fields_complete;no_quality_flags;not_exact_duplicate;fail_mutation_provenance_complete;weak_label_not_human_ground_truth,synthetic_crm,wrong_date,CALIBRATION,lg-05df6a2320fd,[],True,True,True,True,,True,1,,True,weak_label_quality_v1
ext-crm-fail-064,FAIL,generator_expected_label plus documented mutation/source provenance,HIGH,primary_source_present;required_fields_complete;no_quality_flags;not_exact_duplicate;fail_mutation_provenance_complete;weak_label_not_human_ground_truth,synthetic_crm,wrong_date,CALIBRATION,lg-05df6a2320fd,[],True,True,True,True,,True,1,,True,weak_label_quality_v1
ext-crm-fail-065,FAIL,generator_expected_label plus documented mutation/source provenance,HIGH,primary_source_present;required_fields_complete;no_quality_flags;not_exact_duplicate;fail_mutation_provenance_complete;weak_label_not_human_ground_truth,synthetic_crm,wrong_date,CALIBRATION,lg-05df6a2320fd,[],True,True,True,True,,True,1,,True,weak_label_quality_v1
ext-crm-fail-066,FAIL,generator_expected_label plus documented mutation/source provenance,HIGH,primary_source_present;required_fields_complete;no_quality_flags;not_exact_duplicate;fail_mutation_provenance_complete;weak_label_not_human_ground_truth,synthetic_crm,wrong_date,CALIBRATION,lg-05df6a2320fd,[],True,True,True,True,,True,1,,True,weak_label_quality_v1
ext-crm-fail-067,FAIL,generator_expected_label plus documented mutation/source provenance,HIGH,primary_source_present;required_fields_complete;no_quality_flags;not_exact_duplicate;fail_mutation_provenance_complete;weak_label_not_human_ground_truth,synthetic_crm,wrong_date,CALIBRATION,lg-05df6a2320fd,[],True,True,True,True,,True,1,,True,weak_label_quality_v1
ext-crm-fail-068,FAIL,generator_expected_label plus documented mutation/source provenance,HIGH,primary_source_present;required_fields_complete;no_quality_flags;not_exact_duplicate;fail_mutation_provenance_complete;weak_label_not_human_ground_truth,synthetic_crm,wrong_date,CALIBRATION,lg-05df6a2320fd,[],True,True,True,True,,True,1,,True,weak_label_quality_v1
ext-crm-fail-069,FAIL,generator_expected_label plus documented mutation/source provenance,HIGH,primary_source_present;required_fields_complete;no_quality_flags;not_exact_duplicate;fail_mutation_provenance_complete;weak_label_not_human_ground_truth,synthetic_crm,wrong_date,CALIBRATION,lg-05df6a2320fd,[],True,True,True,True,,True,1,,True,weak_label_quality_v1
ext-crm-fail-070,FAIL,generator_expected_label plus documented mutation/source provenance,HIGH,primary_source_present;required_fields_complete;no_quality_flags;not_exact_duplicate;fail_mutation_provenance_complete;weak_label_not_human_ground_truth,synthetic_crm,wrong_date,CALIBRATION,lg-05df6a2320fd,[],True,True,True,True,,True,1,,True,weak_label_quality_v1
ext-crm-fail-071,FAIL,generator_expected_label plus documented mutation/source provenance,HIGH,primary_source_present;required_fields_complete;no_quality_flags;not_exact_duplicate;fail_mutation_provenance_complete;weak_label_not_human_ground_truth,synthetic_crm,correct_fact_but_wrong_entity,CALIBRATION,lg-05df6a2320fd,[],True,True,True,True,,True,1,,True,weak_label_quality_v1
ext-crm-fail-072,FAIL,generator_expected_label plus documented mutation/source provenance,HIGH,primary_source_present;required_fields_complete;no_quality_flags;not_exact_duplicate;fail_mutation_provenance_complete;weak_label_not_human_ground_truth,synthetic_crm,correct_fact_but_wrong_entity,CALIBRATION,lg-05df6a2320fd,[],True,True,True,True,,True,1,,True,weak_label_quality_v1
ext-crm-fail-073,FAIL,generator_expected_label plus documented mutation/source provenance,HIGH,primary_source_present;required_fields_complete;no_quality_flags;not_exact_duplicate;fail_mutation_provenance_complete;weak_label_not_human_ground_truth,synthetic_crm,correct_fact_but_wrong_entity,CALIBRATION,lg-05df6a2320fd,[],True,True,True,True,,True,1,,True,weak_label_quality_v1
ext-crm-fail-074,FAIL,generator_expected_label plus documented mutation/source provenance,HIGH,primary_source_present;required_fields_complete;no_quality_flags;not_exact_duplicate;fail_mutation_provenance_complete;weak_label_not_human_ground_truth,synthetic_crm,correct_fact_but_wrong_entity,CALIBRATION,lg-05df6a2320fd,[],True,True,True,True,,True,1,,True,weak_label_quality_v1
ext-crm-fail-075,FAIL,generator_expected_label plus documented mutation/source provenance,HIGH,primary_source_present;required_fields_complete;no_quality_flags;not_exact_duplicate;fail_mutation_provenance_complete;weak_label_not_human_ground_truth,synthetic_crm,correct_fact_but_wrong_entity,CALIBRATION,lg-05df6a2320fd,[],True,True,True,True,,True,1,,True,weak_label_quality_v1
ext-crm-fail-076,FAIL,generator_expected_label plus documented mutation/source provenance,HIGH,primary_source_present;required_fields_complete;no_quality_flags;not_exact_duplicate;fail_mutation_provenance_complete;weak_label_not_human_ground_truth,synthetic_crm,correct_fact_but_wrong_entity,CALIBRATION,lg-05df6a2320fd,[],True,True,True,True,,True,1,,True,weak_label_quality_v1
ext-crm-fail-077,FAIL,generator_expected_label plus documented mutation/source provenance,HIGH,primary_source_present;required_fields_complete;no_quality_flags;not_exact_duplicate;fail_mutation_provenance_complete;weak_label_not_human_ground_truth,synthetic_crm,correct_fact_but_wrong_entity,CALIBRATION,lg-05df6a2320fd,[],True,True,True,True,,True,1,,True,weak_label_quality_v1
ext-crm-fail-078,FAIL,generator_expected_label plus documented mutation/source provenance,HIGH,primary_source_present;required_fields_complete;no_quality_flags;not_exact_duplicate;fail_mutation_provenance_complete;weak_label_not_human_ground_truth,synthetic_crm,correct_fact_but_wrong_entity,CALIBRATION,lg-05df6a2320fd,[],True,True,True,True,,True,1,,True,weak_label_quality_v1
ext-crm-fail-079,FAIL,generator_expected_label plus documented mutation/source provenance,HIGH,primary_source_present;required_fields_complete;no_quality_flags;not_exact_duplicate;fail_mutation_provenance_complete;weak_label_not_human_ground_truth,synthetic_crm,correct_fact_but_wrong_entity,CALIBRATION,lg-05df6a2320fd,[],True,True,True,True,,True,1,,True,weak_label_quality_v1
ext-crm-fail-080,FAIL,generator_expected_label plus documented mutation/source provenance,HIGH,primary_source_present;required_fields_complete;no_quality_flags;not_exact_duplicate;fail_mutation_provenance_complete;weak_label_not_human_ground_truth,synthetic_crm,correct_fact_but_wrong_entity,CALIBRATION,lg-05df6a2320fd,[],True,True,True,True,,True,1,,True,weak_label_quality_v1
ext-crm-fail-081,FAIL,generator_expected_label plus documented mutation/source provenance,HIGH,primary_source_present;required_fields_complete;no_quality_flags;not_exact_duplicate;fail_mutation_provenance_complete;weak_label_not_human_ground_truth,synthetic_crm,correct_number_but_wrong_policy,CALIBRATION,lg-05df6a2320fd,[],True,True,True,True,,True,1,,True,weak_label_quality_v1
ext-crm-fail-082,FAIL,generator_expected_label plus documented mutation/source provenance,HIGH,primary_source_present;required_fields_complete;no_quality_flags;not_exact_duplicate;fail_mutation_provenance_complete;weak_label_not_human_ground_truth,synthetic_crm,correct_number_but_wrong_policy,CALIBRATION,lg-05df6a2320fd,[],True,True,True,True,,True,1,,True,weak_label_quality_v1
ext-crm-fail-083,FAIL,generator_expected_label plus documented mutation/source provenance,HIGH,primary_source_present;required_fields_complete;no_quality_flags;not_exact_duplicate;fail_mutation_provenance_complete;weak_label_not_human_ground_truth,synthetic_crm,correct_number_but_wrong_policy,CALIBRATION,lg-05df6a2320fd,[],True,True,True,True,,True,1,,True,weak_label_quality_v1
ext-crm-fail-084,FAIL,generator_expected_label plus documented mutation/source provenance,HIGH,primary_source_present;required_fields_complete;no_quality_flags;not_exact_duplicate;fail_mutation_provenance_complete;weak_label_not_human_ground_truth,synthetic_crm,correct_number_but_wrong_policy,CALIBRATION,lg-05df6a2320fd,[],True,True,True,True,,True,1,,True,weak_label_quality_v1
ext-crm-fail-085,FAIL,generator_expected_label plus documented mutation/source provenance,HIGH,primary_source_present;required_fields_complete;no_quality_flags;not_exact_duplicate;fail_mutation_provenance_complete;weak_label_not_human_ground_truth,synthetic_crm,correct_number_but_wrong_policy,CALIBRATION,lg-05df6a2320fd,[],True,True,True,True,,True,1,,True,weak_label_quality_v1
ext-crm-fail-086,FAIL,generator_expected_label plus documented mutation/source provenance,HIGH,primary_source_present;required_fields_complete;no_quality_flags;not_exact_duplicate;fail_mutation_provenance_complete;weak_label_not_human_ground_truth,synthetic_crm,correct_number_but_wrong_policy,CALIBRATION,lg-05df6a2320fd,[],True,True,True,True,,True,1,,True,weak_label_quality_v1
ext-crm-fail-087,FAIL,generator_expected_label plus documented mutation/source provenance,HIGH,primary_source_present;required_fields_complete;no_quality_flags;not_exact_duplicate;fail_mutation_provenance_complete;weak_label_not_human_ground_truth,synthetic_crm,correct_number_but_wrong_policy,CALIBRATION,lg-05df6a2320fd,[],True,True,True,True,,True,1,,True,weak_label_quality_v1
ext-crm-fail-088,FAIL,generator_expected_label plus documented mutation/source provenance,HIGH,primary_source_present;required_fields_complete;no_quality_flags;not_exact_duplicate;fail_mutation_provenance_complete;weak_label_not_human_ground_truth,synthetic_crm,correct_number_but_wrong_policy,CALIBRATION,lg-05df6a2320fd,[],True,True,True,True,,True,1,,True,weak_label_quality_v1
ext-crm-fail-089,FAIL,generator_expected_label plus documented mutation/source provenance,HIGH,primary_source_present;required_fields_complete;no_quality_flags;not_exact_duplicate;fail_mutation_provenance_complete;weak_label_not_human_ground_truth,synthetic_crm,correct_number_but_wrong_policy,CALIBRATION,lg-05df6a2320fd,[],True,True,True,True,,True,1,,True,weak_label_quality_v1
ext-crm-fail-090,FAIL,generator_expected_label plus documented mutation/source provenance,HIGH,primary_source_present;required_fields_complete;no_quality_flags;not_exact_duplicate;fail_mutation_provenance_complete;weak_label_not_human_ground_truth,synthetic_crm,correct_number_but_wrong_policy,CALIBRATION,lg-05df6a2320fd,[],True,True,True,True,,True,1,,True,weak_label_quality_v1
ext-crm-fail-091,FAIL,generator_expected_label plus documented mutation/source provenance,MEDIUM,primary_source_present;required_fields_complete;quality_flags:exact_duplicate_triplet;exact_duplicate_cluster;fail_mutation_provenance_complete;weak_label_not_human_ground_truth,synthetic_crm,wrong_current_policy,CALIBRATION,lg-05df6a2320fd,"[""exact_duplicate_triplet""]",True,True,True,True,dup-195690ce2fa1,True,2,canonical_exact_duplicate_cluster_member,True,weak_label_quality_v1
ext-crm-fail-092,FAIL,generator_expected_label plus documented mutation/source provenance,MEDIUM,primary_source_present;required_fields_complete;quality_flags:exact_duplicate_triplet;exact_duplicate_cluster;fail_mutation_provenance_complete;weak_label_not_human_ground_truth,synthetic_crm,wrong_current_policy,CALIBRATION,lg-05df6a2320fd,"[""exact_duplicate_triplet""]",True,True,True,True,dup-ffdac501058a,True,2,canonical_exact_duplicate_cluster_member,True,weak_label_quality_v1
ext-crm-fail-093,FAIL,generator_expected_label plus documented mutation/source provenance,MEDIUM,primary_source_present;required_fields_complete;quality_flags:exact_duplicate_triplet;exact_duplicate_cluster;fail_mutation_provenance_complete;weak_label_not_human_ground_truth,synthetic_crm,wrong_current_policy,CALIBRATION,lg-05df6a2320fd,"[""exact_duplicate_triplet""]",True,True,True,True,dup-6fe9bbef13bb,True,2,canonical_exact_duplicate_cluster_member,True,weak_label_quality_v1
ext-crm-fail-094,FAIL,generator_expected_label plus documented mutation/source provenance,MEDIUM,primary_source_present;required_fields_complete;quality_flags:exact_duplicate_triplet;exact_duplicate_cluster;fail_mutation_provenance_complete;weak_label_not_human_ground_truth,synthetic_crm,wrong_current_policy,CALIBRATION,lg-05df6a2320fd,"[""exact_duplicate_triplet""]",True,True,True,True,dup-05b850b0ce6e,True,2,canonical_exact_duplicate_cluster_member,True,weak_label_quality_v1
ext-crm-fail-095,FAIL,generator_expected_label plus documented mutation/source provenance,MEDIUM,primary_source_present;required_fields_complete;quality_flags:exact_duplicate_triplet;exact_duplicate_cluster;fail_mutation_provenance_complete;weak_label_not_human_ground_truth,synthetic_crm,wrong_current_policy,CALIBRATION,lg-05df6a2320fd,"[""exact_duplicate_triplet""]",True,True,True,True,dup-f9b5af6c998b,True,2,canonical_exact_duplicate_cluster_member,True,weak_label_quality_v1
ext-crm-fail-096,FAIL,generator_expected_label plus documented mutation/source provenance,EXCLUDE_FROM_PRIMARY,primary_source_present;required_fields_complete;quality_flags:exact_duplicate_triplet;exact_duplicate_cluster;fail_mutation_provenance_complete;weak_label_not_human_ground_truth,synthetic_crm,wrong_current_policy,CALIBRATION,lg-05df6a2320fd,"[""exact_duplicate_triplet""]",True,True,True,True,dup-195690ce2fa1,False,2,noncanonical_exact_duplicate,True,weak_label_quality_v1
ext-crm-fail-097,FAIL,generator_expected_label plus documented mutation/source provenance,EXCLUDE_FROM_PRIMARY,primary_source_present;required_fields_complete;quality_flags:exact_duplicate_triplet;exact_duplicate_cluster;fail_mutation_provenance_complete;weak_label_not_human_ground_truth,synthetic_crm,wrong_current_policy,CALIBRATION,lg-05df6a2320fd,"[""exact_duplicate_triplet""]",True,True,True,True,dup-ffdac501058a,False,2,noncanonical_exact_duplicate,True,weak_label_quality_v1
ext-crm-fail-098,FAIL,generator_expected_label plus documented mutation/source provenance,EXCLUDE_FROM_PRIMARY,primary_source_present;required_fields_complete;quality_flags:exact_duplicate_triplet;exact_duplicate_cluster;fail_mutation_provenance_complete;weak_label_not_human_ground_truth,synthetic_crm,wrong_current_policy,CALIBRATION,lg-05df6a2320fd,"[""exact_duplicate_triplet""]",True,True,True,True,dup-6fe9bbef13bb,False,2,noncanonical_exact_duplicate,True,weak_label_quality_v1
ext-crm-fail-099,FAIL,generator_expected_label plus documented mutation/source provenance,EXCLUDE_FROM_PRIMARY,primary_source_present;required_fields_complete;quality_flags:exact_duplicate_triplet;exact_duplicate_cluster;fail_mutation_provenance_complete;weak_label_not_human_ground_truth,synthetic_crm,wrong_current_policy,CALIBRATION,lg-05df6a2320fd,"[""exact_duplicate_triplet""]",True,True,True,True,dup-05b850b0ce6e,False,2,noncanonical_exact_duplicate,True,weak_label_quality_v1
ext-crm-fail-100,FAIL,generator_expected_label plus documented mutation/source provenance,EXCLUDE_FROM_PRIMARY,primary_source_present;required_fields_complete;quality_flags:exact_duplicate_triplet;exact_duplicate_cluster;fail_mutation_provenance_complete;weak_label_not_human_ground_truth,synthetic_crm,wrong_current_policy,CALIBRATION,lg-05df6a2320fd,"[""exact_duplicate_triplet""]",True,True,True,True,dup-f9b5af6c998b,False,2,noncanonical_exact_duplicate,True,weak_label_quality_v1
ext-crm-fail-101,FAIL,generator_expected_label plus documented mutation/source provenance,MEDIUM,primary_source_present;required_fields_complete;quality_flags:exact_duplicate_triplet;exact_duplicate_cluster;fail_mutation_provenance_complete;weak_label_not_human_ground_truth,synthetic_crm,unsupported_claim_decision,CALIBRATION,lg-05df6a2320fd,"[""exact_duplicate_triplet""]",True,True,True,True,dup-8567205d23cc,True,2,canonical_exact_duplicate_cluster_member,True,weak_label_quality_v1
ext-crm-fail-102,FAIL,generator_expected_label plus documented mutation/source provenance,MEDIUM,primary_source_present;required_fields_complete;quality_flags:exact_duplicate_triplet;exact_duplicate_cluster;fail_mutation_provenance_complete;weak_label_not_human_ground_truth,synthetic_crm,unsupported_claim_decision,CALIBRATION,lg-05df6a2320fd,"[""exact_duplicate_triplet""]",True,True,True,True,dup-be70f8b01108,True,2,canonical_exact_duplicate_cluster_member,True,weak_label_quality_v1
ext-crm-fail-103,FAIL,generator_expected_label plus documented mutation/source provenance,HIGH,primary_source_present;required_fields_complete;no_quality_flags;not_exact_duplicate;fail_mutation_provenance_complete;weak_label_not_human_ground_truth,synthetic_crm,unsupported_claim_decision,CALIBRATION,lg-05df6a2320fd,[],True,True,True,True,,True,1,,True,weak_label_quality_v1
ext-crm-fail-104,FAIL,generator_expected_label plus documented mutation/source provenance,HIGH,primary_source_present;required_fields_complete;no_quality_flags;not_exact_duplicate;fail_mutation_provenance_complete;weak_label_not_human_ground_truth,synthetic_crm,unsupported_claim_decision,CALIBRATION,lg-05df6a2320fd,[],True,True,True,True,,True,1,,True,weak_label_quality_v1
ext-crm-fail-105,FAIL,generator_expected_label plus documented mutation/source provenance,HIGH,primary_source_present;required_fields_complete;no_quality_flags;not_exact_duplicate;fail_mutation_provenance_complete;weak_label_not_human_ground_truth,synthetic_crm,unsupported_claim_decision,CALIBRATION,lg-05df6a2320fd,[],True,True,True,True,,True,1,,True,weak_label_quality_v1
ext-crm-fail-106,FAIL,generator_expected_label plus documented mutation/source provenance,HIGH,primary_source_present;required_fields_complete;no_quality_flags;not_exact_duplicate;fail_mutation_provenance_complete;weak_label_not_human_ground_truth,synthetic_crm,unsupported_claim_decision,CALIBRATION,lg-05df6a2320fd,[],True,True,True,True,,True,1,,True,weak_label_quality_v1
ext-crm-fail-107,FAIL,generator_expected_label plus documented mutation/source provenance,HIGH,primary_source_present;required_fields_complete;no_quality_flags;not_exact_duplicate;fail_mutation_provenance_complete;weak_label_not_human_ground_truth,synthetic_crm,unsupported_claim_decision,CALIBRATION,lg-05df6a2320fd,[],True,True,True,True,,True,1,,True,weak_label_quality_v1
ext-crm-fail-108,FAIL,generator_expected_label plus documented mutation/source provenance,HIGH,primary_source_present;required_fields_complete;no_quality_flags;not_exact_duplicate;fail_mutation_provenance_complete;weak_label_not_human_ground_truth,synthetic_crm,unsupported_claim_decision,CALIBRATION,lg-05df6a2320fd,[],True,True,True,True,,True,1,,True,weak_label_quality_v1
ext-crm-fail-109,FAIL,generator_expected_label plus documented mutation/source provenance,EXCLUDE_FROM_PRIMARY,primary_source_present;required_fields_complete;quality_flags:exact_duplicate_triplet;exact_duplicate_cluster;fail_mutation_provenance_complete;weak_label_not_human_ground_truth,synthetic_crm,unsupported_claim_decision,CALIBRATION,lg-05df6a2320fd,"[""exact_duplicate_triplet""]",True,True,True,True,dup-8567205d23cc,False,2,noncanonical_exact_duplicate,True,weak_label_quality_v1
ext-crm-fail-110,FAIL,generator_expected_label plus documented mutation/source provenance,EXCLUDE_FROM_PRIMARY,primary_source_present;required_fields_complete;quality_flags:exact_duplicate_triplet;exact_duplicate_cluster;fail_mutation_provenance_complete;weak_label_not_human_ground_truth,synthetic_crm,unsupported_claim_decision,CALIBRATION,lg-05df6a2320fd,"[""exact_duplicate_triplet""]",True,True,True,True,dup-be70f8b01108,False,2,noncanonical_exact_duplicate,True,weak_label_quality_v1
ext-legacy-001,PASS,generator_expected_label plus documented mutation/source provenance,MEDIUM,primary_source_present;required_fields_complete;no_quality_flags;not_exact_duplicate;weak_label_not_human_ground_truth,legacy_synthetic,legacy_supported_candidate,VALIDATION,lg-a3c2757c4aec,[],True,True,True,True,,True,1,source_family_has_additional_semantic_or_provenance_uncertainty,False,weak_label_quality_v1
ext-legacy-002,PASS,generator_expected_label plus documented mutation/source provenance,MEDIUM,primary_source_present;required_fields_complete;no_quality_flags;not_exact_duplicate;weak_label_not_human_ground_truth,legacy_synthetic,legacy_supported_candidate,LOCKED_HOLDOUT_CANDIDATE,lg-c3d76fbfa9fc,[],True,True,True,True,,True,1,source_family_has_additional_semantic_or_provenance_uncertainty,False,weak_label_quality_v1
ext-legacy-003,PASS,generator_expected_label plus documented mutation/source provenance,MEDIUM,primary_source_present;required_fields_complete;no_quality_flags;not_exact_duplicate;weak_label_not_human_ground_truth,legacy_synthetic,legacy_supported_candidate,CALIBRATION,lg-1362b5203c3b,[],True,True,True,True,,True,1,source_family_has_additional_semantic_or_provenance_uncertainty,False,weak_label_quality_v1
ext-legacy-004,PASS,generator_expected_label plus documented mutation/source provenance,MEDIUM,primary_source_present;required_fields_complete;no_quality_flags;not_exact_duplicate;weak_label_not_human_ground_truth,legacy_synthetic,legacy_supported_candidate,CALIBRATION,lg-914b745629ef,[],True,True,True,True,,True,1,source_family_has_additional_semantic_or_provenance_uncertainty,False,weak_label_quality_v1
ext-legacy-005,PASS,generator_expected_label plus documented mutation/source provenance,MEDIUM,primary_source_present;required_fields_complete;no_quality_flags;not_exact_duplicate;weak_label_not_human_ground_truth,legacy_synthetic,legacy_supported_candidate,CALIBRATION,lg-190c8d5c9e81,[],True,True,True,True,,True,1,source_family_has_additional_semantic_or_provenance_uncertainty,False,weak_label_quality_v1
ext-legacy-006,PASS,generator_expected_label plus documented mutation/source provenance,MEDIUM,primary_source_present;required_fields_complete;no_quality_flags;not_exact_duplicate;weak_label_not_human_ground_truth,legacy_synthetic,legacy_supported_candidate,VALIDATION,lg-8c21eb93d9bc,[],True,True,True,True,,True,1,source_family_has_additional_semantic_or_provenance_uncertainty,False,weak_label_quality_v1
ext-legacy-007,PASS,generator_expected_label plus documented mutation/source provenance,MEDIUM,primary_source_present;required_fields_complete;no_quality_flags;not_exact_duplicate;weak_label_not_human_ground_truth,legacy_synthetic,legacy_supported_candidate,CALIBRATION,lg-d1cf0212c148,[],True,True,True,True,,True,1,source_family_has_additional_semantic_or_provenance_uncertainty,False,weak_label_quality_v1
ext-legacy-008,PASS,generator_expected_label plus documented mutation/source provenance,MEDIUM,primary_source_present;required_fields_complete;no_quality_flags;not_exact_duplicate;weak_label_not_human_ground_truth,legacy_synthetic,legacy_supported_candidate,CALIBRATION,lg-486e5e2f6b26,[],True,True,True,True,,True,1,source_family_has_additional_semantic_or_provenance_uncertainty,False,weak_label_quality_v1
ext-legacy-009,PASS,generator_expected_label plus documented mutation/source provenance,MEDIUM,primary_source_present;required_fields_complete;no_quality_flags;not_exact_duplicate;weak_label_not_human_ground_truth,legacy_synthetic,legacy_supported_candidate,CALIBRATION,lg-c498a94f6f91,[],True,True,True,True,,True,1,source_family_has_additional_semantic_or_provenance_uncertainty,False,weak_label_quality_v1
ext-legacy-010,PASS,generator_expected_label plus documented mutation/source provenance,MEDIUM,primary_source_present;required_fields_complete;no_quality_flags;not_exact_duplicate;weak_label_not_human_ground_truth,legacy_synthetic,legacy_supported_candidate,LOCKED_HOLDOUT_CANDIDATE,lg-3638f992c52a,[],True,True,True,True,,True,1,source_family_has_additional_semantic_or_provenance_uncertainty,False,weak_label_quality_v1
ext-legacy-011,PASS,generator_expected_label plus documented mutation/source provenance,MEDIUM,primary_source_present;required_fields_complete;no_quality_flags;not_exact_duplicate;weak_label_not_human_ground_truth,legacy_synthetic,legacy_supported_candidate,CALIBRATION,lg-b8ca6c0c57ca,[],True,True,True,True,,True,1,source_family_has_additional_semantic_or_provenance_uncertainty,False,weak_label_quality_v1
ext-legacy-012,PASS,generator_expected_label plus documented mutation/source provenance,MEDIUM,primary_source_present;required_fields_complete;no_quality_flags;not_exact_duplicate;weak_label_not_human_ground_truth,legacy_synthetic,legacy_supported_candidate,LOCKED_HOLDOUT_CANDIDATE,lg-da0ca57bf427,[],True,True,True,True,,True,1,source_family_has_additional_semantic_or_provenance_uncertainty,False,weak_label_quality_v1
ext-legacy-013,FAIL,generator_expected_label plus documented mutation/source provenance,MEDIUM,primary_source_present;required_fields_complete;no_quality_flags;not_exact_duplicate;fail_mutation_provenance_complete;weak_label_not_human_ground_truth,legacy_synthetic,wrong_deductible,LOCKED_HOLDOUT_CANDIDATE,lg-821b597ae9c7,[],True,True,True,True,,True,1,source_family_has_additional_semantic_or_provenance_uncertainty,True,weak_label_quality_v1
ext-legacy-014,FAIL,generator_expected_label plus documented mutation/source provenance,MEDIUM,primary_source_present;required_fields_complete;no_quality_flags;not_exact_duplicate;fail_mutation_provenance_complete;weak_label_not_human_ground_truth,legacy_synthetic,wrong_policy,VALIDATION,lg-898f7085938f,[],True,True,True,True,,True,1,source_family_has_additional_semantic_or_provenance_uncertainty,True,weak_label_quality_v1
ext-legacy-015,FAIL,generator_expected_label plus documented mutation/source provenance,MEDIUM,primary_source_present;required_fields_complete;no_quality_flags;not_exact_duplicate;fail_mutation_provenance_complete;weak_label_not_human_ground_truth,legacy_synthetic,wrong_coverage,VALIDATION,lg-6b9d05c33adb,[],True,True,True,True,,True,1,source_family_has_additional_semantic_or_provenance_uncertainty,True,weak_label_quality_v1
ext-legacy-016,FAIL,generator_expected_label plus documented mutation/source provenance,MEDIUM,primary_source_present;required_fields_complete;no_quality_flags;not_exact_duplicate;fail_mutation_provenance_complete;weak_label_not_human_ground_truth,legacy_synthetic,reversed_coverage,LOCKED_HOLDOUT_CANDIDATE,lg-b0a4367e73e3,[],True,True,True,True,,True,1,source_family_has_additional_semantic_or_provenance_uncertainty,True,weak_label_quality_v1
ext-legacy-017,FAIL,generator_expected_label plus documented mutation/source provenance,MEDIUM,primary_source_present;required_fields_complete;no_quality_flags;not_exact_duplicate;fail_mutation_provenance_complete;weak_label_not_human_ground_truth,legacy_synthetic,wrong_deductible,VALIDATION,lg-d19d308f4bb5,[],True,True,True,True,,True,1,source_family_has_additional_semantic_or_provenance_uncertainty,True,weak_label_quality_v1
ext-legacy-018,FAIL,generator_expected_label plus documented mutation/source provenance,MEDIUM,primary_source_present;required_fields_complete;no_quality_flags;not_exact_duplicate;fail_mutation_provenance_complete;weak_label_not_human_ground_truth,legacy_synthetic,unsupported_extra_claim,LOCKED_HOLDOUT_CANDIDATE,lg-14602e56cb6b,[],True,True,True,True,,True,1,source_family_has_additional_semantic_or_provenance_uncertainty,False,weak_label_quality_v1
ext-legacy-019,FAIL,generator_expected_label plus documented mutation/source provenance,MEDIUM,primary_source_present;required_fields_complete;no_quality_flags;not_exact_duplicate;fail_mutation_provenance_complete;weak_label_not_human_ground_truth,legacy_synthetic,wrong_date,VALIDATION,lg-d47f9897c75c,[],True,True,True,True,,True,1,source_family_has_additional_semantic_or_provenance_uncertainty,True,weak_label_quality_v1
ext-legacy-020,FAIL,generator_expected_label plus documented mutation/source provenance,MEDIUM,primary_source_present;required_fields_complete;no_quality_flags;not_exact_duplicate;fail_mutation_provenance_complete;weak_label_not_human_ground_truth,legacy_synthetic,wrong_deductible,LOCKED_HOLDOUT_CANDIDATE,lg-75e244543ac4,[],True,True,True,True,,True,1,source_family_has_additional_semantic_or_provenance_uncertainty,True,weak_label_quality_v1
ext-legacy-021,FAIL,generator_expected_label plus documented mutation/source provenance,MEDIUM,primary_source_present;required_fields_complete;no_quality_flags;not_exact_duplicate;fail_mutation_provenance_complete;weak_label_not_human_ground_truth,legacy_synthetic,wrong_limit,LOCKED_HOLDOUT_CANDIDATE,lg-e0167034848e,[],True,True,True,True,,True,1,source_family_has_additional_semantic_or_provenance_uncertainty,True,weak_label_quality_v1
ext-legacy-022,FAIL,generator_expected_label plus documented mutation/source provenance,MEDIUM,primary_source_present;required_fields_complete;no_quality_flags;not_exact_duplicate;fail_mutation_provenance_complete;weak_label_not_human_ground_truth,legacy_synthetic,wrong_percentage,LOCKED_HOLDOUT_CANDIDATE,lg-0115bc5dd3ce,[],True,True,True,True,,True,1,source_family_has_additional_semantic_or_provenance_uncertainty,True,weak_label_quality_v1
ext-legacy-023,FAIL,generator_expected_label plus documented mutation/source provenance,MEDIUM,primary_source_present;required_fields_complete;no_quality_flags;not_exact_duplicate;fail_mutation_provenance_complete;weak_label_not_human_ground_truth,legacy_synthetic,partially_supported_answer,VALIDATION,lg-7950cb41790f,[],True,True,True,True,,True,1,source_family_has_additional_semantic_or_provenance_uncertainty,False,weak_label_quality_v1
ext-legacy-024,FAIL,generator_expected_label plus documented mutation/source provenance,MEDIUM,primary_source_present;required_fields_complete;no_quality_flags;not_exact_duplicate;fail_mutation_provenance_complete;weak_label_not_human_ground_truth,legacy_synthetic,wrong_policy_status,VALIDATION,lg-fad23eba9a45,[],True,True,True,True,,True,1,source_family_has_additional_semantic_or_provenance_uncertainty,True,weak_label_quality_v1
ext-legacy-025,PASS,generator_expected_label plus documented mutation/source provenance,MEDIUM,primary_source_present;required_fields_complete;no_quality_flags;not_exact_duplicate;weak_label_not_human_ground_truth,legacy_synthetic,legacy_supported_candidate,CALIBRATION,lg-ccfc46b15367,[],True,True,True,True,,True,1,source_family_has_additional_semantic_or_provenance_uncertainty,False,weak_label_quality_v1
ext-legacy-026,PASS,generator_expected_label plus documented mutation/source provenance,MEDIUM,primary_source_present;required_fields_complete;no_quality_flags;not_exact_duplicate;weak_label_not_human_ground_truth,legacy_synthetic,legacy_supported_candidate,CALIBRATION,lg-96fd78f145ac,[],True,True,True,True,,True,1,source_family_has_additional_semantic_or_provenance_uncertainty,False,weak_label_quality_v1
ext-legacy-027,FAIL,generator_expected_label plus documented mutation/source provenance,MEDIUM,primary_source_present;required_fields_complete;no_quality_flags;not_exact_duplicate;fail_mutation_provenance_complete;weak_label_not_human_ground_truth,legacy_synthetic,answer_from_distractor_document,VALIDATION,lg-dcb1752fd89d,[],True,True,True,True,,True,1,source_family_has_additional_semantic_or_provenance_uncertainty,False,weak_label_quality_v1
ext-legacy-028,FAIL,generator_expected_label plus documented mutation/source provenance,MEDIUM,primary_source_present;required_fields_complete;no_quality_flags;not_exact_duplicate;fail_mutation_provenance_complete;weak_label_not_human_ground_truth,legacy_synthetic,insufficient_evidence,VALIDATION,lg-1f830136afe1,[],True,True,True,True,,True,1,source_family_has_additional_semantic_or_provenance_uncertainty,False,weak_label_quality_v1
