case_id,source_type,source_file,source_document_id,source_page,source_chunk_id,question,context,candidate_answer,question_family_id,document_family_id,customer_group_id,policy_group_id,product_group,reviewer_1_label,reviewer_2_label,adjudicated_label,reviewer_1_error_category,reviewer_2_error_category,adjudicated_error_category,reviewer_1_criticality,reviewer_2_criticality,adjudicated_criticality,reviewer_1_notes,reviewer_2_notes,adjudication_notes,reviewer_1_confidence,reviewer_2_confidence,adjudicated_confidence,annotation_status,split,leakage_group_id,language,source_trace,quality_flags,excluded,exclusion_reason
ext-iqa-pass-001,insuranceqa,data/benchmarks/qa/insuranceqa/data_insuranceqa_1000.jsonl,insuranceqa:917,,question_id:917,Does Home Insurance Cover Flood?,"Question: Does Home Insurance Cover Flood?
Answer: The short and direct answer is no , a Homeowners ' Insurance policy does noit cover for a flood . Flood Insurance must be obtained separately . FEMA administers the plans and they can be written through a number of different insurance companies . Check their website and look for Flood Certified Agents who would be happy to answer your questions and help you through the process .","The short and direct answer is no , a Homeowners ' Insurance policy does noit cover for a flood . Flood Insurance must be obtained separately . FEMA administers the plans and they can be written through a number of different insurance companies . Check their website and look for Flood Certified Agents who would be happy to answer your questions and help you through the process .",iqa-question:917,iqa-document:917,,,household,,,,,,,,,,,,,,,,PENDING,LOCKED_HOLDOUT_CANDIDATE,lg-a489a05f62b0,English,JSONL row source_index=917,,False,
ext-iqa-pass-002,insuranceqa,data/benchmarks/qa/insuranceqa/data_insuranceqa_1000.jsonl,insuranceqa:512,,question_id:512,When Can I Enroll In Medicare Part A?,"Question: When Can I Enroll In Medicare Part A?
Answer: You will automatically be enrolled in Medicare when you reach age 65 provided you have worked long enough and paid into the system . You will have the choice to opt out of part B of Medicare , but I do not recommend it unless you are still working and in a group . You will also get Medicare if you are on Social Security Disability . There is about a two year wait when you get disability before you are eligible .","You will automatically be enrolled in Medicare when you reach age 65 provided you have worked long enough and paid into the system . You will have the choice to opt out of part B of Medicare , but I do not recommend it unless you are still working and in a group . You will also get Medicare if you are on Social Security Disability . There is about a two year wait when you get disability before you are eligible .",iqa-question:512,iqa-document:512,,,health,,,,,,,,,,,,,,,,PENDING,LOCKED_HOLDOUT_CANDIDATE,lg-74314ded45d1,English,JSONL row source_index=512,,False,
ext-iqa-pass-003,insuranceqa,data/benchmarks/qa/insuranceqa/data_insuranceqa_1000.jsonl,insuranceqa:97,,question_id:97,Do I Need Home Insurance For A Condo?,"Question: Do I Need Home Insurance For A Condo?
Answer: Condominium coverage requires a different form from the standard homeowners package . However , it provides many of the same coverages . The chief difference is that the structure itself is generally insured under a blanket condominium association policy , not the condominium form . The owner of each unit is normally not responsible for the structure , its maintenance or insurance . The owner of a unit is not responsible for the general areas such as gardens and walkways surrounding the condominium . The owners responsibility is for property contained within the structure , to include internal walls , and paint . When a person purchases a condominium they generally secure a mortgage . The mortgage companies will require the owner to purchase a policy to protect the lenders interest in the property . They want coverage for what they loaned you money to purchase . The amount of coverage under a condominium policy includes the amount required to restore the condominium in the event of a covered loss . At the same time the condominium policy provides a way for the homeowner to insure their own personal property -LRB- furniture , decorations , appliances and other property . -RRB-","Condominium coverage requires a different form from the standard homeowners package . However , it provides many of the same coverages . The chief difference is that the structure itself is generally insured under a blanket condominium association policy , not the condominium form . The owner of each unit is normally not responsible for the structure , its maintenance or insurance . The owner of a unit is not responsible for the general areas such as gardens and walkways surrounding the condominium . The owners responsibility is for property contained within the structure , to include internal walls , and paint . When a person purchases a condominium they generally secure a mortgage . The mortgage companies will require the owner to purchase a policy to protect the lenders interest in the property . They want coverage for what they loaned you money to purchase . The amount of coverage under a condominium policy includes the amount required to restore the condominium in the event of a covered loss . At the same time the condominium policy provides a way for the homeowner to insure their own personal property -LRB- furniture , decorations , appliances and other property . -RRB-",iqa-question:97,iqa-document:97,,,household,,,,,,,,,,,,,,,,PENDING,VALIDATION,lg-d1676baf7624,English,JSONL row source_index=97,,False,
ext-iqa-pass-004,insuranceqa,data/benchmarks/qa/insuranceqa/data_insuranceqa_1000.jsonl,insuranceqa:163,,question_id:163,How Much Does Car Insurance Increase After DUI?,"Question: How Much Does Car Insurance Increase After DUI?
Answer: Car insurance rates typically increase after a DUI ... although the amount of the increase will vary depending on the company you are insured with . There are other costs associated with getting a DUI , including possible reinstatement of your driver 's license and purchase of a Bond , as required by the state . Question answered by E. Harris ... Car insurance broker since 1980 with top-rated website .","Car insurance rates typically increase after a DUI ... although the amount of the increase will vary depending on the company you are insured with . There are other costs associated with getting a DUI , including possible reinstatement of your driver 's license and purchase of a Bond , as required by the state . Question answered by E. Harris ... Car insurance broker since 1980 with top-rated website .",iqa-question:163,iqa-document:163,,,motor,,,,,,,,,,,,,,,,PENDING,CALIBRATION,lg-46f8b30126ae,English,JSONL row source_index=163,,False,
ext-iqa-pass-005,insuranceqa,data/benchmarks/qa/insuranceqa/data_insuranceqa_1000.jsonl,insuranceqa:49,,question_id:49,Does Home Owners Insurance Cover Asbestos Removal?,"Question: Does Home Owners Insurance Cover Asbestos Removal?
Answer: Generally the answer to that would be no . Your Homeowners is not designed to cover this type of renovation . If your home is damaged by a covered peril then the removal of asbestos would be covered as part of the repairs , but otherwise you will have to pay .","Generally the answer to that would be no . Your Homeowners is not designed to cover this type of renovation . If your home is damaged by a covered peril then the removal of asbestos would be covered as part of the repairs , but otherwise you will have to pay .",iqa-question:49,iqa-document:49,,,household,,,,,,,,,,,,,,,,PENDING,CALIBRATION,lg-f4013c68ca9c,English,JSONL row source_index=49,,False,
ext-iqa-pass-006,insuranceqa,data/benchmarks/qa/insuranceqa/data_insuranceqa_1000.jsonl,insuranceqa:312,,question_id:312,Why Get Medigap?,"Question: Why Get Medigap?
Answer: Medigap is a Medicare supplement that can help pay some of the health care costs that original Medicare does n't cover , like copayments , coinsurance , and deductibles . It also covers medical care for some travel outside the US . If you have an Medicare Advantage Plan , you would not want to get Medigap .","Medigap is a Medicare supplement that can help pay some of the health care costs that original Medicare does n't cover , like copayments , coinsurance , and deductibles . It also covers medical care for some travel outside the US . If you have an Medicare Advantage Plan , you would not want to get Medigap .",iqa-question:312,iqa-document:312,,,health,,,,,,,,,,,,,,,,PENDING,LOCKED_HOLDOUT_CANDIDATE,lg-ced6d6171b50,English,JSONL row source_index=312,,False,
ext-iqa-pass-007,insuranceqa,data/benchmarks/qa/insuranceqa/data_insuranceqa_1000.jsonl,insuranceqa:685,,question_id:685,Does Renters Insurance Transfer?,"Question: Does Renters Insurance Transfer?
Answer: If by transfer you mean does the coverage apply at a new location , the answer is yes . The coverage is limited during the transfer itself -LRB- when things are being transported by a moving company or friend . -RRB- The coverage remains in force in most cases for a relatively short period of time . Since underwriting needs to re-evaluate this new location it is necessary for you to contact your agent immediately .","If by transfer you mean does the coverage apply at a new location , the answer is yes . The coverage is limited during the transfer itself -LRB- when things are being transported by a moving company or friend . -RRB- The coverage remains in force in most cases for a relatively short period of time . Since underwriting needs to re-evaluate this new location it is necessary for you to contact your agent immediately .",iqa-question:685,iqa-document:685,,,household,,,,,,,,,,,,,,,,PENDING,CALIBRATION,lg-2772e43051a7,English,JSONL row source_index=685,,False,
ext-iqa-pass-008,insuranceqa,data/benchmarks/qa/insuranceqa/data_insuranceqa_1000.jsonl,insuranceqa:705,,question_id:705,What Is Universal Life Insurance And How Does It Work?,"Question: What Is Universal Life Insurance And How Does It Work?
Answer: Universal life insurance is a form of permanent/cash value life insurance known for it 's flexible premium and adjustable -LRB- downward in most cases -RRB- death benefit . Like all permanent products , the policy is driven by cash values -LRB- a reserve -RRB- in the policy that covers policy expenses . The policy holder also has access to this cash value either as a withdrawal or as a policy loan . Universal life insurance is also very well known for it 's transparency , as all expenses are readily available to the insured if he or she wishes to see them .","Universal life insurance is a form of permanent/cash value life insurance known for it 's flexible premium and adjustable -LRB- downward in most cases -RRB- death benefit . Like all permanent products , the policy is driven by cash values -LRB- a reserve -RRB- in the policy that covers policy expenses . The policy holder also has access to this cash value either as a withdrawal or as a policy loan . Universal life insurance is also very well known for it 's transparency , as all expenses are readily available to the insured if he or she wishes to see them .",iqa-question:705,iqa-document:705,,,life,,,,,,,,,,,,,,,,PENDING,LOCKED_HOLDOUT_CANDIDATE,lg-997ccac81852,English,JSONL row source_index=705,,False,
ext-iqa-pass-009,insuranceqa,data/benchmarks/qa/insuranceqa/data_insuranceqa_1000.jsonl,insuranceqa:264,,question_id:264,Does AAA Have Term Life Insurance?,"Question: Does AAA Have Term Life Insurance?
Answer: AAA while being best known for its ' auto towing services and for those of us old enough to remember , their tripticket map service , does indeed sell term insurance . However their are many carriers with higher financial ratings that charge less . In fact , I once had a client who worked for AAA but decided on a less expensive policy with better ratings and a lower cost .","AAA while being best known for its ' auto towing services and for those of us old enough to remember , their tripticket map service , does indeed sell term insurance . However their are many carriers with higher financial ratings that charge less . In fact , I once had a client who worked for AAA but decided on a less expensive policy with better ratings and a lower cost .",iqa-question:264,iqa-document:264,,,life,,,,,,,,,,,,,,,,PENDING,VALIDATION,lg-0d9016c6778e,English,JSONL row source_index=264,,False,
ext-iqa-pass-010,insuranceqa,data/benchmarks/qa/insuranceqa/data_insuranceqa_1000.jsonl,insuranceqa:727,,question_id:727,Does ADP Offer Health Insurance?,"Question: Does ADP Offer Health Insurance?
Answer: ADP Inc. is a worldwide company that offers payroll and resource management expertise to many companies.Presumably they offer healthcare to their employees . Many large and small businesses offer group health , dental and life benefits to their full-time and part-time employees . Depending on the company , they will pay a portion of the premium of those benefits .","ADP Inc. is a worldwide company that offers payroll and resource management expertise to many companies.Presumably they offer healthcare to their employees . Many large and small businesses offer group health , dental and life benefits to their full-time and part-time employees . Depending on the company , they will pay a portion of the premium of those benefits .",iqa-question:727,iqa-document:727,,,health,,,,,,,,,,,,,,,,PENDING,LOCKED_HOLDOUT_CANDIDATE,lg-4894bbbcb52c,English,JSONL row source_index=727,,False,
ext-iqa-pass-011,insuranceqa,data/benchmarks/qa/insuranceqa/data_insuranceqa_1000.jsonl,insuranceqa:437,,question_id:437,Can I Get Life Insurance After Breast Cancer?,"Question: Can I Get Life Insurance After Breast Cancer?
Answer: The short answer is yes , you can buy life insurance after cancer . The type , amount and terms depends on the cancer itselfand how long you have been cancer free after your last treatment . To get into the standard ratings after breast cancer practically all carriers will want to see you cancer free for 10 years . Anything less than10 yearswill be a higher risk policy of either rated premiums or graduated benefits .","The short answer is yes , you can buy life insurance after cancer . The type , amount and terms depends on the cancer itselfand how long you have been cancer free after your last treatment . To get into the standard ratings after breast cancer practically all carriers will want to see you cancer free for 10 years . Anything less than10 yearswill be a higher risk policy of either rated premiums or graduated benefits .",iqa-question:437,iqa-document:437,,,life,,,,,,,,,,,,,,,,PENDING,LOCKED_HOLDOUT_CANDIDATE,lg-e4f6d0dc5640,English,JSONL row source_index=437,,False,
ext-iqa-pass-012,insuranceqa,data/benchmarks/qa/insuranceqa/data_insuranceqa_1000.jsonl,insuranceqa:335,,question_id:335,Do Insurance Companies Look At Psychiatric Records?,"Question: Do Insurance Companies Look At Psychiatric Records?
Answer: In respect to life insurance , underwriters are most concerned with conditions that impair or prevent a potential insured from completing daily tasks , interactions and living . In the event that your answers to the medical questionnaire on insurance application , attending physician statement & recordsor results from a insurance examindicate that you are being treated through therapy or medication , the underwriters will first seek clarification through your agent . Depending on the severity of the condition , the course of treatment and time elapsed since last episode or event related to your condition , the underwriter may not have much concern and thus not require additional information . Simply put mild conditions such as milddepression , anxiety or stress treated by counseling and low dose medicine may not require deep underwriting depending on the age of the insured and history of condition . More significant conditions , for example schizophrenia , treated with significant medication and therapy , will require additional records from treating physicians to ensure that the insured fits within their risk parameters . In your case , grief counselingcan soundambiguous ; if it were for the loss of a loved one , the absence of whom is not preventing your daily living , it should not require additional review . If the on the other hand , it is being used to cope with another traumatic event , additional questions or requests may be posed by the underwriters . A letter from your treating psychiatrist highlighting your improvements from treatment will help mitigate the need for additional information . In order to ensure that you get the best underwriting class , I suggest that you work with an independent agent that works with multiple carriers as different carriers each have their own points of view on various healthy issues . Additionally , question your insurance agent ! Ask them what experience , if any , have they had with placing business on clients such as yourself . At the end of the day , the most experienced agents will get the best underwriting results for their clients with the least disruption and scrutiny of one 's private issues . Please feel free to contact me to discuss your facts in order to give you more accurate information .","In respect to life insurance , underwriters are most concerned with conditions that impair or prevent a potential insured from completing daily tasks , interactions and living . In the event that your answers to the medical questionnaire on insurance application , attending physician statement & recordsor results from a insurance examindicate that you are being treated through therapy or medication , the underwriters will first seek clarification through your agent . Depending on the severity of the condition , the course of treatment and time elapsed since last episode or event related to your condition , the underwriter may not have much concern and thus not require additional information . Simply put mild conditions such as milddepression , anxiety or stress treated by counseling and low dose medicine may not require deep underwriting depending on the age of the insured and history of condition . More significant conditions , for example schizophrenia , treated with significant medication and therapy , will require additional records from treating physicians to ensure that the insured fits within their risk parameters . In your case , grief counselingcan soundambiguous ; if it were for the loss of a loved one , the absence of whom is not preventing your daily living , it should not require additional review . If the on the other hand , it is being used to cope with another traumatic event , additional questions or requests may be posed by the underwriters . A letter from your treating psychiatrist highlighting your improvements from treatment will help mitigate the need for additional information . In order to ensure that you get the best underwriting class , I suggest that you work with an independent agent that works with multiple carriers as different carriers each have their own points of view on various healthy issues . Additionally , question your insurance agent ! Ask them what experience , if any , have they had with placing business on clients such as yourself . At the end of the day , the most experienced agents will get the best underwriting results for their clients with the least disruption and scrutiny of one 's private issues . Please feel free to contact me to discuss your facts in order to give you more accurate information .",iqa-question:335,iqa-document:335,,,general_insurance,,,,,,,,,,,,,,,,PENDING,CALIBRATION,lg-158b32e48f1c,English,JSONL row source_index=335,,False,
ext-iqa-pass-013,insuranceqa,data/benchmarks/qa/insuranceqa/data_insuranceqa_1000.jsonl,insuranceqa:504,,question_id:504,Is Cancer Covered Under Disability Insurance?,"Question: Is Cancer Covered Under Disability Insurance?
Answer: Disability income plans pay as long as you meet the definition of disability , regardless of the disabling condition . If you are unable to work for any reason , illness or accident , and meet the policy definition that qualifies you for benefit , the carrier will pay your monthly benefit until you recover , die or exhaust your benefits .","Disability income plans pay as long as you meet the definition of disability , regardless of the disabling condition . If you are unable to work for any reason , illness or accident , and meet the policy definition that qualifies you for benefit , the carrier will pay your monthly benefit until you recover , die or exhaust your benefits .",iqa-question:504,iqa-document:504,,,health,,,,,,,,,,,,,,,,PENDING,LOCKED_HOLDOUT_CANDIDATE,lg-e06506497dd1,English,JSONL row source_index=504,,False,
ext-iqa-pass-014,insuranceqa,data/benchmarks/qa/insuranceqa/data_insuranceqa_1000.jsonl,insuranceqa:748,,question_id:748,What Does Long Term Care Insurance Mean?,"Question: What Does Long Term Care Insurance Mean?
Answer: Long term care insurance is coverage that pays for personal care needs and other related chronic care services for individuals who are limited in their abilities to perform the activities of daily living -LRB- two or more -RRB- . Activities of Daily Living -LRB- ADLs -RRB- include eating , bathing , toileting , dressing , moving between a chair and the bed , and remaining continent . The policy typically pays for care that is provided in the individuals home , in an assisted living facility , or in a nursing home . Long term care insurance is available on an individual or a group basis .","Long term care insurance is coverage that pays for personal care needs and other related chronic care services for individuals who are limited in their abilities to perform the activities of daily living -LRB- two or more -RRB- . Activities of Daily Living -LRB- ADLs -RRB- include eating , bathing , toileting , dressing , moving between a chair and the bed , and remaining continent . The policy typically pays for care that is provided in the individuals home , in an assisted living facility , or in a nursing home . Long term care insurance is available on an individual or a group basis .",iqa-question:748,iqa-document:748,,,general_insurance,,,,,,,,,,,,,,,,PENDING,VALIDATION,lg-e5fbc46753a2,English,JSONL row source_index=748,,False,
ext-iqa-pass-015,insuranceqa,data/benchmarks/qa/insuranceqa/data_insuranceqa_1000.jsonl,insuranceqa:239,,question_id:239,Does Nationwide Offer Long Term Care Insurance?,"Question: Does Nationwide Offer Long Term Care Insurance?
Answer: Actually , Nationwide has a very good hybrid policy that combines permanent life insurance and a comprehensive long term care rider . I use this product alot in my practice for people that have a need for both life insurance and LTC . Advantages of this product is that the benefit will always be used no matter what happens to the individual ; either they will have a long term care claim , or they will pass away and the death benefit will pass to their beneficiaries . Disadvantages of this approach to LTC planning is that there is no potential for any premium write-off and no Partnership protection .","Actually , Nationwide has a very good hybrid policy that combines permanent life insurance and a comprehensive long term care rider . I use this product alot in my practice for people that have a need for both life insurance and LTC . Advantages of this product is that the benefit will always be used no matter what happens to the individual ; either they will have a long term care claim , or they will pass away and the death benefit will pass to their beneficiaries . Disadvantages of this approach to LTC planning is that there is no potential for any premium write-off and no Partnership protection .",iqa-question:239,iqa-document:239,,,general_insurance,,,,,,,,,,,,,,,,PENDING,VALIDATION,lg-cff2a6820ea7,English,JSONL row source_index=239,,False,
ext-iqa-pass-016,insuranceqa,data/benchmarks/qa/insuranceqa/data_insuranceqa_1000.jsonl,insuranceqa:815,,question_id:815,When Should Someone Buy Long Term Care Insurance?,"Question: When Should Someone Buy Long Term Care Insurance?
Answer: As a retirement planning specialist , I spend alot of time doing long term care planning . Why would I do this ? Because NOTHING will derail a person 's life-time savings faster than a custodial -LRB- AKA long term care -RRB- claim . There are two reasons why a person should purchase LTC ; the first is that they care about the quality of care , and having a say in where care will be provided , should they require it . The second reason is that they care about protecting the assets that they have acquired over the course of their life-time , and they want to protect those assets for their healthy spouse and/or children , rather then have those assets eaten up by impairment , or having them signed over to medicaid or a nursing home . As far as WHEN a person should purchase coverage ; my youngest clients are usually in their 40 's , and with them I usually recommend a hybrid life insurance-LTC product ; my average clients are in their mid 50 's to late 60 's , and for them I recommend either traditional long term care or a single premium policy with refund provisions , and my oldest clients are in their mid 70 's . I think the best time to purchase for most people is in their mid to late 50 's , because most will get better underwriting and a favorable premium . I hope this helps .","As a retirement planning specialist , I spend alot of time doing long term care planning . Why would I do this ? Because NOTHING will derail a person 's life-time savings faster than a custodial -LRB- AKA long term care -RRB- claim . There are two reasons why a person should purchase LTC ; the first is that they care about the quality of care , and having a say in where care will be provided , should they require it . The second reason is that they care about protecting the assets that they have acquired over the course of their life-time , and they want to protect those assets for their healthy spouse and/or children , rather then have those assets eaten up by impairment , or having them signed over to medicaid or a nursing home . As far as WHEN a person should purchase coverage ; my youngest clients are usually in their 40 's , and with them I usually recommend a hybrid life insurance-LTC product ; my average clients are in their mid 50 's to late 60 's , and for them I recommend either traditional long term care or a single premium policy with refund provisions , and my oldest clients are in their mid 70 's . I think the best time to purchase for most people is in their mid to late 50 's , because most will get better underwriting and a favorable premium . I hope this helps .",iqa-question:815,iqa-document:815,,,general_insurance,,,,,,,,,,,,,,,,PENDING,VALIDATION,lg-893eea51aa5f,English,JSONL row source_index=815,,False,
ext-iqa-pass-017,insuranceqa,data/benchmarks/qa/insuranceqa/data_insuranceqa_1000.jsonl,insuranceqa:91,,question_id:91,Can I change medicare providers after 3/1/2015 in Indiana?,"Question: Can I change medicare providers after 3/1/2015 in Indiana?
Answer: Are you referring to a Medicare Supplement plan -LRB- also known as a Medigap plan -RRB- , a Medicare Advantage plan , or a Medicare Part D prescription drug plan ? Your original Medicare coverage -LRB- Medicare Parts A & B -RRB- is provided by the federal government . You can apply for a new Medicare Supplement plan anytime during the year . You can be subject to medical underwriting -LRB- answering yes/no health questions , a phone interview with the carrier , and a prescription check -RRB- if you 're outside your initial enrollment period -LRB- when you were new to Medicare Part B -RRB- and do not have a guarantee-issue right available to you . Medical underwriting for Medicare Supplement plans can be done in less than a week . There are no exams for these products . Please note , a common concern I hear a lot from individuals looking to replace their Medicare Supplement plans is they 're worried they 're at risk of losing the existing one if they apply for a new one and get declined . This is NOT true ! Even if you apply for a new Medicare Supplement plan and get declined , you can always keep the existing plan because Medicare Supplement plans are guaranteed renewable . If you 're looking to change your prescription drug plan provider or your Medicare Advantage plan provider , you can only make a change during certain times of the year . For the most part , you can only make changes during the annual enrollment period each year -LRB- between October 15 - December 7 -RRB- with changes becoming effective January 1 . Outside of this enrollment period , you can only make changes under certain situations -LRB- known as special enrollment periods -RRB- . An example of this is if you moved outside of the plan 's service area . For a full list of situations that qualify you for special enrollment periods to make changes , please visit the Medicare.gov website . I hope the information is helpful - please feel free to contact me for help with your coverage and if you have any other questions . Thanks very much .","Are you referring to a Medicare Supplement plan -LRB- also known as a Medigap plan -RRB- , a Medicare Advantage plan , or a Medicare Part D prescription drug plan ? Your original Medicare coverage -LRB- Medicare Parts A & B -RRB- is provided by the federal government . You can apply for a new Medicare Supplement plan anytime during the year . You can be subject to medical underwriting -LRB- answering yes/no health questions , a phone interview with the carrier , and a prescription check -RRB- if you 're outside your initial enrollment period -LRB- when you were new to Medicare Part B -RRB- and do not have a guarantee-issue right available to you . Medical underwriting for Medicare Supplement plans can be done in less than a week . There are no exams for these products . Please note , a common concern I hear a lot from individuals looking to replace their Medicare Supplement plans is they 're worried they 're at risk of losing the existing one if they apply for a new one and get declined . This is NOT true ! Even if you apply for a new Medicare Supplement plan and get declined , you can always keep the existing plan because Medicare Supplement plans are guaranteed renewable . If you 're looking to change your prescription drug plan provider or your Medicare Advantage plan provider , you can only make a change during certain times of the year . For the most part , you can only make changes during the annual enrollment period each year -LRB- between October 15 - December 7 -RRB- with changes becoming effective January 1 . Outside of this enrollment period , you can only make changes under certain situations -LRB- known as special enrollment periods -RRB- . An example of this is if you moved outside of the plan 's service area . For a full list of situations that qualify you for special enrollment periods to make changes , please visit the Medicare.gov website . I hope the information is helpful - please feel free to contact me for help with your coverage and if you have any other questions . Thanks very much .",iqa-question:91,iqa-document:91,,,health,,,,,,,,,,,,,,,,PENDING,CALIBRATION,lg-6b9a823da657,English,JSONL row source_index=91,,False,
ext-iqa-pass-018,insuranceqa,data/benchmarks/qa/insuranceqa/data_insuranceqa_1000.jsonl,insuranceqa:602,,question_id:602,How Do Body Shops Work With Car Insurance?,"Question: How Do Body Shops Work With Car Insurance?
Answer: That is a great question ! Generally , your auto insurance company will have a contract or agreement with a local garage , mechanic , and body shop . They will refer you to them to have your work done . By doing this , they have an agreement with the garages to keep costs under control . Should you choose to use a different mechanic , you are certainly welcome to , but my experience has been that the insurance company is much more difficult to work with . Thanks for asking !","That is a great question ! Generally , your auto insurance company will have a contract or agreement with a local garage , mechanic , and body shop . They will refer you to them to have your work done . By doing this , they have an agreement with the garages to keep costs under control . Should you choose to use a different mechanic , you are certainly welcome to , but my experience has been that the insurance company is much more difficult to work with . Thanks for asking !",iqa-question:602,iqa-document:602,,,motor,,,,,,,,,,,,,,,,PENDING,VALIDATION,lg-3570ee32687e,English,JSONL row source_index=602,,False,
ext-iqa-pass-019,insuranceqa,data/benchmarks/qa/insuranceqa/data_insuranceqa_1000.jsonl,insuranceqa:409,,question_id:409,How Does Medicare D Work?,"Question: How Does Medicare D Work?
Answer: I assume you are asking about Medicare Part D which is the prescription drug plan , as opposed to Medicare supplement plan D. Medicare Part D is offered by private insurance carriers . Each plan is different . Some have deductibles , some do n't . All have copay 's and a few have coinsurance for tier 4 drugs","I assume you are asking about Medicare Part D which is the prescription drug plan , as opposed to Medicare supplement plan D. Medicare Part D is offered by private insurance carriers . Each plan is different . Some have deductibles , some do n't . All have copay 's and a few have coinsurance for tier 4 drugs",iqa-question:409,iqa-document:409,,,health,,,,,,,,,,,,,,,,PENDING,VALIDATION,lg-69f8c9702c9a,English,JSONL row source_index=409,,False,
ext-iqa-pass-020,insuranceqa,data/benchmarks/qa/insuranceqa/data_insuranceqa_1000.jsonl,insuranceqa:222,,question_id:222,Is Car Insurance For A Lease More Expensive?,"Question: Is Car Insurance For A Lease More Expensive?
Answer: Many leases will require you to carry 100/300 liability limits so if for some reason you want to carry lower limits you will see a premium difference there . Other then that the premiums are no different then if you owned the car yourself . If you are in a position to lease a car you should be carrying a minimum of 100/300 liability limits anyway .",Many leases will require you to carry 100/300 liability limits so if for some reason you want to carry lower limits you will see a premium difference there . Other then that the premiums are no different then if you owned the car yourself . If you are in a position to lease a car you should be carrying a minimum of 100/300 liability limits anyway .,iqa-question:222,iqa-document:222,,,motor,,,,,,,,,,,,,,,,PENDING,VALIDATION,lg-3a9ca4b9f3c8,English,JSONL row source_index=222,,False,
ext-iqa-pass-021,insuranceqa,data/benchmarks/qa/insuranceqa/data_insuranceqa_1000.jsonl,insuranceqa:570,,question_id:570,Can Homeowners Insurance Cancel Your Policy?,"Question: Can Homeowners Insurance Cancel Your Policy?
Answer: The insurance company can cancel your policy for failure to pay the premium . It can also cancel the policy if the underwriter determines that the property was not correctly described or that the agent acted beyond his authority to bind coverage . Companies routinely cancel policies when they determine that a property has been vacated .",The insurance company can cancel your policy for failure to pay the premium . It can also cancel the policy if the underwriter determines that the property was not correctly described or that the agent acted beyond his authority to bind coverage . Companies routinely cancel policies when they determine that a property has been vacated .,iqa-question:570,iqa-document:570,,,general_insurance,,,,,,,,,,,,,,,,PENDING,VALIDATION,lg-5ec7b9af0c61,English,JSONL row source_index=570,,False,
ext-iqa-pass-022,insuranceqa,data/benchmarks/qa/insuranceqa/data_insuranceqa_1000.jsonl,insuranceqa:622,,question_id:622,How Does Home Insurance Escrow Work?,"Question: How Does Home Insurance Escrow Work?
Answer: Some banks these days require that your Homeowners Insurance be paid by them froman escrow account . If that is the case , then when you are closing on your home and obtaining insurance , they will require you to pay your insurance professional an amount equal to the full first year 's premium . The policy will then be set up to bill your mortgage company upon each renewal . The monthly payments that you make to your mortgage company , in addition to principal and interest , will include an amount for the next renewal on your Homeowners Insurance . Your insurance company will bill your mortgage company at the renewal and the annual premium will then be paid by your mortgage company from your escrow account .","Some banks these days require that your Homeowners Insurance be paid by them froman escrow account . If that is the case , then when you are closing on your home and obtaining insurance , they will require you to pay your insurance professional an amount equal to the full first year 's premium . The policy will then be set up to bill your mortgage company upon each renewal . The monthly payments that you make to your mortgage company , in addition to principal and interest , will include an amount for the next renewal on your Homeowners Insurance . Your insurance company will bill your mortgage company at the renewal and the annual premium will then be paid by your mortgage company from your escrow account .",iqa-question:622,iqa-document:622,,,household,,,,,,,,,,,,,,,,PENDING,CALIBRATION,lg-e912afbae8e7,English,JSONL row source_index=622,,False,
ext-iqa-pass-023,insuranceqa,data/benchmarks/qa/insuranceqa/data_insuranceqa_1000.jsonl,insuranceqa:800,,question_id:800,How Much Disability Insurance Is Enough?,"Question: How Much Disability Insurance Is Enough?
Answer: Typically disability insurance benefits are equal to a maximum of 60 % of the insured 's income . The maximum one can buy then is based on the annual income of the individual . If you can live comfortably on a lesser amount than 60 % of what you earn , then you may consider buying a policy that would pay less than 60 % of your earned income .","Typically disability insurance benefits are equal to a maximum of 60 % of the insured 's income . The maximum one can buy then is based on the annual income of the individual . If you can live comfortably on a lesser amount than 60 % of what you earn , then you may consider buying a policy that would pay less than 60 % of your earned income .",iqa-question:800,iqa-document:800,,,health,,,,,,,,,,,,,,,,PENDING,VALIDATION,lg-6c4bc6cfa954,English,JSONL row source_index=800,,False,
ext-iqa-pass-024,insuranceqa,data/benchmarks/qa/insuranceqa/data_insuranceqa_1000.jsonl,insuranceqa:120,,question_id:120,What Is Occupational Disability Insurance?,"Question: What Is Occupational Disability Insurance?
Answer: What is occupational disability insurance ? Usually it is called own occupation and it is used in the definition of disability . It is very much to the insured 's favor to have that definition in their disability policy . It is a specific rather than general definition . For example your disability policy would pay if you could n't work in that specific job , and it would continue to pay you if you could work in another occupation .","What is occupational disability insurance ? Usually it is called own occupation and it is used in the definition of disability . It is very much to the insured 's favor to have that definition in their disability policy . It is a specific rather than general definition . For example your disability policy would pay if you could n't work in that specific job , and it would continue to pay you if you could work in another occupation .",iqa-question:120,iqa-document:120,,,health,,,,,,,,,,,,,,,,PENDING,VALIDATION,lg-6c4bc6cfa954,English,JSONL row source_index=120,,False,
ext-iqa-pass-025,insuranceqa,data/benchmarks/qa/insuranceqa/data_insuranceqa_1000.jsonl,insuranceqa:896,,question_id:896,Can You Get Car Insurance With A Suspended Drivers License?,"Question: Can You Get Car Insurance With A Suspended Drivers License?
Answer: That is a great question ! While it will be difficult to get insurance , it is possible . What you will need to do is contact your agent , and find out what they will need to issue you a policy . In most cases , that will mean satisfying the requirements to get your license reinstated - fines paid , classes taken , whatever was required of you . Having your license suspended is bad , but it will be infinitely worse for you if you get caught driving on it , and you are uninsured . Please do n't even consider it ! Good luck , and thanks for asking !","That is a great question ! While it will be difficult to get insurance , it is possible . What you will need to do is contact your agent , and find out what they will need to issue you a policy . In most cases , that will mean satisfying the requirements to get your license reinstated - fines paid , classes taken , whatever was required of you . Having your license suspended is bad , but it will be infinitely worse for you if you get caught driving on it , and you are uninsured . Please do n't even consider it ! Good luck , and thanks for asking !",iqa-question:896,iqa-document:896,,,motor,,,,,,,,,,,,,,,,PENDING,VALIDATION,lg-aba2c9e7a82d,English,JSONL row source_index=896,,False,
ext-iqa-pass-026,insuranceqa,data/benchmarks/qa/insuranceqa/data_insuranceqa_1000.jsonl,insuranceqa:224,,question_id:224,How Long Does A Homeowners Insurance Claim Stay On Record?,"Question: How Long Does A Homeowners Insurance Claim Stay On Record?
Answer: As a matter of practice most insurance companies look back at three years of losses . Companies are particularly concerned about recurring losses . These usually indicate poor maintenance or a design flaw in the residence . Recurring water damage losses from a leaky roof are a concern . There are situations where the initial repair did not fix the root cause and continued claims can be expected .",As a matter of practice most insurance companies look back at three years of losses . Companies are particularly concerned about recurring losses . These usually indicate poor maintenance or a design flaw in the residence . Recurring water damage losses from a leaky roof are a concern . There are situations where the initial repair did not fix the root cause and continued claims can be expected .,iqa-question:224,iqa-document:224,,,general_insurance,,,,,,,,,,,,,,,,PENDING,LOCKED_HOLDOUT_CANDIDATE,lg-9e8009daaecf,English,JSONL row source_index=224,,False,
ext-iqa-pass-027,insuranceqa,data/benchmarks/qa/insuranceqa/data_insuranceqa_1000.jsonl,insuranceqa:773,,question_id:773,What Services Does Medicare Part D Cover?,"Question: What Services Does Medicare Part D Cover?
Answer: Medicare Part D covers a portion of your outpatient Rx benefits . Part D is available from private insurance carriers and has a monthly premium of anywhere from $ 15 monthly on up to over $ 100 . Each plan is different . Some have deductibles , some do n't . All have copay 's . Check your formulary before signing up .","Medicare Part D covers a portion of your outpatient Rx benefits . Part D is available from private insurance carriers and has a monthly premium of anywhere from $ 15 monthly on up to over $ 100 . Each plan is different . Some have deductibles , some do n't . All have copay 's . Check your formulary before signing up .",iqa-question:773,iqa-document:773,,,health,,,,,,,,,,,,,,,,PENDING,VALIDATION,lg-1d1ce626b09d,English,JSONL row source_index=773,,False,
ext-iqa-pass-028,insuranceqa,data/benchmarks/qa/insuranceqa/data_insuranceqa_1000.jsonl,insuranceqa:10,,question_id:10,I Have A Qualified Variable Annuity. What Is That Exactly?,"Question: I Have A Qualified Variable Annuity. What Is That Exactly?
Answer: That is a great question ! I 'd strongly advise that you check with your annuity 's agent or your tax adviser before doing anything . You mentioned that you were willing to pay penalties and taxes , so I 'm assuming that there is a pressing need for cash , or a great dislike for the policy/agent/company that has caused you to decide to gut your annuity ? If so , I 'd again advise caution . If you surrender your annuity , and it was meant to fuel your retirement , what is your plan to replace it ? Will you end up suffering for many years for a temporary hardship if you surrender the annuity ? Maybe it might be wiser to see what cash withdrawal you can make from the annuity without fees -LRB- you are allowed a certain amount without penalties or fees , and more if you are willing to pay any surrender fees that may still be applicable -RRB- and leave the annuity intact ; you may also want to look at borrowing from a cash value of any whole life policy that you may have , as that also is a quick and relatively painless way to get cash . If your heart is set upon surrendering it , please bear in mind that there will be a 10 % penalty , possible surrender fees , and a major tax bite from the amount that you might expect to get . Please assume that if you are lucky , you will recieve roughly half of what you are expecting to receive , depending upon your tax bracket . This type of investment is designed specifically for saving , and stopping the process is very costly . To start the process , contact your agent who sold you the annuity , or the plan administrator , and tell them of your intentions . If you would like to discuss this further , please do not hesitate to contact me , okay ? I 'd be happy to help . Good luck , and thank you for asking !","That is a great question ! I 'd strongly advise that you check with your annuity 's agent or your tax adviser before doing anything . You mentioned that you were willing to pay penalties and taxes , so I 'm assuming that there is a pressing need for cash , or a great dislike for the policy/agent/company that has caused you to decide to gut your annuity ? If so , I 'd again advise caution . If you surrender your annuity , and it was meant to fuel your retirement , what is your plan to replace it ? Will you end up suffering for many years for a temporary hardship if you surrender the annuity ? Maybe it might be wiser to see what cash withdrawal you can make from the annuity without fees -LRB- you are allowed a certain amount without penalties or fees , and more if you are willing to pay any surrender fees that may still be applicable -RRB- and leave the annuity intact ; you may also want to look at borrowing from a cash value of any whole life policy that you may have , as that also is a quick and relatively painless way to get cash . If your heart is set upon surrendering it , please bear in mind that there will be a 10 % penalty , possible surrender fees , and a major tax bite from the amount that you might expect to get . Please assume that if you are lucky , you will recieve roughly half of what you are expecting to receive , depending upon your tax bracket . This type of investment is designed specifically for saving , and stopping the process is very costly . To start the process , contact your agent who sold you the annuity , or the plan administrator , and tell them of your intentions . If you would like to discuss this further , please do not hesitate to contact me , okay ? I 'd be happy to help . Good luck , and thank you for asking !",iqa-question:10,iqa-document:10,,,life,,,,,,,,,,,,,,,,PENDING,CALIBRATION,lg-0be3095c3478,English,JSONL row source_index=10,,False,
ext-iqa-pass-029,insuranceqa,data/benchmarks/qa/insuranceqa/data_insuranceqa_1000.jsonl,insuranceqa:765,,question_id:765,What Good Is Long Term Care Insurance?,"Question: What Good Is Long Term Care Insurance?
Answer: A long term care policy is only as good as the contract stipulates . And the contract is only as good as the insurance company that issued the policy . But long term care insurance can fund periods of assisted living and/or nursing home care , that can be very expensive . It 's part of defensive retirement planning .","A long term care policy is only as good as the contract stipulates . And the contract is only as good as the insurance company that issued the policy . But long term care insurance can fund periods of assisted living and/or nursing home care , that can be very expensive . It 's part of defensive retirement planning .",iqa-question:765,iqa-document:765,,,general_insurance,,,,,,,,,,,,,,,,PENDING,LOCKED_HOLDOUT_CANDIDATE,lg-33989e349e5c,English,JSONL row source_index=765,,False,
ext-iqa-pass-030,insuranceqa,data/benchmarks/qa/insuranceqa/data_insuranceqa_1000.jsonl,insuranceqa:893,,question_id:893,Where Can I Buy Disability Insurance?,"Question: Where Can I Buy Disability Insurance?
Answer: Disability insurance can be purchased from a variety of companies . You may apply online , call a company direct or purchase it from your local insurance agent . However , it truly is one of the complex insurance policies on the market . I recommend using an experienced disability insurance broker to shop the market to find the best product at the best price for your unique situation .","Disability insurance can be purchased from a variety of companies . You may apply online , call a company direct or purchase it from your local insurance agent . However , it truly is one of the complex insurance policies on the market . I recommend using an experienced disability insurance broker to shop the market to find the best product at the best price for your unique situation .",iqa-question:893,iqa-document:893,,,health,,,,,,,,,,,,,,,,PENDING,VALIDATION,lg-6c4bc6cfa954,English,JSONL row source_index=893,,False,
ext-iqa-pass-031,insuranceqa,data/benchmarks/qa/insuranceqa/data_insuranceqa_1000.jsonl,insuranceqa:274,,question_id:274,What Feature Is Unique To Annuities?,"Question: What Feature Is Unique To Annuities?
Answer: The key features unique to Annuities are : # 1 interest earned is not taxed throughout the accumulation period . # 2 . Distributions are fully guaranteed and have multiple options such as period certain , lifetime of the annuitant among others # 3 . Unlike qualified plans such as an IRA , an annuity owner can also chose to not take distributions and let the funds in the annuity pass directly to their beneficiary . Other products have some of the features of annuities however only annuities combine the features outlined here . .","The key features unique to Annuities are : # 1 interest earned is not taxed throughout the accumulation period . # 2 . Distributions are fully guaranteed and have multiple options such as period certain , lifetime of the annuitant among others # 3 . Unlike qualified plans such as an IRA , an annuity owner can also chose to not take distributions and let the funds in the annuity pass directly to their beneficiary . Other products have some of the features of annuities however only annuities combine the features outlined here . .",iqa-question:274,iqa-document:274,,,general_insurance,,,,,,,,,,,,,,,,PENDING,LOCKED_HOLDOUT_CANDIDATE,lg-43edded82d7c,English,JSONL row source_index=274,,False,
ext-iqa-pass-032,insuranceqa,data/benchmarks/qa/insuranceqa/data_insuranceqa_1000.jsonl,insuranceqa:905,,question_id:905,What Is The Waiting Period For Disability Insurance?,"Question: What Is The Waiting Period For Disability Insurance?
Answer: The waiting period , also known as the elimination period , varies from plan to plan . For short term disability insurance , the common elimination periods are 7 and 14 days . For long term disability insurance , the most favorable ep is 90 days , but some policies are written with 180 or even 365 eps . The longer eps are usually to offset the cost as it 's cheaper when the waiting period is longer .","The waiting period , also known as the elimination period , varies from plan to plan . For short term disability insurance , the common elimination periods are 7 and 14 days . For long term disability insurance , the most favorable ep is 90 days , but some policies are written with 180 or even 365 eps . The longer eps are usually to offset the cost as it 's cheaper when the waiting period is longer .",iqa-question:905,iqa-document:905,,,health,,,,,,,,,,,,,,,,PENDING,LOCKED_HOLDOUT_CANDIDATE,lg-a596cce11c22,English,JSONL row source_index=905,,False,
ext-iqa-pass-033,insuranceqa,data/benchmarks/qa/insuranceqa/data_insuranceqa_1000.jsonl,insuranceqa:885,,question_id:885,Can I Get Life Insurance After A Stroke?,"Question: Can I Get Life Insurance After A Stroke?
Answer: If you have had one stroke that had minimal effects and several years have passed since having the stroke , you may be able to get a medically underwritten policy of any amount for which you financially qualify , with immediate death benefit . If your stroke impacted your health enough that you needed to go on Disability but you are still able to do all your own activities of daily living and walk without personal assistance -LRB- can or walker is OK -RRB- , then there are a number of simplified issue policies that may or not be graded , that you can get . If your stroke caused you to require use of a wheelchair , home health or nursing home care -LRB- inability to do your own ADL 's -RRB- , or causes significant confusion , then guaranteed issue policies are available to most people . These are more restrictive in features than the other policies , but are available for final expense purposes . Contact an impaired risk underwriting agency that carries all these types of policies and understands life insurance underwriting for stroke , and you will get your best price .","If you have had one stroke that had minimal effects and several years have passed since having the stroke , you may be able to get a medically underwritten policy of any amount for which you financially qualify , with immediate death benefit . If your stroke impacted your health enough that you needed to go on Disability but you are still able to do all your own activities of daily living and walk without personal assistance -LRB- can or walker is OK -RRB- , then there are a number of simplified issue policies that may or not be graded , that you can get . If your stroke caused you to require use of a wheelchair , home health or nursing home care -LRB- inability to do your own ADL 's -RRB- , or causes significant confusion , then guaranteed issue policies are available to most people . These are more restrictive in features than the other policies , but are available for final expense purposes . Contact an impaired risk underwriting agency that carries all these types of policies and understands life insurance underwriting for stroke , and you will get your best price .",iqa-question:885,iqa-document:885,,,life,,,,,,,,,,,,,,,,PENDING,CALIBRATION,lg-5d4ec89b8176,English,JSONL row source_index=885,,False,
ext-iqa-pass-034,insuranceqa,data/benchmarks/qa/insuranceqa/data_insuranceqa_1000.jsonl,insuranceqa:197,,question_id:197,How Much Does It Cost For Level Term Life Insurance?,"Question: How Much Does It Cost For Level Term Life Insurance?
Answer: There is no one set cost to level Term Life Insurance . However , a rule of thumb is , the longer the term , the higher the premium . That is because the insurance companies average out what the policy would cost at your starting age , and the cost of insurance for the ending age of the term policy you chose . If you took out a 10 year Term policy at age 35 , the policy will end -LRB- or the price will go up drastically -RRB- at your age 45 . Mortality rates are not real high at age 45 , so the premium will be relatively low . If you locked that premium in for 30 years , the policy will end at your age 65 , which is when mortality rates are much higher . Therefore , the premium will be higher . However , the premium you have locked in is based on your health at age 35 . And that can make it be a very good deal .","There is no one set cost to level Term Life Insurance . However , a rule of thumb is , the longer the term , the higher the premium . That is because the insurance companies average out what the policy would cost at your starting age , and the cost of insurance for the ending age of the term policy you chose . If you took out a 10 year Term policy at age 35 , the policy will end -LRB- or the price will go up drastically -RRB- at your age 45 . Mortality rates are not real high at age 45 , so the premium will be relatively low . If you locked that premium in for 30 years , the policy will end at your age 65 , which is when mortality rates are much higher . Therefore , the premium will be higher . However , the premium you have locked in is based on your health at age 35 . And that can make it be a very good deal .",iqa-question:197,iqa-document:197,,,life,,,,,,,,,,,,,,,,PENDING,CALIBRATION,lg-e4e12d64d217,English,JSONL row source_index=197,,False,
ext-iqa-pass-035,insuranceqa,data/benchmarks/qa/insuranceqa/data_insuranceqa_1000.jsonl,insuranceqa:836,,question_id:836,Will Medicare Pay For Hospice?,"Question: Will Medicare Pay For Hospice?
Answer: That is a great question , and one with a great answer ! Yes , Medicare Part A pays for end of life treatment . You will need a Doctor 's certification that your loved one is expected to pass within 6 months , and that no further restorative procedures are to be implemented . It does n't matter if the hospice care is given in your home , or a facility , as long as it is Medicare approved . You may also need a living will , or something similar to qualify . It will also pay for up to 5 days of respite care , if you need to take a break . Thanks for asking !","That is a great question , and one with a great answer ! Yes , Medicare Part A pays for end of life treatment . You will need a Doctor 's certification that your loved one is expected to pass within 6 months , and that no further restorative procedures are to be implemented . It does n't matter if the hospice care is given in your home , or a facility , as long as it is Medicare approved . You may also need a living will , or something similar to qualify . It will also pay for up to 5 days of respite care , if you need to take a break . Thanks for asking !",iqa-question:836,iqa-document:836,,,health,,,,,,,,,,,,,,,,PENDING,CALIBRATION,lg-998dc2e43ba5,English,JSONL row source_index=836,,False,
ext-iqa-pass-036,insuranceqa,data/benchmarks/qa/insuranceqa/data_insuranceqa_1000.jsonl,insuranceqa:588,,question_id:588,How Much Does Life Insurance Underwriters Make?,"Question: How Much Does Life Insurance Underwriters Make?
Answer: Life insurance underwriters are generally paid on the basis of the amount of insurance they are permitted to underwrite , i.e. a $ 500,000 authority may define a `` junior '' underwriter who can make $ 50,000 to $ 75,000 . A senior underwriter with seasoned experience is going to make a six figure income . Senior underwriters who also are MDs can make considerably more ,","Life insurance underwriters are generally paid on the basis of the amount of insurance they are permitted to underwrite , i.e. a $ 500,000 authority may define a `` junior '' underwriter who can make $ 50,000 to $ 75,000 . A senior underwriter with seasoned experience is going to make a six figure income . Senior underwriters who also are MDs can make considerably more ,",iqa-question:588,iqa-document:588,,,life,,,,,,,,,,,,,,,,PENDING,LOCKED_HOLDOUT_CANDIDATE,lg-8d7e2acf95d5,English,JSONL row source_index=588,,False,
ext-iqa-pass-037,insuranceqa,data/benchmarks/qa/insuranceqa/data_insuranceqa_1000.jsonl,insuranceqa:545,,question_id:545,What Is The Best Medicare Plan In California?,"Question: What Is The Best Medicare Plan In California?
Answer: California has a lot of good Medicare plans , and there is surely one that is `` best '' for you . Medicare insurance rates vary greatly by age , tobacco use , zip code and plan design . The older you are the higher your Medicare supplement rate will be . The exception is for those who are under age 65 and on disability and Medicare . In most states rates for under age 65 are astronomical . Tobacco use often adds 20 % to the rate but can be more , depending on the carrier . Online sites offering instant Medicare plan rates can be helpful but if you want the lowest rates you need to talk to an independent Medicare agent .","California has a lot of good Medicare plans , and there is surely one that is `` best '' for you . Medicare insurance rates vary greatly by age , tobacco use , zip code and plan design . The older you are the higher your Medicare supplement rate will be . The exception is for those who are under age 65 and on disability and Medicare . In most states rates for under age 65 are astronomical . Tobacco use often adds 20 % to the rate but can be more , depending on the carrier . Online sites offering instant Medicare plan rates can be helpful but if you want the lowest rates you need to talk to an independent Medicare agent .",iqa-question:545,iqa-document:545,,,health,,,,,,,,,,,,,,,,PENDING,CALIBRATION,lg-75f840a070a5,English,JSONL row source_index=545,,False,
ext-iqa-pass-038,insuranceqa,data/benchmarks/qa/insuranceqa/data_insuranceqa_1000.jsonl,insuranceqa:487,,question_id:487,At What Age Can You Collect Medicare?,"Question: At What Age Can You Collect Medicare?
Answer: You can collect Medicare Part A and Part B at age 65 if you or your spouse has paid Medicare taxes for at least 40 quarters . You can collect Medicare under age 65 if you have been receiving Social Security Disability benefits for 24 months , and in several other circumstances .","You can collect Medicare Part A and Part B at age 65 if you or your spouse has paid Medicare taxes for at least 40 quarters . You can collect Medicare under age 65 if you have been receiving Social Security Disability benefits for 24 months , and in several other circumstances .",iqa-question:487,iqa-document:487,,,health,,,,,,,,,,,,,,,,PENDING,CALIBRATION,lg-6cc4ba0e7bee,English,JSONL row source_index=487,,False,
ext-iqa-pass-039,insuranceqa,data/benchmarks/qa/insuranceqa/data_insuranceqa_1000.jsonl,insuranceqa:438,,question_id:438,How Would You Calculate The Expected Return On A Life Insurance Policy?,"Question: How Would You Calculate The Expected Return On A Life Insurance Policy?
Answer: Before you break out your HP12c calculator , consider this . Almost all proposals illustrate internal rate of return on both death benefit and cash values . If you have an existing life insurance policy you can order whats called an in force ledger and request the internal rate of return on both death benefit and cash values .","Before you break out your HP12c calculator , consider this . Almost all proposals illustrate internal rate of return on both death benefit and cash values . If you have an existing life insurance policy you can order whats called an in force ledger and request the internal rate of return on both death benefit and cash values .",iqa-question:438,iqa-document:438,,,life,,,,,,,,,,,,,,,,PENDING,LOCKED_HOLDOUT_CANDIDATE,lg-2a530e51e40c,English,JSONL row source_index=438,,False,
ext-iqa-pass-040,insuranceqa,data/benchmarks/qa/insuranceqa/data_insuranceqa_1000.jsonl,insuranceqa:263,,question_id:263,Is Mutual Fund Better Than Stock?,"Question: Is Mutual Fund Better Than Stock?
Answer: A mutual fund is a share in an investment company . According to the prospectus it invests the funds using a particular investment strategy . The fund is generally quite diversified reducing the risk of a particular security suffering a great loss . At the same time this diversity dampens the effect of a particular security contained in the fund experiencing enormous gains . The mutually fund is generally viewed as being less volatile and more diversified .",A mutual fund is a share in an investment company . According to the prospectus it invests the funds using a particular investment strategy . The fund is generally quite diversified reducing the risk of a particular security suffering a great loss . At the same time this diversity dampens the effect of a particular security contained in the fund experiencing enormous gains . The mutually fund is generally viewed as being less volatile and more diversified .,iqa-question:263,iqa-document:263,,,general_insurance,,,,,,,,,,,,,,,,PENDING,VALIDATION,lg-c34c21dbcd45,English,JSONL row source_index=263,,False,
ext-iqa-pass-041,insuranceqa,data/benchmarks/qa/insuranceqa/data_insuranceqa_1000.jsonl,insuranceqa:349,,question_id:349,Is Zostavax Covered By Medicare?,"Question: Is Zostavax Covered By Medicare?
Answer: It will depend on the prescription drug plan you are in . Medicare only covers certain injectable , chemotherapy drugs under Part B . The best way to find out which plan covers your drugs is to go to Medicare.Gov and look under find Medicare Plans . If you have a problem doing this a good agent can help walk you through the process or look them up for you . If you have a prescription drug plan , you should have received a copy of their formulary . If not go on the company website and you can usually find out that way , or call the customer service number on the back of your card .","Based on the supplied context, it will depend on the prescription drug plan you are in . Medicare only covers certain injectable , chemotherapy drugs under Part B . The best way to find out which plan covers your drugs is to go to Medicare.Gov and look under find Medicare Plans . If you have a problem doing this a good agent can help walk you through the process or look them up for you . If you have a prescription drug plan , you should have received a copy of their formulary . If not go on the company website and you can usually find out that way , or call the customer service number on the back of your card .",iqa-question:349,iqa-document:349,,,health,,,,,,,,,,,,,,,,PENDING,VALIDATION,lg-bce999019bc2,English,JSONL row source_index=349,,False,
ext-iqa-pass-042,insuranceqa,data/benchmarks/qa/insuranceqa/data_insuranceqa_1000.jsonl,insuranceqa:344,,question_id:344,Does Medicare Cover Viagra Cialis?,"Question: Does Medicare Cover Viagra Cialis?
Answer: Medicare does not pay for Viagra , Cialis , Levitra or other erectile dysfunction drugs . They are not covered in Part B Medicare and excluded by Part D Medicare Drug Plans . The coverage ended in 2006 , when Congress determined them `` lifestyle '' drugs instead of medically necessary drugs . Since then , penile vacuum pumps , or , if those are ineffective , implanted penile inflation devices , are the only treatments for erectile dysfunction that are covered by Medicare .","Based on the supplied context, medicare does not pay for Viagra , Cialis , Levitra or other erectile dysfunction drugs . They are not covered in Part B Medicare and excluded by Part D Medicare Drug Plans . The coverage ended in 2006 , when Congress determined them `` lifestyle '' drugs instead of medically necessary drugs . Since then , penile vacuum pumps , or , if those are ineffective , implanted penile inflation devices , are the only treatments for erectile dysfunction that are covered by Medicare .",iqa-question:344,iqa-document:344,,,health,,,,,,,,,,,,,,,,PENDING,VALIDATION,lg-06d04824ff51,English,JSONL row source_index=344,,False,
ext-iqa-pass-043,insuranceqa,data/benchmarks/qa/insuranceqa/data_insuranceqa_1000.jsonl,insuranceqa:525,,question_id:525,Which Section Of Medicare Pays For Ambulatory Service?,"Question: Which Section Of Medicare Pays For Ambulatory Service?
Answer: Medicare Part B will cover ambulance services that are medically necessary . Even though original Medicare does not have networks , you need to understand that Medicare has a fee schedule for things such as medical transport companies . What Medicare is willing to pay for ambulance transport may not be enough to satisfy the bill presented by the ambulance company .","Based on the supplied context, medicare Part B will cover ambulance services that are medically necessary . Even though original Medicare does not have networks , you need to understand that Medicare has a fee schedule for things such as medical transport companies . What Medicare is willing to pay for ambulance transport may not be enough to satisfy the bill presented by the ambulance company .",iqa-question:525,iqa-document:525,,,health,,,,,,,,,,,,,,,,PENDING,VALIDATION,lg-e91671ac667e,English,JSONL row source_index=525,,False,
ext-iqa-pass-044,insuranceqa,data/benchmarks/qa/insuranceqa/data_insuranceqa_1000.jsonl,insuranceqa:371,,question_id:371,What Is The Benefit Of Renters Insurance?,"Question: What Is The Benefit Of Renters Insurance?
Answer: Renters insurance is for renters of homes and apartments as house insurance is for those who own the house . Renters insurance protects YOUR property if there is a loss from say a fire . The biggest issue is what kind of policy you have . Does your insurance give yoy replacement cost or just current value . There is a big difference . Think about what you stuff costs today versus purchasing brand new .","Based on the supplied context, renters insurance is for renters of homes and apartments as house insurance is for those who own the house . Renters insurance protects YOUR property if there is a loss from say a fire . The biggest issue is what kind of policy you have . Does your insurance give yoy replacement cost or just current value . There is a big difference . Think about what you stuff costs today versus purchasing brand new .",iqa-question:371,iqa-document:371,,,household,,,,,,,,,,,,,,,,PENDING,VALIDATION,lg-2f27fd06051f,English,JSONL row source_index=371,,False,
ext-iqa-pass-045,insuranceqa,data/benchmarks/qa/insuranceqa/data_insuranceqa_1000.jsonl,insuranceqa:357,,question_id:357,Is travel insurance worth the money?,"Question: Is travel insurance worth the money?
Answer: To determine the value of a travel insurance policy review the coverage that you currently have . Some people have coverage that extends to the locality where they live , or the state in which they reside . Coverage outside of that specified area can be highly limited . The issue becomes more severe with most plans when you travel overseas . If your current coverage is inadequate to cover potential difficulties secure a travel insurance policy . Personally , I travel overseas frequently and never purchase travel insurance .","Based on the supplied context, to determine the value of a travel insurance policy review the coverage that you currently have . Some people have coverage that extends to the locality where they live , or the state in which they reside . Coverage outside of that specified area can be highly limited . The issue becomes more severe with most plans when you travel overseas . If your current coverage is inadequate to cover potential difficulties secure a travel insurance policy . Personally , I travel overseas frequently and never purchase travel insurance .",iqa-question:357,iqa-document:357,,,travel_assistance,,,,,,,,,,,,,,,,PENDING,CALIBRATION,lg-fb55c6c4f298,English,JSONL row source_index=357,,False,
ext-iqa-pass-046,insuranceqa,data/benchmarks/qa/insuranceqa/data_insuranceqa_1000.jsonl,insuranceqa:647,,question_id:647,Why Is An Equity Indexed Annuity Considered To Be A Fixed Annuity?,"Question: Why Is An Equity Indexed Annuity Considered To Be A Fixed Annuity?
Answer: Because it a FIXED AND GUARANTEED RATEBOF RETURN . You ca n't lose your principle and average GUARANTEED rates are around 2 % on the low end to 4 % on the high end . You get a nominal/limited upside gain of the stock market along with knowing you ca n't lose any money . Somewhat fixed .","Based on the supplied context, because it a FIXED AND GUARANTEED RATEBOF RETURN . You ca n't lose your principle and average GUARANTEED rates are around 2 % on the low end to 4 % on the high end . You get a nominal/limited upside gain of the stock market along with knowing you ca n't lose any money . Somewhat fixed .",iqa-question:647,iqa-document:647,,,life,,,,,,,,,,,,,,,,PENDING,CALIBRATION,lg-f7c3426f7595,English,JSONL row source_index=647,,False,
ext-iqa-pass-047,insuranceqa,data/benchmarks/qa/insuranceqa/data_insuranceqa_1000.jsonl,insuranceqa:855,,question_id:855,When Does Health Insurance End When Leaving A Job?,"Question: When Does Health Insurance End When Leaving A Job?
Answer: If you leave your job or are terminated your health insurance usually ends at the end of the month you left your job . At that time you would be eligible for COBRA continuation coverage for 18 months or you could purchase indivdiual health insurance . COBRA used to be the best option if you had a pre-exisitng condition but under the Affordable Care Act , commonly known as Obamacare , you can purchase individual coverage with no issues . You have to prove that you have a qualifying event under the IRS code which is a letter of Creditable Coverage from your former health insurance company or employer .","Based on the supplied context, if you leave your job or are terminated your health insurance usually ends at the end of the month you left your job . At that time you would be eligible for COBRA continuation coverage for 18 months or you could purchase indivdiual health insurance . COBRA used to be the best option if you had a pre-exisitng condition but under the Affordable Care Act , commonly known as Obamacare , you can purchase individual coverage with no issues . You have to prove that you have a qualifying event under the IRS code which is a letter of Creditable Coverage from your former health insurance company or employer .",iqa-question:855,iqa-document:855,,,health,,,,,,,,,,,,,,,,PENDING,LOCKED_HOLDOUT_CANDIDATE,lg-bf57042a42f4,English,JSONL row source_index=855,,False,
ext-iqa-pass-048,insuranceqa,data/benchmarks/qa/insuranceqa/data_insuranceqa_1000.jsonl,insuranceqa:433,,question_id:433,How To Find Out What My Health Insurance Covers?,"Question: How To Find Out What My Health Insurance Covers?
Answer: Your best resource for information about a policy that is already in force is from the insurance carrier directly . There will be a toll free number on your card . If you have a direct relationship with an agent who helped you purchase the policy , that person can be of assistance if you run into any challenges . The people at the carrier 's call center are human too and sometimes you can get bad information simply due to human error . If you think an answer is wrong , call back and get another representative . If you get stuck , call your agent !","Based on the supplied context, your best resource for information about a policy that is already in force is from the insurance carrier directly . There will be a toll free number on your card . If you have a direct relationship with an agent who helped you purchase the policy , that person can be of assistance if you run into any challenges . The people at the carrier 's call center are human too and sometimes you can get bad information simply due to human error . If you think an answer is wrong , call back and get another representative . If you get stuck , call your agent !",iqa-question:433,iqa-document:433,,,health,,,,,,,,,,,,,,,,PENDING,VALIDATION,lg-bb496bd62b0e,English,JSONL row source_index=433,,False,
ext-iqa-pass-049,insuranceqa,data/benchmarks/qa/insuranceqa/data_insuranceqa_1000.jsonl,insuranceqa:611,,question_id:611,How To Get Life Insurance On Ex Husband?,"Question: How To Get Life Insurance On Ex Husband?
Answer: Depending on your divorce and how it has panned out . The ex spouse may see the need to have life insurance to provide protection when kids are involved . They may not , see a need at all and that would be where you petition the court and let the court decide the need for him .","Based on the supplied context, depending on your divorce and how it has panned out . The ex spouse may see the need to have life insurance to provide protection when kids are involved . They may not , see a need at all and that would be where you petition the court and let the court decide the need for him .",iqa-question:611,iqa-document:611,,,life,,,,,,,,,,,,,,,,PENDING,LOCKED_HOLDOUT_CANDIDATE,lg-efa66051644a,English,JSONL row source_index=611,,False,
ext-iqa-pass-050,insuranceqa,data/benchmarks/qa/insuranceqa/data_insuranceqa_1000.jsonl,insuranceqa:902,,question_id:902,Can An 88 Year Old Get Life Insurance?,"Question: Can An 88 Year Old Get Life Insurance?
Answer: I actually had a case for an 88-year-old a couple of years ago . It was rather interesting . What we had going for us was the following : A number of companies will issue a policy up to age 90 . Out of these , some will specialize in ages over 65 . The insured had a number of medical issues , but they were well-controlled . The challenge was getting the money to pay for the coverage . Since the family would benefit , efforts were made to have the family help pay the premium . This is where things got a little tough . Assuming the money is there , this can be done .","Based on the supplied context, i actually had a case for an 88-year-old a couple of years ago . It was rather interesting . What we had going for us was the following : A number of companies will issue a policy up to age 90 . Out of these , some will specialize in ages over 65 . The insured had a number of medical issues , but they were well-controlled . The challenge was getting the money to pay for the coverage . Since the family would benefit , efforts were made to have the family help pay the premium . This is where things got a little tough . Assuming the money is there , this can be done .",iqa-question:902,iqa-document:902,,,life,,,,,,,,,,,,,,,,PENDING,CALIBRATION,lg-16b8e6895d05,English,JSONL row source_index=902,,False,
ext-iqa-pass-051,insuranceqa,data/benchmarks/qa/insuranceqa/data_insuranceqa_1000.jsonl,insuranceqa:590,,question_id:590,Why Do I Have To Have Homeowners Insurance?,"Question: Why Do I Have To Have Homeowners Insurance?
Answer: Technically you do not have to have homeowners insurance . It is not required at this time by law in any of the states in the United States to the best of my knowledge . Your mortgage lender will typically require homeowners insurance coverage to protect themselves against loss in the event of a covered loss . There are way to many reasons to list here as to why you should have coverage . Please contact a local agent to discuss your coverage needs and concerns .","Based on the supplied context, technically you do not have to have homeowners insurance . It is not required at this time by law in any of the states in the United States to the best of my knowledge . Your mortgage lender will typically require homeowners insurance coverage to protect themselves against loss in the event of a covered loss . There are way to many reasons to list here as to why you should have coverage . Please contact a local agent to discuss your coverage needs and concerns .",iqa-question:590,iqa-document:590,,,general_insurance,,,,,,,,,,,,,,,,PENDING,VALIDATION,lg-5ec7b9af0c61,English,JSONL row source_index=590,,False,
ext-iqa-pass-052,insuranceqa,data/benchmarks/qa/insuranceqa/data_insuranceqa_1000.jsonl,insuranceqa:923,,question_id:923,Does Renters Insurance Cover Sewage Backup?,"Question: Does Renters Insurance Cover Sewage Backup?
Answer: Renters insurance does not cover sewage backup on its own . There is an endorsement available to add this coverage , usually for just a few dollars per month . It 's worth remembering that endorsements must be made before a loss occurs . You can not call your insurance agent and add the water and sewage backup endorsement after you discover the problem , there will be no coverage because the endorsement was not applied at the time the loss occurred .","Based on the supplied context, renters insurance does not cover sewage backup on its own . There is an endorsement available to add this coverage , usually for just a few dollars per month . It 's worth remembering that endorsements must be made before a loss occurs . You can not call your insurance agent and add the water and sewage backup endorsement after you discover the problem , there will be no coverage because the endorsement was not applied at the time the loss occurred .",iqa-question:923,iqa-document:923,,,household,,,,,,,,,,,,,,,,PENDING,VALIDATION,lg-92604aa92260,English,JSONL row source_index=923,,False,
ext-iqa-pass-053,insuranceqa,data/benchmarks/qa/insuranceqa/data_insuranceqa_1000.jsonl,insuranceqa:262,,question_id:262,Will Annuity Rates Go Up?,"Question: Will Annuity Rates Go Up?
Answer: Annuity Rates are directly tied to the Fed Funds Rate & to 10 Year Treasury Rates . Both of these are at historical lows at the moment . Most financial experts claim that interest rates should rise over the next 5 years . If this happens , Annuity Rates will rise as along with them .","Based on the supplied context, annuity Rates are directly tied to the Fed Funds Rate & to 10 Year Treasury Rates . Both of these are at historical lows at the moment . Most financial experts claim that interest rates should rise over the next 5 years . If this happens , Annuity Rates will rise as along with them .",iqa-question:262,iqa-document:262,,,life,,,,,,,,,,,,,,,,PENDING,VALIDATION,lg-2f02a4071f1a,English,JSONL row source_index=262,,False,
ext-iqa-pass-054,insuranceqa,data/benchmarks/qa/insuranceqa/data_insuranceqa_1000.jsonl,insuranceqa:849,,question_id:849,What Is A Governmental 457 Retirement Plan?,"Question: What Is A Governmental 457 Retirement Plan?
Answer: Assuming youre referring to 457 -LRB- b -RRB- retirement plans , 457 -LRB- b -RRB- deferred compensation plans that are available in government and non-government organizations under 501 -LRB- c -RRB- . Theres no 59 penalty as long as the plan participant is retiring or ending employment . Government 457 can be rolled personal over to IRAs . Nonprofit workers can only roll their 457 plans over to another 457 plan . 2013 contribution limits are $ 17,500 and an extra $ 5,500 if you are age 50 or older .","Based on the supplied context, assuming youre referring to 457 -LRB- b -RRB- retirement plans , 457 -LRB- b -RRB- deferred compensation plans that are available in government and non-government organizations under 501 -LRB- c -RRB- . Theres no 59 penalty as long as the plan participant is retiring or ending employment . Government 457 can be rolled personal over to IRAs . Nonprofit workers can only roll their 457 plans over to another 457 plan . 2013 contribution limits are $ 17,500 and an extra $ 5,500 if you are age 50 or older .",iqa-question:849,iqa-document:849,,,retirement,,,,,,,,,,,,,,,,PENDING,VALIDATION,lg-55aa2726a798,English,JSONL row source_index=849,,False,
ext-iqa-pass-055,insuranceqa,data/benchmarks/qa/insuranceqa/data_insuranceqa_1000.jsonl,insuranceqa:556,,question_id:556,What Is Multiplan Health Insurance?,"Question: What Is Multiplan Health Insurance?
Answer: Multiplan health insurance is not health insurance . Multiplan is a national PPO network that is used by some health insurance carriers either as a primary network or secondary . There are medical discount plans that promote the benefits of the Multiplan network but discount plans should never be considered a substitute for true major medical coverage .","Based on the supplied context, multiplan health insurance is not health insurance . Multiplan is a national PPO network that is used by some health insurance carriers either as a primary network or secondary . There are medical discount plans that promote the benefits of the Multiplan network but discount plans should never be considered a substitute for true major medical coverage .",iqa-question:556,iqa-document:556,,,health,,,,,,,,,,,,,,,,PENDING,VALIDATION,lg-96158ce07170,English,JSONL row source_index=556,,False,
ext-iqa-pass-056,insuranceqa,data/benchmarks/qa/insuranceqa/data_insuranceqa_1000.jsonl,insuranceqa:869,,question_id:869,Does Subway Offer Health Insurance?,"Question: Does Subway Offer Health Insurance?
Answer: This is a good Question . With any Company , whether they provide employee health coverage or not will depend on many factors . Whether you are Part time or Full time , if there is a waiting period , etc etc. . It is important to know that even if your employer does not offer health benefits , you can apply for your OWN individual plan that you pay for and manage on your own . This may also be a good option because if you happen to leave that job , you wo n't have to worry about loosing your health coverage .","Based on the supplied context, this is a good Question . With any Company , whether they provide employee health coverage or not will depend on many factors . Whether you are Part time or Full time , if there is a waiting period , etc etc. . It is important to know that even if your employer does not offer health benefits , you can apply for your OWN individual plan that you pay for and manage on your own . This may also be a good option because if you happen to leave that job , you wo n't have to worry about loosing your health coverage .",iqa-question:869,iqa-document:869,,,health,,,,,,,,,,,,,,,,PENDING,CALIBRATION,lg-e965d718aa27,English,JSONL row source_index=869,,False,
ext-iqa-pass-057,insuranceqa,data/benchmarks/qa/insuranceqa/data_insuranceqa_1000.jsonl,insuranceqa:467,,question_id:467,How Does A Cash Balance Retirement Plan Work?,"Question: How Does A Cash Balance Retirement Plan Work?
Answer: Cash balance plans are qualified defined benefit plans under ERISA , the Employee Retirement Income Security Act of 1974 . Employers appreciate the discriminatory ability to favor business owners . Cash balance plans are also used in tandem with 401 -LRB- k -RRB- for enhanced contribution limits . The plans accumulate tax deferred and offer creditor protection .","Based on the supplied context, cash balance plans are qualified defined benefit plans under ERISA , the Employee Retirement Income Security Act of 1974 . Employers appreciate the discriminatory ability to favor business owners . Cash balance plans are also used in tandem with 401 -LRB- k -RRB- for enhanced contribution limits . The plans accumulate tax deferred and offer creditor protection .",iqa-question:467,iqa-document:467,,,retirement,,,,,,,,,,,,,,,,PENDING,LOCKED_HOLDOUT_CANDIDATE,lg-3484938e3c8d,English,JSONL row source_index=467,,False,
ext-iqa-pass-058,insuranceqa,data/benchmarks/qa/insuranceqa/data_insuranceqa_1000.jsonl,insuranceqa:513,,question_id:513,What Is The Best Critical Illness Insurance?,"Question: What Is The Best Critical Illness Insurance?
Answer: The best critical illness insurance is that which has the best features . Some things to look for are : 1 -RRB- How much of the benefit is paid for each illness , 2 -RRB- What is the special limitation period -LRB- how long you would have to wait before the policy would pay after issue -RRB- , 3 -RRB- How many illness are covered , 4 -RRB- Is the policy guaranteed renewable , 5 -RRB- How long is the premium guaranteed , 6 -RRB- Is there a reduction of benefits after a certain age , and 7 -RRB- Are riders offered -LRB- e.g. for accidental death -RRB- .","Based on the supplied context, the best critical illness insurance is that which has the best features . Some things to look for are : 1 -RRB- How much of the benefit is paid for each illness , 2 -RRB- What is the special limitation period -LRB- how long you would have to wait before the policy would pay after issue -RRB- , 3 -RRB- How many illness are covered , 4 -RRB- Is the policy guaranteed renewable , 5 -RRB- How long is the premium guaranteed , 6 -RRB- Is there a reduction of benefits after a certain age , and 7 -RRB- Are riders offered -LRB- e.g. for accidental death -RRB- .",iqa-question:513,iqa-document:513,,,general_insurance,,,,,,,,,,,,,,,,PENDING,LOCKED_HOLDOUT_CANDIDATE,lg-d52a46015bc0,English,JSONL row source_index=513,,False,
ext-iqa-pass-059,insuranceqa,data/benchmarks/qa/insuranceqa/data_insuranceqa_1000.jsonl,insuranceqa:166,,question_id:166,What Is The Best Supplemental Insurance Plan For Medicare?,"Question: What Is The Best Supplemental Insurance Plan For Medicare?
Answer: You will define what is best based on your particular needs and budget . All Medicare supplemental insurance plans with the same letter are identical in every way except the premium , the decision is much easier . Medigap plan F is the most popular , mostly because it is oversold . Far too many agents promote the plan because it is easy to explain . Medicare supplement plan F is also the most expensive plan ... and the one that pays agents the highest commission . I recently showed a couple how they could save over $ 1700 per year by switching from their current plan -LRB- with a big name carrier -RRB- to a smaller , but reputable carrier . There is no reason to pay more for the same coverage , even if you are rolling in dough . #GeorgiaMedicarePlans","Based on the supplied context, you will define what is best based on your particular needs and budget . All Medicare supplemental insurance plans with the same letter are identical in every way except the premium , the decision is much easier . Medigap plan F is the most popular , mostly because it is oversold . Far too many agents promote the plan because it is easy to explain . Medicare supplement plan F is also the most expensive plan ... and the one that pays agents the highest commission . I recently showed a couple how they could save over $ 1700 per year by switching from their current plan -LRB- with a big name carrier -RRB- to a smaller , but reputable carrier . There is no reason to pay more for the same coverage , even if you are rolling in dough . #GeorgiaMedicarePlans",iqa-question:166,iqa-document:166,,,health,,,,,,,,,,,,,,,,PENDING,LOCKED_HOLDOUT_CANDIDATE,lg-0842e3c07b93,English,JSONL row source_index=166,,False,
ext-iqa-pass-060,insuranceqa,data/benchmarks/qa/insuranceqa/data_insuranceqa_1000.jsonl,insuranceqa:970,,question_id:970,Why Is It So Hard To Sell Life Insurance?,"Question: Why Is It So Hard To Sell Life Insurance?
Answer: The vast majority of consumer centered advisers sell the appropriate life insurance product to meet the prospective purchasers personal suitability requirements . Providing good financial advice is not selling , it is more like a stewardship vocation or family consultant that uses the highest best practices in fiduciary trust . Product suitability trumps just selling a product .","Based on the supplied context, the vast majority of consumer centered advisers sell the appropriate life insurance product to meet the prospective purchasers personal suitability requirements . Providing good financial advice is not selling , it is more like a stewardship vocation or family consultant that uses the highest best practices in fiduciary trust . Product suitability trumps just selling a product .",iqa-question:970,iqa-document:970,,,life,,,,,,,,,,,,,,,,PENDING,CALIBRATION,lg-8472bb0c76c3,English,JSONL row source_index=970,,False,
ext-iqa-pass-061,insuranceqa,data/benchmarks/qa/insuranceqa/data_insuranceqa_1000.jsonl,insuranceqa:976,,question_id:976,Does Nationwide Offer Renters Insurance?,"Question: Does Nationwide Offer Renters Insurance?
Answer: Yes , indeed Nationwide does offer Renters Insurance . We have represented Nationwide in Connecticut since 1985 and regularly discuss the need for Renters Insurance with our clients who have that sort of need . The coverage is comprehensive and we work to customize a plan to best suit our clients need for protection at a reasonable and affordable price .","Based on the supplied context, yes , indeed Nationwide does offer Renters Insurance . We have represented Nationwide in Connecticut since 1985 and regularly discuss the need for Renters Insurance with our clients who have that sort of need . The coverage is comprehensive and we work to customize a plan to best suit our clients need for protection at a reasonable and affordable price .",iqa-question:976,iqa-document:976,,,household,,,,,,,,,,,,,,,,PENDING,LOCKED_HOLDOUT_CANDIDATE,lg-8a2118072fba,English,JSONL row source_index=976,,False,
ext-iqa-pass-062,insuranceqa,data/benchmarks/qa/insuranceqa/data_insuranceqa_1000.jsonl,insuranceqa:454,,question_id:454,Does Home Insurance Automatically Renew?,"Question: Does Home Insurance Automatically Renew?
Answer: Here in Connecticut , Homeowners ' Insurance policies are among those that continuously renew provided that your home continues to meet our insurance company 's underwriting guidelines as they have filed with the State Insurance Department . That having been said , is you fail to pay your premium , if the claims history becomes adverse or if you leave your home abandoned and vacant , The insurance company may non renew or mid term cancel .","Based on the supplied context, here in Connecticut , Homeowners ' Insurance policies are among those that continuously renew provided that your home continues to meet our insurance company 's underwriting guidelines as they have filed with the State Insurance Department . That having been said , is you fail to pay your premium , if the claims history becomes adverse or if you leave your home abandoned and vacant , The insurance company may non renew or mid term cancel .",iqa-question:454,iqa-document:454,,,household,,,,,,,,,,,,,,,,PENDING,CALIBRATION,lg-e1a2f492ceb7,English,JSONL row source_index=454,,False,
ext-iqa-pass-063,insuranceqa,data/benchmarks/qa/insuranceqa/data_insuranceqa_1000.jsonl,insuranceqa:890,,question_id:890,How Much Does Long Term Care Insurance Cover?,"Question: How Much Does Long Term Care Insurance Cover?
Answer: A quality long-term care insurance policy from a well-capitalized , highly rated insurance company will include at least the following : Facility careHome care Domestic care -LRB- housework , yard work , cleaning chores -RRB- Assisted living or residential living careAdult Day CareRespite care -LRB- time off for the primary family care giver -RRB- Home modifications so that insured can stay at home for as long as possible , the costs of which are not deducted from the pool of money available for daily care.There may be additional coverage offered by the carrier . Ask to see a `` specimen policy '' for the exact language of the benefits , features , and riders of the policy you are considering . Look for language that takes into account the possibility of future medical or technological advances that may become available but which are not yet known or invented yet . For example , `` assisted living '' facilities were not even available 25 years ago , but , people that bought quality policies before that time with contract language that allowed for future developments in the field of elder care are now in such facilities and being paid for those expenses .","Based on the supplied context, a quality long-term care insurance policy from a well-capitalized , highly rated insurance company will include at least the following : Facility careHome care Domestic care -LRB- housework , yard work , cleaning chores -RRB- Assisted living or residential living careAdult Day CareRespite care -LRB- time off for the primary family care giver -RRB- Home modifications so that insured can stay at home for as long as possible , the costs of which are not deducted from the pool of money available for daily care.There may be additional coverage offered by the carrier . Ask to see a `` specimen policy '' for the exact language of the benefits , features , and riders of the policy you are considering . Look for language that takes into account the possibility of future medical or technological advances that may become available but which are not yet known or invented yet . For example , `` assisted living '' facilities were not even available 25 years ago , but , people that bought quality policies before that time with contract language that allowed for future developments in the field of elder care are now in such facilities and being paid for those expenses .",iqa-question:890,iqa-document:890,,,general_insurance,,,,,,,,,,,,,,,,PENDING,VALIDATION,lg-e5fbc46753a2,English,JSONL row source_index=890,,False,
ext-iqa-pass-064,insuranceqa,data/benchmarks/qa/insuranceqa/data_insuranceqa_1000.jsonl,insuranceqa:137,,question_id:137,Why Get Critical Illness Insurance?,"Question: Why Get Critical Illness Insurance?
Answer: A Critical care policy pays you not the Doctor or Hospital , in the event of an critical illness , such as a heart attack , stroke , major organ failure , Cancer , loss of the inability to perform 2 Activities of Daily Living . The likely hood if you were to suffer a heart attack , stroke , cancer or the like is that you will likely survive . The bills , mortgage , utilities , & such do not stop because you are ill . The money can also be used to offset health insurance copay 's , time off work , second opinion , or anything else . Face amounts usually run any where from $ 4,000.00 to $ 500,000.00 lump sum . Some policies offer a Return of Premium , meaning if you never use the insurance , your estate will receive 100 % of the premium back . HBWavp@gmail.com","Based on the supplied context, a Critical care policy pays you not the Doctor or Hospital , in the event of an critical illness , such as a heart attack , stroke , major organ failure , Cancer , loss of the inability to perform 2 Activities of Daily Living . The likely hood if you were to suffer a heart attack , stroke , cancer or the like is that you will likely survive . The bills , mortgage , utilities , & such do not stop because you are ill . The money can also be used to offset health insurance copay 's , time off work , second opinion , or anything else . Face amounts usually run any where from $ 4,000.00 to $ 500,000.00 lump sum . Some policies offer a Return of Premium , meaning if you never use the insurance , your estate will receive 100 % of the premium back . HBWavp@gmail.com",iqa-question:137,iqa-document:137,,,general_insurance,,,,,,,,,,,,,,,,PENDING,LOCKED_HOLDOUT_CANDIDATE,lg-bc0d2da20ce3,English,JSONL row source_index=137,,False,
ext-iqa-pass-065,insuranceqa,data/benchmarks/qa/insuranceqa/data_insuranceqa_1000.jsonl,insuranceqa:875,,question_id:875,Can You Visit A Doctor Without Health Insurance?,"Question: Can You Visit A Doctor Without Health Insurance?
Answer: Unless there is legislative restrictions that I am unaware of you can see a doctor without health insurance . If you do see a doctor and you do not have health insurance you will be expected to pay the full cost of the visit out of your own pocket though . This can be very costly .","Based on the supplied context, unless there is legislative restrictions that I am unaware of you can see a doctor without health insurance . If you do see a doctor and you do not have health insurance you will be expected to pay the full cost of the visit out of your own pocket though . This can be very costly .",iqa-question:875,iqa-document:875,,,health,,,,,,,,,,,,,,,,PENDING,VALIDATION,lg-23c6bcee5466,English,JSONL row source_index=875,,False,
ext-iqa-pass-066,insuranceqa,data/benchmarks/qa/insuranceqa/data_insuranceqa_1000.jsonl,insuranceqa:582,,question_id:582,What Are The Current Interest Rates On Annuities?,"Question: What Are The Current Interest Rates On Annuities?
Answer: The Current Fixed Interest Rates on Annuities average 2.95 % for 5 years , 3.25 % for 10 years . The rates can change quickly so always call your annuity distributor before using any quotes including these quotes . Most advisers are selling 5 year fixed with an expectation that rates are going to rise in the future . The 35 basis point spread between the 5 and 10 year rate is not enough go long .","Based on the supplied context, the Current Fixed Interest Rates on Annuities average 2.95 % for 5 years , 3.25 % for 10 years . The rates can change quickly so always call your annuity distributor before using any quotes including these quotes . Most advisers are selling 5 year fixed with an expectation that rates are going to rise in the future . The 35 basis point spread between the 5 and 10 year rate is not enough go long .",iqa-question:582,iqa-document:582,,,general_insurance,,,,,,,,,,,,,,,,PENDING,CALIBRATION,lg-0412d4c453d4,English,JSONL row source_index=582,,False,
ext-iqa-pass-067,insuranceqa,data/benchmarks/qa/insuranceqa/data_insuranceqa_1000.jsonl,insuranceqa:771,,question_id:771,How Does Car Insurance Value Totaled Car?,"Question: How Does Car Insurance Value Totaled Car?
Answer: A car insurance company will generally provide you with the value of your car - - pre wreck . A car insurance company will typically take a look at similar vehicles and how much they are selling for in your area . They may also take a look at the Kelly Blue Book Value .","Based on the supplied context, a car insurance company will generally provide you with the value of your car - - pre wreck . A car insurance company will typically take a look at similar vehicles and how much they are selling for in your area . They may also take a look at the Kelly Blue Book Value .",iqa-question:771,iqa-document:771,,,motor,,,,,,,,,,,,,,,,PENDING,VALIDATION,lg-9cc6a236f482,English,JSONL row source_index=771,,False,
ext-iqa-pass-068,insuranceqa,data/benchmarks/qa/insuranceqa/data_insuranceqa_1000.jsonl,insuranceqa:988,,question_id:988,What Is A Group Universal Life Insurance Policy?,"Question: What Is A Group Universal Life Insurance Policy?
Answer: Group universal life is similar to individual universal life . Group policies involve the plan sponsor , often an employer , holding the master policy while the individual participants receive a certificate of insurance . It is a convenient and voluntary way to acquire cash value life insurance through the workplace . Usually the employee pays all premiums in which case all benefits would be immediately and fully vested . At employment termination portability features in these products generally allow for coverage to be taken by the participant as an individual policy .","Based on the supplied context, group universal life is similar to individual universal life . Group policies involve the plan sponsor , often an employer , holding the master policy while the individual participants receive a certificate of insurance . It is a convenient and voluntary way to acquire cash value life insurance through the workplace . Usually the employee pays all premiums in which case all benefits would be immediately and fully vested . At employment termination portability features in these products generally allow for coverage to be taken by the participant as an individual policy .",iqa-question:988,iqa-document:988,,,life,,,,,,,,,,,,,,,,PENDING,VALIDATION,lg-1765c102a38c,English,JSONL row source_index=988,,False,
ext-iqa-pass-069,insuranceqa,data/benchmarks/qa/insuranceqa/data_insuranceqa_1000.jsonl,insuranceqa:856,,question_id:856,Can Group Health Insurance Deny Pregnancy?,"Question: Can Group Health Insurance Deny Pregnancy?
Answer: For all practical purposes the answer should be `` No '' . The Affordable Care Act -LRB- ObamaCare -RRB- requires coverage for maternity and newborn care to be covered as any other illness under its Minimum Essential Benefits requirements . Also , the Affordable Care Act forbids the application of pre-existing conditions exclusions or waiting periods to health insurance policies . During the last open enrolment period I enrolled a couple of previously uninsured women who were pregnant in the new ObamaCare compliant individual health plans offered in our state and they were covered immediately and had their delivery & other associated expenses covered . These same people would have been declined for coverage due to their pregnancies being defined as pre-existing conditions before January 1 , 2014 .","Based on the supplied context, for all practical purposes the answer should be `` No '' . The Affordable Care Act -LRB- ObamaCare -RRB- requires coverage for maternity and newborn care to be covered as any other illness under its Minimum Essential Benefits requirements . Also , the Affordable Care Act forbids the application of pre-existing conditions exclusions or waiting periods to health insurance policies . During the last open enrolment period I enrolled a couple of previously uninsured women who were pregnant in the new ObamaCare compliant individual health plans offered in our state and they were covered immediately and had their delivery & other associated expenses covered . These same people would have been declined for coverage due to their pregnancies being defined as pre-existing conditions before January 1 , 2014 .",iqa-question:856,iqa-document:856,,,health,,,,,,,,,,,,,,,,PENDING,LOCKED_HOLDOUT_CANDIDATE,lg-1ae1de81b884,English,JSONL row source_index=856,,False,
ext-iqa-pass-070,insuranceqa,data/benchmarks/qa/insuranceqa/data_insuranceqa_1000.jsonl,insuranceqa:564,,question_id:564,How Can I Cancel Medicare Part B?,"Question: How Can I Cancel Medicare Part B?
Answer: You can call 1-800-MEDICARE . I highly discourage it however unless you have an employer group plan . You can be penalized by Medicare for every month that you do not carry Part B that you are eligible . If you are in a Medicare Advantage Plan you will be disenrolled because you must have part B to be enrolled in a Medicare Advantage . Not a good idea to cancel your part B . The potential cost over what you would save could be tremendous .","Based on the supplied context, you can call 1-800-MEDICARE . I highly discourage it however unless you have an employer group plan . You can be penalized by Medicare for every month that you do not carry Part B that you are eligible . If you are in a Medicare Advantage Plan you will be disenrolled because you must have part B to be enrolled in a Medicare Advantage . Not a good idea to cancel your part B . The potential cost over what you would save could be tremendous .",iqa-question:564,iqa-document:564,,,health,,,,,,,,,,,,,,,,PENDING,LOCKED_HOLDOUT_CANDIDATE,lg-4f620dc4451b,English,JSONL row source_index=564,,False,
ext-iqa-pass-071,insuranceqa,data/benchmarks/qa/insuranceqa/data_insuranceqa_1000.jsonl,insuranceqa:690,,question_id:690,Can A Person Have Two Life Insurance Policies?,"Question: Can A Person Have Two Life Insurance Policies?
Answer: Can a person have two life insurance policies ? Yes , a person can have multiple policies if they choose to , even with different carriers . A newer trend for insureds is buying a smaller face amount of whole life insurance and doing the balance of insurance in term insurance .","Based on the supplied context, can a person have two life insurance policies ? Yes , a person can have multiple policies if they choose to , even with different carriers . A newer trend for insureds is buying a smaller face amount of whole life insurance and doing the balance of insurance in term insurance .",iqa-question:690,iqa-document:690,,,life,,,,,,,,,,,,,,,,PENDING,CALIBRATION,lg-79756d801e39,English,JSONL row source_index=690,,False,
ext-iqa-pass-072,insuranceqa,data/benchmarks/qa/insuranceqa/data_insuranceqa_1000.jsonl,insuranceqa:871,,question_id:871,What Do I Need In My 401K To Retire?,"Question: What Do I Need In My 401K To Retire?
Answer: Its going to be based on your total life time income projection . Generally speaking ! The best way to determine is go to some of the insurance companies or investment firms . Most all have on their sight a retirement calculator that you can play around with adding different combination of figures . That gives you a fare estimation of how much to plan for in retirement .","Based on the supplied context, its going to be based on your total life time income projection . Generally speaking ! The best way to determine is go to some of the insurance companies or investment firms . Most all have on their sight a retirement calculator that you can play around with adding different combination of figures . That gives you a fare estimation of how much to plan for in retirement .",iqa-question:871,iqa-document:871,,,retirement,,,,,,,,,,,,,,,,PENDING,LOCKED_HOLDOUT_CANDIDATE,lg-eb39f2aacad7,English,JSONL row source_index=871,,False,
ext-iqa-pass-073,insuranceqa,data/benchmarks/qa/insuranceqa/data_insuranceqa_1000.jsonl,insuranceqa:204,,question_id:204,Why Do So Many Insurance Agents Fail?,"Question: Why Do So Many Insurance Agents Fail?
Answer: Many people get into the insurance business thinking of it as a job . It 's not a job . It 's a business . If you go into business without a solid business plan and money to invest in your business you will fail . You have to learn the products and benefits you are selling . You have to be a professional person and a great communicator . But most of all ... you need people who want to talk to you . And that takes a lot of work or a lot of marketing money . There are also a lot of sharks out there that want to grab new agents and chew them up . They sign agents up for the worst deal imaginable where they could never win . The biggest red flag are the `` free lead '' scammers . They will sign agents up with horrible commission levels to get to the FREE leads . The free leads are worthless junk . You may as well be working the phone book . But if an agent does all the work and makes a sale ... he makes a tiny fraction and the guy who signed him up makes all the real money . It 's a racket , not a career builder . Just look on Craig 's List or any other free advertising place to find these scammers . If you enter the insurance business , make certain that you choose a reputable company with a good manager that you feel good about . If they make it sound too easy to make big money quickly ... watch out ! If they advertise on Craig 's List or offer free leads ... hold on to your wallet !","Based on the supplied context, many people get into the insurance business thinking of it as a job . It 's not a job . It 's a business . If you go into business without a solid business plan and money to invest in your business you will fail . You have to learn the products and benefits you are selling . You have to be a professional person and a great communicator . But most of all ... you need people who want to talk to you . And that takes a lot of work or a lot of marketing money . There are also a lot of sharks out there that want to grab new agents and chew them up . They sign agents up for the worst deal imaginable where they could never win . The biggest red flag are the `` free lead '' scammers . They will sign agents up with horrible commission levels to get to the FREE leads . The free leads are worthless junk . You may as well be working the phone book . But if an agent does all the work and makes a sale ... he makes a tiny fraction and the guy who signed him up makes all the real money . It 's a racket , not a career builder . Just look on Craig 's List or any other free advertising place to find these scammers . If you enter the insurance business , make certain that you choose a reputable company with a good manager that you feel good about . If they make it sound too easy to make big money quickly ... watch out ! If they advertise on Craig 's List or offer free leads ... hold on to your wallet !",iqa-question:204,iqa-document:204,,,general_insurance,,,,,,,,,,,,,,,,PENDING,LOCKED_HOLDOUT_CANDIDATE,lg-eb3338d2d21b,English,JSONL row source_index=204,,False,
ext-iqa-pass-074,insuranceqa,data/benchmarks/qa/insuranceqa/data_insuranceqa_1000.jsonl,insuranceqa:497,,question_id:497,What Does It Mean When Life Insurance Is Paid Up?,"Question: What Does It Mean When Life Insurance Is Paid Up?
Answer: When life insurance is paid up , it simply means that no further premiums are required to keep the policy in force . The policy may have been set up to where you only needed to pay a single premium in a lump sum . Or it may have required that you paid premiums for a certain number of years , and then it became paid up . In any event , you owe no more premiums and your beneficiary would receive the full face amount or more , if you passed . Or you may have decided to quit paying on the policy early , and were given theoption to take it as a reduced paid up policy . In this case , the face amount will be less than what you originally applied for , but the reduced face amount will stay in effect without you paying any more premiums .","Based on the supplied context, when life insurance is paid up , it simply means that no further premiums are required to keep the policy in force . The policy may have been set up to where you only needed to pay a single premium in a lump sum . Or it may have required that you paid premiums for a certain number of years , and then it became paid up . In any event , you owe no more premiums and your beneficiary would receive the full face amount or more , if you passed . Or you may have decided to quit paying on the policy early , and were given theoption to take it as a reduced paid up policy . In this case , the face amount will be less than what you originally applied for , but the reduced face amount will stay in effect without you paying any more premiums .",iqa-question:497,iqa-document:497,,,life,,,,,,,,,,,,,,,,PENDING,LOCKED_HOLDOUT_CANDIDATE,lg-7611a909dba9,English,JSONL row source_index=497,,False,
ext-iqa-pass-075,insuranceqa,data/benchmarks/qa/insuranceqa/data_insuranceqa_1000.jsonl,insuranceqa:321,,question_id:321,Can I Get Health Insurance Without A Physical?,"Question: Can I Get Health Insurance Without A Physical?
Answer: Yes . Health insurance under the new Affordable Care Act is , in short , guaranteed issue - meaning carriers can not decline you for any pre-existing condition or health-related illness . There are no physicals required to secure an individual health insurance policy . To review available health plans in your area , talk to an independent agent/broker . If you 'd like some assistance , send me a message using the `` contact me '' button","Based on the supplied context, yes . Health insurance under the new Affordable Care Act is , in short , guaranteed issue - meaning carriers can not decline you for any pre-existing condition or health-related illness . There are no physicals required to secure an individual health insurance policy . To review available health plans in your area , talk to an independent agent/broker . If you 'd like some assistance , send me a message using the `` contact me '' button",iqa-question:321,iqa-document:321,,,health,,,,,,,,,,,,,,,,PENDING,CALIBRATION,lg-f248e68c5395,English,JSONL row source_index=321,,False,
ext-iqa-pass-076,insuranceqa,data/benchmarks/qa/insuranceqa/data_insuranceqa_1000.jsonl,insuranceqa:962,,question_id:962,"My father passed in 2007 i recently found his life policy, where do i start?","Question: My father passed in 2007 i recently found his life policy, where do i start?
Answer: The best place to start is to call the life insurance company through which he took out the policy . If the company has changed hands , you can google the name of the old company and the company that bought it will come up in some results . Look at the Contact tab on the company website for Customer Service .","Based on the supplied context, the best place to start is to call the life insurance company through which he took out the policy . If the company has changed hands , you can google the name of the old company and the company that bought it will come up in some results . Look at the Contact tab on the company website for Customer Service .",iqa-question:962,iqa-document:962,,,general_insurance,,,,,,,,,,,,,,,,PENDING,CALIBRATION,lg-171c5b5949f5,English,JSONL row source_index=962,,False,
ext-iqa-pass-077,insuranceqa,data/benchmarks/qa/insuranceqa/data_insuranceqa_1000.jsonl,insuranceqa:43,,question_id:43,What Is Vesting In Life Insurance?,"Question: What Is Vesting In Life Insurance?
Answer: As related to life insurance , vesting is a legal term that means that the beneficiary has a legal right to the life insurance proceeds in the policy . If they are an irrevocable beneficiary , they are vested in that policy , and no other beneficiary can replace them without their consent .","Based on the supplied context, as related to life insurance , vesting is a legal term that means that the beneficiary has a legal right to the life insurance proceeds in the policy . If they are an irrevocable beneficiary , they are vested in that policy , and no other beneficiary can replace them without their consent .",iqa-question:43,iqa-document:43,,,life,,,,,,,,,,,,,,,,PENDING,CALIBRATION,lg-1fe2a3e8b76f,English,JSONL row source_index=43,,False,
ext-iqa-pass-078,insuranceqa,data/benchmarks/qa/insuranceqa/data_insuranceqa_1000.jsonl,insuranceqa:779,,question_id:779,What Do I Need To Know To Get Homeowners Insurance?,"Question: What Do I Need To Know To Get Homeowners Insurance?
Answer: It would be best if you knew the current value of your personal property and the replacement cost of the same items . That way you can compare the premiums for the two types of coverage . The only other critical thing to know is the highest amount of liability insurance that you can afford . These issues can be handled smoothly by a competent insurance agent .","Based on the supplied context, it would be best if you knew the current value of your personal property and the replacement cost of the same items . That way you can compare the premiums for the two types of coverage . The only other critical thing to know is the highest amount of liability insurance that you can afford . These issues can be handled smoothly by a competent insurance agent .",iqa-question:779,iqa-document:779,,,general_insurance,,,,,,,,,,,,,,,,PENDING,CALIBRATION,lg-6b50e6a0e3ef,English,JSONL row source_index=779,,False,
ext-iqa-pass-079,insuranceqa,data/benchmarks/qa/insuranceqa/data_insuranceqa_1000.jsonl,insuranceqa:96,,question_id:96,Is Short Term Disability Considered Health Insurance?,"Question: Is Short Term Disability Considered Health Insurance?
Answer: No short term disability is a different policy than health insurance . Health insurance is designed to pay the providers , i.e. doctors , hospitals , clinics , etc. . Short term disability is designed to pay you for the income that is lost due to an injury or illness . It can be used for medical expenses , food , mortgage or anything else needed to survive during a difficult time .","Based on the supplied context, no short term disability is a different policy than health insurance . Health insurance is designed to pay the providers , i.e. doctors , hospitals , clinics , etc. . Short term disability is designed to pay you for the income that is lost due to an injury or illness . It can be used for medical expenses , food , mortgage or anything else needed to survive during a difficult time .",iqa-question:96,iqa-document:96,,,health,,,,,,,,,,,,,,,,PENDING,CALIBRATION,lg-1ab60ed2ee2e,English,JSONL row source_index=96,,False,
ext-iqa-pass-080,insuranceqa,data/benchmarks/qa/insuranceqa/data_insuranceqa_1000.jsonl,insuranceqa:640,,question_id:640,What Stocks Are In A Mutual Fund?,"Question: What Stocks Are In A Mutual Fund?
Answer: That is a great question ! In fact , it 's really the multimillion dollar question ! That is the hard part about choosing the right mutual fund , knowing what they are invested in , and how the investments are performing . A mutual fund that was heavily invested in technology stocks this year would have taken a beating -LRB- some lost very large amounts -RRB- , while mutual funds invested in a mix of bonds and energy stocks would have had a good return . The best thing to do is really look into the fund , its investments and its returns , before you invest in it . Be certain to have your broker clearly explain all fees to you ! Many funds charge fees that can significantly reduce your earnings , and leave you with little more than you started with . Be careful , ok ? Thanks for asking !","Based on the supplied context, that is a great question ! In fact , it 's really the multimillion dollar question ! That is the hard part about choosing the right mutual fund , knowing what they are invested in , and how the investments are performing . A mutual fund that was heavily invested in technology stocks this year would have taken a beating -LRB- some lost very large amounts -RRB- , while mutual funds invested in a mix of bonds and energy stocks would have had a good return . The best thing to do is really look into the fund , its investments and its returns , before you invest in it . Be certain to have your broker clearly explain all fees to you ! Many funds charge fees that can significantly reduce your earnings , and leave you with little more than you started with . Be careful , ok ? Thanks for asking !",iqa-question:640,iqa-document:640,,,general_insurance,,,,,,,,,,,,,,,,PENDING,VALIDATION,lg-d22d88154e4b,English,JSONL row source_index=640,,False,
ext-iqa-pass-081,insuranceqa,data/benchmarks/qa/insuranceqa/data_insuranceqa_1000.jsonl,insuranceqa:883,,question_id:883,How Much Should Health Insurance Cost?,"Question: How Much Should Health Insurance Cost?
Answer: How much you should be paying is a hard figure to try and quantify . The average cost in the country for a health insurance plan is $ 328 per month - however , this is only reflective upon a silver level plan -LRB- not all 2014 state figure averages are available yet -RRB- . While you can try to come up with an `` average '' cost , there 's too many factors that go into premium pricing to say how in relation that compares to you . In short , an `` average '' premium is a rather useless figure to the individual . It 's only representative to a large group - you could have people paying a small nominal amount -LRB- after factoring in subsidies -RRB- per month to several thousand dollars per month . Even for that there 's a ton of information to sift through to get an accurate representation . Under the Affordable Care Act , you have the options for bronze , silver , gold , and platinum level plans -LRB- as you go up in metal , the price goes up , but provides better benefits -RRB- - some areas also have a catastrophic plan available . In addition , your age is a big factor as well . The younger you are , the cheaper your premium - the older you are , the higher your premium . Also , if you use tobacco products , your premium can be increased up to 50 % as well . You may be able to qualify for a subsidy that can be used to reduce the cost of your health insurance premiums . I always recommend consulting with an experienced broker . We can help you determine the plan that 's going to be most suitable for your needs and budget . Please feel free to contact me for further assistance . Thanks very much .","How much you should be paying is a hard figure to try and quantify . The average cost in the country for a health insurance plan is $ 328 per month - however , this is only reflective upon a silver level plan -LRB- not all 2014 state figure averages are available yet -RRB- . While you can try to come up with an `` average '' cost , there 's too many factors that go into premium pricing to say how in relation that compares to you . In short , an `` average '' premium is a rather useless figure to the individual . It 's only representative to a large group - you could have people paying a small nominal amount -LRB- after factoring in subsidies -RRB- per month to several thousand dollars per month . Even for that there 's a ton of information to sift through to get an accurate representation . Under the Affordable Care Act , you have the options for bronze , silver , gold , and platinum level plans -LRB- as you go up in metal , the price goes up , but provides better benefits -RRB- - some areas also have a catastrophic plan available . In addition , your age is a big factor as well . The younger you are , the cheaper your premium - the older you are , the higher your premium . Also , if you use tobacco products , your premium can be increased up to 50 % as well . You may be able to qualify for a subsidy that can be used to reduce the cost of your health insurance premiums . I always recommend consulting with an experienced broker . We can help you determine the plan that 's going to be most suitable for your needs and budget . Please feel free to contact me for further assistance . Thanks very much . [insuranceqa:883]",iqa-question:883,iqa-document:883,,,health,,,,,,,,,,,,,,,,PENDING,CALIBRATION,lg-a139ceecfa4a,English,JSONL row source_index=883,,False,
ext-iqa-pass-082,insuranceqa,data/benchmarks/qa/insuranceqa/data_insuranceqa_1000.jsonl,insuranceqa:308,,question_id:308,When Do You Apply For Medicare Part A?,"Question: When Do You Apply For Medicare Part A?
Answer: Great question . Normally your Medicare card is sent in the mail 3 months before your 65th birthday . However , sometimes you have to apply and you can do this by visiting you social security office or website . Once you are eligible for Medicare , a broker should be able to help you understand it further as well as help you explore your options .","Great question . Normally your Medicare card is sent in the mail 3 months before your 65th birthday . However , sometimes you have to apply and you can do this by visiting you social security office or website . Once you are eligible for Medicare , a broker should be able to help you understand it further as well as help you explore your options . [insuranceqa:308]",iqa-question:308,iqa-document:308,,,health,,,,,,,,,,,,,,,,PENDING,LOCKED_HOLDOUT_CANDIDATE,lg-dd866d624eeb,English,JSONL row source_index=308,,False,
ext-iqa-pass-083,insuranceqa,data/benchmarks/qa/insuranceqa/data_insuranceqa_1000.jsonl,insuranceqa:107,,question_id:107,Does Homeowners Insurance Cover Oil Tank Removal?,"Question: Does Homeowners Insurance Cover Oil Tank Removal?
Answer: Under normal circumstances your homeowners insurance will not typically pay for the removal of an oil tank . Please remember every policy is different . Read your policy completely to understand the coverage provided by the policy and any exclusions contained within or contact your local agent to have them go over the policy with you .",Under normal circumstances your homeowners insurance will not typically pay for the removal of an oil tank . Please remember every policy is different . Read your policy completely to understand the coverage provided by the policy and any exclusions contained within or contact your local agent to have them go over the policy with you . [insuranceqa:107],iqa-question:107,iqa-document:107,,,general_insurance,,,,,,,,,,,,,,,,PENDING,CALIBRATION,lg-e56431f4de61,English,JSONL row source_index=107,,False,
ext-iqa-pass-084,insuranceqa,data/benchmarks/qa/insuranceqa/data_insuranceqa_1000.jsonl,insuranceqa:246,,question_id:246,What Is My Medicare Part B Number?,"Question: What Is My Medicare Part B Number?
Answer: Your Medicare Part B number is the same as your Medicare Part A number . When you enroll in Medicare , you are assigned a claim number - this is typically going to be your social security number plus a letter on the end -LRB- designates certain conditions - e.g. only you are applying and not your spouse , on group coverage , etc. -RRB- . Please feel free to contact me for help and if you have any other questions . Thanks very much .","Your Medicare Part B number is the same as your Medicare Part A number . When you enroll in Medicare , you are assigned a claim number - this is typically going to be your social security number plus a letter on the end -LRB- designates certain conditions - e.g. only you are applying and not your spouse , on group coverage , etc. -RRB- . Please feel free to contact me for help and if you have any other questions . Thanks very much . [insuranceqa:246]",iqa-question:246,iqa-document:246,,,health,,,,,,,,,,,,,,,,PENDING,CALIBRATION,lg-4501a3e32b81,English,JSONL row source_index=246,,False,
ext-iqa-pass-085,insuranceqa,data/benchmarks/qa/insuranceqa/data_insuranceqa_1000.jsonl,insuranceqa:337,,question_id:337,Is Life Insurance Portable?,"Question: Is Life Insurance Portable?
Answer: If you purchase a life insurance policy on your own -LRB- outside what your employer offers -RRB- , it is always portable . You can move across the country , or to another country , and as long as it was bought with full disclosure , it will pay the death benefit if you pass away .","If you purchase a life insurance policy on your own -LRB- outside what your employer offers -RRB- , it is always portable . You can move across the country , or to another country , and as long as it was bought with full disclosure , it will pay the death benefit if you pass away . [insuranceqa:337]",iqa-question:337,iqa-document:337,,,life,,,,,,,,,,,,,,,,PENDING,LOCKED_HOLDOUT_CANDIDATE,lg-0f3b7f218fbc,English,JSONL row source_index=337,,False,
ext-iqa-pass-086,insuranceqa,data/benchmarks/qa/insuranceqa/data_insuranceqa_1000.jsonl,insuranceqa:628,,question_id:628,Does My Homeowners Insurance Cover Foundation Problems?,"Question: Does My Homeowners Insurance Cover Foundation Problems?
Answer: A homeowners policy covers damages caused by specified perils . These perils are described in the policy and while comprehensive there are some perils that are excluded . If the cause of the foundation problem was damage by a specified peril it would be covered , however it more likely that the damage would be cause by earth movement which is an excluded peril .","A homeowners policy covers damages caused by specified perils . These perils are described in the policy and while comprehensive there are some perils that are excluded . If the cause of the foundation problem was damage by a specified peril it would be covered , however it more likely that the damage would be cause by earth movement which is an excluded peril . [insuranceqa:628]",iqa-question:628,iqa-document:628,,,general_insurance,,,,,,,,,,,,,,,,PENDING,LOCKED_HOLDOUT_CANDIDATE,lg-a13bb5c15d00,English,JSONL row source_index=628,,False,
ext-iqa-pass-087,insuranceqa,data/benchmarks/qa/insuranceqa/data_insuranceqa_1000.jsonl,insuranceqa:314,,question_id:314,Is Renters Insurance A Requirement?,"Question: Is Renters Insurance A Requirement?
Answer: Generally speaking , renters insurance is not a requirement by law however , the apartment or home you are renting , the landlord can make this a requirement in order to lease or rent . It is a good idea anyway . The cost is inexpensive but the coverage may be critical . Be sure to look at the type of insurance you are purchasing . I recommend a policy that will provide you the replacement value versus the current value of your stuff . Keep a good inventory as well .","Generally speaking , renters insurance is not a requirement by law however , the apartment or home you are renting , the landlord can make this a requirement in order to lease or rent . It is a good idea anyway . The cost is inexpensive but the coverage may be critical . Be sure to look at the type of insurance you are purchasing . I recommend a policy that will provide you the replacement value versus the current value of your stuff . Keep a good inventory as well . [insuranceqa:314]",iqa-question:314,iqa-document:314,,,household,,,,,,,,,,,,,,,,PENDING,CALIBRATION,lg-45a0ee290c0d,English,JSONL row source_index=314,,False,
ext-iqa-pass-088,insuranceqa,data/benchmarks/qa/insuranceqa/data_insuranceqa_1000.jsonl,insuranceqa:123,,question_id:123,How Do I Lower My Homeowners Insurance In Connecticut?,"Question: How Do I Lower My Homeowners Insurance In Connecticut?
Answer: There are several things to consider when looking for ways to lower your Home Insurance premiums . The first area I would call loss control . take a look at your home and property . Are there tree branches or shrubbery that should be trimmed to allow mor air flow around your home ? This cuts down on moisture build up that can cause damage . Are the steps and planking on your deck clean , secure and free from any damage ? Have you had your fireplace chimney cleaned regularly ? Things like these and more when managed , can reduce the chances of a claim which can increase your rates . The next area would be bundling . Many companies offer very nice discounts for those who insure their cars and have life insurance with the same company as your home . Next , talk to your insurance professional about increasing yuour deductible and while you are at it , what benefits you might earn from installing a monitored alarm system , putting on a new roof or upgrading your plumbing , electrical or HVAC sytems . There are discounts available , for sure .","There are several things to consider when looking for ways to lower your Home Insurance premiums . The first area I would call loss control . take a look at your home and property . Are there tree branches or shrubbery that should be trimmed to allow mor air flow around your home ? This cuts down on moisture build up that can cause damage . Are the steps and planking on your deck clean , secure and free from any damage ? Have you had your fireplace chimney cleaned regularly ? Things like these and more when managed , can reduce the chances of a claim which can increase your rates . The next area would be bundling . Many companies offer very nice discounts for those who insure their cars and have life insurance with the same company as your home . Next , talk to your insurance professional about increasing yuour deductible and while you are at it , what benefits you might earn from installing a monitored alarm system , putting on a new roof or upgrading your plumbing , electrical or HVAC sytems . There are discounts available , for sure . [insuranceqa:123]",iqa-question:123,iqa-document:123,,,general_insurance,,,,,,,,,,,,,,,,PENDING,LOCKED_HOLDOUT_CANDIDATE,lg-6fdc3d2d9390,English,JSONL row source_index=123,,False,
ext-iqa-pass-089,insuranceqa,data/benchmarks/qa/insuranceqa/data_insuranceqa_1000.jsonl,insuranceqa:801,,question_id:801,Can You Receive Disability Insurance And Social Security Disability?,"Question: Can You Receive Disability Insurance And Social Security Disability?
Answer: Yes , you can receive Disability Insurance and Social Security Disability Insurance at the same time . The Disability Insurance supplements the Social Security Disability benefit received , allowing the insured person to receive a higher total disability benefit -LRB- % of income replaced -RRB- than just receiving either insurance benefit on its own .","Yes , you can receive Disability Insurance and Social Security Disability Insurance at the same time . The Disability Insurance supplements the Social Security Disability benefit received , allowing the insured person to receive a higher total disability benefit -LRB- % of income replaced -RRB- than just receiving either insurance benefit on its own . [insuranceqa:801]",iqa-question:801,iqa-document:801,,,health,,,,,,,,,,,,,,,,PENDING,VALIDATION,lg-f21b5436fe03,English,JSONL row source_index=801,,False,
ext-iqa-pass-090,insuranceqa,data/benchmarks/qa/insuranceqa/data_insuranceqa_1000.jsonl,insuranceqa:161,,question_id:161,When Do You Need Homeowners Insurance?,"Question: When Do You Need Homeowners Insurance?
Answer: Most homeowners need a homeowners policy all the time . A mortgagee will probably require that you carry a homeowners policy to protect the lenders interest . The next significant time you will need a homeowners policy is when you are sued or there is damage to your home and its contents . Because these losses are not frequent , the premium for this coverage is relatively inexpensive . The cost for not having the coverage can be devastating .","Most homeowners need a homeowners policy all the time . A mortgagee will probably require that you carry a homeowners policy to protect the lenders interest . The next significant time you will need a homeowners policy is when you are sued or there is damage to your home and its contents . Because these losses are not frequent , the premium for this coverage is relatively inexpensive . The cost for not having the coverage can be devastating . [insuranceqa:161]",iqa-question:161,iqa-document:161,,,general_insurance,,,,,,,,,,,,,,,,PENDING,CALIBRATION,lg-260d2ea3e827,English,JSONL row source_index=161,,False,
ext-iqa-pass-091,insuranceqa,data/benchmarks/qa/insuranceqa/data_insuranceqa_1000.jsonl,insuranceqa:366,,question_id:366,When Does Your Car Insurance Go Down?,"Question: When Does Your Car Insurance Go Down?
Answer: In California car insurance premiums decline as you become a more experienced driver . They decline if you elect to forgo certain coverages . They decline when you get farther away from your bad driving record . They go down if a student in your household is a good student . They go down when you drive fewer miles annually .",In California car insurance premiums decline as you become a more experienced driver . They decline if you elect to forgo certain coverages . They decline when you get farther away from your bad driving record . They go down if a student in your household is a good student . They go down when you drive fewer miles annually . [insuranceqa:366],iqa-question:366,iqa-document:366,,,motor,,,,,,,,,,,,,,,,PENDING,CALIBRATION,lg-f5c92063b9f9,English,JSONL row source_index=366,,False,
ext-iqa-pass-092,insuranceqa,data/benchmarks/qa/insuranceqa/data_insuranceqa_1000.jsonl,insuranceqa:1,,question_id:1,How Much Is Health Insurance Out Of Pocket?,"Question: How Much Is Health Insurance Out Of Pocket?
Answer: This depends on a number of factors in your plan including , your premium is , your deductible , coinsurance , copayments , maximum out-of-pocket - these amounts will vary by plan so you want to make sure of what you have and that it 's a plan that is suitable to your needs and budget . It 's not always best to just buy what 's cheapest or the most comprehensive . There are many moving parts to health insurance and it 's always helpful to consult with an experienced broker to make sure that the plan you have/want to apply for is going to best serve your needs . Please let me know if I can be of further assistance . Thanks very much .","This depends on a number of factors in your plan including , your premium is , your deductible , coinsurance , copayments , maximum out-of-pocket - these amounts will vary by plan so you want to make sure of what you have and that it 's a plan that is suitable to your needs and budget . It 's not always best to just buy what 's cheapest or the most comprehensive . There are many moving parts to health insurance and it 's always helpful to consult with an experienced broker to make sure that the plan you have/want to apply for is going to best serve your needs . Please let me know if I can be of further assistance . Thanks very much . [insuranceqa:1]",iqa-question:1,iqa-document:1,,,health,,,,,,,,,,,,,,,,PENDING,CALIBRATION,lg-539216c197ba,English,JSONL row source_index=1,,False,
ext-iqa-pass-093,insuranceqa,data/benchmarks/qa/insuranceqa/data_insuranceqa_1000.jsonl,insuranceqa:90,,question_id:90,What Can Life Insurance Money Be Used For?,"Question: What Can Life Insurance Money Be Used For?
Answer: Whether you are referring to borrowing from the cash value of a permanent life insurance policy , or spending the death benefit left to you as beneficiary on a policy of someone who passed , the life insurance money is yours to spend as you see fit . If someone is taking out a lie insurance policy and wants the death benefit to be spent in a certain way , it is a good idea to set up a trust outlining those conditions , and then make the trust as the beneficiary of the policy .","Whether you are referring to borrowing from the cash value of a permanent life insurance policy , or spending the death benefit left to you as beneficiary on a policy of someone who passed , the life insurance money is yours to spend as you see fit . If someone is taking out a lie insurance policy and wants the death benefit to be spent in a certain way , it is a good idea to set up a trust outlining those conditions , and then make the trust as the beneficiary of the policy . [insuranceqa:90]",iqa-question:90,iqa-document:90,,,life,,,,,,,,,,,,,,,,PENDING,LOCKED_HOLDOUT_CANDIDATE,lg-4a33acbf9d3a,English,JSONL row source_index=90,,False,
ext-iqa-pass-094,insuranceqa,data/benchmarks/qa/insuranceqa/data_insuranceqa_1000.jsonl,insuranceqa:417,,question_id:417,How To Find Life Insurance Policies After Death?,"Question: How To Find Life Insurance Policies After Death?
Answer: Finding a life insurance policy after death can be accomplished . Often a deceased had many policies that the beneficiaries may not have been aware of . Of course , checking bank and financial records of any payment made to an insurer in the last 10-20 years would be ideal . Also , get in contact with the deceased 's agent , who may be aware of any missing policies .","Finding a life insurance policy after death can be accomplished . Often a deceased had many policies that the beneficiaries may not have been aware of . Of course , checking bank and financial records of any payment made to an insurer in the last 10-20 years would be ideal . Also , get in contact with the deceased 's agent , who may be aware of any missing policies . [insuranceqa:417]",iqa-question:417,iqa-document:417,,,life,,,,,,,,,,,,,,,,PENDING,VALIDATION,lg-aa5458d0aec6,English,JSONL row source_index=417,,False,
ext-iqa-pass-095,insuranceqa,data/benchmarks/qa/insuranceqa/data_insuranceqa_1000.jsonl,insuranceqa:490,,question_id:490,Will My Home Insurance Go Up If I File A Claim?,"Question: Will My Home Insurance Go Up If I File A Claim?
Answer: This is nearly impossible to answer . Whether or not your rates go up at renewal after a claim is strictly up to your carrier . There are many factors that go into determining your premium for your homeowners insurance coverage and claims history is one of them . In my opinion and experience I would say that the frequency and amount of the claims will be given greater weight the higher the number is for either .",This is nearly impossible to answer . Whether or not your rates go up at renewal after a claim is strictly up to your carrier . There are many factors that go into determining your premium for your homeowners insurance coverage and claims history is one of them . In my opinion and experience I would say that the frequency and amount of the claims will be given greater weight the higher the number is for either . [insuranceqa:490],iqa-question:490,iqa-document:490,,,household,,,,,,,,,,,,,,,,PENDING,CALIBRATION,lg-de449b51c8c5,English,JSONL row source_index=490,,False,
ext-iqa-pass-096,insuranceqa,data/benchmarks/qa/insuranceqa/data_insuranceqa_1000.jsonl,insuranceqa:408,,question_id:408,Does Medicare Cover Breast Ultrasounds?,"Question: Does Medicare Cover Breast Ultrasounds?
Answer: Ultrasounds are covered under Medicare . If they 're completed as an inpatient in a hospital , it would be covered by Part A . If they 're completed on an outpatient basis , it would be covered under Part B. Medicare typically pays for about 80 % of the expenses - you would be responsible for paying the other 20 % . A Medicare supplement policy can help pay the remaining 20 % .","Ultrasounds are covered under Medicare . If they 're completed as an inpatient in a hospital , it would be covered by Part A . If they 're completed on an outpatient basis , it would be covered under Part B. Medicare typically pays for about 80 % of the expenses - you would be responsible for paying the other 20 % . A Medicare supplement policy can help pay the remaining 20 % . [insuranceqa:408]",iqa-question:408,iqa-document:408,,,health,,,,,,,,,,,,,,,,PENDING,CALIBRATION,lg-2fdcfee9d401,English,JSONL row source_index=408,,False,
ext-iqa-pass-097,insuranceqa,data/benchmarks/qa/insuranceqa/data_insuranceqa_1000.jsonl,insuranceqa:673,,question_id:673,When To Cash In A Whole Life Insurance Policy?,"Question: When To Cash In A Whole Life Insurance Policy?
Answer: That is a great question ! I 'm not really sure what your motives are for cashing it in -LRB- `` surrendering '' -RRB- , but there are definitely some things you want to think about first . What protection will you have if you do surrender it ? Will you be left uninsured , or put into a position where finding a policy that is as affordable as the one your dropping is unreasonable ? If so , maybe keeping the policy is a better idea . Is it just that you need a smaller premium , or some quick cash ? If so , maybe reducing the face value is a better idea - the premium would be less , and you would still have coverage . If quick cash is the need , perhaps a policy loan would be better , all you have to do is find out from your agent how much is safely available to borrow from the policy , and keep the policy active . I hope this helps , contact me if you need help , okay ? Thanks for asking !","That is a great question ! I 'm not really sure what your motives are for cashing it in -LRB- `` surrendering '' -RRB- , but there are definitely some things you want to think about first . What protection will you have if you do surrender it ? Will you be left uninsured , or put into a position where finding a policy that is as affordable as the one your dropping is unreasonable ? If so , maybe keeping the policy is a better idea . Is it just that you need a smaller premium , or some quick cash ? If so , maybe reducing the face value is a better idea - the premium would be less , and you would still have coverage . If quick cash is the need , perhaps a policy loan would be better , all you have to do is find out from your agent how much is safely available to borrow from the policy , and keep the policy active . I hope this helps , contact me if you need help , okay ? Thanks for asking ! [insuranceqa:673]",iqa-question:673,iqa-document:673,,,life,,,,,,,,,,,,,,,,PENDING,CALIBRATION,lg-7a1764cde250,English,JSONL row source_index=673,,False,
ext-iqa-pass-098,insuranceqa,data/benchmarks/qa/insuranceqa/data_insuranceqa_1000.jsonl,insuranceqa:623,,question_id:623,Does Medicare Need A Referral?,"Question: Does Medicare Need A Referral?
Answer: Do I need a referral to a specialist if I have Medicare ? The answer is , it depends . If you have a Medicare Advantage plan , including an employer group Medicare plan , in most cases you will need a referral by your primary care provider before you can see a specialist . Original Medicare allows you to see any provider without a referral .","Do I need a referral to a specialist if I have Medicare ? The answer is , it depends . If you have a Medicare Advantage plan , including an employer group Medicare plan , in most cases you will need a referral by your primary care provider before you can see a specialist . Original Medicare allows you to see any provider without a referral . [insuranceqa:623]",iqa-question:623,iqa-document:623,,,health,,,,,,,,,,,,,,,,PENDING,VALIDATION,lg-3b134e28c017,English,JSONL row source_index=623,,False,
ext-iqa-pass-099,insuranceqa,data/benchmarks/qa/insuranceqa/data_insuranceqa_1000.jsonl,insuranceqa:131,,question_id:131,What Is A Life Insurance Broker?,"Question: What Is A Life Insurance Broker?
Answer: A Life Insurance Broker is someone who works with multiple insurance companies versus an agent who typically works for only one insurance company . A Broker has the ability to `` shop '' around life quotes to specifically meet your needs . Not all companies have the same cost for the insurance they offer so working with a broker , especially if you use a needs analysis , can be your best asset in making sure you are covered .","A Life Insurance Broker is someone who works with multiple insurance companies versus an agent who typically works for only one insurance company . A Broker has the ability to `` shop '' around life quotes to specifically meet your needs . Not all companies have the same cost for the insurance they offer so working with a broker , especially if you use a needs analysis , can be your best asset in making sure you are covered . [insuranceqa:131]",iqa-question:131,iqa-document:131,,,life,,,,,,,,,,,,,,,,PENDING,CALIBRATION,lg-578f38d6df39,English,JSONL row source_index=131,,False,
ext-iqa-pass-100,insuranceqa,data/benchmarks/qa/insuranceqa/data_insuranceqa_1000.jsonl,insuranceqa:470,,question_id:470,How Can I Get Health Insurance With No Job?,"Question: How Can I Get Health Insurance With No Job?
Answer: The best way to get health insurance on your own is to go through the health exchange for your state . This can be a very confusing and frustrating process however , so I recommend that you locate an insurance broker in your state that is contracted to assist you through this process . There is no cost to you for going through the broker , and the amount of time and energy saved is well worth it .","The best way to get health insurance on your own is to go through the health exchange for your state . This can be a very confusing and frustrating process however , so I recommend that you locate an insurance broker in your state that is contracted to assist you through this process . There is no cost to you for going through the broker , and the amount of time and energy saved is well worth it . [insuranceqa:470]",iqa-question:470,iqa-document:470,,,health,,,,,,,,,,,,,,,,PENDING,VALIDATION,lg-d76697114a22,English,JSONL row source_index=470,,False,
ext-iqa-pass-101,insuranceqa,data/benchmarks/qa/insuranceqa/data_insuranceqa_1000.jsonl,insuranceqa:745,,question_id:745,What Is AD&D Life Insurance?,"Question: What Is AD&D Life Insurance?
Answer: There actually are not any policies that I know of called AD&D Life Insurance . AD&D policies pay proceeds for death or dismemberment caused by accident , and the death or dismemberment must occur within a certain amount of time from when the accident occurred . Life insurance policies pay for loss of life , period , regardless of how death occurred -LRB- with very few exceptions , such as suicide during the first two years -RRB- . Some Life insurance policies offer an accidental death and dismemberment rider that causes the policy to pay double if death is caused by accident . Those type of policies still pay a death benefit for death due to illness , as well .","There actually are not any policies that I know of called AD&D Life Insurance . AD&D policies pay proceeds for death or dismemberment caused by accident , and the death or dismemberment must occur within a certain amount of time from when the accident occurred . Life insurance policies pay for loss of life , period , regardless of how death occurred -LRB- with very few exceptions , such as suicide during the first two years -RRB- . Some Life insurance policies offer an accidental death and dismemberment rider that causes the policy to pay double if death is caused by accident . Those type of policies still pay a death benefit for death due to illness , as well . [insuranceqa:745]",iqa-question:745,iqa-document:745,,,life,,,,,,,,,,,,,,,,PENDING,CALIBRATION,lg-606f287dcc33,English,JSONL row source_index=745,,False,
ext-iqa-pass-102,insuranceqa,data/benchmarks/qa/insuranceqa/data_insuranceqa_1000.jsonl,insuranceqa:149,,question_id:149,Where Can I Get Car Insurance With No Deposit?,"Question: Where Can I Get Car Insurance With No Deposit?
Answer: If you ate adding a new car to an existing auto insurance policy , typically , you do not have to pay anything at that moment . Within about 7-10 days , you will receive an updated declarations page with a revised billing statement . Many insurers offer very low down payment options . Anexperiencedbroker can help you find the best options in your area by shopping for the best offers with the lowest down payments .","If you ate adding a new car to an existing auto insurance policy , typically , you do not have to pay anything at that moment . Within about 7-10 days , you will receive an updated declarations page with a revised billing statement . Many insurers offer very low down payment options . Anexperiencedbroker can help you find the best options in your area by shopping for the best offers with the lowest down payments . [insuranceqa:149]",iqa-question:149,iqa-document:149,,,motor,,,,,,,,,,,,,,,,PENDING,VALIDATION,lg-1253764bbd0f,English,JSONL row source_index=149,,False,
ext-iqa-pass-103,insuranceqa,data/benchmarks/qa/insuranceqa/data_insuranceqa_1000.jsonl,insuranceqa:491,,question_id:491,Does Car Insurance Cover A Bicycle Accident?,"Question: Does Car Insurance Cover A Bicycle Accident?
Answer: That is a good question . Car insurance covers bicycle accident . Let say you were driving at night and hit a person on his bicycle and he is injured . Your auto insuranc would cover the bicycle damage and the person on the bike if he or she gets hurt . Good question .",That is a good question . Car insurance covers bicycle accident . Let say you were driving at night and hit a person on his bicycle and he is injured . Your auto insuranc would cover the bicycle damage and the person on the bike if he or she gets hurt . Good question . [insuranceqa:491],iqa-question:491,iqa-document:491,,,motor,,,,,,,,,,,,,,,,PENDING,LOCKED_HOLDOUT_CANDIDATE,lg-da8f48a2b6c6,English,JSONL row source_index=491,,False,
ext-iqa-pass-104,insuranceqa,data/benchmarks/qa/insuranceqa/data_insuranceqa_1000.jsonl,insuranceqa:126,,question_id:126,Would Home Insurance Cover Tree Root Damage?,"Question: Would Home Insurance Cover Tree Root Damage?
Answer: No homeowners insurance will no cover tree root damage . Tree root damage is something that occurs over a period of time . A covered claim would need to be sudden and/or accidental and tree root damage is not sudden . Trees are just a big plant and plants need to be maintained . If they appear to be getting out of hand they need to be trimmed or removed .",No homeowners insurance will no cover tree root damage . Tree root damage is something that occurs over a period of time . A covered claim would need to be sudden and/or accidental and tree root damage is not sudden . Trees are just a big plant and plants need to be maintained . If they appear to be getting out of hand they need to be trimmed or removed . [insuranceqa:126],iqa-question:126,iqa-document:126,,,household,,,,,,,,,,,,,,,,PENDING,CALIBRATION,lg-3a5fb2f61ecb,English,JSONL row source_index=126,,False,
ext-iqa-pass-105,insuranceqa,data/benchmarks/qa/insuranceqa/data_insuranceqa_1000.jsonl,insuranceqa:532,,question_id:532,Where To Get The Best Life Insurance?,"Question: Where To Get The Best Life Insurance?
Answer: The best life insurance is the policy that you purchase from your trusted life insurance agent . Friends , colleagues and neighbors can recommend someone if you dont already have that relationship . A good life insurance agent will listen to you carefully , offer sound financial advice and communicate clearly with you and the insurance company . Tailoring a plan that meets your needs will be the agents priority and when done properly a meaningful relationship will be established .","The best life insurance is the policy that you purchase from your trusted life insurance agent . Friends , colleagues and neighbors can recommend someone if you dont already have that relationship . A good life insurance agent will listen to you carefully , offer sound financial advice and communicate clearly with you and the insurance company . Tailoring a plan that meets your needs will be the agents priority and when done properly a meaningful relationship will be established . [insuranceqa:532]",iqa-question:532,iqa-document:532,,,life,,,,,,,,,,,,,,,,PENDING,LOCKED_HOLDOUT_CANDIDATE,lg-b0c4193ba7ae,English,JSONL row source_index=532,,False,
ext-iqa-pass-106,insuranceqa,data/benchmarks/qa/insuranceqa/data_insuranceqa_1000.jsonl,insuranceqa:514,,question_id:514,Do I Qualify For Medicare In Wyoming?,"Question: Do I Qualify For Medicare In Wyoming?
Answer: If you have paid Social Security taxes for at least 10 years , or are married to someone over age 64 who paid SS taxes that long , and if you are age 65 , you qualify for Medicare in Wyoming and all 50 states . Your Part A will be free . If you do not qualify based on that criteria but are a US citizen , you can pay a premium for Medicare Part A . You can also qualify for Medicare if you have ESRD or ALS or have been on Social Security Disability for two years . Contact Medicare.gov for specifics .","If you have paid Social Security taxes for at least 10 years , or are married to someone over age 64 who paid SS taxes that long , and if you are age 65 , you qualify for Medicare in Wyoming and all 50 states . Your Part A will be free . If you do not qualify based on that criteria but are a US citizen , you can pay a premium for Medicare Part A . You can also qualify for Medicare if you have ESRD or ALS or have been on Social Security Disability for two years . Contact Medicare.gov for specifics . [insuranceqa:514]",iqa-question:514,iqa-document:514,,,health,,,,,,,,,,,,,,,,PENDING,VALIDATION,lg-739d57a4dd1e,English,JSONL row source_index=514,,False,
ext-iqa-pass-107,insuranceqa,data/benchmarks/qa/insuranceqa/data_insuranceqa_1000.jsonl,insuranceqa:517,,question_id:517,How To Rollover Your 401K?,"Question: How To Rollover Your 401K?
Answer: A 401 -LRB- k -RRB- can be rolled into a very short list of retirement products . The funds must maintain the same tax characteristics . 401 -LRB- k -RRB- proceeds are often rolled into an IRA . Which specific IRA is beyond the scope of this answer . Most 401 -LRB- k -RRB- administrators require a formal request for the fund transfer . The actual transfer is best handled between the 401 -LRB- k -RRB- trustee and the trustee of the new plan that you have chosen .",A 401 -LRB- k -RRB- can be rolled into a very short list of retirement products . The funds must maintain the same tax characteristics . 401 -LRB- k -RRB- proceeds are often rolled into an IRA . Which specific IRA is beyond the scope of this answer . Most 401 -LRB- k -RRB- administrators require a formal request for the fund transfer . The actual transfer is best handled between the 401 -LRB- k -RRB- trustee and the trustee of the new plan that you have chosen . [insuranceqa:517],iqa-question:517,iqa-document:517,,,retirement,,,,,,,,,,,,,,,,PENDING,LOCKED_HOLDOUT_CANDIDATE,lg-148dcee9455b,English,JSONL row source_index=517,,False,
ext-iqa-pass-108,insuranceqa,data/benchmarks/qa/insuranceqa/data_insuranceqa_1000.jsonl,insuranceqa:270,,question_id:270,Is Home Insurance Included In Condo Fee?,"Question: Is Home Insurance Included In Condo Fee?
Answer: If you are talking about your monthly Condo Association fee , then no it is not . The fee that ou pay each month includes the Association 's coverage on the complex 's buildings . As a Condo Unit Owner , you should or may be required to obtain a Condominium Unit Owner 's Insurance policy to protect your interest in the property , your personal belongings and liability exposures . This would be paid separately by you to your insurance company .","If you are talking about your monthly Condo Association fee , then no it is not . The fee that ou pay each month includes the Association 's coverage on the complex 's buildings . As a Condo Unit Owner , you should or may be required to obtain a Condominium Unit Owner 's Insurance policy to protect your interest in the property , your personal belongings and liability exposures . This would be paid separately by you to your insurance company . [insuranceqa:270]",iqa-question:270,iqa-document:270,,,household,,,,,,,,,,,,,,,,PENDING,CALIBRATION,lg-d2e2217b2f76,English,JSONL row source_index=270,,False,
ext-iqa-pass-109,insuranceqa,data/benchmarks/qa/insuranceqa/data_insuranceqa_1000.jsonl,insuranceqa:847,,question_id:847,How To Keep Health Insurance Between Jobs?,"Question: How To Keep Health Insurance Between Jobs?
Answer: How to keep health insurance between jobs ? if your employer is large enough -LRB- 20 people at work on a given day -RRB- you have an option for COBRA continuation which means you can continue your group coverage for up to 18 months or longer -LRB- depending on certain conditions -RRB- at your expense plus a small handling charge -LRB- 102 % of premium cost -RRB- . If you find that cost to be too much for your budget , you can look to both the individual market or temporary health insurance market for possible solutions . You may not get exactly the same coverage as offered by your former employer , but the cost might be considerably less .","How to keep health insurance between jobs ? if your employer is large enough -LRB- 20 people at work on a given day -RRB- you have an option for COBRA continuation which means you can continue your group coverage for up to 18 months or longer -LRB- depending on certain conditions -RRB- at your expense plus a small handling charge -LRB- 102 % of premium cost -RRB- . If you find that cost to be too much for your budget , you can look to both the individual market or temporary health insurance market for possible solutions . You may not get exactly the same coverage as offered by your former employer , but the cost might be considerably less . [insuranceqa:847]",iqa-question:847,iqa-document:847,,,health,,,,,,,,,,,,,,,,PENDING,LOCKED_HOLDOUT_CANDIDATE,lg-e555d8e9c0cf,English,JSONL row source_index=847,,False,
ext-iqa-pass-110,insuranceqa,data/benchmarks/qa/insuranceqa/data_insuranceqa_1000.jsonl,insuranceqa:702,,question_id:702,Can I Deduct Auto Insurance Premiums?,"Question: Can I Deduct Auto Insurance Premiums?
Answer: That is more of a question for your accountant actually . Under normal circumstances , no . However , if you own a business and use your car at least in part for that business , then your accountant may tell you that at least a portion of the premiums that you pay may be deductible as a business expense .","That is more of a question for your accountant actually . Under normal circumstances , no . However , if you own a business and use your car at least in part for that business , then your accountant may tell you that at least a portion of the premiums that you pay may be deductible as a business expense . [insuranceqa:702]",iqa-question:702,iqa-document:702,,,motor,,,,,,,,,,,,,,,,PENDING,CALIBRATION,lg-fa7e632c620b,English,JSONL row source_index=702,,False,
ext-iqa-fail-001,insuranceqa,data/benchmarks/qa/insuranceqa/data_insuranceqa_1000.jsonl,insuranceqa:917,,question_id:917,Does Home Insurance Cover Flood?,"Question: Does Home Insurance Cover Flood?
Answer: The short and direct answer is no , a Homeowners ' Insurance policy does noit cover for a flood . Flood Insurance must be obtained separately . FEMA administers the plans and they can be written through a number of different insurance companies . Check their website and look for Flood Certified Agents who would be happy to answer your questions and help you through the process .","Only if you were liable for anaccidentaldeath would their possibly be coverage . While 300,000 is the minimum liability protection coverage I recommend for a homeowner , should your personal assets exceed this amount I highly recommend a personal umbrella policy be obtained . Umbrella polices can give you 1-10 million dollars in additional liability protection and will extend not only above and beyond your homeowners coverage but auto and rental properties as well . Consult your local agent about your liability protection needs .",iqa-question:917,iqa-document:917,,,household,,,,,,,,,,,,,,,,PENDING,LOCKED_HOLDOUT_CANDIDATE,lg-a489a05f62b0,English,target source_index=917; distractor source_index=34,,False,
ext-iqa-fail-002,insuranceqa,data/benchmarks/qa/insuranceqa/data_insuranceqa_1000.jsonl,insuranceqa:512,,question_id:512,When Can I Enroll In Medicare Part A?,"Question: When Can I Enroll In Medicare Part A?
Answer: You will automatically be enrolled in Medicare when you reach age 65 provided you have worked long enough and paid into the system . You will have the choice to opt out of part B of Medicare , but I do not recommend it unless you are still working and in a group . You will also get Medicare if you are on Social Security Disability . There is about a two year wait when you get disability before you are eligible .","Most people will automatically be enrolled in Medicare Part B at the same time they are enrolled in Medicare Part A . They will receive their Medicare card in the mail three months before their 65th birthday or in the 25th month of their disability . If you or your spouse is working at a job with over 20 employees where the group health insurance provided is your primary carrier , you may delay enrolling in Part B. Call the Social Security Administration at 800-772-1213 to discuss before delaying or turning down enrollment in Medicare Part B .",iqa-question:512,iqa-document:512,,,health,,,,,,,,,,,,,,,,PENDING,LOCKED_HOLDOUT_CANDIDATE,lg-74314ded45d1,English,target source_index=512; distractor source_index=792,,False,
ext-iqa-fail-003,insuranceqa,data/benchmarks/qa/insuranceqa/data_insuranceqa_1000.jsonl,insuranceqa:97,,question_id:97,Do I Need Home Insurance For A Condo?,"Question: Do I Need Home Insurance For A Condo?
Answer: Condominium coverage requires a different form from the standard homeowners package . However , it provides many of the same coverages . The chief difference is that the structure itself is generally insured under a blanket condominium association policy , not the condominium form . The owner of each unit is normally not responsible for the structure , its maintenance or insurance . The owner of a unit is not responsible for the general areas such as gardens and walkways surrounding the condominium . The owners responsibility is for property contained within the structure , to include internal walls , and paint . When a person purchases a condominium they generally secure a mortgage . The mortgage companies will require the owner to purchase a policy to protect the lenders interest in the property . They want coverage for what they loaned you money to purchase . The amount of coverage under a condominium policy includes the amount required to restore the condominium in the event of a covered loss . At the same time the condominium policy provides a way for the homeowner to insure their own personal property -LRB- furniture , decorations , appliances and other property . -RRB-",For many this amount is determined in part by the mortgage company . You need sufficient coverage to satisfy your lender . In California the lender can not ask for more than the amount necessary to replace the residence . That calculation can be done in the office of an insurance agent . You might find that the amount to rebuild differs from the purchase price but that is because the purchase price is influenced by market pressure where costs of repair remain rather stable .,iqa-question:97,iqa-document:97,,,household,,,,,,,,,,,,,,,,PENDING,VALIDATION,lg-d1676baf7624,English,target source_index=97; distractor source_index=188,,False,
ext-iqa-fail-004,insuranceqa,data/benchmarks/qa/insuranceqa/data_insuranceqa_1000.jsonl,insuranceqa:163,,question_id:163,How Much Does Car Insurance Increase After DUI?,"Question: How Much Does Car Insurance Increase After DUI?
Answer: Car insurance rates typically increase after a DUI ... although the amount of the increase will vary depending on the company you are insured with . There are other costs associated with getting a DUI , including possible reinstatement of your driver 's license and purchase of a Bond , as required by the state . Question answered by E. Harris ... Car insurance broker since 1980 with top-rated website .","A big part of that answer depends on which company you were insured with beforehand , and how much shopping around you plan to do afterwards . Some companies go harder on DUI 's than other companies . Getting multiple quotes from high risk companies would be the best way to minimize the damage done . An independent agent who specializes in high risk auto insurance would be the ideal place to look .",iqa-question:163,iqa-document:163,,,motor,,,,,,,,,,,,,,,,PENDING,CALIBRATION,lg-46f8b30126ae,English,target source_index=163; distractor source_index=289,,False,
ext-iqa-fail-005,insuranceqa,data/benchmarks/qa/insuranceqa/data_insuranceqa_1000.jsonl,insuranceqa:49,,question_id:49,Does Home Owners Insurance Cover Asbestos Removal?,"Question: Does Home Owners Insurance Cover Asbestos Removal?
Answer: Generally the answer to that would be no . Your Homeowners is not designed to cover this type of renovation . If your home is damaged by a covered peril then the removal of asbestos would be covered as part of the repairs , but otherwise you will have to pay .","Great Question . Condo Insurance covers you for liability if some one falls in your condo . Also cover you for fire , theft and water damage . You would alos need to have coverage for the inside of your unit for the wall in case of a fire and your unit was damaged . Good Luck",iqa-question:49,iqa-document:49,,,household,,,,,,,,,,,,,,,,PENDING,CALIBRATION,lg-f4013c68ca9c,English,target source_index=49; distractor source_index=463,,False,
ext-iqa-fail-006,insuranceqa,data/benchmarks/qa/insuranceqa/data_insuranceqa_1000.jsonl,insuranceqa:312,,question_id:312,Why Get Medigap?,"Question: Why Get Medigap?
Answer: Medigap is a Medicare supplement that can help pay some of the health care costs that original Medicare does n't cover , like copayments , coinsurance , and deductibles . It also covers medical care for some travel outside the US . If you have an Medicare Advantage Plan , you would not want to get Medigap .","You can buy Medigap from a carrier , through the Medicare `` hotline '' , from an agent that comes to your home or you can buy from an agent over the phone and internet . If you buy from a carrier or through Medicare you are giving up personal service . Any questions will be handled by whoever answers the phone . If you do n't mind strangers in your home , you can invite one -LRB- or more -RRB- agents to come to your home and pitch you on the various plans . I have conducted business by phone and internet for almost 20 years . Most folks like to shop in the comfort of their home and the ability to make a decision in their own time frame . Over 400 clients ca n't be all wrong .",iqa-question:312,iqa-document:312,,,health,,,,,,,,,,,,,,,,PENDING,LOCKED_HOLDOUT_CANDIDATE,lg-ced6d6171b50,English,target source_index=312; distractor source_index=352,,False,
ext-iqa-fail-007,insuranceqa,data/benchmarks/qa/insuranceqa/data_insuranceqa_1000.jsonl,insuranceqa:685,,question_id:685,Does Renters Insurance Transfer?,"Question: Does Renters Insurance Transfer?
Answer: If by transfer you mean does the coverage apply at a new location , the answer is yes . The coverage is limited during the transfer itself -LRB- when things are being transported by a moving company or friend . -RRB- The coverage remains in force in most cases for a relatively short period of time . Since underwriting needs to re-evaluate this new location it is necessary for you to contact your agent immediately .","Like many other residential property policies these dayssuch as Homeowners or Condominium Unit Owners ' , Renters Insurance policies are generally issued on an annual basis . Policies like this are commonly referred to as `` continuous renewal '' contracts meaning that so long as premiums are paid and the insured continues to meet a company 's underwriting standards and guidelines , the policy will be continuously offered to the insured at each annual renewal date .",iqa-question:685,iqa-document:685,,,household,,,,,,,,,,,,,,,,PENDING,CALIBRATION,lg-2772e43051a7,English,target source_index=685; distractor source_index=3,,False,
ext-iqa-fail-008,insuranceqa,data/benchmarks/qa/insuranceqa/data_insuranceqa_1000.jsonl,insuranceqa:705,,question_id:705,What Is Universal Life Insurance And How Does It Work?,"Question: What Is Universal Life Insurance And How Does It Work?
Answer: Universal life insurance is a form of permanent/cash value life insurance known for it 's flexible premium and adjustable -LRB- downward in most cases -RRB- death benefit . Like all permanent products , the policy is driven by cash values -LRB- a reserve -RRB- in the policy that covers policy expenses . The policy holder also has access to this cash value either as a withdrawal or as a policy loan . Universal life insurance is also very well known for it 's transparency , as all expenses are readily available to the insured if he or she wishes to see them .","Group Universal Life insurance is a flexible , permanent type of life insurance policy offered by employers to employees at group rates . Universal Life should be a portable plan , because the purpose of Universal Life is to last beyond a few years , and keep for the rest of your life , if possible . It can offer employees death benefit protection along with the opportunity to grow cash values tax deferred .",iqa-question:705,iqa-document:705,,,life,,,,,,,,,,,,,,,,PENDING,LOCKED_HOLDOUT_CANDIDATE,lg-997ccac81852,English,target source_index=705; distractor source_index=40,,False,
ext-iqa-fail-009,insuranceqa,data/benchmarks/qa/insuranceqa/data_insuranceqa_1000.jsonl,insuranceqa:264,,question_id:264,Does AAA Have Term Life Insurance?,"Question: Does AAA Have Term Life Insurance?
Answer: AAA while being best known for its ' auto towing services and for those of us old enough to remember , their tripticket map service , does indeed sell term insurance . However their are many carriers with higher financial ratings that charge less . In fact , I once had a client who worked for AAA but decided on a less expensive policy with better ratings and a lower cost .","Usually you have purchased enough term life insurance when all of the obligations you wanted to cover have been met . The most common reasons for purchasing term life insurance are to payoff debt , replace income , educate children , buy out a business partner or create an instant estate for loved ones at the most affordable price . If your face amount of term life insurance meets all of your criteria , congratulations , you have enough .",iqa-question:264,iqa-document:264,,,life,,,,,,,,,,,,,,,,PENDING,VALIDATION,lg-0d9016c6778e,English,target source_index=264; distractor source_index=613,,False,
ext-iqa-fail-010,insuranceqa,data/benchmarks/qa/insuranceqa/data_insuranceqa_1000.jsonl,insuranceqa:727,,question_id:727,Does ADP Offer Health Insurance?,"Question: Does ADP Offer Health Insurance?
Answer: ADP Inc. is a worldwide company that offers payroll and resource management expertise to many companies.Presumably they offer healthcare to their employees . Many large and small businesses offer group health , dental and life benefits to their full-time and part-time employees . Depending on the company , they will pay a portion of the premium of those benefits .","Yes , in some cases . It is possible for an employer to legally offer health insurance to some employees and not others using employment-based classifications . Two common ones are full-time versus part-time and salaried versus hourly . The key legal criteria , though , is that all employees within the same employment classification must be treated consistently . For example , it would be illegal to offer health coverage to some full-time hourly workers but not all full-time workers .",iqa-question:727,iqa-document:727,,,health,,,,,,,,,,,,,,,,PENDING,LOCKED_HOLDOUT_CANDIDATE,lg-4894bbbcb52c,English,target source_index=727; distractor source_index=370,,False,
ext-iqa-fail-011,insuranceqa,data/benchmarks/qa/insuranceqa/data_insuranceqa_1000.jsonl,insuranceqa:437,,question_id:437,Can I Get Life Insurance After Breast Cancer?,"Question: Can I Get Life Insurance After Breast Cancer?
Answer: The short answer is yes , you can buy life insurance after cancer . The type , amount and terms depends on the cancer itselfand how long you have been cancer free after your last treatment . To get into the standard ratings after breast cancer practically all carriers will want to see you cancer free for 10 years . Anything less than10 yearswill be a higher risk policy of either rated premiums or graduated benefits .","There is one type of life insurance that you can get while having any type of cancer , and that is called Guaranteed Life Insurance . It is not available at every age , and it is graded for 2 or more years . But it does not have any health requirements . You can also purchase pre-need policies at a funeral home while having cancer . With those , the graded period is usually one year . If your cancer was caught in the early stages and has a good prognosis , you should be able to get a policy other than guaranteed issue about a year or two after the last treatment . Some types of policies will add a flat extra that drops off after a few years . Others add table ratings to the policy . It all depends on the type of cancer , the stage , how well it responded to treatment , how long ago you were diagnosed and last treated , and whether your cancer recurred or not . Finding life insurance for persons with cancer can be complicated . Contacting an impaired risk life insurance specialist is helpful to find your best rate .",iqa-question:437,iqa-document:437,,,life,,,,,,,,,,,,,,,,PENDING,LOCKED_HOLDOUT_CANDIDATE,lg-e4f6d0dc5640,English,target source_index=437; distractor source_index=205,,False,
ext-iqa-fail-012,insuranceqa,data/benchmarks/qa/insuranceqa/data_insuranceqa_1000.jsonl,insuranceqa:335,,question_id:335,Do Insurance Companies Look At Psychiatric Records?,"Question: Do Insurance Companies Look At Psychiatric Records?
Answer: In respect to life insurance , underwriters are most concerned with conditions that impair or prevent a potential insured from completing daily tasks , interactions and living . In the event that your answers to the medical questionnaire on insurance application , attending physician statement & recordsor results from a insurance examindicate that you are being treated through therapy or medication , the underwriters will first seek clarification through your agent . Depending on the severity of the condition , the course of treatment and time elapsed since last episode or event related to your condition , the underwriter may not have much concern and thus not require additional information . Simply put mild conditions such as milddepression , anxiety or stress treated by counseling and low dose medicine may not require deep underwriting depending on the age of the insured and history of condition . More significant conditions , for example schizophrenia , treated with significant medication and therapy , will require additional records from treating physicians to ensure that the insured fits within their risk parameters . In your case , grief counselingcan soundambiguous ; if it were for the loss of a loved one , the absence of whom is not preventing your daily living , it should not require additional review . If the on the other hand , it is being used to cope with another traumatic event , additional questions or requests may be posed by the underwriters . A letter from your treating psychiatrist highlighting your improvements from treatment will help mitigate the need for additional information . In order to ensure that you get the best underwriting class , I suggest that you work with an independent agent that works with multiple carriers as different carriers each have their own points of view on various healthy issues . Additionally , question your insurance agent ! Ask them what experience , if any , have they had with placing business on clients such as yourself . At the end of the day , the most experienced agents will get the best underwriting results for their clients with the least disruption and scrutiny of one 's private issues . Please feel free to contact me to discuss your facts in order to give you more accurate information .","There are hundreds of annuity companies and perhaps a thousand annuity contracts . You can find excellent spreadsheets online distributed by independent brokerage firms . There are two categories of non-qualified annuities are : tax deferred and immediate . Tax deferred annuities have three basic crediting methods : fixed interest rates , domestic/foreign indices and separate subaccounts using equity and bond instruments . Immediate annuities offer various distribution periods like 10 or 20 years certain and lifetime income on the annuitant .",iqa-question:335,iqa-document:335,,,general_insurance,,,,,,,,,,,,,,,,PENDING,CALIBRATION,lg-158b32e48f1c,English,target source_index=335; distractor source_index=414,,False,
ext-iqa-fail-013,insuranceqa,data/benchmarks/qa/insuranceqa/data_insuranceqa_1000.jsonl,insuranceqa:504,,question_id:504,Is Cancer Covered Under Disability Insurance?,"Question: Is Cancer Covered Under Disability Insurance?
Answer: Disability income plans pay as long as you meet the definition of disability , regardless of the disabling condition . If you are unable to work for any reason , illness or accident , and meet the policy definition that qualifies you for benefit , the carrier will pay your monthly benefit until you recover , die or exhaust your benefits .",Social Security covers disability events for most Americans . Some employer sponsored group plans include short term or even long term disability insurance . You can purchase individual disability insurance for yourself online via several brokerage outlets . Some employers pay for disability insurance for their key employees as a retention benefit and as a recruiting incentive .,iqa-question:504,iqa-document:504,,,health,,,,,,,,,,,,,,,,PENDING,LOCKED_HOLDOUT_CANDIDATE,lg-e06506497dd1,English,target source_index=504; distractor source_index=164,,False,
ext-iqa-fail-014,insuranceqa,data/benchmarks/qa/insuranceqa/data_insuranceqa_1000.jsonl,insuranceqa:748,,question_id:748,What Does Long Term Care Insurance Mean?,"Question: What Does Long Term Care Insurance Mean?
Answer: Long term care insurance is coverage that pays for personal care needs and other related chronic care services for individuals who are limited in their abilities to perform the activities of daily living -LRB- two or more -RRB- . Activities of Daily Living -LRB- ADLs -RRB- include eating , bathing , toileting , dressing , moving between a chair and the bed , and remaining continent . The policy typically pays for care that is provided in the individuals home , in an assisted living facility , or in a nursing home . Long term care insurance is available on an individual or a group basis .","A quality long-term care insurance policy from a well-capitalized , highly rated insurance company will include at least the following : Facility careHome care Domestic care -LRB- housework , yard work , cleaning chores -RRB- Assisted living or residential living careAdult Day CareRespite care -LRB- time off for the primary family care giver -RRB- Home modifications so that insured can stay at home for as long as possible , the costs of which are not deducted from the pool of money available for daily care.There may be additional coverage offered by the carrier . Ask to see a `` specimen policy '' for the exact language of the benefits , features , and riders of the policy you are considering . Look for language that takes into account the possibility of future medical or technological advances that may become available but which are not yet known or invented yet . For example , `` assisted living '' facilities were not even available 25 years ago , but , people that bought quality policies before that time with contract language that allowed for future developments in the field of elder care are now in such facilities and being paid for those expenses .",iqa-question:748,iqa-document:748,,,general_insurance,,,,,,,,,,,,,,,,PENDING,VALIDATION,lg-e5fbc46753a2,English,target source_index=748; distractor source_index=890,,False,
ext-iqa-fail-015,insuranceqa,data/benchmarks/qa/insuranceqa/data_insuranceqa_1000.jsonl,insuranceqa:239,,question_id:239,Does Nationwide Offer Long Term Care Insurance?,"Question: Does Nationwide Offer Long Term Care Insurance?
Answer: Actually , Nationwide has a very good hybrid policy that combines permanent life insurance and a comprehensive long term care rider . I use this product alot in my practice for people that have a need for both life insurance and LTC . Advantages of this product is that the benefit will always be used no matter what happens to the individual ; either they will have a long term care claim , or they will pass away and the death benefit will pass to their beneficiaries . Disadvantages of this approach to LTC planning is that there is no potential for any premium write-off and no Partnership protection .","No . Allstate used to market long-term care insurance through Lincoln Benefit Life , but has not done sofor at least 5 years . All long-term care policies sold by Allstate through LBL are being fully administered and claims paid as approved . Since the carrier is not currently marketing LTC insurance , no new premiums are coming in . As a result , policy holders of this carrier 's long-term care plans of insurance are likely to experience increases in premium in the 30-50 % range . Such an increase occurred in 2010 . However , while those percentages seem extremely high , consumers need to understand that in spite of the increase , the higher premium is probably still a bargain compared to what LTCi costs today . Carriers that increase premiums are making every effort to help people keep at least some of their coverage by making adjustments to benefits , features , or riders going forward .",iqa-question:239,iqa-document:239,,,general_insurance,,,,,,,,,,,,,,,,PENDING,VALIDATION,lg-cff2a6820ea7,English,target source_index=239; distractor source_index=610,,False,
ext-iqa-fail-016,insuranceqa,data/benchmarks/qa/insuranceqa/data_insuranceqa_1000.jsonl,insuranceqa:815,,question_id:815,When Should Someone Buy Long Term Care Insurance?,"Question: When Should Someone Buy Long Term Care Insurance?
Answer: As a retirement planning specialist , I spend alot of time doing long term care planning . Why would I do this ? Because NOTHING will derail a person 's life-time savings faster than a custodial -LRB- AKA long term care -RRB- claim . There are two reasons why a person should purchase LTC ; the first is that they care about the quality of care , and having a say in where care will be provided , should they require it . The second reason is that they care about protecting the assets that they have acquired over the course of their life-time , and they want to protect those assets for their healthy spouse and/or children , rather then have those assets eaten up by impairment , or having them signed over to medicaid or a nursing home . As far as WHEN a person should purchase coverage ; my youngest clients are usually in their 40 's , and with them I usually recommend a hybrid life insurance-LTC product ; my average clients are in their mid 50 's to late 60 's , and for them I recommend either traditional long term care or a single premium policy with refund provisions , and my oldest clients are in their mid 70 's . I think the best time to purchase for most people is in their mid to late 50 's , because most will get better underwriting and a favorable premium . I hope this helps .","The cost of care keeps rising . If you need a nursing home it would not be uncommon to see the cost of care to be $ 7,000 - $ 8000 per month and it is expected to keep increasing . The question becomes if you do n't get a Long Term Care policy what assets are you prepared to liquidate to pay for the care . At $ 7,000 a month for 3 years that comes out to a cost of $ 252,000 based on today 's cost . What will the cost be when you need it in 10 , 20 or 30 years ? We can assume it will be much more . The yearly premium will be only a fraction of the cost if you did n't have a policy . A good Long Term Care policy will include assisted living , home healthcare and nursing home care . The chance of you needing one or all of those at some point in your life is pretty high .",iqa-question:815,iqa-document:815,,,general_insurance,,,,,,,,,,,,,,,,PENDING,VALIDATION,lg-893eea51aa5f,English,target source_index=815; distractor source_index=948,,False,
ext-iqa-fail-017,insuranceqa,data/benchmarks/qa/insuranceqa/data_insuranceqa_1000.jsonl,insuranceqa:91,,question_id:91,Can I change medicare providers after 3/1/2015 in Indiana?,"Question: Can I change medicare providers after 3/1/2015 in Indiana?
Answer: Are you referring to a Medicare Supplement plan -LRB- also known as a Medigap plan -RRB- , a Medicare Advantage plan , or a Medicare Part D prescription drug plan ? Your original Medicare coverage -LRB- Medicare Parts A & B -RRB- is provided by the federal government . You can apply for a new Medicare Supplement plan anytime during the year . You can be subject to medical underwriting -LRB- answering yes/no health questions , a phone interview with the carrier , and a prescription check -RRB- if you 're outside your initial enrollment period -LRB- when you were new to Medicare Part B -RRB- and do not have a guarantee-issue right available to you . Medical underwriting for Medicare Supplement plans can be done in less than a week . There are no exams for these products . Please note , a common concern I hear a lot from individuals looking to replace their Medicare Supplement plans is they 're worried they 're at risk of losing the existing one if they apply for a new one and get declined . This is NOT true ! Even if you apply for a new Medicare Supplement plan and get declined , you can always keep the existing plan because Medicare Supplement plans are guaranteed renewable . If you 're looking to change your prescription drug plan provider or your Medicare Advantage plan provider , you can only make a change during certain times of the year . For the most part , you can only make changes during the annual enrollment period each year -LRB- between October 15 - December 7 -RRB- with changes becoming effective January 1 . Outside of this enrollment period , you can only make changes under certain situations -LRB- known as special enrollment periods -RRB- . An example of this is if you moved outside of the plan 's service area . For a full list of situations that qualify you for special enrollment periods to make changes , please visit the Medicare.gov website . I hope the information is helpful - please feel free to contact me for help with your coverage and if you have any other questions . Thanks very much .",You will receive Medicare Part A benefits automatically when you qualify . You will take this benefit when you qualify because it does n't cost anything . Medicare Part B is voluntary . You can tell Medicare that you would delay your Medicare Part B benefits . You can do this when you have creditable coverage through your employer or retirement plan . You will incur a penalty if you delay your benefits without creditable coverage then active them later .,iqa-question:91,iqa-document:91,,,health,,,,,,,,,,,,,,,,PENDING,CALIBRATION,lg-6b9a823da657,English,target source_index=91; distractor source_index=423,,False,
ext-iqa-fail-018,insuranceqa,data/benchmarks/qa/insuranceqa/data_insuranceqa_1000.jsonl,insuranceqa:602,,question_id:602,How Do Body Shops Work With Car Insurance?,"Question: How Do Body Shops Work With Car Insurance?
Answer: That is a great question ! Generally , your auto insurance company will have a contract or agreement with a local garage , mechanic , and body shop . They will refer you to them to have your work done . By doing this , they have an agreement with the garages to keep costs under control . Should you choose to use a different mechanic , you are certainly welcome to , but my experience has been that the insurance company is much more difficult to work with . Thanks for asking !",Everyone with a valid drivers license should be able to secure auto insurance with one carrier or another . Since auto insurance policies coverages are established on an individual basis the rates will vary from person to person . Contact a local agent to find out about coverage availability and pricing within your area .,iqa-question:602,iqa-document:602,,,motor,,,,,,,,,,,,,,,,PENDING,VALIDATION,lg-3570ee32687e,English,target source_index=602; distractor source_index=260,,False,
ext-iqa-fail-019,insuranceqa,data/benchmarks/qa/insuranceqa/data_insuranceqa_1000.jsonl,insuranceqa:409,,question_id:409,How Does Medicare D Work?,"Question: How Does Medicare D Work?
Answer: I assume you are asking about Medicare Part D which is the prescription drug plan , as opposed to Medicare supplement plan D. Medicare Part D is offered by private insurance carriers . Each plan is different . Some have deductibles , some do n't . All have copay 's and a few have coinsurance for tier 4 drugs","With the lagging economy and endless recession a lot of people continue working past age 65 -LRB- whether they want to or not -RRB- . Your earnings do not penalize your Medicare benefits . Unlike the penalty tax under Social Security for earned income , Medicare is not impacted . If you are covered by an employer health insurance plan and Medicare you may not need Part B or D .",iqa-question:409,iqa-document:409,,,health,,,,,,,,,,,,,,,,PENDING,VALIDATION,lg-69f8c9702c9a,English,target source_index=409; distractor source_index=831,,False,
ext-iqa-fail-020,insuranceqa,data/benchmarks/qa/insuranceqa/data_insuranceqa_1000.jsonl,insuranceqa:222,,question_id:222,Is Car Insurance For A Lease More Expensive?,"Question: Is Car Insurance For A Lease More Expensive?
Answer: Many leases will require you to carry 100/300 liability limits so if for some reason you want to carry lower limits you will see a premium difference there . Other then that the premiums are no different then if you owned the car yourself . If you are in a position to lease a car you should be carrying a minimum of 100/300 liability limits anyway .",Everyone with a valid drivers license should be able to secure auto insurance with one carrier or another . Since auto insurance policies coverages are established on an individual basis the rates will vary from person to person . Contact a local agent to find out about coverage availability and pricing within your area .,iqa-question:222,iqa-document:222,,,motor,,,,,,,,,,,,,,,,PENDING,VALIDATION,lg-3a9ca4b9f3c8,English,target source_index=222; distractor source_index=260,,False,
ext-iqa-fail-021,insuranceqa,data/benchmarks/qa/insuranceqa/data_insuranceqa_1000.jsonl,insuranceqa:570,,question_id:570,Can Homeowners Insurance Cancel Your Policy?,"Question: Can Homeowners Insurance Cancel Your Policy?
Answer: The insurance company can cancel your policy for failure to pay the premium . It can also cancel the policy if the underwriter determines that the property was not correctly described or that the agent acted beyond his authority to bind coverage . Companies routinely cancel policies when they determine that a property has been vacated .",Technically you do not have to have homeowners insurance . It is not required at this time by law in any of the states in the United States to the best of my knowledge . Your mortgage lender will typically require homeowners insurance coverage to protect themselves against loss in the event of a covered loss . There are way to many reasons to list here as to why you should have coverage . Please contact a local agent to discuss your coverage needs and concerns .,iqa-question:570,iqa-document:570,,,general_insurance,,,,,,,,,,,,,,,,PENDING,VALIDATION,lg-5ec7b9af0c61,English,target source_index=570; distractor source_index=590,,False,
ext-iqa-fail-022,insuranceqa,data/benchmarks/qa/insuranceqa/data_insuranceqa_1000.jsonl,insuranceqa:622,,question_id:622,How Does Home Insurance Escrow Work?,"Question: How Does Home Insurance Escrow Work?
Answer: Some banks these days require that your Homeowners Insurance be paid by them froman escrow account . If that is the case , then when you are closing on your home and obtaining insurance , they will require you to pay your insurance professional an amount equal to the full first year 's premium . The policy will then be set up to bill your mortgage company upon each renewal . The monthly payments that you make to your mortgage company , in addition to principal and interest , will include an amount for the next renewal on your Homeowners Insurance . Your insurance company will bill your mortgage company at the renewal and the annual premium will then be paid by your mortgage company from your escrow account .","Buy home insurance from an agent that you can trust . If you havent an agent , get recommendations from friends , colleagues or neighbors . A good agent will listen to you , give sound advice , accurately record information and most importantly , answer your questions . A computer can do one of those functions . At the time of claim the critical issues will be , is the coverage in force , is it adequate to restore the loss and is there someone there to answer questions .",iqa-question:622,iqa-document:622,,,household,,,,,,,,,,,,,,,,PENDING,CALIBRATION,lg-e912afbae8e7,English,target source_index=622; distractor source_index=396,,False,
ext-iqa-fail-023,insuranceqa,data/benchmarks/qa/insuranceqa/data_insuranceqa_1000.jsonl,insuranceqa:800,,question_id:800,How Much Disability Insurance Is Enough?,"Question: How Much Disability Insurance Is Enough?
Answer: Typically disability insurance benefits are equal to a maximum of 60 % of the insured 's income . The maximum one can buy then is based on the annual income of the individual . If you can live comfortably on a lesser amount than 60 % of what you earn , then you may consider buying a policy that would pay less than 60 % of your earned income .","where do I get disability insurance ? In Washington State , you 'd get it from me ! ;-RRB- What you would want to do is meet with an agent and go over your options , with a great deal of time spent on understanding the definitions of disability . With disability coverage , the definition is everything . Without a good definition , the premium may be cheap , but collecting on a claim may be hard .",iqa-question:800,iqa-document:800,,,health,,,,,,,,,,,,,,,,PENDING,VALIDATION,lg-6c4bc6cfa954,English,target source_index=800; distractor source_index=805,,False,
ext-iqa-fail-024,insuranceqa,data/benchmarks/qa/insuranceqa/data_insuranceqa_1000.jsonl,insuranceqa:120,,question_id:120,What Is Occupational Disability Insurance?,"Question: What Is Occupational Disability Insurance?
Answer: What is occupational disability insurance ? Usually it is called own occupation and it is used in the definition of disability . It is very much to the insured 's favor to have that definition in their disability policy . It is a specific rather than general definition . For example your disability policy would pay if you could n't work in that specific job , and it would continue to pay you if you could work in another occupation .","where do I get disability insurance ? In Washington State , you 'd get it from me ! ;-RRB- What you would want to do is meet with an agent and go over your options , with a great deal of time spent on understanding the definitions of disability . With disability coverage , the definition is everything . Without a good definition , the premium may be cheap , but collecting on a claim may be hard .",iqa-question:120,iqa-document:120,,,health,,,,,,,,,,,,,,,,PENDING,VALIDATION,lg-6c4bc6cfa954,English,target source_index=120; distractor source_index=805,,False,
ext-iqa-fail-025,insuranceqa,data/benchmarks/qa/insuranceqa/data_insuranceqa_1000.jsonl,insuranceqa:896,,question_id:896,Can You Get Car Insurance With A Suspended Drivers License?,"Question: Can You Get Car Insurance With A Suspended Drivers License?
Answer: That is a great question ! While it will be difficult to get insurance , it is possible . What you will need to do is contact your agent , and find out what they will need to issue you a policy . In most cases , that will mean satisfying the requirements to get your license reinstated - fines paid , classes taken , whatever was required of you . Having your license suspended is bad , but it will be infinitely worse for you if you get caught driving on it , and you are uninsured . Please do n't even consider it ! Good luck , and thanks for asking !",Everyone with a valid drivers license should be able to secure auto insurance with one carrier or another . Since auto insurance policies coverages are established on an individual basis the rates will vary from person to person . Contact a local agent to find out about coverage availability and pricing within your area .,iqa-question:896,iqa-document:896,,,motor,,,,,,,,,,,,,,,,PENDING,VALIDATION,lg-aba2c9e7a82d,English,target source_index=896; distractor source_index=260,,False,
ext-iqa-fail-026,insuranceqa,data/benchmarks/qa/insuranceqa/data_insuranceqa_1000.jsonl,insuranceqa:224,,question_id:224,How Long Does A Homeowners Insurance Claim Stay On Record?,"Question: How Long Does A Homeowners Insurance Claim Stay On Record?
Answer: As a matter of practice most insurance companies look back at three years of losses . Companies are particularly concerned about recurring losses . These usually indicate poor maintenance or a design flaw in the residence . Recurring water damage losses from a leaky roof are a concern . There are situations where the initial repair did not fix the root cause and continued claims can be expected .","Great question . I believe everyone should have an agent they can all and discuss options on filling or not filling a claim the 1800 numbers will not discuss this with you . First if there is a large loss , a fire for instance there is no question a claim needs to be filled . If the damages for what your considering filling a claim are less than five thousand dollars you should contact your insurance agent and discuss your options . One aspect that will determine the amount your insurance will go up after a claim is how long you 've been with a company , if you 've been with them -LRB- loyal -RRB- five years or greater likely your rates will not go up much if at all , this of course is with the premium carriers . If you shop and hop insurance companies often I am afraid the rates will be very high . There are rewards to staying with a carrier .",iqa-question:224,iqa-document:224,,,general_insurance,,,,,,,,,,,,,,,,PENDING,LOCKED_HOLDOUT_CANDIDATE,lg-9e8009daaecf,English,target source_index=224; distractor source_index=939,,False,
ext-iqa-fail-027,insuranceqa,data/benchmarks/qa/insuranceqa/data_insuranceqa_1000.jsonl,insuranceqa:773,,question_id:773,What Services Does Medicare Part D Cover?,"Question: What Services Does Medicare Part D Cover?
Answer: Medicare Part D covers a portion of your outpatient Rx benefits . Part D is available from private insurance carriers and has a monthly premium of anywhere from $ 15 monthly on up to over $ 100 . Each plan is different . Some have deductibles , some do n't . All have copay 's . Check your formulary before signing up .","Medicare does cover hospice care for terminally ill patients . Care must be given by a doctor , nurse or skilled attendant . Once you are in hospice , Medicare will not cover any treatment intended to cure your illness . This includes prescription drugs for your illness . Medicare will not cover room and board in a hospital or nursing home if you are under hospice care .",iqa-question:773,iqa-document:773,,,health,,,,,,,,,,,,,,,,PENDING,VALIDATION,lg-1d1ce626b09d,English,target source_index=773; distractor source_index=538,,False,
ext-iqa-fail-028,insuranceqa,data/benchmarks/qa/insuranceqa/data_insuranceqa_1000.jsonl,insuranceqa:10,,question_id:10,I Have A Qualified Variable Annuity. What Is That Exactly?,"Question: I Have A Qualified Variable Annuity. What Is That Exactly?
Answer: That is a great question ! I 'd strongly advise that you check with your annuity 's agent or your tax adviser before doing anything . You mentioned that you were willing to pay penalties and taxes , so I 'm assuming that there is a pressing need for cash , or a great dislike for the policy/agent/company that has caused you to decide to gut your annuity ? If so , I 'd again advise caution . If you surrender your annuity , and it was meant to fuel your retirement , what is your plan to replace it ? Will you end up suffering for many years for a temporary hardship if you surrender the annuity ? Maybe it might be wiser to see what cash withdrawal you can make from the annuity without fees -LRB- you are allowed a certain amount without penalties or fees , and more if you are willing to pay any surrender fees that may still be applicable -RRB- and leave the annuity intact ; you may also want to look at borrowing from a cash value of any whole life policy that you may have , as that also is a quick and relatively painless way to get cash . If your heart is set upon surrendering it , please bear in mind that there will be a 10 % penalty , possible surrender fees , and a major tax bite from the amount that you might expect to get . Please assume that if you are lucky , you will recieve roughly half of what you are expecting to receive , depending upon your tax bracket . This type of investment is designed specifically for saving , and stopping the process is very costly . To start the process , contact your agent who sold you the annuity , or the plan administrator , and tell them of your intentions . If you would like to discuss this further , please do not hesitate to contact me , okay ? I 'd be happy to help . Good luck , and thank you for asking !","Why would you want to `` pitch '' a Variable Annuity ? A VA is a useful product for those individuals who want to have upside performance , a basic death benefit , and other living benefits such as Guaranteed Minimum Income Benefits . But PRODUCT , and that includes any of the insurance based products , should be part of an overall consulting relationship where the client understand the risks and rewards of that product . The job of the financial advisor when selling a client a VA is to fact find , determine a client 's risk tolerance , and then provide choices commensurate with a client 's goals . If you do that , a Variable Annuity does n't get pitched , it becomes the product of choice by the client because of the features that it offers .",iqa-question:10,iqa-document:10,,,life,,,,,,,,,,,,,,,,PENDING,CALIBRATION,lg-0be3095c3478,English,target source_index=10; distractor source_index=502,,False,
ext-iqa-fail-029,insuranceqa,data/benchmarks/qa/insuranceqa/data_insuranceqa_1000.jsonl,insuranceqa:765,,question_id:765,What Good Is Long Term Care Insurance?,"Question: What Good Is Long Term Care Insurance?
Answer: A long term care policy is only as good as the contract stipulates . And the contract is only as good as the insurance company that issued the policy . But long term care insurance can fund periods of assisted living and/or nursing home care , that can be very expensive . It 's part of defensive retirement planning .","A good long term care policy should feel your specific needs in case of a long term illness or injury so severe that you are no longer able to work . Things to consider when shopping for long term disability plans are length of coverage , i.e. years benefits pay , plans can go to age 67 now . The elimination period which is the time length you can go without benefits , i.e. 30 days to 360 days . The benefits amount which is the amount paid to you on a monthly basis which can go up to 70 % of your current earnings . Riders to consider on your plan should be additional purchase option without proof of insurability , cost of living increases and return of premium in case you never use the coverage . I recommend using an experienced independent broker in order to navigate this maze of coverages in order to get the right plan at the best price .",iqa-question:765,iqa-document:765,,,general_insurance,,,,,,,,,,,,,,,,PENDING,LOCKED_HOLDOUT_CANDIDATE,lg-33989e349e5c,English,target source_index=765; distractor source_index=591,,False,
ext-iqa-fail-030,insuranceqa,data/benchmarks/qa/insuranceqa/data_insuranceqa_1000.jsonl,insuranceqa:893,,question_id:893,Where Can I Buy Disability Insurance?,"Question: Where Can I Buy Disability Insurance?
Answer: Disability insurance can be purchased from a variety of companies . You may apply online , call a company direct or purchase it from your local insurance agent . However , it truly is one of the complex insurance policies on the market . I recommend using an experienced disability insurance broker to shop the market to find the best product at the best price for your unique situation .","where do I get disability insurance ? In Washington State , you 'd get it from me ! ;-RRB- What you would want to do is meet with an agent and go over your options , with a great deal of time spent on understanding the definitions of disability . With disability coverage , the definition is everything . Without a good definition , the premium may be cheap , but collecting on a claim may be hard .",iqa-question:893,iqa-document:893,,,health,,,,,,,,,,,,,,,,PENDING,VALIDATION,lg-6c4bc6cfa954,English,target source_index=893; distractor source_index=805,,False,
ext-iqa-fail-031,insuranceqa,data/benchmarks/qa/insuranceqa/data_insuranceqa_1000.jsonl,insuranceqa:274,,question_id:274,What Feature Is Unique To Annuities?,"Question: What Feature Is Unique To Annuities?
Answer: The key features unique to Annuities are : # 1 interest earned is not taxed throughout the accumulation period . # 2 . Distributions are fully guaranteed and have multiple options such as period certain , lifetime of the annuitant among others # 3 . Unlike qualified plans such as an IRA , an annuity owner can also chose to not take distributions and let the funds in the annuity pass directly to their beneficiary . Other products have some of the features of annuities however only annuities combine the features outlined here . .","Assuming the interpretation of the question is correct , qualified retirement plans can purchase a variety of financial products and tax deferred annuities is an option . If a qualified pan purchase a tax deferred annuity , the basis is taxable because the basis or original contributions were deducted under the defined contribution plan .",iqa-question:274,iqa-document:274,,,general_insurance,,,,,,,,,,,,,,,,PENDING,LOCKED_HOLDOUT_CANDIDATE,lg-43edded82d7c,English,target source_index=274; distractor source_index=754,,False,
ext-iqa-fail-032,insuranceqa,data/benchmarks/qa/insuranceqa/data_insuranceqa_1000.jsonl,insuranceqa:905,,question_id:905,What Is The Waiting Period For Disability Insurance?,"Question: What Is The Waiting Period For Disability Insurance?
Answer: The waiting period , also known as the elimination period , varies from plan to plan . For short term disability insurance , the common elimination periods are 7 and 14 days . For long term disability insurance , the most favorable ep is 90 days , but some policies are written with 180 or even 365 eps . The longer eps are usually to offset the cost as it 's cheaper when the waiting period is longer .",Long term care inusrance is a morbidity product like disability inusrance that offers diferring elimination periods or waiting periods from the triggering event that casues the policy owner to file a claim for benefits . Some long termcare inusrance policies offer nowaiting to 365 day elimination periods . 90 day elimination periods appear the most popular .,iqa-question:905,iqa-document:905,,,health,,,,,,,,,,,,,,,,PENDING,LOCKED_HOLDOUT_CANDIDATE,lg-a596cce11c22,English,target source_index=905; distractor source_index=852,,False,
ext-iqa-fail-033,insuranceqa,data/benchmarks/qa/insuranceqa/data_insuranceqa_1000.jsonl,insuranceqa:885,,question_id:885,Can I Get Life Insurance After A Stroke?,"Question: Can I Get Life Insurance After A Stroke?
Answer: If you have had one stroke that had minimal effects and several years have passed since having the stroke , you may be able to get a medically underwritten policy of any amount for which you financially qualify , with immediate death benefit . If your stroke impacted your health enough that you needed to go on Disability but you are still able to do all your own activities of daily living and walk without personal assistance -LRB- can or walker is OK -RRB- , then there are a number of simplified issue policies that may or not be graded , that you can get . If your stroke caused you to require use of a wheelchair , home health or nursing home care -LRB- inability to do your own ADL 's -RRB- , or causes significant confusion , then guaranteed issue policies are available to most people . These are more restrictive in features than the other policies , but are available for final expense purposes . Contact an impaired risk underwriting agency that carries all these types of policies and understands life insurance underwriting for stroke , and you will get your best price .","There are life insurance policies that do not require an exam for every age of applicant . There are options for every type of health . There are term policies , universal life policies , and whole life policies that do not require an exam . No Exam life insurance can be purchased in face amounts up to $ 500,000 . Some agents say that you will pay more if you buy nonmed life insurance , but that is not always the case . If your health is very poor , No Exam life insurance may be the only option available to you . If you think you are healthy but not sure , life insurance that does not require an exam might cost less than if you took an exam and found out your cholesterol was over 300 .",iqa-question:885,iqa-document:885,,,life,,,,,,,,,,,,,,,,PENDING,CALIBRATION,lg-5d4ec89b8176,English,target source_index=885; distractor source_index=5,,False,
ext-iqa-fail-034,insuranceqa,data/benchmarks/qa/insuranceqa/data_insuranceqa_1000.jsonl,insuranceqa:197,,question_id:197,How Much Does It Cost For Level Term Life Insurance?,"Question: How Much Does It Cost For Level Term Life Insurance?
Answer: There is no one set cost to level Term Life Insurance . However , a rule of thumb is , the longer the term , the higher the premium . That is because the insurance companies average out what the policy would cost at your starting age , and the cost of insurance for the ending age of the term policy you chose . If you took out a 10 year Term policy at age 35 , the policy will end -LRB- or the price will go up drastically -RRB- at your age 45 . Mortality rates are not real high at age 45 , so the premium will be relatively low . If you locked that premium in for 30 years , the policy will end at your age 65 , which is when mortality rates are much higher . Therefore , the premium will be higher . However , the premium you have locked in is based on your health at age 35 . And that can make it be a very good deal .","Great question . Often clients are afraid to ask I think they believe is it expensive but actually its relatively inexpensive . Typically if you insure two vehicles with a company the discount you gain by having a second policy on your auto insurance will if not cover the cost of a renters policy it will be close ! So the average cost is 60-120 dollars a year . So for ten dollars or less you have coverage for your phone , computers , books , clothes , medications , cd 's , movies , art , guns or whatever else you own ! Ten dollars a month is very inexpensive , also these are covered anywhere in the world !",iqa-question:197,iqa-document:197,,,life,,,,,,,,,,,,,,,,PENDING,CALIBRATION,lg-e4e12d64d217,English,target source_index=197; distractor source_index=70,,False,
ext-iqa-fail-035,insuranceqa,data/benchmarks/qa/insuranceqa/data_insuranceqa_1000.jsonl,insuranceqa:836,,question_id:836,Will Medicare Pay For Hospice?,"Question: Will Medicare Pay For Hospice?
Answer: That is a great question , and one with a great answer ! Yes , Medicare Part A pays for end of life treatment . You will need a Doctor 's certification that your loved one is expected to pass within 6 months , and that no further restorative procedures are to be implemented . It does n't matter if the hospice care is given in your home , or a facility , as long as it is Medicare approved . You may also need a living will , or something similar to qualify . It will also pay for up to 5 days of respite care , if you need to take a break . Thanks for asking !","Tax deferred fixed annuities pay a guaranteed interest rate for a guaranteed period of time . Interest rates are constantly changing so its important to check with a brokerage annuity companies that display several insurance companies . As of this posting : 5 year rate is 2.85 % , 7 year rate is 3.20 % and 10 year rate is 3.45 % . Also check the insurance company to see if they are filed in your state .",iqa-question:836,iqa-document:836,,,health,,,,,,,,,,,,,,,,PENDING,CALIBRATION,lg-998dc2e43ba5,English,target source_index=836; distractor source_index=256,,False,
ext-iqa-fail-036,insuranceqa,data/benchmarks/qa/insuranceqa/data_insuranceqa_1000.jsonl,insuranceqa:588,,question_id:588,How Much Does Life Insurance Underwriters Make?,"Question: How Much Does Life Insurance Underwriters Make?
Answer: Life insurance underwriters are generally paid on the basis of the amount of insurance they are permitted to underwrite , i.e. a $ 500,000 authority may define a `` junior '' underwriter who can make $ 50,000 to $ 75,000 . A senior underwriter with seasoned experience is going to make a six figure income . Senior underwriters who also are MDs can make considerably more ,","Notwithstanding state peculiar legislation , a landlord can insist that a tenant have a renters policy . The landlord does this to clarify the relationship he has with the tenant . The landlord is not responsible for your property , even if it is destroyed along with his building . He is not responsible for personal injury and physical damage that comes from someone coming onto the property that you have rented . That is your responsibility and you would be the one sued . This problem goes away for a small premium .",iqa-question:588,iqa-document:588,,,life,,,,,,,,,,,,,,,,PENDING,LOCKED_HOLDOUT_CANDIDATE,lg-8d7e2acf95d5,English,target source_index=588; distractor source_index=865,,False,
ext-iqa-fail-037,insuranceqa,data/benchmarks/qa/insuranceqa/data_insuranceqa_1000.jsonl,insuranceqa:545,,question_id:545,What Is The Best Medicare Plan In California?,"Question: What Is The Best Medicare Plan In California?
Answer: California has a lot of good Medicare plans , and there is surely one that is `` best '' for you . Medicare insurance rates vary greatly by age , tobacco use , zip code and plan design . The older you are the higher your Medicare supplement rate will be . The exception is for those who are under age 65 and on disability and Medicare . In most states rates for under age 65 are astronomical . Tobacco use often adds 20 % to the rate but can be more , depending on the carrier . Online sites offering instant Medicare plan rates can be helpful but if you want the lowest rates you need to talk to an independent Medicare agent .","In order to determine what is the best retirement plan , you first need to clarify what you are trying to accomplish . What does a successful retirement look like for you ? Once you have an idea what that means then you will be able to calculate what it will cost to fund it . The would will be able to determine what is best for you . Additional information on retirement planning is available on my website www.jpw.ca If you would like to work with a local Retirement Planner , you could start with a Google search . For example if you search for : retirement planner Halifax or retirement planning Halifax , my name along with several others will come up . You can use the same method to find Retirement Planners in your community . If you have further questions , or feel that I could be of assistance , please do not hesitate to contact me .",iqa-question:545,iqa-document:545,,,health,,,,,,,,,,,,,,,,PENDING,CALIBRATION,lg-75f840a070a5,English,target source_index=545; distractor source_index=884,,False,
ext-iqa-fail-038,insuranceqa,data/benchmarks/qa/insuranceqa/data_insuranceqa_1000.jsonl,insuranceqa:487,,question_id:487,At What Age Can You Collect Medicare?,"Question: At What Age Can You Collect Medicare?
Answer: You can collect Medicare Part A and Part B at age 65 if you or your spouse has paid Medicare taxes for at least 40 quarters . You can collect Medicare under age 65 if you have been receiving Social Security Disability benefits for 24 months , and in several other circumstances .","Rates are typically know to adjust at ages 18 , 21 , and 25 . Rates are also known to adjust based on credit history and marital status . Please remember every carrier and every policy is different . Every carrier has its own level of risk willing to accept . This will set the premium levels based on the risk they are willing to take on .",iqa-question:487,iqa-document:487,,,health,,,,,,,,,,,,,,,,REVIEW_REQUIRED,CALIBRATION,lg-6cc4ba0e7bee,English,target source_index=487; distractor source_index=292,possibly_trivial_fail_low_lexical_overlap,False,
ext-iqa-fail-039,insuranceqa,data/benchmarks/qa/insuranceqa/data_insuranceqa_1000.jsonl,insuranceqa:438,,question_id:438,How Would You Calculate The Expected Return On A Life Insurance Policy?,"Question: How Would You Calculate The Expected Return On A Life Insurance Policy?
Answer: Before you break out your HP12c calculator , consider this . Almost all proposals illustrate internal rate of return on both death benefit and cash values . If you have an existing life insurance policy you can order whats called an in force ledger and request the internal rate of return on both death benefit and cash values .","Disability insurance is a morbidity product . Disability insurance is basically paycheck protection . And the price for that protection depends on your gender , age , smoking status , health history , current medical condition and vocation . It also depends on the length of coverage , the elimination period and owner occupation specialties .",iqa-question:438,iqa-document:438,,,life,,,,,,,,,,,,,,,,PENDING,LOCKED_HOLDOUT_CANDIDATE,lg-2a530e51e40c,English,target source_index=438; distractor source_index=442,,False,
ext-iqa-fail-040,insuranceqa,data/benchmarks/qa/insuranceqa/data_insuranceqa_1000.jsonl,insuranceqa:263,,question_id:263,Is Mutual Fund Better Than Stock?,"Question: Is Mutual Fund Better Than Stock?
Answer: A mutual fund is a share in an investment company . According to the prospectus it invests the funds using a particular investment strategy . The fund is generally quite diversified reducing the risk of a particular security suffering a great loss . At the same time this diversity dampens the effect of a particular security contained in the fund experiencing enormous gains . The mutually fund is generally viewed as being less volatile and more diversified .","Term insurance is the best for most people because it provides the opportunity to purchase the most coverage for the least premium dollar and frees up more savings dollars or money to pay down debt . In the early years a family needs more protection while their debts are the highest , they have a mortgage , the kids are at home , and loss of income would be devastating . This is where the most life insurance coverage is needed for protection as the cash estate is growing . However , in the later years , when debts are lower or eliminated , the home mortgage is nearly gone , and the children are out of the home , less life insurance is needed and more retirement income is needed . Term insurance is the only type of insurance that will protect with the right amount of coverage without reducing the amount of money to invest . There is no mathematical reason to have cash value life insurance of any type .",iqa-question:263,iqa-document:263,,,general_insurance,,,,,,,,,,,,,,,,PENDING,VALIDATION,lg-c34c21dbcd45,English,target source_index=263; distractor source_index=739,,False,
ext-iqa-fail-041,insuranceqa,data/benchmarks/qa/insuranceqa/data_insuranceqa_1000.jsonl,insuranceqa:349,,question_id:349,Is Zostavax Covered By Medicare?,"Question: Is Zostavax Covered By Medicare?
Answer: It will depend on the prescription drug plan you are in . Medicare only covers certain injectable , chemotherapy drugs under Part B . The best way to find out which plan covers your drugs is to go to Medicare.Gov and look under find Medicare Plans . If you have a problem doing this a good agent can help walk you through the process or look them up for you . If you have a prescription drug plan , you should have received a copy of their formulary . If not go on the company website and you can usually find out that way , or call the customer service number on the back of your card .",It will depend on the prescription drug plan you are in . Most people on Medicare are beyond child bearing years .,iqa-question:349,iqa-document:349,,,health,,,,,,,,,,,,,,,,PENDING,VALIDATION,lg-bce999019bc2,English,target source_index=349; distractor source_index=305,,False,
ext-iqa-fail-042,insuranceqa,data/benchmarks/qa/insuranceqa/data_insuranceqa_1000.jsonl,insuranceqa:344,,question_id:344,Does Medicare Cover Viagra Cialis?,"Question: Does Medicare Cover Viagra Cialis?
Answer: Medicare does not pay for Viagra , Cialis , Levitra or other erectile dysfunction drugs . They are not covered in Part B Medicare and excluded by Part D Medicare Drug Plans . The coverage ended in 2006 , when Congress determined them `` lifestyle '' drugs instead of medically necessary drugs . Since then , penile vacuum pumps , or , if those are ineffective , implanted penile inflation devices , are the only treatments for erectile dysfunction that are covered by Medicare .","Medicare does not pay for Viagra , Cialis , Levitra or other erectile dysfunction drugs . Unfortunately , Medicare does not cover Cialis for BPH -LRB- benign prostatic hyperplasia -RRB- .",iqa-question:344,iqa-document:344,,,health,,,,,,,,,,,,,,,,PENDING,VALIDATION,lg-06d04824ff51,English,target source_index=344; distractor source_index=783,,False,
ext-iqa-fail-043,insuranceqa,data/benchmarks/qa/insuranceqa/data_insuranceqa_1000.jsonl,insuranceqa:525,,question_id:525,Which Section Of Medicare Pays For Ambulatory Service?,"Question: Which Section Of Medicare Pays For Ambulatory Service?
Answer: Medicare Part B will cover ambulance services that are medically necessary . Even though original Medicare does not have networks , you need to understand that Medicare has a fee schedule for things such as medical transport companies . What Medicare is willing to pay for ambulance transport may not be enough to satisfy the bill presented by the ambulance company .",Medicare Part B will cover ambulance services that are medically necessary . You will receive Medicare Part A benefits automatically when you qualify .,iqa-question:525,iqa-document:525,,,health,,,,,,,,,,,,,,,,PENDING,VALIDATION,lg-e91671ac667e,English,target source_index=525; distractor source_index=423,,False,
ext-iqa-fail-044,insuranceqa,data/benchmarks/qa/insuranceqa/data_insuranceqa_1000.jsonl,insuranceqa:371,,question_id:371,What Is The Benefit Of Renters Insurance?,"Question: What Is The Benefit Of Renters Insurance?
Answer: Renters insurance is for renters of homes and apartments as house insurance is for those who own the house . Renters insurance protects YOUR property if there is a loss from say a fire . The biggest issue is what kind of policy you have . Does your insurance give yoy replacement cost or just current value . There is a big difference . Think about what you stuff costs today versus purchasing brand new .",Renters insurance is for renters of homes and apartments as house insurance is for those who own the house . You need a tenants policy if your landlord requires it .,iqa-question:371,iqa-document:371,,,household,,,,,,,,,,,,,,,,PENDING,VALIDATION,lg-2f27fd06051f,English,target source_index=371; distractor source_index=723,,False,
ext-iqa-fail-045,insuranceqa,data/benchmarks/qa/insuranceqa/data_insuranceqa_1000.jsonl,insuranceqa:357,,question_id:357,Is travel insurance worth the money?,"Question: Is travel insurance worth the money?
Answer: To determine the value of a travel insurance policy review the coverage that you currently have . Some people have coverage that extends to the locality where they live , or the state in which they reside . Coverage outside of that specified area can be highly limited . The issue becomes more severe with most plans when you travel overseas . If your current coverage is inadequate to cover potential difficulties secure a travel insurance policy . Personally , I travel overseas frequently and never purchase travel insurance .","To determine the value of a travel insurance policy review the coverage that you currently have . I believe so , as I both own one , and sell them to my clients .",iqa-question:357,iqa-document:357,,,travel_assistance,,,,,,,,,,,,,,,,PENDING,CALIBRATION,lg-fb55c6c4f298,English,target source_index=357; distractor source_index=920,,False,
ext-iqa-fail-046,insuranceqa,data/benchmarks/qa/insuranceqa/data_insuranceqa_1000.jsonl,insuranceqa:647,,question_id:647,Why Is An Equity Indexed Annuity Considered To Be A Fixed Annuity?,"Question: Why Is An Equity Indexed Annuity Considered To Be A Fixed Annuity?
Answer: Because it a FIXED AND GUARANTEED RATEBOF RETURN . You ca n't lose your principle and average GUARANTEED rates are around 2 % on the low end to 4 % on the high end . You get a nominal/limited upside gain of the stock market along with knowing you ca n't lose any money . Somewhat fixed .",You ca n't lose your principle and average GUARANTEED rates are around 2 % on the low end to 4 % on the high end . A fixed annuity is a way to give yourself an easily defined amount of money to provide a steady income stream from in retirement .,iqa-question:647,iqa-document:647,,,life,,,,,,,,,,,,,,,,PENDING,CALIBRATION,lg-f7c3426f7595,English,target source_index=647; distractor source_index=772,,False,
ext-iqa-fail-047,insuranceqa,data/benchmarks/qa/insuranceqa/data_insuranceqa_1000.jsonl,insuranceqa:855,,question_id:855,When Does Health Insurance End When Leaving A Job?,"Question: When Does Health Insurance End When Leaving A Job?
Answer: If you leave your job or are terminated your health insurance usually ends at the end of the month you left your job . At that time you would be eligible for COBRA continuation coverage for 18 months or you could purchase indivdiual health insurance . COBRA used to be the best option if you had a pre-exisitng condition but under the Affordable Care Act , commonly known as Obamacare , you can purchase individual coverage with no issues . You have to prove that you have a qualifying event under the IRS code which is a letter of Creditable Coverage from your former health insurance company or employer .",If you leave your job or are terminated your health insurance usually ends at the end of the month you left your job . If you are talking about the open enrollment period then it ends on March 31st of this year for ACA plans unless there is a special circumstance like losing group coverage or coming off of COBRA .,iqa-question:855,iqa-document:855,,,health,,,,,,,,,,,,,,,,PENDING,LOCKED_HOLDOUT_CANDIDATE,lg-bf57042a42f4,English,target source_index=855; distractor source_index=350,,False,
ext-iqa-fail-048,insuranceqa,data/benchmarks/qa/insuranceqa/data_insuranceqa_1000.jsonl,insuranceqa:433,,question_id:433,How To Find Out What My Health Insurance Covers?,"Question: How To Find Out What My Health Insurance Covers?
Answer: Your best resource for information about a policy that is already in force is from the insurance carrier directly . There will be a toll free number on your card . If you have a direct relationship with an agent who helped you purchase the policy , that person can be of assistance if you run into any challenges . The people at the carrier 's call center are human too and sometimes you can get bad information simply due to human error . If you think an answer is wrong , call back and get another representative . If you get stuck , call your agent !",Your best resource for information about a policy that is already in force is from the insurance carrier directly . Most health insurance plans do not cover In Vitro or any other infertility treatment .,iqa-question:433,iqa-document:433,,,health,,,,,,,,,,,,,,,,PENDING,VALIDATION,lg-bb496bd62b0e,English,target source_index=433; distractor source_index=233,,False,
ext-iqa-fail-049,insuranceqa,data/benchmarks/qa/insuranceqa/data_insuranceqa_1000.jsonl,insuranceqa:611,,question_id:611,How To Get Life Insurance On Ex Husband?,"Question: How To Get Life Insurance On Ex Husband?
Answer: Depending on your divorce and how it has panned out . The ex spouse may see the need to have life insurance to provide protection when kids are involved . They may not , see a need at all and that would be where you petition the court and let the court decide the need for him .","The ex spouse may see the need to have life insurance to provide protection when kids are involved . Whether or not you can keep life insurance on your ex husband will be up to you , your ex husband , and the court .",iqa-question:611,iqa-document:611,,,life,,,,,,,,,,,,,,,,PENDING,LOCKED_HOLDOUT_CANDIDATE,lg-efa66051644a,English,target source_index=611; distractor source_index=910,,False,
ext-iqa-fail-050,insuranceqa,data/benchmarks/qa/insuranceqa/data_insuranceqa_1000.jsonl,insuranceqa:902,,question_id:902,Can An 88 Year Old Get Life Insurance?,"Question: Can An 88 Year Old Get Life Insurance?
Answer: I actually had a case for an 88-year-old a couple of years ago . It was rather interesting . What we had going for us was the following : A number of companies will issue a policy up to age 90 . Out of these , some will specialize in ages over 65 . The insured had a number of medical issues , but they were well-controlled . The challenge was getting the money to pay for the coverage . Since the family would benefit , efforts were made to have the family help pay the premium . This is where things got a little tough . Assuming the money is there , this can be done .","I actually had a case for an 88-year-old a couple of years ago . A 30 year old male nonsmoking with super preferred health covering $ 100,000 of ten year term life insurance is around $ 85 annually with one of the leading life insurance companies .",iqa-question:902,iqa-document:902,,,life,,,,,,,,,,,,,,,,PENDING,CALIBRATION,lg-16b8e6895d05,English,target source_index=902; distractor source_index=619,,False,
ext-iqa-fail-051,insuranceqa,data/benchmarks/qa/insuranceqa/data_insuranceqa_1000.jsonl,insuranceqa:590,,question_id:590,Why Do I Have To Have Homeowners Insurance?,"Question: Why Do I Have To Have Homeowners Insurance?
Answer: Technically you do not have to have homeowners insurance . It is not required at this time by law in any of the states in the United States to the best of my knowledge . Your mortgage lender will typically require homeowners insurance coverage to protect themselves against loss in the event of a covered loss . There are way to many reasons to list here as to why you should have coverage . Please contact a local agent to discuss your coverage needs and concerns .",Technically you do not have to have homeowners insurance . Most homeowners need a homeowners policy all the time .,iqa-question:590,iqa-document:590,,,general_insurance,,,,,,,,,,,,,,,,PENDING,VALIDATION,lg-5ec7b9af0c61,English,target source_index=590; distractor source_index=161,,False,
ext-iqa-fail-052,insuranceqa,data/benchmarks/qa/insuranceqa/data_insuranceqa_1000.jsonl,insuranceqa:923,,question_id:923,Does Renters Insurance Cover Sewage Backup?,"Question: Does Renters Insurance Cover Sewage Backup?
Answer: Renters insurance does not cover sewage backup on its own . There is an endorsement available to add this coverage , usually for just a few dollars per month . It 's worth remembering that endorsements must be made before a loss occurs . You can not call your insurance agent and add the water and sewage backup endorsement after you discover the problem , there will be no coverage because the endorsement was not applied at the time the loss occurred .","Renters insurance does not cover sewage backup on its own . I believe you will find that for the most part , property plicies will exclude any motor powered vehicles from coverage .",iqa-question:923,iqa-document:923,,,household,,,,,,,,,,,,,,,,PENDING,VALIDATION,lg-92604aa92260,English,target source_index=923; distractor source_index=89,,False,
ext-iqa-fail-053,insuranceqa,data/benchmarks/qa/insuranceqa/data_insuranceqa_1000.jsonl,insuranceqa:262,,question_id:262,Will Annuity Rates Go Up?,"Question: Will Annuity Rates Go Up?
Answer: Annuity Rates are directly tied to the Fed Funds Rate & to 10 Year Treasury Rates . Both of these are at historical lows at the moment . Most financial experts claim that interest rates should rise over the next 5 years . If this happens , Annuity Rates will rise as along with them .",Annuity Rates are directly tied to the Fed Funds Rate & to 10 Year Treasury Rates . You ca n't lose your principle and average GUARANTEED rates are around 2 % on the low end to 4 % on the high end .,iqa-question:262,iqa-document:262,,,life,,,,,,,,,,,,,,,,PENDING,VALIDATION,lg-2f02a4071f1a,English,target source_index=262; distractor source_index=647,,False,
ext-iqa-fail-054,insuranceqa,data/benchmarks/qa/insuranceqa/data_insuranceqa_1000.jsonl,insuranceqa:849,,question_id:849,What Is A Governmental 457 Retirement Plan?,"Question: What Is A Governmental 457 Retirement Plan?
Answer: Assuming youre referring to 457 -LRB- b -RRB- retirement plans , 457 -LRB- b -RRB- deferred compensation plans that are available in government and non-government organizations under 501 -LRB- c -RRB- . Theres no 59 penalty as long as the plan participant is retiring or ending employment . Government 457 can be rolled personal over to IRAs . Nonprofit workers can only roll their 457 plans over to another 457 plan . 2013 contribution limits are $ 17,500 and an extra $ 5,500 if you are age 50 or older .","Assuming youre referring to 457 -LRB- b -RRB- retirement plans , 457 -LRB- b -RRB- deferred compensation plans that are available in government and non-government organizations under 501 -LRB- c -RRB- . Disciplined despots into a retirement plan from every paycheck , no matter how small can help you develop a habit that you 'll appreciate when you retire .",iqa-question:849,iqa-document:849,,,retirement,,,,,,,,,,,,,,,,PENDING,VALIDATION,lg-55aa2726a798,English,target source_index=849; distractor source_index=250,,False,
ext-iqa-fail-055,insuranceqa,data/benchmarks/qa/insuranceqa/data_insuranceqa_1000.jsonl,insuranceqa:556,,question_id:556,What Is Multiplan Health Insurance?,"Question: What Is Multiplan Health Insurance?
Answer: Multiplan health insurance is not health insurance . Multiplan is a national PPO network that is used by some health insurance carriers either as a primary network or secondary . There are medical discount plans that promote the benefits of the Multiplan network but discount plans should never be considered a substitute for true major medical coverage .",Multiplan is a national PPO network that is used by some health insurance carriers either as a primary network or secondary . Starting in 2014 most all US citizens will be required to have an approved form of health insurance .,iqa-question:556,iqa-document:556,,,health,,,,,,,,,,,,,,,,PENDING,VALIDATION,lg-96158ce07170,English,target source_index=556; distractor source_index=959,,False,
ext-iqa-fail-056,insuranceqa,data/benchmarks/qa/insuranceqa/data_insuranceqa_1000.jsonl,insuranceqa:869,,question_id:869,Does Subway Offer Health Insurance?,"Question: Does Subway Offer Health Insurance?
Answer: This is a good Question . With any Company , whether they provide employee health coverage or not will depend on many factors . Whether you are Part time or Full time , if there is a waiting period , etc etc. . It is important to know that even if your employer does not offer health benefits , you can apply for your OWN individual plan that you pay for and manage on your own . This may also be a good option because if you happen to leave that job , you wo n't have to worry about loosing your health coverage .","With any Company , whether they provide employee health coverage or not will depend on many factors . It is possible for an employer to legally offer health insurance to some employees and not others using employment-based classifications .",iqa-question:869,iqa-document:869,,,health,,,,,,,,,,,,,,,,PENDING,CALIBRATION,lg-e965d718aa27,English,target source_index=869; distractor source_index=370,,False,
ext-iqa-fail-057,insuranceqa,data/benchmarks/qa/insuranceqa/data_insuranceqa_1000.jsonl,insuranceqa:467,,question_id:467,How Does A Cash Balance Retirement Plan Work?,"Question: How Does A Cash Balance Retirement Plan Work?
Answer: Cash balance plans are qualified defined benefit plans under ERISA , the Employee Retirement Income Security Act of 1974 . Employers appreciate the discriminatory ability to favor business owners . Cash balance plans are also used in tandem with 401 -LRB- k -RRB- for enhanced contribution limits . The plans accumulate tax deferred and offer creditor protection .","Cash balance plans are qualified defined benefit plans under ERISA , the Employee Retirement Income Security Act of 1974 . Unfortunately the ability to cash out a retirement plan is very easy to do .",iqa-question:467,iqa-document:467,,,retirement,,,,,,,,,,,,,,,,PENDING,LOCKED_HOLDOUT_CANDIDATE,lg-3484938e3c8d,English,target source_index=467; distractor source_index=760,,False,
ext-iqa-fail-058,insuranceqa,data/benchmarks/qa/insuranceqa/data_insuranceqa_1000.jsonl,insuranceqa:513,,question_id:513,What Is The Best Critical Illness Insurance?,"Question: What Is The Best Critical Illness Insurance?
Answer: The best critical illness insurance is that which has the best features . Some things to look for are : 1 -RRB- How much of the benefit is paid for each illness , 2 -RRB- What is the special limitation period -LRB- how long you would have to wait before the policy would pay after issue -RRB- , 3 -RRB- How many illness are covered , 4 -RRB- Is the policy guaranteed renewable , 5 -RRB- How long is the premium guaranteed , 6 -RRB- Is there a reduction of benefits after a certain age , and 7 -RRB- Are riders offered -LRB- e.g. for accidental death -RRB- .",The best critical illness insurance is that which has the best features . There is no one critical illness carrier or product that is the best option for all situations and all people .,iqa-question:513,iqa-document:513,,,general_insurance,,,,,,,,,,,,,,,,PENDING,LOCKED_HOLDOUT_CANDIDATE,lg-d52a46015bc0,English,target source_index=513; distractor source_index=485,,False,
ext-iqa-fail-059,insuranceqa,data/benchmarks/qa/insuranceqa/data_insuranceqa_1000.jsonl,insuranceqa:166,,question_id:166,What Is The Best Supplemental Insurance Plan For Medicare?,"Question: What Is The Best Supplemental Insurance Plan For Medicare?
Answer: You will define what is best based on your particular needs and budget . All Medicare supplemental insurance plans with the same letter are identical in every way except the premium , the decision is much easier . Medigap plan F is the most popular , mostly because it is oversold . Far too many agents promote the plan because it is easy to explain . Medicare supplement plan F is also the most expensive plan ... and the one that pays agents the highest commission . I recently showed a couple how they could save over $ 1700 per year by switching from their current plan -LRB- with a big name carrier -RRB- to a smaller , but reputable carrier . There is no reason to pay more for the same coverage , even if you are rolling in dough . #GeorgiaMedicarePlans","You will define what is best based on your particular needs and budget . If you 're referring to Medicare Supplements , there is only one `` best '' ...",iqa-question:166,iqa-document:166,,,health,,,,,,,,,,,,,,,,PENDING,LOCKED_HOLDOUT_CANDIDATE,lg-0842e3c07b93,English,target source_index=166; distractor source_index=740,,False,
ext-iqa-fail-060,insuranceqa,data/benchmarks/qa/insuranceqa/data_insuranceqa_1000.jsonl,insuranceqa:970,,question_id:970,Why Is It So Hard To Sell Life Insurance?,"Question: Why Is It So Hard To Sell Life Insurance?
Answer: The vast majority of consumer centered advisers sell the appropriate life insurance product to meet the prospective purchasers personal suitability requirements . Providing good financial advice is not selling , it is more like a stewardship vocation or family consultant that uses the highest best practices in fiduciary trust . Product suitability trumps just selling a product .",The vast majority of consumer centered advisers sell the appropriate life insurance product to meet the prospective purchasers personal suitability requirements . As an agent the best time to explain a whole life policy is when the person needs a permanent solution .,iqa-question:970,iqa-document:970,,,life,,,,,,,,,,,,,,,,PENDING,CALIBRATION,lg-8472bb0c76c3,English,target source_index=970; distractor source_index=451,,False,
ext-iqa-fail-061,insuranceqa,data/benchmarks/qa/insuranceqa/data_insuranceqa_1000.jsonl,insuranceqa:976,,question_id:976,Does Nationwide Offer Renters Insurance?,"Question: Does Nationwide Offer Renters Insurance?
Answer: Yes , indeed Nationwide does offer Renters Insurance . We have represented Nationwide in Connecticut since 1985 and regularly discuss the need for Renters Insurance with our clients who have that sort of need . The coverage is comprehensive and we work to customize a plan to best suit our clients need for protection at a reasonable and affordable price .",The supplied context does not contain enough information to answer this question.,iqa-question:976,iqa-document:976,,,household,,,,,,,,,,,,,,,,PENDING,LOCKED_HOLDOUT_CANDIDATE,lg-8a2118072fba,English,target source_index=976; distractor source_index=596,,False,
ext-iqa-fail-062,insuranceqa,data/benchmarks/qa/insuranceqa/data_insuranceqa_1000.jsonl,insuranceqa:454,,question_id:454,Does Home Insurance Automatically Renew?,"Question: Does Home Insurance Automatically Renew?
Answer: Here in Connecticut , Homeowners ' Insurance policies are among those that continuously renew provided that your home continues to meet our insurance company 's underwriting guidelines as they have filed with the State Insurance Department . That having been said , is you fail to pay your premium , if the claims history becomes adverse or if you leave your home abandoned and vacant , The insurance company may non renew or mid term cancel .",The supplied context does not contain enough information to answer this question.,iqa-question:454,iqa-document:454,,,household,,,,,,,,,,,,,,,,PENDING,CALIBRATION,lg-e1a2f492ceb7,English,target source_index=454; distractor source_index=396,,False,
ext-iqa-fail-063,insuranceqa,data/benchmarks/qa/insuranceqa/data_insuranceqa_1000.jsonl,insuranceqa:890,,question_id:890,How Much Does Long Term Care Insurance Cover?,"Question: How Much Does Long Term Care Insurance Cover?
Answer: A quality long-term care insurance policy from a well-capitalized , highly rated insurance company will include at least the following : Facility careHome care Domestic care -LRB- housework , yard work , cleaning chores -RRB- Assisted living or residential living careAdult Day CareRespite care -LRB- time off for the primary family care giver -RRB- Home modifications so that insured can stay at home for as long as possible , the costs of which are not deducted from the pool of money available for daily care.There may be additional coverage offered by the carrier . Ask to see a `` specimen policy '' for the exact language of the benefits , features , and riders of the policy you are considering . Look for language that takes into account the possibility of future medical or technological advances that may become available but which are not yet known or invented yet . For example , `` assisted living '' facilities were not even available 25 years ago , but , people that bought quality policies before that time with contract language that allowed for future developments in the field of elder care are now in such facilities and being paid for those expenses .",The supplied context does not contain enough information to answer this question.,iqa-question:890,iqa-document:890,,,general_insurance,,,,,,,,,,,,,,,,PENDING,VALIDATION,lg-e5fbc46753a2,English,target source_index=890; distractor source_index=577,,False,
ext-iqa-fail-064,insuranceqa,data/benchmarks/qa/insuranceqa/data_insuranceqa_1000.jsonl,insuranceqa:137,,question_id:137,Why Get Critical Illness Insurance?,"Question: Why Get Critical Illness Insurance?
Answer: A Critical care policy pays you not the Doctor or Hospital , in the event of an critical illness , such as a heart attack , stroke , major organ failure , Cancer , loss of the inability to perform 2 Activities of Daily Living . The likely hood if you were to suffer a heart attack , stroke , cancer or the like is that you will likely survive . The bills , mortgage , utilities , & such do not stop because you are ill . The money can also be used to offset health insurance copay 's , time off work , second opinion , or anything else . Face amounts usually run any where from $ 4,000.00 to $ 500,000.00 lump sum . Some policies offer a Return of Premium , meaning if you never use the insurance , your estate will receive 100 % of the premium back . HBWavp@gmail.com",The supplied context does not contain enough information to answer this question.,iqa-question:137,iqa-document:137,,,general_insurance,,,,,,,,,,,,,,,,PENDING,LOCKED_HOLDOUT_CANDIDATE,lg-bc0d2da20ce3,English,target source_index=137; distractor source_index=318,,False,
ext-iqa-fail-065,insuranceqa,data/benchmarks/qa/insuranceqa/data_insuranceqa_1000.jsonl,insuranceqa:875,,question_id:875,Can You Visit A Doctor Without Health Insurance?,"Question: Can You Visit A Doctor Without Health Insurance?
Answer: Unless there is legislative restrictions that I am unaware of you can see a doctor without health insurance . If you do see a doctor and you do not have health insurance you will be expected to pay the full cost of the visit out of your own pocket though . This can be very costly .",The supplied context does not contain enough information to answer this question.,iqa-question:875,iqa-document:875,,,health,,,,,,,,,,,,,,,,PENDING,VALIDATION,lg-23c6bcee5466,English,target source_index=875; distractor source_index=959,,False,
ext-iqa-fail-066,insuranceqa,data/benchmarks/qa/insuranceqa/data_insuranceqa_1000.jsonl,insuranceqa:582,,question_id:582,What Are The Current Interest Rates On Annuities?,"Question: What Are The Current Interest Rates On Annuities?
Answer: The Current Fixed Interest Rates on Annuities average 2.95 % for 5 years , 3.25 % for 10 years . The rates can change quickly so always call your annuity distributor before using any quotes including these quotes . Most advisers are selling 5 year fixed with an expectation that rates are going to rise in the future . The 35 basis point spread between the 5 and 10 year rate is not enough go long .",The supplied context does not contain enough information to answer this question.,iqa-question:582,iqa-document:582,,,general_insurance,,,,,,,,,,,,,,,,PENDING,CALIBRATION,lg-0412d4c453d4,English,target source_index=582; distractor source_index=83,,False,
ext-iqa-fail-067,insuranceqa,data/benchmarks/qa/insuranceqa/data_insuranceqa_1000.jsonl,insuranceqa:771,,question_id:771,How Does Car Insurance Value Totaled Car?,"Question: How Does Car Insurance Value Totaled Car?
Answer: A car insurance company will generally provide you with the value of your car - - pre wreck . A car insurance company will typically take a look at similar vehicles and how much they are selling for in your area . They may also take a look at the Kelly Blue Book Value .",The supplied context does not contain enough information to answer this question.,iqa-question:771,iqa-document:771,,,motor,,,,,,,,,,,,,,,,PENDING,VALIDATION,lg-9cc6a236f482,English,target source_index=771; distractor source_index=366,,False,
ext-iqa-fail-068,insuranceqa,data/benchmarks/qa/insuranceqa/data_insuranceqa_1000.jsonl,insuranceqa:988,,question_id:988,What Is A Group Universal Life Insurance Policy?,"Question: What Is A Group Universal Life Insurance Policy?
Answer: Group universal life is similar to individual universal life . Group policies involve the plan sponsor , often an employer , holding the master policy while the individual participants receive a certificate of insurance . It is a convenient and voluntary way to acquire cash value life insurance through the workplace . Usually the employee pays all premiums in which case all benefits would be immediately and fully vested . At employment termination portability features in these products generally allow for coverage to be taken by the participant as an individual policy .",The supplied context does not contain enough information to answer this question.,iqa-question:988,iqa-document:988,,,life,,,,,,,,,,,,,,,,PENDING,VALIDATION,lg-1765c102a38c,English,target source_index=988; distractor source_index=40,,False,
ext-iqa-fail-069,insuranceqa,data/benchmarks/qa/insuranceqa/data_insuranceqa_1000.jsonl,insuranceqa:856,,question_id:856,Can Group Health Insurance Deny Pregnancy?,"Question: Can Group Health Insurance Deny Pregnancy?
Answer: For all practical purposes the answer should be `` No '' . The Affordable Care Act -LRB- ObamaCare -RRB- requires coverage for maternity and newborn care to be covered as any other illness under its Minimum Essential Benefits requirements . Also , the Affordable Care Act forbids the application of pre-existing conditions exclusions or waiting periods to health insurance policies . During the last open enrolment period I enrolled a couple of previously uninsured women who were pregnant in the new ObamaCare compliant individual health plans offered in our state and they were covered immediately and had their delivery & other associated expenses covered . These same people would have been declined for coverage due to their pregnancies being defined as pre-existing conditions before January 1 , 2014 .",The supplied context does not contain enough information to answer this question.,iqa-question:856,iqa-document:856,,,health,,,,,,,,,,,,,,,,PENDING,LOCKED_HOLDOUT_CANDIDATE,lg-1ae1de81b884,English,target source_index=856; distractor source_index=305,,False,
ext-iqa-fail-070,insuranceqa,data/benchmarks/qa/insuranceqa/data_insuranceqa_1000.jsonl,insuranceqa:564,,question_id:564,How Can I Cancel Medicare Part B?,"Question: How Can I Cancel Medicare Part B?
Answer: You can call 1-800-MEDICARE . I highly discourage it however unless you have an employer group plan . You can be penalized by Medicare for every month that you do not carry Part B that you are eligible . If you are in a Medicare Advantage Plan you will be disenrolled because you must have part B to be enrolled in a Medicare Advantage . Not a good idea to cancel your part B . The potential cost over what you would save could be tremendous .",The supplied context does not contain enough information to answer this question.,iqa-question:564,iqa-document:564,,,health,,,,,,,,,,,,,,,,PENDING,LOCKED_HOLDOUT_CANDIDATE,lg-4f620dc4451b,English,target source_index=564; distractor source_index=423,,False,
ext-iqa-fail-071,insuranceqa,data/benchmarks/qa/insuranceqa/data_insuranceqa_1000.jsonl,insuranceqa:883,,question_id:883,How Much Should Health Insurance Cost?,"Question: How Much Should Health Insurance Cost?
Answer: How much you should be paying is a hard figure to try and quantify . The average cost in the country for a health insurance plan is $ 328 per month - however , this is only reflective upon a silver level plan -LRB- not all 2014 state figure averages are available yet -RRB- . While you can try to come up with an `` average '' cost , there 's too many factors that go into premium pricing to say how in relation that compares to you . In short , an `` average '' premium is a rather useless figure to the individual . It 's only representative to a large group - you could have people paying a small nominal amount -LRB- after factoring in subsidies -RRB- per month to several thousand dollars per month . Even for that there 's a ton of information to sift through to get an accurate representation . Under the Affordable Care Act , you have the options for bronze , silver , gold , and platinum level plans -LRB- as you go up in metal , the price goes up , but provides better benefits -RRB- - some areas also have a catastrophic plan available . In addition , your age is a big factor as well . The younger you are , the cheaper your premium - the older you are , the higher your premium . Also , if you use tobacco products , your premium can be increased up to 50 % as well . You may be able to qualify for a subsidy that can be used to reduce the cost of your health insurance premiums . I always recommend consulting with an experienced broker . We can help you determine the plan that 's going to be most suitable for your needs and budget . Please feel free to contact me for further assistance . Thanks very much .","How much you should be paying is a hard figure to try and quantify . The average cost in the country for a health insurance plan is $ 328 per month - however , this is only reflective upon a silver level plan -LRB- not all 2014 state figure averages are available yet -RRB- . While you can try to come up with an `` average '' cost , there 's too many factors that go into premium pricing to say how in relation that compares to you . In short , an `` average '' premium is a rather useless figure to the individual . It 's only representative to a large group - you could have people paying a small nominal amount -LRB- after factoring in subsidies -RRB- per month to several thousand dollars per month . Even for that there 's a ton of information to sift through to get an accurate representation . Under the Affordable Care Act , you have the options for bronze , silver , gold , and platinum level plans -LRB- as you go up in metal , the price goes up , but provides better benefits -RRB- - some areas also have a catastrophic plan available . In addition , your age is a big factor as well . The younger you are , the cheaper your premium - the older you are , the higher your premium . Also , if you use tobacco products , your premium can be increased up to 60 % as well . You may be able to qualify for a subsidy that can be used to reduce the cost of your health insurance premiums . I always recommend consulting with an experienced broker . We can help you determine the plan that 's going to be most suitable for your needs and budget . Please feel free to contact me for further assistance . Thanks very much .",iqa-question:883,iqa-document:883,,,health,,,,,,,,,,,,,,,,PENDING,CALIBRATION,lg-a139ceecfa4a,English,JSONL row source_index=883,,False,
ext-iqa-fail-072,insuranceqa,data/benchmarks/qa/insuranceqa/data_insuranceqa_1000.jsonl,insuranceqa:408,,question_id:408,Does Medicare Cover Breast Ultrasounds?,"Question: Does Medicare Cover Breast Ultrasounds?
Answer: Ultrasounds are covered under Medicare . If they 're completed as an inpatient in a hospital , it would be covered by Part A . If they 're completed on an outpatient basis , it would be covered under Part B. Medicare typically pays for about 80 % of the expenses - you would be responsible for paying the other 20 % . A Medicare supplement policy can help pay the remaining 20 % .","Ultrasounds are covered under Medicare . If they 're completed as an inpatient in a hospital , it would be covered by Part A . If they 're completed on an outpatient basis , it would be covered under Part B. Medicare typically pays for about 90 % of the expenses - you would be responsible for paying the other 20 % . A Medicare supplement policy can help pay the remaining 20 % .",iqa-question:408,iqa-document:408,,,health,,,,,,,,,,,,,,,,PENDING,CALIBRATION,lg-2fdcfee9d401,English,JSONL row source_index=408,,False,
ext-iqa-fail-073,insuranceqa,data/benchmarks/qa/insuranceqa/data_insuranceqa_1000.jsonl,insuranceqa:847,,question_id:847,How To Keep Health Insurance Between Jobs?,"Question: How To Keep Health Insurance Between Jobs?
Answer: How to keep health insurance between jobs ? if your employer is large enough -LRB- 20 people at work on a given day -RRB- you have an option for COBRA continuation which means you can continue your group coverage for up to 18 months or longer -LRB- depending on certain conditions -RRB- at your expense plus a small handling charge -LRB- 102 % of premium cost -RRB- . If you find that cost to be too much for your budget , you can look to both the individual market or temporary health insurance market for possible solutions . You may not get exactly the same coverage as offered by your former employer , but the cost might be considerably less .","How to keep health insurance between jobs ? if your employer is large enough -LRB- 20 people at work on a given day -RRB- you have an option for COBRA continuation which means you can continue your group coverage for up to 18 months or longer -LRB- depending on certain conditions -RRB- at your expense plus a small handling charge -LRB- 92 % of premium cost -RRB- . If you find that cost to be too much for your budget , you can look to both the individual market or temporary health insurance market for possible solutions . You may not get exactly the same coverage as offered by your former employer , but the cost might be considerably less .",iqa-question:847,iqa-document:847,,,health,,,,,,,,,,,,,,,,PENDING,LOCKED_HOLDOUT_CANDIDATE,lg-e555d8e9c0cf,English,JSONL row source_index=847,,False,
ext-iqa-fail-074,insuranceqa,data/benchmarks/qa/insuranceqa/data_insuranceqa_1000.jsonl,insuranceqa:635,,question_id:635,Does Homeowners Insurance Cover Property During Move?,"Question: Does Homeowners Insurance Cover Property During Move?
Answer: The personal property covered under a homeowners policy is covered at full value in a new home for 30 days under most circumstances . However , the limit of coverage is only 10 % of the normal personal property limit while the property is outside the old residence and not in the new . If you are planning a move , contact your insurance agent for advice on how to minimize your exposure and provide adequate protection for your property .","The personal property covered under a homeowners policy is covered at full value in a new home for 30 days under most circumstances . However , the limit of coverage is only 20 % of the normal personal property limit while the property is outside the old residence and not in the new . If you are planning a move , contact your insurance agent for advice on how to minimize your exposure and provide adequate protection for your property .",iqa-question:635,iqa-document:635,,,household,,,,,,,,,,,,,,,,PENDING,VALIDATION,lg-fe94f0f45fdb,English,JSONL row source_index=635,,False,
ext-iqa-fail-075,insuranceqa,data/benchmarks/qa/insuranceqa/data_insuranceqa_1000.jsonl,insuranceqa:384,,question_id:384,What Is Extended Coverage Homeowners Insurance?,"Question: What Is Extended Coverage Homeowners Insurance?
Answer: Different companies and different states have different nomenclature for coverages . What this typically means is limit that coverage extends to another higher limit in the event of a total loss exceeding the Coverage A -LRB- homeowner Dwelling limit -RRB- . If you have a replacement value of say 400,000 on the house , then the maximum that would normally be paid for replacing the house would be $ 400,000 . But setting the value of replacement is not exact science and is also a moving target . If your home is destroyed by a fire it may be possible to rebuild within that 400,000 limit . But suppose the the city you live in is ripped apart by a tornado . Now there could be escalating costs of material and labor . What the extension does is give you an extension to another limit if needed . The extensions are usually sold in percentage increments such as 25 % ,50 % or even 100 % . So , back to the 400,000 coverage on the house . If 25 % extension then the limit of coverage is increased to a maximum of 500,000 -LRB- 400,000 X 1.25 -RRB- I hope that helps . If you live in one of the following states I would be glad to assist you : AZ , CA , MO , TX and GA. -LRB- call 1.866-933-4372 -RRB- otherwise seek out an Independent agent in your area who represents sever companies . Jack Heller , CPCU","Different companies and different states have different nomenclature for coverages . What this typically means is limit that coverage extends to another higher limit in the event of a total loss exceeding the Coverage A -LRB- homeowner Dwelling limit -RRB- . If you have a replacement value of say 400,000 on the house , then the maximum that would normally be paid for replacing the house would be $ 400,000 . But setting the value of replacement is not exact science and is also a moving target . If your home is destroyed by a fire it may be possible to rebuild within that 400,000 limit . But suppose the the city you live in is ripped apart by a tornado . Now there could be escalating costs of material and labor . What the extension does is give you an extension to another limit if needed . The extensions are usually sold in percentage increments such as 35 % ,50 % or even 100 % . So , back to the 400,000 coverage on the house . If 25 % extension then the limit of coverage is increased to a maximum of 500,000 -LRB- 400,000 X 1.25 -RRB- I hope that helps . If you live in one of the following states I would be glad to assist you : AZ , CA , MO , TX and GA. -LRB- call 1.866-933-4372 -RRB- otherwise seek out an Independent agent in your area who represents sever companies . Jack Heller , CPCU",iqa-question:384,iqa-document:384,,,general_insurance,,,,,,,,,,,,,,,,PENDING,VALIDATION,lg-284563f0ab99,English,JSONL row source_index=384,,False,
ext-iqa-fail-076,insuranceqa,data/benchmarks/qa/insuranceqa/data_insuranceqa_1000.jsonl,insuranceqa:735,,question_id:735,Why Is A 401K Loan A Bad Idea?,"Question: Why Is A 401K Loan A Bad Idea?
Answer: That is a great question ! There are some reasons why taking a loan out of your 401k might not be the best option . Before doing so , please consult your plan administrator and be certain to understand the rules for your particular plan . The first reason is that you may lose the ability to contribute to your fund while your loan is outstanding . Some companies will disallow contributions or matches until the loan is repaid . That can seriously derail your long term growth potential of your plan . Other companies will deduct the loan payments from your check , reducing your flexibility with other payments . The second reason is that you lose your tax sheltered advantage . The interest that you are paying yourself on the loan -LRB- you are both borrower and lender in the transaction -RRB- is considered a taxable income by the IRS , and reduces your returns . It 's also possible that the opportunity cost of having invested that repaid interest could be more than what you 'd make having used it in an investment . The third reason is that if you were to God forbid lose your job , the loan amount is repayable within 60 days . If that is n't done , you are subject to a 10 % penalty on the balance , -LRB- if you 're under 59 1/2 -RRB- and are due for whatever State and Federal taxes apply , as it is no longer considered a loan , but an early withdrawal . An alternative to consider might be a home equity line of credit , if the interest rates and your equity allow . Some things to consider . Again , I 'd advise you to speak with your plan administrator and see exactly what your plan rules are . Thanks for asking !","That is a great question ! There are some reasons why taking a loan out of your 401k might not be the best option . Before doing so , please consult your plan administrator and be certain to understand the rules for your particular plan . The first reason is that you may lose the ability to contribute to your fund while your loan is outstanding . Some companies will disallow contributions or matches until the loan is repaid . That can seriously derail your long term growth potential of your plan . Other companies will deduct the loan payments from your check , reducing your flexibility with other payments . The second reason is that you lose your tax sheltered advantage . The interest that you are paying yourself on the loan -LRB- you are both borrower and lender in the transaction -RRB- is considered a taxable income by the IRS , and reduces your returns . It 's also possible that the opportunity cost of having invested that repaid interest could be more than what you 'd make having used it in an investment . The third reason is that if you were to God forbid lose your job , the loan amount is repayable within 60 days . If that is n't done , you are subject to a 20 % penalty on the balance , -LRB- if you 're under 59 1/2 -RRB- and are due for whatever State and Federal taxes apply , as it is no longer considered a loan , but an early withdrawal . An alternative to consider might be a home equity line of credit , if the interest rates and your equity allow . Some things to consider . Again , I 'd advise you to speak with your plan administrator and see exactly what your plan rules are . Thanks for asking !",iqa-question:735,iqa-document:735,,,retirement,,,,,,,,,,,,,,,,PENDING,VALIDATION,lg-495342c21815,English,JSONL row source_index=735,,False,
ext-iqa-fail-077,insuranceqa,data/benchmarks/qa/insuranceqa/data_insuranceqa_1000.jsonl,insuranceqa:862,,question_id:862,Where Do Health Insurance Companies Get Their Money?,"Question: Where Do Health Insurance Companies Get Their Money?
Answer: Health insurance companies earn their money in basically two ways . First , they collect premiums from people who buy health insurance with goal of paying out less in claims than they collect . For example under the new Affordable Care Act insurance carriers have to spend 80-85 % of their premiums in health care with the remaining 15-20 % for overhead anda small profit . The second way insruance compaies earnincome is from investing their reserves in marketable sercurities , bonds and real estate . Carriers need to maintain reserves for financial stability and based on government regulations .","Health insurance companies earn their money in basically two ways . First , they collect premiums from people who buy health insurance with goal of paying out less in claims than they collect . For example under the new Affordable Care Act insurance carriers have to spend 80-95 % of their premiums in health care with the remaining 15-20 % for overhead anda small profit . The second way insruance compaies earnincome is from investing their reserves in marketable sercurities , bonds and real estate . Carriers need to maintain reserves for financial stability and based on government regulations .",iqa-question:862,iqa-document:862,,,health,,,,,,,,,,,,,,,,PENDING,LOCKED_HOLDOUT_CANDIDATE,lg-0f927e1fe262,English,JSONL row source_index=862,,False,
ext-iqa-fail-078,insuranceqa,data/benchmarks/qa/insuranceqa/data_insuranceqa_1000.jsonl,insuranceqa:387,,question_id:387,What Is The Cost Of Medigap Insurance In 2013?,"Question: What Is The Cost Of Medigap Insurance In 2013?
Answer: Medigap rates vary considerably by zip code , age , tobacco use and plan . The older you are the higher your Medicare supplement rate will be . The exception is for those who are under age 65 and on disability and Medicare . In most states rates for under age 65 are astronomical . Many carriers offer competitive rates from age 65 to 74 . Above age 74 some plans -LRB- surprisingly -RRB- become more competitive while others less so . Tobacco use often adds 20 % to the rate but can be more , depending on the carrier . Plan F is the most expensive -LRB- and most popular -RRB- followed by D or G -LRB- depending on your state -RRB- , N then Hi F . You can generally find a site that offers `` instant Medigap quotes '' but keep in mind the most competitive rates are usually not illustrated online . #MedigapPlanFRates #MedicareSupplementPlanFRates #GeorgiaMedigapPlanFRates #GeorgiaMedicareSupplementPlanFRates #GeorgiaMedicarePlans #GaMedigapQuotes","Medigap rates vary considerably by zip code , age , tobacco use and plan . The older you are the higher your Medicare supplement rate will be . The exception is for those who are under age 65 and on disability and Medicare . In most states rates for under age 65 are astronomical . Many carriers offer competitive rates from age 65 to 74 . Above age 74 some plans -LRB- surprisingly -RRB- become more competitive while others less so . Tobacco use often adds 30 % to the rate but can be more , depending on the carrier . Plan F is the most expensive -LRB- and most popular -RRB- followed by D or G -LRB- depending on your state -RRB- , N then Hi F . You can generally find a site that offers `` instant Medigap quotes '' but keep in mind the most competitive rates are usually not illustrated online . #MedigapPlanFRates #MedicareSupplementPlanFRates #GeorgiaMedigapPlanFRates #GeorgiaMedicareSupplementPlanFRates #GeorgiaMedicarePlans #GaMedigapQuotes",iqa-question:387,iqa-document:387,,,health,,,,,,,,,,,,,,,,PENDING,VALIDATION,lg-ea3bb032ab54,English,JSONL row source_index=387,,False,
ext-iqa-fail-079,insuranceqa,data/benchmarks/qa/insuranceqa/data_insuranceqa_1000.jsonl,insuranceqa:71,,question_id:71,Does Medicare Cover Circumcision?,"Question: Does Medicare Cover Circumcision?
Answer: Since Medicare covers people over the age of 65 , and those with certain disabilities that have received Social Security benefits for 25 months , it would be very rare for Medicare to cover a circumcision . It would be possible , if someone with Medicare had a true medical need to be circumcisized later in the life , but very rare , as most circumcisions are done at birth . Given the fact that 40 % of births in American are covered by Medicaid , a better question may be `` Does Medicaid cover circumcisions ? '' That varies by state , as 18 states currently do not cover this procedure , primarily due to the fact that it is most often elective , or not necessary . the 18 states that do n't cover circumcisions , along with the year they stopped : Colorado 2011 South Carolina 2011 Louisiana 2005 Idaho 2005 Minnesota 2005 Maine 2004 Montana 2003 Utah 2003 Florida 2003 Missouri 2002 Arizona 2002 North Carolina 2002 California before 1999 North Dakota before 1999 Oregon before 1999 Mississippi before 1999 Nevada before 1999 Washington before 1999","Since Medicare covers people over the age of 65 , and those with certain disabilities that have received Social Security benefits for 25 months , it would be very rare for Medicare to cover a circumcision . It would be possible , if someone with Medicare had a true medical need to be circumcisized later in the life , but very rare , as most circumcisions are done at birth . Given the fact that 50 % of births in American are covered by Medicaid , a better question may be `` Does Medicaid cover circumcisions ? '' That varies by state , as 18 states currently do not cover this procedure , primarily due to the fact that it is most often elective , or not necessary . the 18 states that do n't cover circumcisions , along with the year they stopped : Colorado 2011 South Carolina 2011 Louisiana 2005 Idaho 2005 Minnesota 2005 Maine 2004 Montana 2003 Utah 2003 Florida 2003 Missouri 2002 Arizona 2002 North Carolina 2002 California before 1999 North Dakota before 1999 Oregon before 1999 Mississippi before 1999 Nevada before 1999 Washington before 1999",iqa-question:71,iqa-document:71,,,health,,,,,,,,,,,,,,,,PENDING,LOCKED_HOLDOUT_CANDIDATE,lg-0d445bc7dadd,English,JSONL row source_index=71,,False,
ext-iqa-fail-080,insuranceqa,data/benchmarks/qa/insuranceqa/data_insuranceqa_1000.jsonl,insuranceqa:234,,question_id:234,Does Renters Insurance Cover Theft While Traveling?,"Question: Does Renters Insurance Cover Theft While Traveling?
Answer: Talk to your insurance Professional about the coverage provided by your policy , but in general , personal property outside your home is usually covered , including while travelling . Now , most policies will cover your belongings up to a certain total percentage of your current Personal Property stated amount . So , for example , if you have $ 50,000 stated coverage in your policy , you may have coverage up to 10 % while travelling . Likewise there may be certain `` inside limits '' for categories of property such as camera equipment that may further limit the amount of coverage that you actually have .","Talk to your insurance Professional about the coverage provided by your policy , but in general , personal property outside your home is usually covered , including while travelling . Now , most policies will cover your belongings up to a certain total percentage of your current Personal Property stated amount . So , for example , if you have $ 50,000 stated coverage in your policy , you may have coverage up to 20 % while travelling . Likewise there may be certain `` inside limits '' for categories of property such as camera equipment that may further limit the amount of coverage that you actually have .",iqa-question:234,iqa-document:234,,,household,,,,,,,,,,,,,,,,PENDING,VALIDATION,lg-3181b98ac074,English,JSONL row source_index=234,,False,
ext-helvetia-pass-001,helvetia_pdf,data/raw/pdfs/assistance-brochure.pdf,assistance-brochure,2,page:2,"According to assistance-brochure.pdf, what provision is stated in the supplied policy context?",Helvetia Assistance. Entirely according to your needs. Our Assistance insurance consists of four components you can combine individually. Cancellation cost insurance Cancellation cost insurance covers you for unforeseen events occurring before your departure that make it impossible for you to set off on your journey. Assistance for persons Assistance for persons provides insurance to cover you if anything happens while you're travelling. 1 2 2/8 | Helvetia Assistance – product information sheet,Our Assistance insurance consists of four components you can combine individually.,pdf-question:assistance-brochure:p2,pdf-document:assistance-brochure,,,travel_assistance,,,,,,,,,,,,,,,,PENDING,CALIBRATION,lg-c51dd7a63470,English,"data/raw/pdfs/assistance-brochure.pdf, physical page 2",,False,
ext-helvetia-pass-002,helvetia_pdf,data/raw/pdfs/assistance-sti.pdf,assistance-sti,3,page:3,"According to assistance-sti.pdf, what provision is stated in the supplied policy context?","4/18 | Helvetia Swiss Insurance Company Ltd. STI Helvetia private customers insurance, Assistance – September 2025 edition 5/18 | Helvetia Swiss Insurance Company Ltd. STI Helvetia private customers insurance, Assistance – September 2025 edition Cancellation costs Insured events Do you want to know how you are insured? Your insurance coverage is listed in your policy as you requested and applies solely to private individuals. A1 Illness, accidents and death a) suf fered by the insured person b) suf fered by an accompanying traveller booked simultaneously c) suf fered by a person close to the insured person or accom panying traveller d) suf fered by the deputy at the workplace If one of the persons listed here dies, falls ill, suffers from pregnancy related problems or has an accident, and is not able to commence the journey or holiday on doctorʼs orders, or if the attending physician certifies that the person has experienced a deterioration of an existing chronic ailment. A2 Loss of employment If, foll","STI Helvetia private customers insurance, Assistance – September 2025 edition 5/18 | Helvetia Swiss Insurance Company Ltd.",pdf-question:assistance-sti:p3,pdf-document:assistance-sti,,,travel_assistance,,,,,,,,,,,,,,,,PENDING,CALIBRATION,lg-0cf33004bcbf,English,"data/raw/pdfs/assistance-sti.pdf, physical page 3",,False,
ext-helvetia-pass-003,helvetia_pdf,data/raw/pdfs/brochure-household-contents-and-private-liability.pdf,brochure-household-contents-and-private-liability,2,page:2,"According to brochure-household-contents-and-private-liability.pdf, what provision is stated in the supplied policy context?",There are dangers lurking in the digital world too. Imagine you order something online and the wrong goods are delivered or your order never even turns up. Protect yourself with cyber insurance. Household contents insurance All-round protection for your personal possessions Household contents and private liability insurance 2/8,Household contents insurance All-round protection for your personal possessions Household contents and private liability insurance 2/8,pdf-question:brochure-household-contents-and-private-liability:p2,pdf-document:brochure-household-contents-and-private-liability,,,household,,,,,,,,,,,,,,,,PENDING,LOCKED_HOLDOUT_CANDIDATE,lg-62bb52eee817,English,"data/raw/pdfs/brochure-household-contents-and-private-liability.pdf, physical page 2",,False,
ext-helvetia-pass-004,helvetia_pdf,data/raw/pdfs/brochure-services.pdf,brochure-services,2,page:2,"According to brochure-services.pdf, what provision is stated in the supplied policy context?","Your satisfaction is Helvetia's top priority. We support you with a range of round-the-clock services – in emergencies 24 hours a day, 365 days a year. As a Swiss insurance company we stand for quality, friendliness and service. We do everything we can to make unpleasant situ - ations as comfortable as possible for you. Scope of insurance cover The service product provides you with the following benefits: • 24/7 assistance • 48h claims payment Helvetia services. In simple language. Helvetia customer portal Your policies at a glance. helvetia.ch/kundenportal “Helvetia guarantees claims payment within 48h following a successful claims review.” 2/4 | Helvetia services – product information sheet","As a Swiss insurance company we stand for quality, friendliness and service.",pdf-question:brochure-services:p2,pdf-document:brochure-services,,,general_insurance,,,,,,,,,,,,,,,,PENDING,LOCKED_HOLDOUT_CANDIDATE,lg-62bb52eee817,English,"data/raw/pdfs/brochure-services.pdf, physical page 2",,False,
ext-helvetia-pass-005,helvetia_pdf,data/raw/pdfs/buildings-insurance-sti.pdf,buildings-insurance-sti,2,page:2,"According to buildings-insurance-sti.pdf, what provision is stated in the supplied policy context?",3/28 | Helvetia Swiss Insurance Company Ltd STI Helvetia Buildings Insurance – September 2022 edition Building property insurance 4 Fire 4 Natural forces 5 Theft 5 Liquids and gas 5 Glass breakage 8 Earthquake and volcanic eruption 9 all risks 10 Ownerʼs liability insurance 16 Bodily injury 17 Property damage 17 Purely financial loss 17 Building legal protection insurance 22 Building legal protection insurance 23 Definition of terms 24 The original German wording governs the legal interpretation of your policy. Table of contents,3/28 | Helvetia Swiss Insurance Company Ltd STI Helvetia Buildings Insurance – September 2022 edition Building property insurance 4 Fire 4 Natural forces 5 Theft 5 Liquids and gas 5 Glass breakage 8 Earthquake and volcanic eruption 9 all risks 10 Ownerʼs liability insurance 16 Bodily injury 17 Property damage 17 Purely financial loss 17 Building legal protection insurance 22 Building legal protection insurance 23 Definition of terms 24 The original German wording governs the legal interpretation of your policy.,pdf-question:buildings-insurance-sti:p2,pdf-document:buildings-insurance-sti,,,household,,,,,,,,,,,,,,,,PENDING,CALIBRATION,lg-7975497f9d66,English,"data/raw/pdfs/buildings-insurance-sti.pdf, physical page 2",,False,
ext-helvetia-pass-006,helvetia_pdf,data/raw/pdfs/household-contents-private-liability-sti.pdf,household-contents-private-liability-sti,1,page:1,"According to household-contents-private-liability-sti.pdf, what provision is stated in the supplied policy context?",Standard Terms of Insurance (STI) Helvetia private customers insurance Household contents and private liability September 2025 edition,Standard Terms of Insurance (STI) Helvetia private customers insurance Household contents and private liability September 2025 edition,pdf-question:household-contents-private-liability-sti:p1,pdf-document:household-contents-private-liability-sti,,,household,,,,,,,,,,,,,,,,PENDING,LOCKED_HOLDOUT_CANDIDATE,lg-62bb52eee817,English,"data/raw/pdfs/household-contents-private-liability-sti.pdf, physical page 1",,False,
ext-helvetia-pass-007,helvetia_pdf,data/raw/pdfs/legal-protection-sti.pdf,legal-protection-sti,2,page:2,"According to legal-protection-sti.pdf, what provision is stated in the supplied policy context?","Legal protection insurance 4 Basic insurance 4 Supplementary traffic insurance 8 Supplementary work insurance 8 Supplementary rent insurance 8 Supplementary owner-occupied residential property insurance 10 Supplementary non-owner-occupied residential property insurance 10 Legal consulting 12 Duration of application 12 Explanation of terms 14 Table of contents The original German wording governs the legal interpretation of this policy. 3/16 | Helvetia Swiss Insurance Company Ltd. STI Helvetia private customers insurance, Legal protection – September 2021 edition",Legal protection insurance 4 Basic insurance 4 Supplementary traffic insurance 8 Supplementary work insurance 8 Supplementary rent insurance 8 Supplementary owner-occupied residential property insurance 10 Supplementary non-owner-occupied residential property insurance 10 Legal consulting 12 Duration of application 12 Explanation of terms 14 Table of contents The original German wording governs the legal interpretation of this policy.,pdf-question:legal-protection-sti:p2,pdf-document:legal-protection-sti,,,household,,,,,,,,,,,,,,,,PENDING,CALIBRATION,lg-384a1a4b0321,English,"data/raw/pdfs/legal-protection-sti.pdf, physical page 2",,False,
ext-helvetia-pass-008,helvetia_pdf,data/raw/pdfs/motor-vehicle-insurance-product-sheet.pdf,motor-vehicle-insurance-product-sheet,2,page:2,"According to motor-vehicle-insurance-product-sheet.pdf, what provision is stated in the supplied policy context?",Liability insurance. Inattentiveness on the road can easily occur. Helvetia’s liability insurance protects you against unexpected financial burdens arising from an accident you cause. Scope of insurance • Cover for property damage and personal injury caused by you • Defence against unjustified claims Insured persons • Owner and driver of the insured vehicle Insured benefits • Damage to or destruction of third-party property • Injury or death of persons and animals Helvetia customer portal Your insurance at a glance. helvetia.ch/customer-portal 2/8 | Helvetia car insurance,Helvetia’s liability insurance protects you against unexpected financial burdens arising from an accident you cause.,pdf-question:motor-vehicle-insurance-product-sheet:p2,pdf-document:motor-vehicle-insurance-product-sheet,,,motor,,,,,,,,,,,,,,,,PENDING,VALIDATION,lg-15b51ba77470,English,"data/raw/pdfs/motor-vehicle-insurance-product-sheet.pdf, physical page 2",,False,
ext-helvetia-pass-009,helvetia_pdf,data/raw/pdfs/motor-vehicle-insurance-sti.pdf,motor-vehicle-insurance-sti,2,page:2,"According to motor-vehicle-insurance-sti.pdf, what provision is stated in the supplied policy context?","2/31 | Helvetia Swiss Insurance Company Ltd STI Helvetia Motor Vehicle Insurance – Edition March 2026 Motor Vehicle Our services We are there for you: in emergencies 24 hours a day – all year round In the event of a claim: T +41 58 280 30 00 www.helvetia.ch Business office: see policy For general matters: T +41 58 280 10 00 Note: If the assistance provided by us is considered to be noninsured expenditure, the costs will be borne by the party seeking assistance. The original German wording governs the legal interpretation of your policy.","2/31 | Helvetia Swiss Insurance Company Ltd STI Helvetia Motor Vehicle Insurance – Edition March 2026 Motor Vehicle Our services We are there for you: in emergencies 24 hours a day – all year round In the event of a claim: T +41 58 280 30 00 www.helvetia.ch Business office: see policy For general matters: T +41 58 280 10 00 Note: If the assistance provided by us is considered to be noninsured expenditure, the costs will be borne by the party seeking assistance.",pdf-question:motor-vehicle-insurance-sti:p2,pdf-document:motor-vehicle-insurance-sti,,,motor,,,,,,,,,,,,,,,,PENDING,LOCKED_HOLDOUT_CANDIDATE,lg-62bb52eee817,English,"data/raw/pdfs/motor-vehicle-insurance-sti.pdf, physical page 2",,False,
ext-helvetia-pass-010,helvetia_pdf,data/raw/pdfs/mutual-provisions-pkv.pdf,mutual-provisions-pkv,2,page:2,"According to mutual-provisions-pkv.pdf, what provision is stated in the supplied policy context?","Customer information 3 Other contractual provisions 5 General 5 Obligations during the contract term 7 Obligations in the event of a claim 8 Benefits in the event of a claim 9 Reductions in compensation 15 Sanctions 16 Recourse against an insured person 16 Legal venue 16 Table of contents Dear customer Thank you for your interest in Helvetiaʼs private customers insurance. We place great value in ensuring that you can quickly and dependably obtain information about your insurance contract. This is why the Standard Terms of Insurance (STIs) are structured like a reference document. In addition to a table of contents, they also contain customer information and other contractual provisions. To make the contractual documents easier to read, the male form of any gender-specific terminology is used, but of course, these terms also apply to female persons and legal entities. Your insurance contract comprises the text in your policy, the Standard Terms of Insurance and the mutual provisions that apply. Anything that is not explicitly mentioned is governed by the law. The main relevant laws are the provisions of the Swiss Civil Code (CC), the Code of Obligations (CO), the Federal Law on Insurance Contracts (LIC), t",Customer information 3 Other contractual provisions 5 General 5 Obligations during the contract term 7 Obligations in the event of a claim 8 Benefits in the event of a claim 9 Reductions in compensation 15 Sanctions 16 Recourse against an insured person 16 Legal venue 16 Table of contents Dear customer Thank you for your interest in Helvetiaʼs private customers insurance.,pdf-question:mutual-provisions-pkv:p2,pdf-document:mutual-provisions-pkv,,,household,,,,,,,,,,,,,,,,PENDING,CALIBRATION,lg-fb2eac232edc,English,"data/raw/pdfs/mutual-provisions-pkv.pdf, physical page 2",,False,
ext-helvetia-pass-011,helvetia_pdf,data/raw/pdfs/rental-guarantee-insurance-sti.pdf,rental-guarantee-insurance-sti,3,page:3,"According to rental-guarantee-insurance-sti.pdf, what provision is stated in the supplied policy context?","3/7 | Helvetia Swiss Insurance Company Ltd STI Helvetia private rental guarantee insurance – September 2025 edition 1 Contracting party Your contracting party is: Helvetia Swiss Insurance Company Ltd Dufourstrasse 40 9001 St. Gallen In the course of concluding and executing the contract, Helvetia Swiss Insurance Company Ltd is entitled to act on behalf of the other contracting parties (e. g. concluding and terminating contracts, collecting debts, demanding refunds). 2 Applicable law, basis of the contract This contract is governed by Swiss law. The contractual basis comprises the application, the customer information, the Standard Terms of Insurance and, further special conditions or supplemen - tary provisions, and also the policy. The Swiss Federal Law on Insurance Contracts also applies. If the policyholder’s place of residence/registered office is the Principality of Liechtenstein, the law of Liechtenstein applies together with the provisions of the Liechtenstein Insurance Policies Act (Versicherungsvertragsgesetz, VersVG). 3 Insurance against loss or fix",3/7 | Helvetia Swiss Insurance Company Ltd STI Helvetia private rental guarantee insurance – September 2025 edition 1 Contracting party Your contracting party is: Helvetia Swiss Insurance Company Ltd Dufourstrasse 40 9001 St.,pdf-question:rental-guarantee-insurance-sti:p3,pdf-document:rental-guarantee-insurance-sti,,,rental_guarantee,,,,,,,,,,,,,,,,PENDING,LOCKED_HOLDOUT_CANDIDATE,lg-62bb52eee817,English,"data/raw/pdfs/rental-guarantee-insurance-sti.pdf, physical page 3",,False,
ext-helvetia-pass-012,helvetia_pdf,data/raw/pdfs/assistance-brochure.pdf,assistance-brochure,2,page:2,"According to assistance-brochure.pdf, what provision is stated in the supplied policy context?",Helvetia Assistance. Entirely according to your needs. Our Assistance insurance consists of four components you can combine individually. Cancellation cost insurance Cancellation cost insurance covers you for unforeseen events occurring before your departure that make it impossible for you to set off on your journey. Assistance for persons Assistance for persons provides insurance to cover you if anything happens while you're travelling. 1 2 2/8 | Helvetia Assistance – product information sheet,Cancellation cost insurance Cancellation cost insurance covers you for unforeseen events occurring before your departure that make it impossible for you to set off on your journey.,pdf-question:assistance-brochure:p2,pdf-document:assistance-brochure,,,travel_assistance,,,,,,,,,,,,,,,,PENDING,CALIBRATION,lg-c51dd7a63470,English,"data/raw/pdfs/assistance-brochure.pdf, physical page 2",,False,
ext-helvetia-pass-013,helvetia_pdf,data/raw/pdfs/assistance-sti.pdf,assistance-sti,3,page:3,"According to assistance-sti.pdf, what provision is stated in the supplied policy context?","4/18 | Helvetia Swiss Insurance Company Ltd. STI Helvetia private customers insurance, Assistance – September 2025 edition 5/18 | Helvetia Swiss Insurance Company Ltd. STI Helvetia private customers insurance, Assistance – September 2025 edition Cancellation costs Insured events Do you want to know how you are insured? Your insurance coverage is listed in your policy as you requested and applies solely to private individuals. A1 Illness, accidents and death a) suf fered by the insured person b) suf fered by an accompanying traveller booked simultaneously c) suf fered by a person close to the insured person or accom panying traveller d) suf fered by the deputy at the workplace If one of the persons listed here dies, falls ill, suffers from pregnancy related problems or has an accident, and is not able to commence the journey or holiday on doctorʼs orders, or if the attending physician certifies that the person has experienced a deterioration of an existing chronic ailment. A2 Loss of employment If, following the booking of the holiday or travel service, the employ ment contract of the insured person or the simultaneously booked accompanying traveller is","STI Helvetia private customers insurance, Assistance – September 2025 edition Cancellation costs Insured events Do you want to know how you are insured?",pdf-question:assistance-sti:p3,pdf-document:assistance-sti,,,travel_assistance,,,,,,,,,,,,,,,,PENDING,CALIBRATION,lg-0cf33004bcbf,English,"data/raw/pdfs/assistance-sti.pdf, physical page 3",,False,
ext-helvetia-pass-014,helvetia_pdf,data/raw/pdfs/brochure-household-contents-and-private-liability.pdf,brochure-household-contents-and-private-liability,3,page:3,"According to brochure-household-contents-and-private-liability.pdf, what provision is stated in the supplied policy context?","Scope of the insurance cover Household contents includes all movables (such as clothes, furniture, consumer electronics, pets, etc.) required for living and recreation. Insured persons All persons permanently residing in the same household as the policyholder. Insured risks • Fire and natural forces • Theft and robbery • Damage and destruction of all kinds due to external causes Insured benefit New for old replacement price for an identical or equivalent household item at the time of the damage. Geographical scope of the policy • At home in Switzerland and the Principality of Liechtenstein • Worldwide for trips and excursions of up to one year’s duration Tailor the policy to your needs • Cover garden areas against fire/ natural forces • Cover for losses resulting from Internet use (cyber risks) • Earthquake insurance • Various all-risks insurances for everyday items (e.g. sports equipment, cameras, mobile phones, etc.) • Theft Plus insurance • Cover for necessary follow-up costs (e.g. clean-up costs) • ","Scope of the insurance cover Household contents includes all movables (such as clothes, furniture, consumer electronics, pets, etc.) required for living and recreation.",pdf-question:brochure-household-contents-and-private-liability:p3,pdf-document:brochure-household-contents-and-private-liability,,,household,,,,,,,,,,,,,,,,PENDING,LOCKED_HOLDOUT_CANDIDATE,lg-62bb52eee817,English,"data/raw/pdfs/brochure-household-contents-and-private-liability.pdf, physical page 3",,False,
ext-helvetia-pass-015,helvetia_pdf,data/raw/pdfs/brochure-services.pdf,brochure-services,2,page:2,"According to brochure-services.pdf, what provision is stated in the supplied policy context?","Your satisfaction is Helvetia's top priority. We support you with a range of round-the-clock services – in emergencies 24 hours a day, 365 days a year. As a Swiss insurance company we stand for quality, friendliness and service. We do everything we can to make unpleasant situ - ations as comfortable as possible for you. Scope of insurance cover The service product provides you with the following benefits: • 24/7 assistance • 48h claims payment Helvetia services. In simple language. Helvetia customer portal Your policies at a glance. helvetia.ch/kundenportal “Helvetia guarantees claims payment within 48h following a successful claims review.” 2/4 | Helvetia services – product information sheet",Scope of insurance cover The service product provides you with the following benefits:,pdf-question:brochure-services:p2,pdf-document:brochure-services,,,general_insurance,,,,,,,,,,,,,,,,PENDING,LOCKED_HOLDOUT_CANDIDATE,lg-62bb52eee817,English,"data/raw/pdfs/brochure-services.pdf, physical page 2",,False,
ext-helvetia-pass-016,helvetia_pdf,data/raw/pdfs/buildings-insurance-sti.pdf,buildings-insurance-sti,3,page:3,"According to buildings-insurance-sti.pdf, what provision is stated in the supplied policy context?","4/28 | Helvetia Swiss Insurance Company Ltd STI Helvetia Buildings Insurance – September 2022 edition 5/28 | Helvetia Swiss Insurance Company Ltd STI Helvetia Buildings Insurance – September 2022 edition Natural forces Theft Liquids and gas Destruction, damage or loss as a result of: C1 Flooding and inundation; C2 Storms (wind of 75 km/h or more that uproots trees or takes the roofs off buildings in the vicinity of the insured property); C3 Hail; C4 Avalanches; C5 Snow pressure; C6 Rockslides and rock impacts; C7 Landslides. Damage conclusively proven by physical traces, witnesses or circumstances to have been caused by: D1 Theft or attempted theft. Destruction, damage or loss as a result of: E1 Leakage of liquids and gas: a) from pipelines or connected instal lations or apparatus; b) from decorative fountains, aquaria waterbeds, pools, liquids from humidifiers; c) and the resultant loss of liquids or gas; E2 Water condensation from cooling equipment and devices; E3 Penetration of rain and melting snow into the building through the roof, from roof gutters or from outdoor drain pipes, through closed windows, doors and skylights; E4 Backpressure from sewage ducts as well as underground slope water, ground water, rock water and seepage water inside the building; E5 Pipelines frozen or damaged by frost, tanks and containers serving the insured company and/or the insured buildings as well as adjacent installations, apparatus and machinery. Costs for the thawing of frozen pipelines are co","Damage conclusively proven by physical traces, witnesses or circumstances to have been caused by: D1 Theft or attempted theft.",pdf-question:buildings-insurance-sti:p3,pdf-document:buildings-insurance-sti,,,general_insurance,,,,,,,,,,,,,,,,PENDING,CALIBRATION,lg-7975497f9d66,English,"data/raw/pdfs/buildings-insurance-sti.pdf, physical page 3",,False,
ext-helvetia-pass-017,helvetia_pdf,data/raw/pdfs/household-contents-private-liability-sti.pdf,household-contents-private-liability-sti,2,page:2,"According to household-contents-private-liability-sti.pdf, what provision is stated in the supplied policy context?","Household contents insurance 4 Fire 4 Natural forces 5 Theft 5 Liquids and gas 5 Household contents all risks 5 Glass breakage 10 Earthquake and volcanic eruption 11 Particular objects of value 12 Extended warranty 13 Accident treatment costs for dogs, cats and other domestic animals 14 Health insurance for dogs and cats 15 Accident treatment costs and health insurance for horses 15 Cyber: Damage caused by use of Internet technologies 16 Personal liability insurance 18 Basic cover 20 Voluntary liability 28 Supplementary insurance 30 Term of liability cover 34 Explanation of terms 36 Table of contents The original German wording governs the legal interpretation of your policy. 3/40 | Helvetia Swiss Insurance Company Ltd. STI Helvetia private customers insurance, Household contents and private liability – September 2025 edition","STI Helvetia private customers insurance, Household contents and private liability – September 2025 edition",pdf-question:household-contents-private-liability-sti:p2,pdf-document:household-contents-private-liability-sti,,,household,,,,,,,,,,,,,,,,PENDING,LOCKED_HOLDOUT_CANDIDATE,lg-62bb52eee817,English,"data/raw/pdfs/household-contents-private-liability-sti.pdf, physical page 2",,False,
ext-helvetia-pass-018,helvetia_pdf,data/raw/pdfs/legal-protection-sti.pdf,legal-protection-sti,2,page:2,"According to legal-protection-sti.pdf, what provision is stated in the supplied policy context?","Legal protection insurance 4 Basic insurance 4 Supplementary traffic insurance 8 Supplementary work insurance 8 Supplementary rent insurance 8 Supplementary owner-occupied residential property insurance 10 Supplementary non-owner-occupied residential property insurance 10 Legal consulting 12 Duration of application 12 Explanation of terms 14 Table of contents The original German wording governs the legal interpretation of this policy. 3/16 | Helvetia Swiss Insurance Company Ltd. STI Helvetia private customers insurance, Legal protection – September 2021 edition","STI Helvetia private customers insurance, Legal protection – September 2021 edition",pdf-question:legal-protection-sti:p2,pdf-document:legal-protection-sti,,,legal_protection,,,,,,,,,,,,,,,,PENDING,CALIBRATION,lg-384a1a4b0321,English,"data/raw/pdfs/legal-protection-sti.pdf, physical page 2",,False,
ext-helvetia-pass-019,helvetia_pdf,data/raw/pdfs/motor-vehicle-insurance-product-sheet.pdf,motor-vehicle-insurance-product-sheet,2,page:2,"According to motor-vehicle-insurance-product-sheet.pdf, what provision is stated in the supplied policy context?",Liability insurance. Inattentiveness on the road can easily occur. Helvetia’s liability insurance protects you against unexpected financial burdens arising from an accident you cause. Scope of insurance • Cover for property damage and personal injury caused by you • Defence against unjustified claims Insured persons • Owner and driver of the insured vehicle Insured benefits • Damage to or destruction of third-party property • Injury or death of persons and animals Helvetia customer portal Your insurance at a glance. helvetia.ch/customer-portal 2/8 | Helvetia car insurance,Cover for property damage and personal injury caused by you,pdf-question:motor-vehicle-insurance-product-sheet:p2,pdf-document:motor-vehicle-insurance-product-sheet,,,motor,,,,,,,,,,,,,,,,PENDING,VALIDATION,lg-15b51ba77470,English,"data/raw/pdfs/motor-vehicle-insurance-product-sheet.pdf, physical page 2",,False,
ext-helvetia-pass-020,helvetia_pdf,data/raw/pdfs/motor-vehicle-insurance-sti.pdf,motor-vehicle-insurance-sti,4,page:4,"According to motor-vehicle-insurance-sti.pdf, what provision is stated in the supplied policy context?","4/31 | Helvetia Swiss Insurance Company Ltd STI Helvetia Motor Vehicle Insurance – Edition March 2026 Motor Vehicle Customer information 1 Contracting parties The contracting parties are as follows Helvetia Swiss Insurance Company Ltd. Dufourstrasse 40 CH-9001 St. Gallen or Helvetia Swiss Life Insurance Company Ltd St. Alban-Anlage 26 CH-4002 Basel or Coop Rechtsschutz AG Entfelderstrasse 2 CH-5000 Aarau In the course of concluding and executing the contract, Helvetia Swiss Insurance Company Ltd is entitled to act on behalf of the other contracting parties (e. g. concluding and terminating contracts, collecting debts, demanding refunds). 2 Applicable law, basis of the contract This contract is governed by Swiss law. The contractual basis comprises the application, the customer information, the Standard Terms of Insurance and, if applicable, further special conditions or supplementary provisions, and also the policy. The Swiss Federal Law on Insurance Contracts also applies. If the policyholderʼs place of residence / registered office is the Principality of Liechtenstei",4/31 | Helvetia Swiss Insurance Company Ltd STI Helvetia Motor Vehicle Insurance – Edition March 2026 Motor Vehicle Customer information 1 Contracting parties The contracting parties are as follows Helvetia Swiss Insurance Company Ltd.,pdf-question:motor-vehicle-insurance-sti:p4,pdf-document:motor-vehicle-insurance-sti,,,motor,,,,,,,,,,,,,,,,PENDING,LOCKED_HOLDOUT_CANDIDATE,lg-62bb52eee817,English,"data/raw/pdfs/motor-vehicle-insurance-sti.pdf, physical page 4",,False,
ext-helvetia-pass-021,helvetia_pdf,data/raw/pdfs/mutual-provisions-pkv.pdf,mutual-provisions-pkv,2,page:2,"According to mutual-provisions-pkv.pdf, what provision is stated in the supplied policy context?","Customer information 3 Other contractual provisions 5 General 5 Obligations during the contract term 7 Obligations in the event of a claim 8 Benefits in the event of a claim 9 Reductions in compensation 15 Sanctions 16 Recourse against an insured person 16 Legal venue 16 Table of contents Dear customer Thank you for your interest in Helvetiaʼs private customers insurance. We place great value in ensuring that you can quickly and dependably obtain information about your insurance contract. This is why the Standard Terms of Insurance (STIs) are structured like a reference document. In addition to a table of contents, they also contain customer information and other contractual provisions. To make the contractual documents easier to read, the male form of any gender-specific terminology is used, but of course, these terms also apply to female persons and legal entities. Your insurance contract comprises the text in your policy, the Standard Terms of Insurance and the mutual provisions that apply. Anything that is not explicitly mentioned is governed by the law. The main relevant laws are the provisions of the Swiss Civil Code (CC), the Code of Obligations (CO), the Federal Law on Insurance Contracts (LIC), the Federal Law on Insurance Supervision (ISL) and the Private Insurer Supervision Ordinance. Please send all communicat",We place great value in ensuring that you can quickly and dependably obtain information about your insurance contract.,pdf-question:mutual-provisions-pkv:p2,pdf-document:mutual-provisions-pkv,,,general_insurance,,,,,,,,,,,,,,,,PENDING,CALIBRATION,lg-fb2eac232edc,English,"data/raw/pdfs/mutual-provisions-pkv.pdf, physical page 2",,False,
ext-helvetia-pass-022,helvetia_pdf,data/raw/pdfs/rental-guarantee-insurance-sti.pdf,rental-guarantee-insurance-sti,3,page:3,"According to rental-guarantee-insurance-sti.pdf, what provision is stated in the supplied policy context?","3/7 | Helvetia Swiss Insurance Company Ltd STI Helvetia private rental guarantee insurance – September 2025 edition 1 Contracting party Your contracting party is: Helvetia Swiss Insurance Company Ltd Dufourstrasse 40 9001 St. Gallen In the course of concluding and executing the contract, Helvetia Swiss Insurance Company Ltd is entitled to act on behalf of the other contracting parties (e. g. concluding and terminating contracts, collecting debts, demanding refunds). 2 Applicable law, basis of the contract This contract is governed by Swiss law. The contractual basis comprises the application, the customer information, the Standard Terms of Insurance and, further special conditions or supplemen - tary provisions, and also the policy. The Swiss Federal Law on Insurance Contracts also applies. If the policyholder’s place of residence/registered office is the Principality of Liechtenstein, the law of Liechtenstein applies together with the provisions of the Liechtenstein Insurance Policies Act (Versicherungsvertragsgesetz, VersVG). 3 Insurance against loss or fixed sum insurance Your insurance is, as a general rule, an insurance against loss; fixed sum insurance will be expressly designated as such in the contract documents (","Gallen In the course of concluding and executing the contract, Helvetia Swiss Insurance Company Ltd is entitled to act on behalf of the other contracting parties (e.",pdf-question:rental-guarantee-insurance-sti:p3,pdf-document:rental-guarantee-insurance-sti,,,rental_guarantee,,,,,,,,,,,,,,,,PENDING,LOCKED_HOLDOUT_CANDIDATE,lg-62bb52eee817,English,"data/raw/pdfs/rental-guarantee-insurance-sti.pdf, physical page 3",,False,
ext-helvetia-pass-023,helvetia_pdf,data/raw/pdfs/assistance-brochure.pdf,assistance-brochure,2,page:2,"According to assistance-brochure.pdf, what provision is stated in the supplied policy context?",Helvetia Assistance. Entirely according to your needs. Our Assistance insurance consists of four components you can combine individually. Cancellation cost insurance Cancellation cost insurance covers you for unforeseen events occurring before your departure that make it impossible for you to set off on your journey. Assistance for persons Assistance for persons provides insurance to cover you if anything happens while you're travelling. 1 2 2/8 | Helvetia Assistance – product information sheet,Assistance for persons Assistance for persons provides insurance to cover you if anything happens while you're travelling.,pdf-question:assistance-brochure:p2,pdf-document:assistance-brochure,,,travel_assistance,,,,,,,,,,,,,,,,PENDING,CALIBRATION,lg-c51dd7a63470,English,"data/raw/pdfs/assistance-brochure.pdf, physical page 2",,False,
ext-helvetia-pass-024,helvetia_pdf,data/raw/pdfs/assistance-sti.pdf,assistance-sti,3,page:3,"According to assistance-sti.pdf, what provision is stated in the supplied policy context?","4/18 | Helvetia Swiss Insurance Company Ltd. STI Helvetia private customers insurance, Assistance – September 2025 edition 5/18 | Helvetia Swiss Insurance Company Ltd. STI Helvetia private customers insurance, Assistance – September 2025 edition Cancellation costs Insured events Do you want to know how you are insured? Your insurance coverage is listed in your policy as you requested and applies solely to private individuals. A1 Illness, accidents and death a) suf fered by the insured person b) suf fered by an accompanying traveller booked simultaneously c) suf fered by a person close to the insured person or accom panying traveller d) suf fered by the deputy at the workplace If one of the persons listed here dies, falls ill, suffers from pregnancy related problems or has an accident, and is not able to commence the journey or holiday on doctorʼs orders, or if the attending physician certifies that the person has experienced a deterioration of an existing chronic ailment. A2 Loss of employment If, following the booking of the holiday or travel service, the employ ment contract of the insured person or the simultaneously booked accompanying traveller is unexpectedly terminated. A3 Failure and delays If, either before beginning a journey or while en route to th",Your insurance coverage is listed in your policy as you requested and applies solely to private individuals.,pdf-question:assistance-sti:p3,pdf-document:assistance-sti,,,travel_assistance,,,,,,,,,,,,,,,,PENDING,CALIBRATION,lg-0cf33004bcbf,English,"data/raw/pdfs/assistance-sti.pdf, physical page 3",,False,
ext-helvetia-pass-025,helvetia_pdf,data/raw/pdfs/brochure-household-contents-and-private-liability.pdf,brochure-household-contents-and-private-liability,3,page:3,"According to brochure-household-contents-and-private-liability.pdf, what provision is stated in the supplied policy context?","Scope of the insurance cover Household contents includes all movables (such as clothes, furniture, consumer electronics, pets, etc.) required for living and recreation. Insured persons All persons permanently residing in the same household as the policyholder. Insured risks • Fire and natural forces • Theft and robbery • Damage and destruction of all kinds due to external causes Insured benefit New for old replacement price for an identical or equivalent household item at the time of the damage. Geographical scope of the policy • At home in Switzerland and the Principality of Liechtenstein • Worldwide for trips and excursions of up to one year’s duration Tailor the policy to your needs • Cover garden areas against fire/ natural forces • Cover for losses resulting from Internet use (cyber risks) • Earthquake insurance • Various all-risks insurances for everyday items (e.g. sports equipment, cameras, mobile phones, etc.) • Theft Plus insurance • Cover for necessary follow-up costs (e.g. clean-up costs) • Cover for damage and destruction of special valuables (e.g. jewellery, antiques, collections",Insured persons All persons permanently residing in the same household as the policyholder.,pdf-question:brochure-household-contents-and-private-liability:p3,pdf-document:brochure-household-contents-and-private-liability,,,household,,,,,,,,,,,,,,,,PENDING,LOCKED_HOLDOUT_CANDIDATE,lg-62bb52eee817,English,"data/raw/pdfs/brochure-household-contents-and-private-liability.pdf, physical page 3",,False,
ext-helvetia-pass-026,helvetia_pdf,data/raw/pdfs/brochure-services.pdf,brochure-services,2,page:2,"According to brochure-services.pdf, what provision is stated in the supplied policy context?","Your satisfaction is Helvetia's top priority. We support you with a range of round-the-clock services – in emergencies 24 hours a day, 365 days a year. As a Swiss insurance company we stand for quality, friendliness and service. We do everything we can to make unpleasant situ - ations as comfortable as possible for you. Scope of insurance cover The service product provides you with the following benefits: • 24/7 assistance • 48h claims payment Helvetia services. In simple language. Helvetia customer portal Your policies at a glance. helvetia.ch/kundenportal “Helvetia guarantees claims payment within 48h following a successful claims review.” 2/4 | Helvetia services – product information sheet",helvetia.ch/kundenportal “Helvetia guarantees claims payment within 48h following a successful claims review.” 2/4 | Helvetia services – product information sheet,pdf-question:brochure-services:p2,pdf-document:brochure-services,,,general_insurance,,,,,,,,,,,,,,,,PENDING,LOCKED_HOLDOUT_CANDIDATE,lg-62bb52eee817,English,"data/raw/pdfs/brochure-services.pdf, physical page 2",,False,
ext-helvetia-pass-027,helvetia_pdf,data/raw/pdfs/buildings-insurance-sti.pdf,buildings-insurance-sti,3,page:3,"According to buildings-insurance-sti.pdf, what provision is stated in the supplied policy context?","ave been caused by: D1 Theft or attempted theft. Destruction, damage or loss as a result of: E1 Leakage of liquids and gas: a) from pipelines or connected instal lations or apparatus; b) from decorative fountains, aquaria waterbeds, pools, liquids from humidifiers; c) and the resultant loss of liquids or gas; E2 Water condensation from cooling equipment and devices; E3 Penetration of rain and melting snow into the building through the roof, from roof gutters or from outdoor drain pipes, through closed windows, doors and skylights; E4 Backpressure from sewage ducts as well as underground slope water, ground water, rock water and seepage water inside the building; E5 Pipelines frozen or damaged by frost, tanks and containers serving the insured company and/or the insured buildings as well as adjacent installations, apparatus and machinery. Costs for the thawing of frozen pipelines are covered; E6 Fungal or pest infestation of any kind if proven to have been caused by insured water damage, if reported to Helvetia immediately, and provided that the construction has not been modified or extended in any way in the meantime. Sum insured according to policy Sum insured according to policy money assets from coin-operated vending machines CHF 500 Sum insured according to policy Insured if specified in the policy Sum insured according to policy Sum insured according to policy Sum insured according to policy Insured if specified in the policy CHF 2ʼ000 Sum insured according to policy Sum insured according to policy Sum insured according to policy CHF 5ʼ000 CHF 5ʼ000 CHF 5ʼ000 CHF 5ʼ000 CHF 5ʼ000 CHF 5ʼ000 Sum insured according to policy Sum insured according to policy CHF 1ʼ000 for theft without use of force Sum insured according to policy CHF 5ʼ000 CHF 5ʼ000 CHF 5ʼ000 Sum insured according to policy Sum insured according to policy Sum insured according to policy Sum insured according to policy Sum insured according to policy Sum insured according to policy Sum i","Costs for the thawing of frozen pipelines are covered; E6 Fungal or pest infestation of any kind if proven to have been caused by insured water damage, if reported to Helvetia immediately, and provided that the construction has not been modified or extended in any way in the meantime.",pdf-question:buildings-insurance-sti:p3,pdf-document:buildings-insurance-sti,,,general_insurance,,,,,,,,,,,,,,,,PENDING,CALIBRATION,lg-7975497f9d66,English,"data/raw/pdfs/buildings-insurance-sti.pdf, physical page 3",,False,
ext-helvetia-pass-028,helvetia_pdf,data/raw/pdfs/household-contents-private-liability-sti.pdf,household-contents-private-liability-sti,3,page:3,"According to household-contents-private-liability-sti.pdf, what provision is stated in the supplied policy context?","Natural forces Theft Liquids and gas Household contents all risks Destruction, damage or loss as a result of C1 flooding and inundation; C2 storms (wind of 75 km / h or more that uproots trees or takes the roofs of f buildings in the vicinity of the insured property); C3 hail; C4 avalanches; C5 snow pressure; C6 rockslides and rock impacts; C7 land slides. Damage conclusively proven by physical traces, witnesses or circumstances to have been caused by D1 burglary: theft by criminals who enter a building or a room of a building by force or break into a container in the room. Burglary also includes: ■ Theft by opening the doors with the correct keys or codes is deemed to be burglary , provided that the perpetrator obtained the keys or codes by means of burglary or robbery; ■ Breaking open of garden sheds, allotment sheds and apiaries. In the case of attempted burglary and burglary on the owner-inhabited premises at the insured location, compensation will also be paid for the resultant building damage within the scope of the insured sum for household contents; D2 robbery: theft under threat or use of violence against persons as well as theft from persons unable to resist as a result of death,","Natural forces Theft Liquids and gas Household contents all risks Destruction, damage or loss as a result of C1 flooding and inundation; C2 storms (wind of 75 km / h or more that uproots trees or takes the roofs of f buildings in the vicinity of the insured property); C3 hail; C4 avalanches; C5 snow pressure; C6 rockslides and rock impacts; C7 land slides.",pdf-question:household-contents-private-liability-sti:p3,pdf-document:household-contents-private-liability-sti,,,household,,,,,,,,,,,,,,,,PENDING,LOCKED_HOLDOUT_CANDIDATE,lg-62bb52eee817,English,"data/raw/pdfs/household-contents-private-liability-sti.pdf, physical page 3",,False,
ext-helvetia-pass-029,helvetia_pdf,data/raw/pdfs/legal-protection-sti.pdf,legal-protection-sti,3,page:3,"According to legal-protection-sti.pdf, what provision is stated in the supplied policy context?","Personal legal protection Traffic legal protection Unless listed separately in the STI, the policy does not cover claims B1 The protection of the legal interests of the insured person by the insurer; B2 Payment of: ■ the cost of lawyers engaged on the insured person’s behalf; ■ the cost of mediators engaged on the insured person’s behalf; ■ the cost of experts; ■ procedural and court costs to be borne by the insured person, incl. clerical and judgement fees; ■ any compensation awarded to the counterparty; ■ any bail paid in order to avoid detention while awaiting trial. This benefit is paid in the form of an advance only and must be repaid to the insurer by the insured person; ■ travel expenses incurred as a result of being required to appear before a foreign court of law; ■ translation costs; B3 The insured person must return any court or prevailingparty costs awarded to him/ her to Coop Rechtsschutz up to the amount of the benefits paid. C1 The protection of the legal interests of the insured person by the insurer; C2 Payment of: ■ the cost of lawyers engaged on the insured person’s behalf; ■ the cost of mediators engaged on the insured person’s behalf; ■ the cost of experts; ■ procedural and court costs to be borne by the insured person, incl. clerical and jud","Personal legal protection Traffic legal protection Unless listed separately in the STI, the policy does not cover claims B1 The protection of the legal interests of the insured person by the insurer; B2 Payment of: ■ the cost of lawyers engaged on the insured person’s behalf; ■ the cost of mediators engaged on the insured person’s behalf; ■ the cost of experts; ■ procedural and court costs to be borne by the insured person, incl.",pdf-question:legal-protection-sti:p3,pdf-document:legal-protection-sti,,,legal_protection,,,,,,,,,,,,,,,,PENDING,CALIBRATION,lg-384a1a4b0321,English,"data/raw/pdfs/legal-protection-sti.pdf, physical page 3",,False,
ext-helvetia-pass-030,helvetia_pdf,data/raw/pdfs/motor-vehicle-insurance-product-sheet.pdf,motor-vehicle-insurance-product-sheet,2,page:2,"According to motor-vehicle-insurance-product-sheet.pdf, what provision is stated in the supplied policy context?",Liability insurance. Inattentiveness on the road can easily occur. Helvetia’s liability insurance protects you against unexpected financial burdens arising from an accident you cause. Scope of insurance • Cover for property damage and personal injury caused by you • Defence against unjustified claims Insured persons • Owner and driver of the insured vehicle Insured benefits • Damage to or destruction of third-party property • Injury or death of persons and animals Helvetia customer portal Your insurance at a glance. helvetia.ch/customer-portal 2/8 | Helvetia car insurance,Owner and driver of the insured vehicle Insured benefits,pdf-question:motor-vehicle-insurance-product-sheet:p2,pdf-document:motor-vehicle-insurance-product-sheet,,,motor,,,,,,,,,,,,,,,,PENDING,VALIDATION,lg-15b51ba77470,English,"data/raw/pdfs/motor-vehicle-insurance-product-sheet.pdf, physical page 2",,False,
ext-helvetia-pass-031,helvetia_pdf,data/raw/pdfs/motor-vehicle-insurance-sti.pdf,motor-vehicle-insurance-sti,4,page:4,"According to motor-vehicle-insurance-sti.pdf, what provision is stated in the supplied policy context?","4/31 | Helvetia Swiss Insurance Company Ltd STI Helvetia Motor Vehicle Insurance – Edition March 2026 Motor Vehicle Customer information 1 Contracting parties The contracting parties are as follows Helvetia Swiss Insurance Company Ltd. Dufourstrasse 40 CH-9001 St. Gallen or Helvetia Swiss Life Insurance Company Ltd St. Alban-Anlage 26 CH-4002 Basel or Coop Rechtsschutz AG Entfelderstrasse 2 CH-5000 Aarau In the course of concluding and executing the contract, Helvetia Swiss Insurance Company Ltd is entitled to act on behalf of the other contracting parties (e. g. concluding and terminating contracts, collecting debts, demanding refunds). 2 Applicable law, basis of the contract This contract is governed by Swiss law. The contractual basis comprises the application, the customer information, the Standard Terms of Insurance and, if applicable, further special conditions or supplementary provisions, and also the policy. The Swiss Federal Law on Insurance Contracts also applies. If the policyholderʼs place of residence / registered office is the Principality of Liechtenstein, the law of Liechtenstein applies together with the provisions of the Liechtenstein",Gallen or Helvetia Swiss Life Insurance Company Ltd St.,pdf-question:motor-vehicle-insurance-sti:p4,pdf-document:motor-vehicle-insurance-sti,,,motor,,,,,,,,,,,,,,,,PENDING,LOCKED_HOLDOUT_CANDIDATE,lg-62bb52eee817,English,"data/raw/pdfs/motor-vehicle-insurance-sti.pdf, physical page 4",,False,
ext-helvetia-pass-032,helvetia_pdf,data/raw/pdfs/mutual-provisions-pkv.pdf,mutual-provisions-pkv,2,page:2,"According to mutual-provisions-pkv.pdf, what provision is stated in the supplied policy context?","Customer information 3 Other contractual provisions 5 General 5 Obligations during the contract term 7 Obligations in the event of a claim 8 Benefits in the event of a claim 9 Reductions in compensation 15 Sanctions 16 Recourse against an insured person 16 Legal venue 16 Table of contents Dear customer Thank you for your interest in Helvetiaʼs private customers insurance. We place great value in ensuring that you can quickly and dependably obtain information about your insurance contract. This is why the Standard Terms of Insurance (STIs) are structured like a reference document. In addition to a table of contents, they also contain customer information and other contractual provisions. To make the contractual documents easier to read, the male form of any gender-specific terminology is used, but of course, these terms also apply to female persons and legal entities. Your insurance contract comprises the text in your policy, the Standard Terms of Insurance and the mutual provisions that apply. Anything that is not explicitly mentioned is governed by the law. The main relevant laws are the provisions of the Swiss Civil Code (CC), the Code of Obligations (CO), the Federal Law on Insurance Contracts (LIC), the Federal Law on Insurance Supervision (ISL) and the Private Insurer Supervision Ordinance. Please send all communication in writing or any other text form addressed to Helvetia to the General Agency stated in t",This is why the Standard Terms of Insurance (STIs) are structured like a reference document.,pdf-question:mutual-provisions-pkv:p2,pdf-document:mutual-provisions-pkv,,,general_insurance,,,,,,,,,,,,,,,,PENDING,CALIBRATION,lg-fb2eac232edc,English,"data/raw/pdfs/mutual-provisions-pkv.pdf, physical page 2",,False,
ext-helvetia-pass-033,helvetia_pdf,data/raw/pdfs/rental-guarantee-insurance-sti.pdf,rental-guarantee-insurance-sti,3,page:3,"According to rental-guarantee-insurance-sti.pdf, what provision is stated in the supplied policy context?","3/7 | Helvetia Swiss Insurance Company Ltd STI Helvetia private rental guarantee insurance – September 2025 edition 1 Contracting party Your contracting party is: Helvetia Swiss Insurance Company Ltd Dufourstrasse 40 9001 St. Gallen In the course of concluding and executing the contract, Helvetia Swiss Insurance Company Ltd is entitled to act on behalf of the other contracting parties (e. g. concluding and terminating contracts, collecting debts, demanding refunds). 2 Applicable law, basis of the contract This contract is governed by Swiss law. The contractual basis comprises the application, the customer information, the Standard Terms of Insurance and, further special conditions or supplemen - tary provisions, and also the policy. The Swiss Federal Law on Insurance Contracts also applies. If the policyholder’s place of residence/registered office is the Principality of Liechtenstein, the law of Liechtenstein applies together with the provisions of the Liechtenstein Insurance Policies Act (Versicherungsvertragsgesetz, VersVG). 3 Insurance against loss or fixed sum insurance Your insurance is, as a general rule, an insurance against loss; fixed sum insurance will be expressly designated as such in the contract documents (e. g. application or policy). 4 Obligations on concluding the contract As an applicant, the policyholder is obliged under Article 6 of the Insurance Policies Act to provide complete and correct answers to all questions in the application (e. g. date of birth, previous damages/losses). If the policyholder or insured person provides an incomplete or i","The contractual basis comprises the application, the customer information, the Standard Terms of Insurance and, further special conditions or supplemen - tary provisions, and also the policy.",pdf-question:rental-guarantee-insurance-sti:p3,pdf-document:rental-guarantee-insurance-sti,,,rental_guarantee,,,,,,,,,,,,,,,,PENDING,LOCKED_HOLDOUT_CANDIDATE,lg-62bb52eee817,English,"data/raw/pdfs/rental-guarantee-insurance-sti.pdf, physical page 3",,False,
ext-helvetia-pass-034,helvetia_pdf,data/raw/pdfs/assistance-brochure.pdf,assistance-brochure,3,page:3,"According to assistance-brochure.pdf, what provision is stated in the supplied policy context?","“All-round insurance: in your leisure time, while travelling, worldwide.” Good to know With Assistance for persons insurance, all booked holidays, trips, events and concerts are insured throughout the year. 3/8 | Helvetia Assistance – product information sheet","“All-round insurance: in your leisure time, while travelling, worldwide.” Good to know With Assistance for persons insurance, all booked holidays, trips, events and concerts are insured throughout the year.",pdf-question:assistance-brochure:p3,pdf-document:assistance-brochure,,,travel_assistance,,,,,,,,,,,,,,,,PENDING,CALIBRATION,lg-c51dd7a63470,English,"data/raw/pdfs/assistance-brochure.pdf, physical page 3",,False,
ext-helvetia-pass-035,helvetia_pdf,data/raw/pdfs/assistance-sti.pdf,assistance-sti,3,page:3,"According to assistance-sti.pdf, what provision is stated in the supplied policy context?","a Swiss Insurance Company Ltd. STI Helvetia private customers insurance, Assistance – September 2025 edition Cancellation costs Insured events Do you want to know how you are insured? Your insurance coverage is listed in your policy as you requested and applies solely to private individuals. A1 Illness, accidents and death a) suf fered by the insured person b) suf fered by an accompanying traveller booked simultaneously c) suf fered by a person close to the insured person or accom panying traveller d) suf fered by the deputy at the workplace If one of the persons listed here dies, falls ill, suffers from pregnancy related problems or has an accident, and is not able to commence the journey or holiday on doctorʼs orders, or if the attending physician certifies that the person has experienced a deterioration of an existing chronic ailment. A2 Loss of employment If, following the booking of the holiday or travel service, the employ ment contract of the insured person or the simultaneously booked accompanying traveller is unexpectedly terminated. A3 Failure and delays If, either before beginning a journey or while en route to the point of departure of a booked trip, the insured person experiences one of the following events: a) failure or delay of public transport or means of transportation; b) the vehicle or taxi used for transportation cannot be driven (is unroadworthy) due to breakdown, accident, theft, fire or natural forces. A4 Burglary , events related to fire, water events or natural forces at the place of residence If the property of the insured person at their place of residence or second home is severely damaged as a result of burglary, fire, water or natural forces, thus requiring their presence during the planned trip. A5 Events during a journey or at the final destination If, as confirmed by an official body (primarily the Federal Department of Foreign Affairs and th","A2 Loss of employment If, following the booking of the holiday or travel service, the employ ment contract of the insured person or the simultaneously booked accompanying traveller is unexpectedly terminated.",pdf-question:assistance-sti:p3,pdf-document:assistance-sti,,,travel_assistance,,,,,,,,,,,,,,,,PENDING,CALIBRATION,lg-0cf33004bcbf,English,"data/raw/pdfs/assistance-sti.pdf, physical page 3",,False,
ext-helvetia-pass-036,helvetia_pdf,data/raw/pdfs/brochure-household-contents-and-private-liability.pdf,brochure-household-contents-and-private-liability,3,page:3,"According to brochure-household-contents-and-private-liability.pdf, what provision is stated in the supplied policy context?","Scope of the insurance cover Household contents includes all movables (such as clothes, furniture, consumer electronics, pets, etc.) required for living and recreation. Insured persons All persons permanently residing in the same household as the policyholder. Insured risks • Fire and natural forces • Theft and robbery • Damage and destruction of all kinds due to external causes Insured benefit New for old replacement price for an identical or equivalent household item at the time of the damage. Geographical scope of the policy • At home in Switzerland and the Principality of Liechtenstein • Worldwide for trips and excursions of up to one year’s duration Tailor the policy to your needs • Cover garden areas against fire/ natural forces • Cover for losses resulting from Internet use (cyber risks) • Earthquake insurance • Various all-risks insurances for everyday items (e.g. sports equipment, cameras, mobile phones, etc.) • Theft Plus insurance • Cover for necessary follow-up costs (e.g. clean-up costs) • Cover for damage and destruction of special valuables (e.g. jewellery, antiques, collections, etc.) Helvetia household insurance protects everything you love and value. Helvetia customer portal Your insurance at a glance. helvetia.ch/customer-portal Household contents and private liability insurance 3/8",Damage and destruction of all kinds due to external causes Insured benefit New for old replacement price for an identical or equivalent household item at the time of the damage.,pdf-question:brochure-household-contents-and-private-liability:p3,pdf-document:brochure-household-contents-and-private-liability,,,household,,,,,,,,,,,,,,,,PENDING,LOCKED_HOLDOUT_CANDIDATE,lg-62bb52eee817,English,"data/raw/pdfs/brochure-household-contents-and-private-liability.pdf, physical page 3",,False,
ext-helvetia-pass-037,helvetia_pdf,data/raw/pdfs/brochure-services.pdf,brochure-services,3,page:3,"According to brochure-services.pdf, what provision is stated in the supplied policy context?","Innovative, customer-focused, there for you. Waiver of premiums In the event of earning disability, you will benefit from a waiver of insurance premiums until the agreed end of the contract. However, you will continue to benefit from insurance cover. Locksmith service If access to your owner-occupied residential premises is not possible due to a sudden and unforeseen event and no other proportionate measures can reasonably be expected to be taken, Helvetia will organize a tradesman to provide access. Card blocking service At your request, we can block lost credit and debit cards as well as SIM cards. Home Assistance Home Assistance includes: • Tradesman service • Organization of construction management • Removal of wasps’, hornets’ and bees’ nests • Immediate measures in the event of a technical defect • Organization of a security service Psychological follow-up support We will pay the cost of psychological support provided by a qualified doctor, psychologist or psychiatrist after an insured event. Waiver of gross negligence","Waiver of premiums In the event of earning disability, you will benefit from a waiver of insurance premiums until the agreed end of the contract.",pdf-question:brochure-services:p3,pdf-document:brochure-services,,,health,,,,,,,,,,,,,,,,PENDING,LOCKED_HOLDOUT_CANDIDATE,lg-62bb52eee817,English,"data/raw/pdfs/brochure-services.pdf, physical page 3",,False,
ext-helvetia-pass-038,helvetia_pdf,data/raw/pdfs/buildings-insurance-sti.pdf,buildings-insurance-sti,3,page:3,"According to buildings-insurance-sti.pdf, what provision is stated in the supplied policy context?","nsured according to policy Insured if specified in the policy Sum insured according to policy Sum insured according to policy Sum insured according to policy Insured if specified in the policy CHF 2ʼ000 Sum insured according to policy Sum insured according to policy Sum insured according to policy CHF 5ʼ000 CHF 5ʼ000 CHF 5ʼ000 CHF 5ʼ000 CHF 5ʼ000 CHF 5ʼ000 Sum insured according to policy Sum insured according to policy CHF 1ʼ000 for theft without use of force Sum insured according to policy CHF 5ʼ000 CHF 5ʼ000 CHF 5ʼ000 Sum insured according to policy Sum insured according to policy Sum insured according to policy Sum insured according to policy Sum insured according to policy Sum insured according to policy Sum insured according to policy Building property insurance The insurance covers Fire Do you want to know what you are covered for? The coverage and sums insured of the insurance you required are listed in your policy. The explanation of terms must be used additionally to determine the insurance coverage. Underinsurance Destruction, damage or loss as a result of: B1 Fire, smoke (sudden and accidental influence) and water used to extinguish fire; B2 Lightning and overvoltage; B3 Explosion, detonation and implosion; B4 Crash-landings or emergency landings of aircraft, spacecraft or parts thereof, meteorites and other celestial bodies; B5 Pressure waves emitted by aircraft flying at supersonic speeds; B6 Scorch and smoulder damage. A1 Building ■ Sum insured according to policy A2 Supplementary insurance coverage for cantonal buildings insurance Insured if specified in the policy A3 Parts of the building not insured by cantonal buildings insurance ■ Sum insured according to policy A4 Costs for locating, exposing and repairing pipes A4.1 Costs for locating,",The coverage and sums insured of the insurance you required are listed in your policy.,pdf-question:buildings-insurance-sti:p3,pdf-document:buildings-insurance-sti,,,general_insurance,,,,,,,,,,,,,,,,PENDING,CALIBRATION,lg-7975497f9d66,English,"data/raw/pdfs/buildings-insurance-sti.pdf, physical page 3",,False,
ext-helvetia-pass-039,helvetia_pdf,data/raw/pdfs/household-contents-private-liability-sti.pdf,household-contents-private-liability-sti,3,page:3,"According to household-contents-private-liability-sti.pdf, what provision is stated in the supplied policy context?","Natural forces Theft Liquids and gas Household contents all risks Destruction, damage or loss as a result of C1 flooding and inundation; C2 storms (wind of 75 km / h or more that uproots trees or takes the roofs of f buildings in the vicinity of the insured property); C3 hail; C4 avalanches; C5 snow pressure; C6 rockslides and rock impacts; C7 land slides. Damage conclusively proven by physical traces, witnesses or circumstances to have been caused by D1 burglary: theft by criminals who enter a building or a room of a building by force or break into a container in the room. Burglary also includes: ■ Theft by opening the doors with the correct keys or codes is deemed to be burglary , provided that the perpetrator obtained the keys or codes by means of burglary or robbery; ■ Breaking open of garden sheds, allotment sheds and apiaries. In the case of attempted burglary and burglary on the owner-inhabited premises at the insured location, compensation will also be paid for the resultant building damage within the scope of the insured sum for household contents; D2 robbery: theft under threat or use of violence against persons as well as theft from persons unable to resist as a result of death, unconsciousness or accident. The insurance also covers snatch theft. It does not include pickpocketing and confidence tricks; D3 vandalism: damage caused through mali cious intent during a burglary or robbery , even if th","Damage conclusively proven by physical traces, witnesses or circumstances to have been caused by D1 burglary: theft by criminals who enter a building or a room of a building by force or break into a container in the room.",pdf-question:household-contents-private-liability-sti:p3,pdf-document:household-contents-private-liability-sti,,,household,,,,,,,,,,,,,,,,PENDING,LOCKED_HOLDOUT_CANDIDATE,lg-62bb52eee817,English,"data/raw/pdfs/household-contents-private-liability-sti.pdf, physical page 3",,False,
ext-helvetia-pass-040,helvetia_pdf,data/raw/pdfs/legal-protection-sti.pdf,legal-protection-sti,3,page:3,"According to legal-protection-sti.pdf, what provision is stated in the supplied policy context?","Personal legal protection Traffic legal protection Unless listed separately in the STI, the policy does not cover claims B1 The protection of the legal interests of the insured person by the insurer; B2 Payment of: ■ the cost of lawyers engaged on the insured person’s behalf; ■ the cost of mediators engaged on the insured person’s behalf; ■ the cost of experts; ■ procedural and court costs to be borne by the insured person, incl. clerical and judgement fees; ■ any compensation awarded to the counterparty; ■ any bail paid in order to avoid detention while awaiting trial. This benefit is paid in the form of an advance only and must be repaid to the insurer by the insured person; ■ travel expenses incurred as a result of being required to appear before a foreign court of law; ■ translation costs; B3 The insured person must return any court or prevailingparty costs awarded to him/ her to Coop Rechtsschutz up to the amount of the benefits paid. C1 The protection of the legal interests of the insured person by the insurer; C2 Payment of: ■ the cost of lawyers engaged on the insured person’s behalf; ■ the cost of mediators engaged on the insured person’s behalf; ■ the cost of experts; ■ procedural and court costs to be borne by the insured person, incl. clerical and judgement fees; ■ any compensation awarded to the counterparty; ■ any bail paid in order to avoid detention while awaiting trial. This benefit is ",clerical and judgement fees; ■ any compensation awarded to the counterparty; ■ any bail paid in order to avoid detention while awaiting trial.,pdf-question:legal-protection-sti:p3,pdf-document:legal-protection-sti,,,legal_protection,,,,,,,,,,,,,,,,PENDING,CALIBRATION,lg-384a1a4b0321,English,"data/raw/pdfs/legal-protection-sti.pdf, physical page 3",,False,
ext-helvetia-pass-041,helvetia_pdf,data/raw/pdfs/motor-vehicle-insurance-product-sheet.pdf,motor-vehicle-insurance-product-sheet,2,page:2,"According to motor-vehicle-insurance-product-sheet.pdf, what provision is stated in the supplied policy context?",Liability insurance. Inattentiveness on the road can easily occur. Helvetia’s liability insurance protects you against unexpected financial burdens arising from an accident you cause. Scope of insurance • Cover for property damage and personal injury caused by you • Defence against unjustified claims Insured persons • Owner and driver of the insured vehicle Insured benefits • Damage to or destruction of third-party property • Injury or death of persons and animals Helvetia customer portal Your insurance at a glance. helvetia.ch/customer-portal 2/8 | Helvetia car insurance,"Injury or death of persons and animals Helvetia customer portal Your insurance at a glance. [motor-vehicle-insurance-product-sheet.pdf, page 2]",pdf-question:motor-vehicle-insurance-product-sheet:p2,pdf-document:motor-vehicle-insurance-product-sheet,,,motor,,,,,,,,,,,,,,,,PENDING,VALIDATION,lg-15b51ba77470,English,"data/raw/pdfs/motor-vehicle-insurance-product-sheet.pdf, physical page 2",,False,
ext-helvetia-pass-042,helvetia_pdf,data/raw/pdfs/motor-vehicle-insurance-sti.pdf,motor-vehicle-insurance-sti,4,page:4,"According to motor-vehicle-insurance-sti.pdf, what provision is stated in the supplied policy context?","4/31 | Helvetia Swiss Insurance Company Ltd STI Helvetia Motor Vehicle Insurance – Edition March 2026 Motor Vehicle Customer information 1 Contracting parties The contracting parties are as follows Helvetia Swiss Insurance Company Ltd. Dufourstrasse 40 CH-9001 St. Gallen or Helvetia Swiss Life Insurance Company Ltd St. Alban-Anlage 26 CH-4002 Basel or Coop Rechtsschutz AG Entfelderstrasse 2 CH-5000 Aarau In the course of concluding and executing the contract, Helvetia Swiss Insurance Company Ltd is entitled to act on behalf of the other contracting parties (e. g. concluding and terminating contracts, collecting debts, demanding refunds). 2 Applicable law, basis of the contract This contract is governed by Swiss law. The contractual basis comprises the application, the customer information, the Standard Terms of Insurance and, if applicable, further special conditions or supplementary provisions, and also the policy. The Swiss Federal Law on Insurance Contracts also applies. If the policyholderʼs place of residence / registered office is the Principality of Liechtenstein, the law of Liechtenstein applies together with the provisions of the Liechtenstein Insurance Policies Act (Versicherungsvertragsgesetz, VersVG). 3 Insurance against loss or fixed sum insurance Your insurance is, as a general rule, an insurance against loss; fixed sum insurance will be expressly designated as such in the contra","Alban-Anlage 26 CH-4002 Basel or Coop Rechtsschutz AG Entfelderstrasse 2 CH-5000 Aarau In the course of concluding and executing the contract, Helvetia Swiss Insurance Company Ltd is entitled to act on behalf of the other contracting parties (e. [motor-vehicle-insurance-sti.pdf, page 4]",pdf-question:motor-vehicle-insurance-sti:p4,pdf-document:motor-vehicle-insurance-sti,,,motor,,,,,,,,,,,,,,,,PENDING,LOCKED_HOLDOUT_CANDIDATE,lg-62bb52eee817,English,"data/raw/pdfs/motor-vehicle-insurance-sti.pdf, physical page 4",,False,
ext-helvetia-pass-043,helvetia_pdf,data/raw/pdfs/mutual-provisions-pkv.pdf,mutual-provisions-pkv,2,page:2,"According to mutual-provisions-pkv.pdf, what provision is stated in the supplied policy context?","ontractual provisions 5 General 5 Obligations during the contract term 7 Obligations in the event of a claim 8 Benefits in the event of a claim 9 Reductions in compensation 15 Sanctions 16 Recourse against an insured person 16 Legal venue 16 Table of contents Dear customer Thank you for your interest in Helvetiaʼs private customers insurance. We place great value in ensuring that you can quickly and dependably obtain information about your insurance contract. This is why the Standard Terms of Insurance (STIs) are structured like a reference document. In addition to a table of contents, they also contain customer information and other contractual provisions. To make the contractual documents easier to read, the male form of any gender-specific terminology is used, but of course, these terms also apply to female persons and legal entities. Your insurance contract comprises the text in your policy, the Standard Terms of Insurance and the mutual provisions that apply. Anything that is not explicitly mentioned is governed by the law. The main relevant laws are the provisions of the Swiss Civil Code (CC), the Code of Obligations (CO), the Federal Law on Insurance Contracts (LIC), the Federal Law on Insurance Supervision (ISL) and the Private Insurer Supervision Ordinance. Please send all communication in writing or any other text form addressed to Helvetia to the General Agency stated in the policy or to our head office. We would like to thank you for the trust your have placed in Helvetia Insurance. Sincerely, Helvetia Insurance Foreword The original German wording governs the legal interpretation of your policy. 2/17 | Helvetia Swiss Insurance Company Ltd. STI Helvetia private customers insurance, Mutual provisions – September 2025 edition","Your insurance contract comprises the text in your policy, the Standard Terms of Insurance and the mutual provisions that apply. [mutual-provisions-pkv.pdf, page 2]",pdf-question:mutual-provisions-pkv:p2,pdf-document:mutual-provisions-pkv,,,general_insurance,,,,,,,,,,,,,,,,PENDING,CALIBRATION,lg-fb2eac232edc,English,"data/raw/pdfs/mutual-provisions-pkv.pdf, physical page 2",,False,
ext-helvetia-pass-044,helvetia_pdf,data/raw/pdfs/rental-guarantee-insurance-sti.pdf,rental-guarantee-insurance-sti,3,page:3,"According to rental-guarantee-insurance-sti.pdf, what provision is stated in the supplied policy context?","3/7 | Helvetia Swiss Insurance Company Ltd STI Helvetia private rental guarantee insurance – September 2025 edition 1 Contracting party Your contracting party is: Helvetia Swiss Insurance Company Ltd Dufourstrasse 40 9001 St. Gallen In the course of concluding and executing the contract, Helvetia Swiss Insurance Company Ltd is entitled to act on behalf of the other contracting parties (e. g. concluding and terminating contracts, collecting debts, demanding refunds). 2 Applicable law, basis of the contract This contract is governed by Swiss law. The contractual basis comprises the application, the customer information, the Standard Terms of Insurance and, further special conditions or supplemen - tary provisions, and also the policy. The Swiss Federal Law on Insurance Contracts also applies. If the policyholder’s place of residence/registered office is the Principality of Liechtenstein, the law of Liechtenstein applies together with the provisions of the Liechtenstein Insurance Policies Act (Versicherungsvertragsgesetz, VersVG). 3 Insurance against loss or fixed sum insurance Your insurance is, as a general rule, an insurance against loss; fixed sum insurance will be expressly designated as such in the contract documents (e. g. application or policy). 4 Obligations on concluding the contract As an applicant, the policyholder is obliged under Article 6 of the Insurance Policies Act to provide complete and correct answers to all questions in the application (e. g. date of birth, previous damages/losses). If the policyholder or insured person provides an incomplete or incorrect answer to a written question or a question in any ","The Swiss Federal Law on Insurance Contracts also applies. [rental-guarantee-insurance-sti.pdf, page 3]",pdf-question:rental-guarantee-insurance-sti:p3,pdf-document:rental-guarantee-insurance-sti,,,rental_guarantee,,,,,,,,,,,,,,,,PENDING,LOCKED_HOLDOUT_CANDIDATE,lg-62bb52eee817,English,"data/raw/pdfs/rental-guarantee-insurance-sti.pdf, physical page 3",,False,
ext-helvetia-pass-045,helvetia_pdf,data/raw/pdfs/assistance-brochure.pdf,assistance-brochure,4,page:4,"According to assistance-brochure.pdf, what provision is stated in the supplied policy context?","Cancellation cost insurance and Assistance for persons. Cancellation cost insurance covers you for unforeseen events occurring before your departure that make it impossible for you to set off on your journey. Assistance for persons provides insurance to cover you if anything happens while you're travelling. Insured events • Illness, accident or death • Loss of employment • Breakdown/delay of public transport • Breakdown of the vehicle or taxi you are travelling in • Damage to your property at home • Incidents occurring en route to or after arrival at your destination (e.g. strikes, terrorism, volcanic eruption or other natural events) • Grounding, strike or bankruptcy of your airline or tour operator Insured benefits We will cover the cost if you have to cancel, abort or extend your trip. Pre-departure benefits • Cancellation costs, incl. administration fees • Additional travel expenses in th","Cancellation cost insurance and Assistance for persons. [assistance-brochure.pdf, page 4]",pdf-question:assistance-brochure:p4,pdf-document:assistance-brochure,,,travel_assistance,,,,,,,,,,,,,,,,PENDING,CALIBRATION,lg-c51dd7a63470,English,"data/raw/pdfs/assistance-brochure.pdf, physical page 4",,False,
ext-helvetia-pass-046,helvetia_pdf,data/raw/pdfs/assistance-sti.pdf,assistance-sti,3,page:3,"According to assistance-sti.pdf, what provision is stated in the supplied policy context?","s listed in your policy as you requested and applies solely to private individuals. A1 Illness, accidents and death a) suf fered by the insured person b) suf fered by an accompanying traveller booked simultaneously c) suf fered by a person close to the insured person or accom panying traveller d) suf fered by the deputy at the workplace If one of the persons listed here dies, falls ill, suffers from pregnancy related problems or has an accident, and is not able to commence the journey or holiday on doctorʼs orders, or if the attending physician certifies that the person has experienced a deterioration of an existing chronic ailment. A2 Loss of employment If, following the booking of the holiday or travel service, the employ ment contract of the insured person or the simultaneously booked accompanying traveller is unexpectedly terminated. A3 Failure and delays If, either before beginning a journey or while en route to the point of departure of a booked trip, the insured person experiences one of the following events: a) failure or delay of public transport or means of transportation; b) the vehicle or taxi used for transportation cannot be driven (is unroadworthy) due to breakdown, accident, theft, fire or natural forces. A4 Burglary , events related to fire, water events or natural forces at the place of residence If the property of the insured person at their place of residence or second home is severely damaged as a result of burglary, fire, water or natural forces, thus requiring their presence during the planned trip. A5 Events during a journey or at the final destination If, as confirmed by an official body (primarily the Federal Department of Foreign Affairs and the Federal Office of Public Health), the insured person cannot begin the journey or holiday due to strike, fire, water, natural forces, snowfall, avalanche, earthquake, volcanic eruption, destruction caused by a tsunami or hurricane, quarantine, epidemic, radioactive radiation, acts of war, terrorism, revolution, rebellion, civil commotion or insurrection. A6 Theft of documents If credit c","A3 Failure and delays If, either before beginning a journey or while en route to the point of departure of a booked trip, the insured person experiences one of the following events: a) failure or delay of public transport or means of transportation; b) the vehicle or taxi used for transportation cannot be driven (is unroadworthy) due to breakdown, accident, theft, fire or natural forces. [assistance-sti.pdf, page 3]",pdf-question:assistance-sti:p3,pdf-document:assistance-sti,,,motor,,,,,,,,,,,,,,,,PENDING,CALIBRATION,lg-0cf33004bcbf,English,"data/raw/pdfs/assistance-sti.pdf, physical page 3",,False,
ext-helvetia-pass-047,helvetia_pdf,data/raw/pdfs/brochure-household-contents-and-private-liability.pdf,brochure-household-contents-and-private-liability,3,page:3,"According to brochure-household-contents-and-private-liability.pdf, what provision is stated in the supplied policy context?","Scope of the insurance cover Household contents includes all movables (such as clothes, furniture, consumer electronics, pets, etc.) required for living and recreation. Insured persons All persons permanently residing in the same household as the policyholder. Insured risks • Fire and natural forces • Theft and robbery • Damage and destruction of all kinds due to external causes Insured benefit New for old replacement price for an identical or equivalent household item at the time of the damage. Geographical scope of the policy • At home in Switzerland and the Principality of Liechtenstein • Worldwide for trips and excursions of up to one year’s duration Tailor the policy to your needs • Cover garden areas against fire/ natural forces • Cover for losses resulting from Internet use (cyber risks) • Earthquake insurance • Various all-risks insurances for everyday items (e.g. sports equipment, cameras, mobile phones, etc.) • Theft Plus insurance • Cover for necessary follow-up costs (e.g. clean-up costs) • Cover for damage and destruction of special valuables (e.g. jewellery, antiques, collections, etc.) Helvetia household insurance protects everything you love and value. Helvetia customer portal Your insurance at a glance. helvetia.ch/customer-portal Household contents and private liability insurance 3/8","Cover for losses resulting from Internet use (cyber risks) [brochure-household-contents-and-private-liability.pdf, page 3]",pdf-question:brochure-household-contents-and-private-liability:p3,pdf-document:brochure-household-contents-and-private-liability,,,household,,,,,,,,,,,,,,,,PENDING,LOCKED_HOLDOUT_CANDIDATE,lg-62bb52eee817,English,"data/raw/pdfs/brochure-household-contents-and-private-liability.pdf, physical page 3",,False,
ext-helvetia-pass-048,helvetia_pdf,data/raw/pdfs/brochure-services.pdf,brochure-services,3,page:3,"According to brochure-services.pdf, what provision is stated in the supplied policy context?","Innovative, customer-focused, there for you. Waiver of premiums In the event of earning disability, you will benefit from a waiver of insurance premiums until the agreed end of the contract. However, you will continue to benefit from insurance cover. Locksmith service If access to your owner-occupied residential premises is not possible due to a sudden and unforeseen event and no other proportionate measures can reasonably be expected to be taken, Helvetia will organize a tradesman to provide access. Card blocking service At your request, we can block lost credit and debit cards as well as SIM cards. Home Assistance Home Assistance includes: • Tradesman service • Organization of construction management • Removal of wasps’, hornets’ and bees’ nests • Immediate measures in the event of a technical defect • Organization of a security service Psychological follow-up support We will pay the cost of psychological support provided by a qualified doctor, psychologist or psychiatrist after an insured event. Waiver of gross negligence Helvetia waives its right to a reduction in benefits in the","However, you will continue to benefit from insurance cover. [brochure-services.pdf, page 3]",pdf-question:brochure-services:p3,pdf-document:brochure-services,,,general_insurance,,,,,,,,,,,,,,,,PENDING,LOCKED_HOLDOUT_CANDIDATE,lg-62bb52eee817,English,"data/raw/pdfs/brochure-services.pdf, physical page 3",,False,
ext-helvetia-pass-049,helvetia_pdf,data/raw/pdfs/buildings-insurance-sti.pdf,buildings-insurance-sti,3,page:3,"According to buildings-insurance-sti.pdf, what provision is stated in the supplied policy context?","policy Sum insured according to policy Sum insured according to policy Insured if specified in the policy CHF 2ʼ000 Sum insured according to policy Sum insured according to policy Sum insured according to policy CHF 5ʼ000 CHF 5ʼ000 CHF 5ʼ000 CHF 5ʼ000 CHF 5ʼ000 CHF 5ʼ000 Sum insured according to policy Sum insured according to policy CHF 1ʼ000 for theft without use of force Sum insured according to policy CHF 5ʼ000 CHF 5ʼ000 CHF 5ʼ000 Sum insured according to policy Sum insured according to policy Sum insured according to policy Sum insured according to policy Sum insured according to policy Sum insured according to policy Sum insured according to policy Building property insurance The insurance covers Fire Do you want to know what you are covered for? The coverage and sums insured of the insurance you required are listed in your policy. The explanation of terms must be used additionally to determine the insurance coverage. Underinsurance Destruction, damage or loss as a result of: B1 Fire, smoke (sudden and accidental influence) and water used to extinguish fire; B2 Lightning and overvoltage; B3 Explosion, detonation and implosion; B4 Crash-landings or emergency landings of aircraft, spacecraft or parts thereof, meteorites and other celestial bodies; B5 Pressure waves emitted by aircraft flying at supersonic speeds; B6 Scorch and smoulder damage. A1 Building ■ Sum insured according to policy A2 Supplementary insurance coverage for cantonal buildings insurance Insured if specified in the policy A3 Parts of the building not insured by cantonal buildings insurance ■ Sum insured according to policy A4 Costs for locating, exposing and repairing pipes A4.1 Costs for locating, exposing and repairing pipes related to a pipe burst A4.2 Costs for location work not r","The explanation of terms must be used additionally to determine the insurance coverage. [buildings-insurance-sti.pdf, page 3]",pdf-question:buildings-insurance-sti:p3,pdf-document:buildings-insurance-sti,,,general_insurance,,,,,,,,,,,,,,,,PENDING,CALIBRATION,lg-7975497f9d66,English,"data/raw/pdfs/buildings-insurance-sti.pdf, physical page 3",,False,
ext-helvetia-pass-050,helvetia_pdf,data/raw/pdfs/household-contents-private-liability-sti.pdf,household-contents-private-liability-sti,3,page:3,"According to household-contents-private-liability-sti.pdf, what provision is stated in the supplied policy context?","Natural forces Theft Liquids and gas Household contents all risks Destruction, damage or loss as a result of C1 flooding and inundation; C2 storms (wind of 75 km / h or more that uproots trees or takes the roofs of f buildings in the vicinity of the insured property); C3 hail; C4 avalanches; C5 snow pressure; C6 rockslides and rock impacts; C7 land slides. Damage conclusively proven by physical traces, witnesses or circumstances to have been caused by D1 burglary: theft by criminals who enter a building or a room of a building by force or break into a container in the room. Burglary also includes: ■ Theft by opening the doors with the correct keys or codes is deemed to be burglary , provided that the perpetrator obtained the keys or codes by means of burglary or robbery; ■ Breaking open of garden sheds, allotment sheds and apiaries. In the case of attempted burglary and burglary on the owner-inhabited premises at the insured location, compensation will also be paid for the resultant building damage within the scope of the insured sum for household contents; D2 robbery: theft under threat or use of violence against persons as well as theft from persons unable to resist as a result of death, unconsciousness or accident. The insurance also covers snatch theft. It does not include pickpocketing and confidence tricks; D3 vandalism: damage caused through mali cious intent during a burglary or robbery , even if there was no theft, or in an attempt thereto; D4 simple theft, i.e. theft that is not deemed to be burglary or robbery , including pickpocketing and confidence tricks. Destruction, damage or loss as a result of E1 leakage of liq uids and gas: a) from pipelines or connected installations or apparatus; b) from decorative fountains, aquaria waterbeds, pools, liquids from humidifiers; c) and resulting od our absorption as well as loss of liquids or gases; E2 water conden sation which has escaped from refrigeration systems or appliances; E3 penetration of rain and melting snow into the building through the roof, from roof gutters or from outdoor drain pipe","In the case of attempted burglary and burglary on the owner-inhabited premises at the insured location, compensation will also be paid for the resultant building damage within the scope of the insured sum for household contents; D2 robbery: theft under threat or use of violence against persons as well as theft from persons unable to resist as a result of death, unconsciousness or accident. [household-contents-private-liability-sti.pdf, page 3]",pdf-question:household-contents-private-liability-sti:p3,pdf-document:household-contents-private-liability-sti,,,household,,,,,,,,,,,,,,,,PENDING,LOCKED_HOLDOUT_CANDIDATE,lg-62bb52eee817,English,"data/raw/pdfs/household-contents-private-liability-sti.pdf, physical page 3",,False,
ext-helvetia-pass-051,helvetia_pdf,data/raw/pdfs/legal-protection-sti.pdf,legal-protection-sti,3,page:3,"According to legal-protection-sti.pdf, what provision is stated in the supplied policy context?","Personal legal protection Traffic legal protection Unless listed separately in the STI, the policy does not cover claims B1 The protection of the legal interests of the insured person by the insurer; B2 Payment of: ■ the cost of lawyers engaged on the insured person’s behalf; ■ the cost of mediators engaged on the insured person’s behalf; ■ the cost of experts; ■ procedural and court costs to be borne by the insured person, incl. clerical and judgement fees; ■ any compensation awarded to the counterparty; ■ any bail paid in order to avoid detention while awaiting trial. This benefit is paid in the form of an advance only and must be repaid to the insurer by the insured person; ■ travel expenses incurred as a result of being required to appear before a foreign court of law; ■ translation costs; B3 The insured person must return any court or prevailingparty costs awarded to him/ her to Coop Rechtsschutz up to the amount of the benefits paid. C1 The protection of the legal interests of the insured person by the insurer; C2 Payment of: ■ the cost of lawyers engaged on the insured person’s behalf; ■ the cost of mediators engaged on the insured person’s behalf; ■ the cost of experts; ■ procedural and court costs to be borne by the insured person, incl. clerical and judgement fees; ■ any compensation awarded to the counterparty; ■ any bail paid in order to avoid detention while awaiting trial. This benefit is paid in the form of an advance only and must be repaid to the insurer by the insured person; ■ travel expenses incurred as a result of being required to appear before a foreign court of law; ■ translation costs; C3 The insured person must return any court or prevailing-party costs awarded to him/her to Coop Rechtsschutz up to the amount of the benefits paid. A8 relating to a","This benefit is paid in the form of an advance only and must be repaid to the insurer by the insured person; ■ travel expenses incurred as a result of being required to appear before a foreign court of law; ■ translation costs; B3 The insured person must return any court or prevailingparty costs awarded to him/ her to Coop Rechtsschutz up to the amount of the benefits paid. [legal-protection-sti.pdf, page 3]",pdf-question:legal-protection-sti:p3,pdf-document:legal-protection-sti,,,travel_assistance,,,,,,,,,,,,,,,,PENDING,CALIBRATION,lg-384a1a4b0321,English,"data/raw/pdfs/legal-protection-sti.pdf, physical page 3",,False,
ext-helvetia-pass-052,helvetia_pdf,data/raw/pdfs/motor-vehicle-insurance-product-sheet.pdf,motor-vehicle-insurance-product-sheet,2,page:2,"According to motor-vehicle-insurance-product-sheet.pdf, what provision is stated in the supplied policy context?",Liability insurance. Inattentiveness on the road can easily occur. Helvetia’s liability insurance protects you against unexpected financial burdens arising from an accident you cause. Scope of insurance • Cover for property damage and personal injury caused by you • Defence against unjustified claims Insured persons • Owner and driver of the insured vehicle Insured benefits • Damage to or destruction of third-party property • Injury or death of persons and animals Helvetia customer portal Your insurance at a glance. helvetia.ch/customer-portal 2/8 | Helvetia car insurance,"helvetia.ch/customer-portal 2/8 | Helvetia car insurance [motor-vehicle-insurance-product-sheet.pdf, page 2]",pdf-question:motor-vehicle-insurance-product-sheet:p2,pdf-document:motor-vehicle-insurance-product-sheet,,,motor,,,,,,,,,,,,,,,,PENDING,VALIDATION,lg-15b51ba77470,English,"data/raw/pdfs/motor-vehicle-insurance-product-sheet.pdf, physical page 2",,False,
ext-helvetia-pass-053,helvetia_pdf,data/raw/pdfs/motor-vehicle-insurance-sti.pdf,motor-vehicle-insurance-sti,4,page:4,"According to motor-vehicle-insurance-sti.pdf, what provision is stated in the supplied policy context?","4/31 | Helvetia Swiss Insurance Company Ltd STI Helvetia Motor Vehicle Insurance – Edition March 2026 Motor Vehicle Customer information 1 Contracting parties The contracting parties are as follows Helvetia Swiss Insurance Company Ltd. Dufourstrasse 40 CH-9001 St. Gallen or Helvetia Swiss Life Insurance Company Ltd St. Alban-Anlage 26 CH-4002 Basel or Coop Rechtsschutz AG Entfelderstrasse 2 CH-5000 Aarau In the course of concluding and executing the contract, Helvetia Swiss Insurance Company Ltd is entitled to act on behalf of the other contracting parties (e. g. concluding and terminating contracts, collecting debts, demanding refunds). 2 Applicable law, basis of the contract This contract is governed by Swiss law. The contractual basis comprises the application, the customer information, the Standard Terms of Insurance and, if applicable, further special conditions or supplementary provisions, and also the policy. The Swiss Federal Law on Insurance Contracts also applies. If the policyholderʼs place of residence / registered office is the Principality of Liechtenstein, the law of Liechtenstein applies together with the provisions of the Liechtenstein Insurance Policies Act (Versicherungsvertragsgesetz, VersVG). 3 Insurance against loss or fixed sum insurance Your insurance is, as a general rule, an insurance against loss; fixed sum insurance will be expressly designated as such in the contract documents (e. g. application or policy). 4 Obligations on concluding the contract As the applicant, the policyholder is obliged under Article 6 of the Insurance Policies Act to provide complete and correct answers to all the questions in the application (e. g. date of birth, previous damages / losses). If the policyholder or insured person provides an incomp","The contractual basis comprises the application, the customer information, the Standard Terms of Insurance and, if applicable, further special conditions or supplementary provisions, and also the policy. [motor-vehicle-insurance-sti.pdf, page 4]",pdf-question:motor-vehicle-insurance-sti:p4,pdf-document:motor-vehicle-insurance-sti,,,motor,,,,,,,,,,,,,,,,PENDING,LOCKED_HOLDOUT_CANDIDATE,lg-62bb52eee817,English,"data/raw/pdfs/motor-vehicle-insurance-sti.pdf, physical page 4",,False,
ext-helvetia-pass-054,helvetia_pdf,data/raw/pdfs/mutual-provisions-pkv.pdf,mutual-provisions-pkv,2,page:2,"According to mutual-provisions-pkv.pdf, what provision is stated in the supplied policy context?","se against an insured person 16 Legal venue 16 Table of contents Dear customer Thank you for your interest in Helvetiaʼs private customers insurance. We place great value in ensuring that you can quickly and dependably obtain information about your insurance contract. This is why the Standard Terms of Insurance (STIs) are structured like a reference document. In addition to a table of contents, they also contain customer information and other contractual provisions. To make the contractual documents easier to read, the male form of any gender-specific terminology is used, but of course, these terms also apply to female persons and legal entities. Your insurance contract comprises the text in your policy, the Standard Terms of Insurance and the mutual provisions that apply. Anything that is not explicitly mentioned is governed by the law. The main relevant laws are the provisions of the Swiss Civil Code (CC), the Code of Obligations (CO), the Federal Law on Insurance Contracts (LIC), the Federal Law on Insurance Supervision (ISL) and the Private Insurer Supervision Ordinance. Please send all communication in writing or any other text form addressed to Helvetia to the General Agency stated in the policy or to our head office. We would like to thank you for the trust your have placed in Helvetia Insurance. Sincerely, Helvetia Insurance Foreword The original German wording governs the legal interpretation of your policy. 2/17 | Helvetia Swiss Insurance Company Ltd. STI Helvetia private customers insurance, Mutual provisions – September 2025 edition","The main relevant laws are the provisions of the Swiss Civil Code (CC), the Code of Obligations (CO), the Federal Law on Insurance Contracts (LIC), the Federal Law on Insurance Supervision (ISL) and the Private Insurer Supervision Ordinance. [mutual-provisions-pkv.pdf, page 2]",pdf-question:mutual-provisions-pkv:p2,pdf-document:mutual-provisions-pkv,,,general_insurance,,,,,,,,,,,,,,,,PENDING,CALIBRATION,lg-fb2eac232edc,English,"data/raw/pdfs/mutual-provisions-pkv.pdf, physical page 2",,False,
ext-helvetia-pass-055,helvetia_pdf,data/raw/pdfs/rental-guarantee-insurance-sti.pdf,rental-guarantee-insurance-sti,3,page:3,"According to rental-guarantee-insurance-sti.pdf, what provision is stated in the supplied policy context?","3/7 | Helvetia Swiss Insurance Company Ltd STI Helvetia private rental guarantee insurance – September 2025 edition 1 Contracting party Your contracting party is: Helvetia Swiss Insurance Company Ltd Dufourstrasse 40 9001 St. Gallen In the course of concluding and executing the contract, Helvetia Swiss Insurance Company Ltd is entitled to act on behalf of the other contracting parties (e. g. concluding and terminating contracts, collecting debts, demanding refunds). 2 Applicable law, basis of the contract This contract is governed by Swiss law. The contractual basis comprises the application, the customer information, the Standard Terms of Insurance and, further special conditions or supplemen - tary provisions, and also the policy. The Swiss Federal Law on Insurance Contracts also applies. If the policyholder’s place of residence/registered office is the Principality of Liechtenstein, the law of Liechtenstein applies together with the provisions of the Liechtenstein Insurance Policies Act (Versicherungsvertragsgesetz, VersVG). 3 Insurance against loss or fixed sum insurance Your insurance is, as a general rule, an insurance against loss; fixed sum insurance will be expressly designated as such in the contract documents (e. g. application or policy). 4 Obligations on concluding the contract As an applicant, the policyholder is obliged under Article 6 of the Insurance Policies Act to provide complete and correct answers to all questions in the application (e. g. date of birth, previous damages/losses). If the policyholder or insured person provides an incomplete or incorrect answer to a written question or a question in any other text form on conclusion of the contract, Helvetia is entitled to terminate the contract within four weeks of becoming aware of the breach of the duty to notify. If the contract is termi nated in this manner, the obligation to pay benefi","If the policyholder’s place of residence/registered office is the Principality of Liechtenstein, the law of Liechtenstein applies together with the provisions of the Liechtenstein Insurance Policies Act (Versicherungsvertragsgesetz, VersVG). [rental-guarantee-insurance-sti.pdf, page 3]",pdf-question:rental-guarantee-insurance-sti:p3,pdf-document:rental-guarantee-insurance-sti,,,rental_guarantee,,,,,,,,,,,,,,,,PENDING,LOCKED_HOLDOUT_CANDIDATE,lg-62bb52eee817,English,"data/raw/pdfs/rental-guarantee-insurance-sti.pdf, physical page 3",,False,
ext-helvetia-pass-056,helvetia_pdf,data/raw/pdfs/assistance-brochure.pdf,assistance-brochure,4,page:4,"According to assistance-brochure.pdf, what provision is stated in the supplied policy context?","Cancellation cost insurance and Assistance for persons. Cancellation cost insurance covers you for unforeseen events occurring before your departure that make it impossible for you to set off on your journey. Assistance for persons provides insurance to cover you if anything happens while you're travelling. Insured events • Illness, accident or death • Loss of employment • Breakdown/delay of public transport • Breakdown of the vehicle or taxi you are travelling in • Damage to your property at home • Incidents occurring en route to or after arrival at your destination (e.g. strikes, terrorism, volcanic eruption or other natural events) • Grounding, strike or bankruptcy of your airline or tour operator Insured benefits We will cover the cost if you have to cancel, abort or extend your trip. Pre-departure benefits • Cancellation costs, incl. administration fees • Additional travel expenses in the event of delayed departure • Additional expenses Benefits while travelling • Call-back and transport costs • Refundable cost advance while abroad • Add","Cancellation cost insurance covers you for unforeseen events occurring before your departure that make it impossible for you to set off on your journey. [assistance-brochure.pdf, page 4]",pdf-question:assistance-brochure:p4,pdf-document:assistance-brochure,,,travel_assistance,,,,,,,,,,,,,,,,PENDING,CALIBRATION,lg-c51dd7a63470,English,"data/raw/pdfs/assistance-brochure.pdf, physical page 4",,False,
ext-helvetia-pass-057,helvetia_pdf,data/raw/pdfs/assistance-sti.pdf,assistance-sti,3,page:3,"According to assistance-sti.pdf, what provision is stated in the supplied policy context?","uffers from pregnancy related problems or has an accident, and is not able to commence the journey or holiday on doctorʼs orders, or if the attending physician certifies that the person has experienced a deterioration of an existing chronic ailment. A2 Loss of employment If, following the booking of the holiday or travel service, the employ ment contract of the insured person or the simultaneously booked accompanying traveller is unexpectedly terminated. A3 Failure and delays If, either before beginning a journey or while en route to the point of departure of a booked trip, the insured person experiences one of the following events: a) failure or delay of public transport or means of transportation; b) the vehicle or taxi used for transportation cannot be driven (is unroadworthy) due to breakdown, accident, theft, fire or natural forces. A4 Burglary , events related to fire, water events or natural forces at the place of residence If the property of the insured person at their place of residence or second home is severely damaged as a result of burglary, fire, water or natural forces, thus requiring their presence during the planned trip. A5 Events during a journey or at the final destination If, as confirmed by an official body (primarily the Federal Department of Foreign Affairs and the Federal Office of Public Health), the insured person cannot begin the journey or holiday due to strike, fire, water, natural forces, snowfall, avalanche, earthquake, volcanic eruption, destruction caused by a tsunami or hurricane, quarantine, epidemic, radioactive radiation, acts of war, terrorism, revolution, rebellion, civil commotion or insurrection. A6 Theft of documents If credit cards, cheques, identity documents or the insured personʼs personal ticket are stolen on the day before, or the day of, departure and the insured person is unable to begin the journey or holiday on time or is prevented from doing so altogether. The incident must be reported. A7 Grounding of aircraft, strike","A4 Burglary , events related to fire, water events or natural forces at the place of residence If the property of the insured person at their place of residence or second home is severely damaged as a result of burglary, fire, water or natural forces, thus requiring their presence during the planned trip. [assistance-sti.pdf, page 3]",pdf-question:assistance-sti:p3,pdf-document:assistance-sti,,,household,,,,,,,,,,,,,,,,PENDING,CALIBRATION,lg-0cf33004bcbf,English,"data/raw/pdfs/assistance-sti.pdf, physical page 3",,False,
ext-helvetia-pass-058,helvetia_pdf,data/raw/pdfs/brochure-household-contents-and-private-liability.pdf,brochure-household-contents-and-private-liability,3,page:3,"According to brochure-household-contents-and-private-liability.pdf, what provision is stated in the supplied policy context?"," Insured persons All persons permanently residing in the same household as the policyholder. Insured risks • Fire and natural forces • Theft and robbery • Damage and destruction of all kinds due to external causes Insured benefit New for old replacement price for an identical or equivalent household item at the time of the damage. Geographical scope of the policy • At home in Switzerland and the Principality of Liechtenstein • Worldwide for trips and excursions of up to one year’s duration Tailor the policy to your needs • Cover garden areas against fire/ natural forces • Cover for losses resulting from Internet use (cyber risks) • Earthquake insurance • Various all-risks insurances for everyday items (e.g. sports equipment, cameras, mobile phones, etc.) • Theft Plus insurance • Cover for necessary follow-up costs (e.g. clean-up costs) • Cover for damage and destruction of special valuables (e.g. jewellery, antiques, collections, etc.) Helvetia household insurance protects everything you love and value. Helvetia customer portal Your insurance at a glance. helvetia.ch/customer-portal Household contents and private liability insurance 3/8","Cover for damage and destruction of special valuables (e.g. [brochure-household-contents-and-private-liability.pdf, page 3]",pdf-question:brochure-household-contents-and-private-liability:p3,pdf-document:brochure-household-contents-and-private-liability,,,household,,,,,,,,,,,,,,,,PENDING,LOCKED_HOLDOUT_CANDIDATE,lg-62bb52eee817,English,"data/raw/pdfs/brochure-household-contents-and-private-liability.pdf, physical page 3",,False,
ext-helvetia-pass-059,helvetia_pdf,data/raw/pdfs/brochure-services.pdf,brochure-services,3,page:3,"According to brochure-services.pdf, what provision is stated in the supplied policy context?","Innovative, customer-focused, there for you. Waiver of premiums In the event of earning disability, you will benefit from a waiver of insurance premiums until the agreed end of the contract. However, you will continue to benefit from insurance cover. Locksmith service If access to your owner-occupied residential premises is not possible due to a sudden and unforeseen event and no other proportionate measures can reasonably be expected to be taken, Helvetia will organize a tradesman to provide access. Card blocking service At your request, we can block lost credit and debit cards as well as SIM cards. Home Assistance Home Assistance includes: • Tradesman service • Organization of construction management • Removal of wasps’, hornets’ and bees’ nests • Immediate measures in the event of a technical defect • Organization of a security service Psychological follow-up support We will pay the cost of psychological support provided by a qualified doctor, psychologist or psychiatrist after an insured event. Waiver of gross negligence Helvetia waives its right to a reduction in benefits in the event of grossly negligent conduct. Legal advice Legal advice for all legal disputes is provided by the independent legal service of Coop Rechtsschutz. You can easily arrange the comprehensive Helvetia Service Package in addition to your policy. 3/4 | Helvetia services – product information sheet","Organization of a security service Psychological follow-up support We will pay the cost of psychological support provided by a qualified doctor, psychologist or psychiatrist after an insured event. [brochure-services.pdf, page 3]",pdf-question:brochure-services:p3,pdf-document:brochure-services,,,general_insurance,,,,,,,,,,,,,,,,PENDING,LOCKED_HOLDOUT_CANDIDATE,lg-62bb52eee817,English,"data/raw/pdfs/brochure-services.pdf, physical page 3",,False,
ext-helvetia-pass-060,helvetia_pdf,data/raw/pdfs/buildings-insurance-sti.pdf,buildings-insurance-sti,3,page:3,"According to buildings-insurance-sti.pdf, what provision is stated in the supplied policy context?","ied in the policy CHF 2ʼ000 Sum insured according to policy Sum insured according to policy Sum insured according to policy CHF 5ʼ000 CHF 5ʼ000 CHF 5ʼ000 CHF 5ʼ000 CHF 5ʼ000 CHF 5ʼ000 Sum insured according to policy Sum insured according to policy CHF 1ʼ000 for theft without use of force Sum insured according to policy CHF 5ʼ000 CHF 5ʼ000 CHF 5ʼ000 Sum insured according to policy Sum insured according to policy Sum insured according to policy Sum insured according to policy Sum insured according to policy Sum insured according to policy Sum insured according to policy Building property insurance The insurance covers Fire Do you want to know what you are covered for? The coverage and sums insured of the insurance you required are listed in your policy. The explanation of terms must be used additionally to determine the insurance coverage. Underinsurance Destruction, damage or loss as a result of: B1 Fire, smoke (sudden and accidental influence) and water used to extinguish fire; B2 Lightning and overvoltage; B3 Explosion, detonation and implosion; B4 Crash-landings or emergency landings of aircraft, spacecraft or parts thereof, meteorites and other celestial bodies; B5 Pressure waves emitted by aircraft flying at supersonic speeds; B6 Scorch and smoulder damage. A1 Building ■ Sum insured according to policy A2 Supplementary insurance coverage for cantonal buildings insurance Insured if specified in the policy A3 Parts of the building not insured by cantonal buildings insurance ■ Sum insured according to policy A4 Costs for locating, exposing and repairing pipes A4.1 Costs for locating, exposing and repairing pipes related to a pipe burst A4.2 Costs for location work not related to a pipe burst A5 Follow-up costs and loss prevention costs A5.1 a) Necessary follow-up costs b) Standing costs c) Artistic or historic values d) Subsequent increase Sum insured according to policy A5.2 Costs for risk-reducing measures CHF 5ʼ000 A5.3 Costs due to regulatory reconstruction restrictions CHF 5ʼ000 A5.4 Costs for replacing locks Sum insured according to policy A5.5 Loss / damage prevention costs CHF 5ʼ000 A6","Underinsurance Destruction, damage or loss as a result of: B1 Fire, smoke (sudden and accidental influence) and water used to extinguish fire; B2 Lightning and overvoltage; B3 Explosion, detonation and implosion; B4 Crash-landings or emergency landings of aircraft, spacecraft or parts thereof, meteorites and other celestial bodies; B5 Pressure waves emitted by aircraft flying at supersonic speeds; B6 Scorch and smoulder damage. [buildings-insurance-sti.pdf, page 3]",pdf-question:buildings-insurance-sti:p3,pdf-document:buildings-insurance-sti,,,general_insurance,,,,,,,,,,,,,,,,PENDING,CALIBRATION,lg-7975497f9d66,English,"data/raw/pdfs/buildings-insurance-sti.pdf, physical page 3",,False,
ext-helvetia-fail-001,helvetia_pdf,data/raw/pdfs/assistance-sti.pdf,assistance-sti,3,page:3,"According to assistance-sti.pdf, what provision is stated in the supplied policy context?"," transport company, the hotel, the landlord, or the organiser of courses, language course holidays or seminars, Helvetia will cover the costs owed for cancelling the enforceable contract, including processing charges and airport fees, up to a maximum of the agreed sum insured. B2 Delayed commencement of travel If, as a result of an insured event, the insured person cannot take a trip or enter a rented property or event until after the originally agreed date, then instead of covering the cancellation costs, Helvetia will cover the additional costs incurred in relation to the delayed departure and the costs for the unused part of the stay in proportion to the arrangement price (not including transport costs). The benefits are limited to the amount of the agreed arrangement price. The day of arrival is deemed to be the used arrangement day. B3 Pets If the pet of the insured person cannot be housed with the planned care person prior to the commencement of the trip due to the care person suffering an accident, illness or death, and if the pet needs to be housed in an animal shelter as a result, Helvetia will pay up to CHF 1ʼ000 per event. B4 Entry tickets, unlimited tickets, season tickets If the insured person is unable to use a previously bought entry ticket for an event due to an insured event and if cancellation is not possible free of charge, Helvetia will cover the costs of the ticket up to CHF 1’000. If the insured person is unable to use previously bought and unused unlimited tickets or season tickets due to an insured event and a refund or later usage is not possible, Helvetia will cover the resulting costs of up to CHF 1ʼ000. Territorial validity The insurance is valid throughout the world. The insurance does not cover C1 Failure and delays If the specified check-in times at the airport are not observed and the journey cannot be commenced as a result. Delays for which the insured person is responsible (e.g. mishaps with petrol, misplacing keys). C2 Poor recovery","B3 Pets If the pet of the insured person cannot be housed with the planned care person prior to the commencement of the trip due to the care person suffering an accident, illness or death, and if the pet needs to be housed in an animal shelter as a result, Helvetia will pay up to CHF 2ʼ000 per event.",pdf-question:assistance-sti:p3,pdf-document:assistance-sti,,,travel_assistance,,,,,,,,,,,,,,,,PENDING,CALIBRATION,lg-0cf33004bcbf,English,"data/raw/pdfs/assistance-sti.pdf, physical page 3",,False,
ext-helvetia-fail-002,helvetia_pdf,data/raw/pdfs/brochure-household-contents-and-private-liability.pdf,brochure-household-contents-and-private-liability,6,page:6,"According to brochure-household-contents-and-private-liability.pdf, what provision is stated in the supplied policy context?","Scope of the insurance cover • Settlement of well-founded thirdparty claims • Defence against unfounded thirdparty claims Insured persons The policyholder. If there are other people living in the same household, cover can be extended to encompass a multi-person household. This includes all persons of all ages. Insured capacities • Tenant, leaseholder • Owner, co-owner, condominium owner • Head of family, carer responsible for day-care children, foster children and children on holiday • Animal owner • Person responsible for property taken over, entrusted in safekeeping or rented • Athlete, marksman • Users of third-party vehicles • Users of bicycles and e-bikes with a pedal assistance up to 25 km/h • Person responsible for holding the keys to a business Geographical scope of the policy • Worldwide insurance cover Extend your cover • Extended cover for the use of thirdparty vehicles (worldwide 365-day cover, including rental vehicles, etc.). • Cover for losses resulting from Internet use (cyber risks) • Teachers at private and public schools • Skiing and sports instructors, mountain guides • Hunters • Tenants and borrowers of third-party horses • Owners and users of model aircraft and drones up to 25 kg which are not subject to authorization Private liability insurance covers claims for damages in the event of damage to third-party property or personal injury. Household contents and private liability insurance 6/8","Extended cover for the use of thirdparty vehicles (worldwide 366-day cover, including rental vehicles, etc.).",pdf-question:brochure-household-contents-and-private-liability:p6,pdf-document:brochure-household-contents-and-private-liability,,,household,,,,,,,,,,,,,,,,PENDING,LOCKED_HOLDOUT_CANDIDATE,lg-62bb52eee817,English,"data/raw/pdfs/brochure-household-contents-and-private-liability.pdf, physical page 6",,False,
ext-helvetia-fail-003,helvetia_pdf,data/raw/pdfs/buildings-insurance-sti.pdf,buildings-insurance-sti,4,page:4,"According to buildings-insurance-sti.pdf, what provision is stated in the supplied policy context?","defective joints, missing or inadequate checking and maintenance of water pipes) or failure to implement preventive measures; A15 Damage caused by deficient construction techniques, execution and planning errors, and defective materials; A16 Damage caused by atomic structure changes irrespective of the cause; A17 Damage caused by water from reservoirs or other man-made water installations irrespective of the cause; A18 Damage from tremors caused by the collapse of man-made cavities; A19 Damage caused by war events or warlike events, neutrality violations, revolution, rebellion or riots, unless the policyholder can provide evidence that the damage is not related to these events; A20 Damage caused by terrorist activities and counterterrorism measures, unless the policyholder provides evidence that the damage is not related to these events. This exclusion does not apply if the sum insured for the building does not exceed CHF 10 million per building; A21 Costs for replacing locks, for locks which cannot be opened with the keys in question; A22 Damage to land, air and water. B7 Damage caused by the purpose-related or gradual effects of heat or smoke; B8 Damage caused to electrical safety mechanisms such as fuses in the performance of their normal function; B9 Overvoltage damage caused by a defect inside a device, a machine or an installation (so-called operating damage); B10 Damage caused by water hammer, centrifugal and other mechanical forces; B11 Damage caused by earthquake or volcanic eruption, and by civil unrest. Period of validity (duration of liability) F1 The obligation to pay benefits for loss of rental income, loss of earnings and/or additional costs commences upon the occurrence of the insured event and lasts for a maximum period of 24 months. F2 The obligation to pay benefits for standing costs and and/or subsequent increase commences upon the occurrence of the insured event and lasts for a maxi","This exclusion does not apply if the sum insured for the building does not exceed CHF 24 million per building; A21 Costs for replacing locks, for locks which cannot be opened with the keys in question; A22 Damage to land, air and water.",pdf-question:buildings-insurance-sti:p4,pdf-document:buildings-insurance-sti,,,household,,,,,,,,,,,,,,,,PENDING,CALIBRATION,lg-7975497f9d66,English,"data/raw/pdfs/buildings-insurance-sti.pdf, physical page 4",,False,
ext-helvetia-fail-004,helvetia_pdf,data/raw/pdfs/household-contents-private-liability-sti.pdf,household-contents-private-liability-sti,3,page:3,"According to household-contents-private-liability-sti.pdf, what provision is stated in the supplied policy context?","elayed delivery of luggage by a transport company , up to 20 % of the insured sum, not including deduction of an excess; I4 unin tended failure of the cooling mechanism of chest freezers or upright freezers. The insurance covers foodstuffs for private use that are rendered unfit for consumption as a result, not including deduction of an excess. Insured objects I5 Household co ntents, within the scope of the agreed additional insurance, that are located in the insured locations listed in the policy (to the extent covered in the relevant insured locations) and temporarily, for no more than one year, located anywhere in the world outside the residential premises specified in the policy. Sum insured according to policy Sum insured according to policy Sum insured according to policy 20 % of the insured sum as per A1 (household contents), min. CHF 10ʼ000 20 % of the insured sum as per A1 (household contents), min. CHF 10ʼ000 for burglary and robbery. . 20 % of the insured sum as per A1 (household contents), min. CHF 10ʼ000 In case of simple theft out-and-about, the compensation is limited to the amount specified in the policy under “simple theft out-and-about”. Simple theft out-and-about PLUS: If included in your policy , the agreed sum insured is doubled in the case of trips. The sum insured is specified in the policy . Sum insured according to policy Sum insured according to policy Sum insured according to policy CHF 5ʼ000 CHF 5ʼ000 CHF 5ʼ000 Sum insured according to policy Sum insured according to policy, in case of theft without violence CHF 1ʼ000 Sum insured according to policy CHF 2ʼ000 CHF 2ʼ000 CHF 2ʼ000 Household contents insurance The insurance covers Fire Do you want to know how you are insured? The coverage and insured sums of your ins","CHF 11ʼ000 20 % of the insured sum as per A1 (household contents), min.",pdf-question:household-contents-private-liability-sti:p3,pdf-document:household-contents-private-liability-sti,,,household,,,,,,,,,,,,,,,,PENDING,LOCKED_HOLDOUT_CANDIDATE,lg-62bb52eee817,English,"data/raw/pdfs/household-contents-private-liability-sti.pdf, physical page 3",,False,
ext-helvetia-fail-005,helvetia_pdf,data/raw/pdfs/legal-protection-sti.pdf,legal-protection-sti,4,page:4,"According to legal-protection-sti.pdf, what provision is stated in the supplied policy context?","Personal legal protection Traffic legal protection Unless listed separately in the STI, the policy does not cover claims CHF 1’000 B4 The insured person can immediately consult a lawyer for initial advice. If convicted, the insured person must refund these costs. In accordance with the policy In accordance with the policy In accordance with the policy 10% the sum insured specified in the policy B5 In addition, the cost of hiring a specialized service provider to delete Internet content which breaches privacy is paid up to CHF 1,000. 10% the sum insured specified in the policy B6 If legal assistance fails to remedy the matter within 180 days of the claim being reported, the cost of the financial loss incurred as a result of the unauthorized purchase/sale by third parties will be paid up to CHF 1,000. 10% the sum insured specified in the policy; CHF 1,000 if the breach is committed by the insured person No legal protection is granted if the insured person has engaged in domain name grabbing The insurance covers Where Waiting period Base even","Personal legal protection Traffic legal protection Unless listed separately in the STI, the policy does not cover claims CHF 10’000 B4 The insured person can immediately consult a lawyer for initial advice.",pdf-question:legal-protection-sti:p4,pdf-document:legal-protection-sti,,,legal_protection,,,,,,,,,,,,,,,,PENDING,CALIBRATION,lg-384a1a4b0321,English,"data/raw/pdfs/legal-protection-sti.pdf, physical page 4",,False,
ext-helvetia-fail-006,helvetia_pdf,data/raw/pdfs/motor-vehicle-insurance-sti.pdf,motor-vehicle-insurance-sti,2,page:2,"According to motor-vehicle-insurance-sti.pdf, what provision is stated in the supplied policy context?","2/31 | Helvetia Swiss Insurance Company Ltd STI Helvetia Motor Vehicle Insurance – Edition March 2026 Motor Vehicle Our services We are there for you: in emergencies 24 hours a day – all year round In the event of a claim: T +41 58 280 30 00 www.helvetia.ch Business office: see policy For general matters: T +41 58 280 10 00 Note: If the assistance provided by us is considered to be noninsured expenditure, the costs will be borne by the party seeking assistance. The original German wording governs the legal interpretation of your policy.","14/31 | Helvetia Swiss Insurance Company Ltd STI Helvetia Motor Vehicle Insurance – Edition March 2026 Motor Vehicle Our services We are there for you: in emergencies 24 hours a day – all year round In the event of a claim: T +41 58 280 30 00 www.helvetia.ch Business office: see policy For general matters: T +41 58 280 10 00 Note: If the assistance provided by us is considered to be noninsured expenditure, the costs will be borne by the party seeking assistance.",pdf-question:motor-vehicle-insurance-sti:p2,pdf-document:motor-vehicle-insurance-sti,,,motor,,,,,,,,,,,,,,,,PENDING,LOCKED_HOLDOUT_CANDIDATE,lg-62bb52eee817,English,"data/raw/pdfs/motor-vehicle-insurance-sti.pdf, physical page 2",,False,
ext-helvetia-fail-007,helvetia_pdf,data/raw/pdfs/mutual-provisions-pkv.pdf,mutual-provisions-pkv,3,page:3,"According to mutual-provisions-pkv.pdf, what provision is stated in the supplied policy context?","ation. The right of revocation is excluded in the case of group personal insurance, provisional confirmation of cover, agreements with a term of less than one month. 6 Increase and decrease in risk If any circumstance that is material to the assessment of the risk should change during the term of the contract, and if its extent was determined by the parties on concluding the contract, the policyholder is required to give Helvetia immediate notice of such change in writing or any other text form. All risk factors about which Helvetia requests the policyholder to provide information on the application form or otherwise inquires about (e. g. risk questionnaire, risk and operational characteristics, etc.) are deemed material. If the policyholder fails to give such notice, Helvetia shall not be bound by the contract for the period thereafter. If such notice has been given, Helvetia may increase the premium retroactively as of the time the risks increased or terminate the part of the contract affected by the change within 14 days of receiving such notice. The contract expires four weeks after receipt of the notice of termination. The policyholder has the same right of termination if no agreement can be reached regarding the increased premium. In the event of a significant decrease in risk, the policyholder is entitled to terminate the contract or to request a premium reduction subject to four weeks’ notice in writing or any other text form. If Helvetia rejects a premium reduction or if the policyholder is not in agreement with the reduction offered, the latter is entitled, within four weeks of receiving the response, to terminate the contract subject to four weeks’ notice in writing or any other text form. The premium reduction takes effect when Helvetia receives the relevant notice. 7 Conclusion of the contract/ start of insurance cover After the insurance application has been received a","If such notice has been given, Helvetia may increase the premium retroactively as of the time the risks increased or terminate the part of the contract affected by the change within 15 days of receiving such notice.",pdf-question:mutual-provisions-pkv:p3,pdf-document:mutual-provisions-pkv,,,general_insurance,,,,,,,,,,,,,,,,PENDING,CALIBRATION,lg-fb2eac232edc,English,"data/raw/pdfs/mutual-provisions-pkv.pdf, physical page 3",,False,
ext-helvetia-fail-008,helvetia_pdf,data/raw/pdfs/rental-guarantee-insurance-sti.pdf,rental-guarantee-insurance-sti,5,page:5,"According to rental-guarantee-insurance-sti.pdf, what provision is stated in the supplied policy context?"," which it (Helvetia) incurs under its surety obligation. Helvetia is immediately and fully subrogated to the rights of the surety recipient and can, by means of a payment order, demand reimbursement by the tenant resp. policyholder of all amounts paid by it (Helvetia) to the surety recipient in performance of the contract. 2. Where Helvetia has rendered services the tenant resp. policyholder expressly waives the right to file pleas and objections against claims asserted by Helvetia. 7 Bankruptcy of policyholder If bankruptcy proceedings are instituted against the policyholder, the contract remains in force, and the receivers are required to fulfil the contractual obligations. 8 Premiums 1. Helvetia charges 4 % (excl. stamp duty) of the surety sum as premium. Premiums are payable annually in advance on the date specified in the policy. 2. If the policyholders do not comply with their payment obligation, the policyholders will be requested in writing policyholders expense to make payment within 14 days. 3. Contrary to Art. 20 of the Federal Law on Insurance Contracts, if it subsequently becomes necessary to take legal action to collect the outstanding premiums, this does not result in a suspension of the obligation to compensate the surety recipient. If legal action is taken by Helvetia, administrative costs of CHF 100 will be added to the premium owed. 4. Upon premature cancellation or termination of the contract, the premium will be owed only for the time up to the cancellation of the contract, unless cancellation is in the first insurance year. In this instance, the entire premium for the first insurance year is owed. 5. However, the entire premium for the current insurance period is owed if Helvetia makes the surety payment in full. 6. The tenant resp. policyholder is required to pay the premium for as long as the Helvetia private r","If the policyholders do not comply with their payment obligation, the policyholders will be requested in writing policyholders expense to make payment within 100 days.",pdf-question:rental-guarantee-insurance-sti:p5,pdf-document:rental-guarantee-insurance-sti,,,rental_guarantee,,,,,,,,,,,,,,,,PENDING,LOCKED_HOLDOUT_CANDIDATE,lg-62bb52eee817,English,"data/raw/pdfs/rental-guarantee-insurance-sti.pdf, physical page 5",,False,
ext-helvetia-fail-009,helvetia_pdf,data/raw/pdfs/assistance-sti.pdf,assistance-sti,3,page:3,"According to assistance-sti.pdf, what provision is stated in the supplied policy context?","of travel If, as a result of an insured event, the insured person cannot take a trip or enter a rented property or event until after the originally agreed date, then instead of covering the cancellation costs, Helvetia will cover the additional costs incurred in relation to the delayed departure and the costs for the unused part of the stay in proportion to the arrangement price (not including transport costs). The benefits are limited to the amount of the agreed arrangement price. The day of arrival is deemed to be the used arrangement day. B3 Pets If the pet of the insured person cannot be housed with the planned care person prior to the commencement of the trip due to the care person suffering an accident, illness or death, and if the pet needs to be housed in an animal shelter as a result, Helvetia will pay up to CHF 1ʼ000 per event. B4 Entry tickets, unlimited tickets, season tickets If the insured person is unable to use a previously bought entry ticket for an event due to an insured event and if cancellation is not possible free of charge, Helvetia will cover the costs of the ticket up to CHF 1’000. If the insured person is unable to use previously bought and unused unlimited tickets or season tickets due to an insured event and a refund or later usage is not possible, Helvetia will cover the resulting costs of up to CHF 1ʼ000. Territorial validity The insurance is valid throughout the world. The insurance does not cover C1 Failure and delays If the specified check-in times at the airport are not observed and the journey cannot be commenced as a result. Delays for which the insured person is responsible (e.g. mishaps with petrol, misplacing keys). C2 Poor recovery If an illness or the consequences of an accident or operation existed when the journey was booked and the insured person has not yet re covered by the departure date. This does not include chronic ailments, provided the attending physician confirms that the insured person ","B4 Entry tickets, unlimited tickets, season tickets If the insured person is unable to use a previously bought entry ticket for an event due to an insured event and if cancellation is not possible free of charge, Helvetia will cover the costs of the ticket up to CHF 2’000.",pdf-question:assistance-sti:p3,pdf-document:assistance-sti,,,travel_assistance,,,,,,,,,,,,,,,,PENDING,CALIBRATION,lg-0cf33004bcbf,English,"data/raw/pdfs/assistance-sti.pdf, physical page 3",,False,
ext-helvetia-fail-010,helvetia_pdf,data/raw/pdfs/brochure-household-contents-and-private-liability.pdf,brochure-household-contents-and-private-liability,7,page:7,"According to brochure-household-contents-and-private-liability.pdf, what provision is stated in the supplied policy context?","Good to know • Policies can also be taken out without any excess. • Under supplementary policies for teachers, skiing and sports instructors and mountain guides: cover is provided for search, rescue and recovery costs for participants and students. Extended cover for the use of third-party vehicles: worldwide 365-day cover, incl. rental vehicles, car sharing, etc. Household contents and private liability insurance 7/8","Extended cover for the use of third-party vehicles: worldwide 24-day cover, incl.",pdf-question:brochure-household-contents-and-private-liability:p7,pdf-document:brochure-household-contents-and-private-liability,,,household,,,,,,,,,,,,,,,,PENDING,LOCKED_HOLDOUT_CANDIDATE,lg-62bb52eee817,English,"data/raw/pdfs/brochure-household-contents-and-private-liability.pdf, physical page 7",,False,
ext-helvetia-fail-011,helvetia_pdf,data/raw/pdfs/assistance-brochure.pdf,assistance-brochure,2,page:2,"According to assistance-brochure.pdf, what provision is stated in the supplied policy context?",Helvetia Assistance. Entirely according to your needs. Our Assistance insurance consists of four components you can combine individually. Cancellation cost insurance Cancellation cost insurance covers you for unforeseen events occurring before your departure that make it impossible for you to set off on your journey. Assistance for persons Assistance for persons provides insurance to cover you if anything happens while you're travelling. 1 2 2/8 | Helvetia Assistance – product information sheet,Cancellation cost insurance Cancellation cost insurance does not cover you for unforeseen events occurring before your departure that make it impossible for you to set off on your journey.,pdf-question:assistance-brochure:p2,pdf-document:assistance-brochure,,,travel_assistance,,,,,,,,,,,,,,,,PENDING,CALIBRATION,lg-c51dd7a63470,English,"data/raw/pdfs/assistance-brochure.pdf, physical page 2",,False,
ext-helvetia-fail-012,helvetia_pdf,data/raw/pdfs/assistance-sti.pdf,assistance-sti,4,page:4,"According to assistance-sti.pdf, what provision is stated in the supplied policy context?"," deemed to be the used arran gement day. Max. CHF 500 for interpreting and telephone costs. Max. CHF 2ʼ000 per insured person for an unforeseen stay abroad. For the costs of the unused part of the stay in proportion to the arrangement price (not including transport costs). The return day is deemed to be the used arrangement day. For the costs for the unused part of the stay in proporti on to the arran gement price (not including transport costs). The return day is deemed to be the used arran gement day. Max. CHF 500 for interpreting and telephone costs. Max. CHF 2ʼ000 per insured person for an unforeseen stay abroad. For the costs of the unused part of the stay in proportion to the arrangement price (not including transport costs). The return day is deemed to be the used arrangement day. Max. CHF 500 for interpreting and telephone costs. The insurance covers Do you want to know how you are insured? Your insurance coverage is listed in your policy as you requested and applies solely to private individuals. E1 Call-back and transport costs D1 Illness, accident or death of an insured person If, after the trip commences, an insured person becomes ill, suffers from pregnancy related problems, is injured, dies, or suffers a medically certified deterioration of a chronic disorder The costs required for transport to the nearest suitable physi cian or hospital. If the trip or holiday cannot be continued after wards, we will cover the additional transport costs required for direct return to the permanent residence. If continuation is possible, additional transport costs up to a maximum of CHF 2ʼ000 will be paid per insured person; Return transport to a hospital at the place of residence or to the permanent residence will be paid by Helvetia ",The insurance does not cover Do you want to know how you are insured?,pdf-question:assistance-sti:p4,pdf-document:assistance-sti,,,travel_assistance,,,,,,,,,,,,,,,,PENDING,CALIBRATION,lg-0cf33004bcbf,English,"data/raw/pdfs/assistance-sti.pdf, physical page 4",,False,
ext-helvetia-fail-013,helvetia_pdf,data/raw/pdfs/brochure-household-contents-and-private-liability.pdf,brochure-household-contents-and-private-liability,6,page:6,"According to brochure-household-contents-and-private-liability.pdf, what provision is stated in the supplied policy context?","nsured capacities • Tenant, leaseholder • Owner, co-owner, condominium owner • Head of family, carer responsible for day-care children, foster children and children on holiday • Animal owner • Person responsible for property taken over, entrusted in safekeeping or rented • Athlete, marksman • Users of third-party vehicles • Users of bicycles and e-bikes with a pedal assistance up to 25 km/h • Person responsible for holding the keys to a business Geographical scope of the policy • Worldwide insurance cover Extend your cover • Extended cover for the use of thirdparty vehicles (worldwide 365-day cover, including rental vehicles, etc.). • Cover for losses resulting from Internet use (cyber risks) • Teachers at private and public schools • Skiing and sports instructors, mountain guides • Hunters • Tenants and borrowers of third-party horses • Owners and users of model aircraft and drones up to 25 kg which are not subject to authorization Private liability insurance covers claims for damages in the event of damage to third-party property or personal injury. Household contents and private liability insurance 6/8",Owners and users of model aircraft and drones up to 25 kg which are not subject to authorization Private liability insurance does not cover claims for damages in the event of damage to third-party property or personal injury.,pdf-question:brochure-household-contents-and-private-liability:p6,pdf-document:brochure-household-contents-and-private-liability,,,household,,,,,,,,,,,,,,,,PENDING,LOCKED_HOLDOUT_CANDIDATE,lg-62bb52eee817,English,"data/raw/pdfs/brochure-household-contents-and-private-liability.pdf, physical page 6",,False,
ext-helvetia-fail-014,helvetia_pdf,data/raw/pdfs/buildings-insurance-sti.pdf,buildings-insurance-sti,3,page:3,"According to buildings-insurance-sti.pdf, what provision is stated in the supplied policy context?","ave been caused by: D1 Theft or attempted theft. Destruction, damage or loss as a result of: E1 Leakage of liquids and gas: a) from pipelines or connected instal lations or apparatus; b) from decorative fountains, aquaria waterbeds, pools, liquids from humidifiers; c) and the resultant loss of liquids or gas; E2 Water condensation from cooling equipment and devices; E3 Penetration of rain and melting snow into the building through the roof, from roof gutters or from outdoor drain pipes, through closed windows, doors and skylights; E4 Backpressure from sewage ducts as well as underground slope water, ground water, rock water and seepage water inside the building; E5 Pipelines frozen or damaged by frost, tanks and containers serving the insured company and/or the insured buildings as well as adjacent installations, apparatus and machinery. Costs for the thawing of frozen pipelines are covered; E6 Fungal or pest infestation of any kind if proven to have been caused by insured water damage, if reported to Helvetia immediately, and provided that the construction has not been modified or extended in any way in the meantime. Sum insured according to policy Sum insured according to policy money assets from coin-operated vending machines CHF 500 Sum insured according to policy Insured if specified in the policy Sum insured according to policy Sum insured according to policy Sum insured according to policy Insured if specified in the policy CHF 2ʼ000 Sum insured according to policy Sum insured according to policy Sum insured according to policy CHF 5ʼ000 CHF 5ʼ000 CHF 5ʼ000 CHF 5ʼ000 CHF 5ʼ000 CHF 5ʼ000 Sum insured according to policy Sum insured according to policy CHF 1ʼ000 for theft without use of force Sum insured according to policy CHF 5ʼ000 CHF 5ʼ000 CHF 5ʼ000 Sum insured according to policy Sum insured according to policy Sum insured according to policy Sum insured according to policy Sum insured according to policy Sum insured according to policy Sum i","Costs for the thawing of frozen pipelines are not covered; E6 Fungal or pest infestation of any kind if proven to have been caused by insured water damage, if reported to Helvetia immediately, and provided that the construction has not been modified or extended in any way in the meantime.",pdf-question:buildings-insurance-sti:p3,pdf-document:buildings-insurance-sti,,,general_insurance,,,,,,,,,,,,,,,,PENDING,CALIBRATION,lg-7975497f9d66,English,"data/raw/pdfs/buildings-insurance-sti.pdf, physical page 3",,False,
ext-helvetia-fail-015,helvetia_pdf,data/raw/pdfs/household-contents-private-liability-sti.pdf,household-contents-private-liability-sti,3,page:3,"According to household-contents-private-liability-sti.pdf, what provision is stated in the supplied policy context?"," a result of E1 leakage of liq uids and gas: a) from pipelines or connected installations or apparatus; b) from decorative fountains, aquaria waterbeds, pools, liquids from humidifiers; c) and resulting od our absorption as well as loss of liquids or gases; E2 water conden sation which has escaped from refrigeration systems or appliances; E3 penetration of rain and melting snow into the building through the roof, from roof gutters or from outdoor drain pipes, through closed windows, doors and skylights; E4 backpressure from sewage ducts as well as underground slope water, ground water, rock water and seepage water inside the building; E5 frozen or frost-damaged pipelines, tanks, containers and equipment, instruments and systems connected to them and located in the building interior which have been installed by the policyholder as tenant. Costs for thawing frozen pipes are covered; E6 fungal or pest infestation of any kind if proven to have been caused by insured water damage, if reported to Helvetia immediately , and provided that the construction has not been modified or extended in any way in the meantime. Insured risks I1 unforeseen an d sudden damages by external factors or loss; I2 sudden and unforeseen losses during transport by a transport company or loss as a result of an accident to the transportation; I3 necessary procurements as a result of delayed delivery of luggage by a transport company , up to 20 % of the insured sum, not including deduction of an excess; I4 unin tended failure of the cooling mechanism of chest freezers or upright freezers. The insurance covers foodstuffs for private use that are rendered unfit for consumption as a result, not including deduction of an excess. Insured objects I5 Household co ntents, within the scope of the agreed additional insurance, that are located in the insured locations listed in the policy (to the extent covered in the relevant insured locations) and temporarily, for no more than one y","Costs for thawing frozen pipes are not covered; E6 fungal or pest infestation of any kind if proven to have been caused by insured water damage, if reported to Helvetia immediately , and provided that the construction has not been modified or extended in any way in the meantime.",pdf-question:household-contents-private-liability-sti:p3,pdf-document:household-contents-private-liability-sti,,,household,,,,,,,,,,,,,,,,PENDING,LOCKED_HOLDOUT_CANDIDATE,lg-62bb52eee817,English,"data/raw/pdfs/household-contents-private-liability-sti.pdf, physical page 3",,False,
ext-helvetia-fail-016,helvetia_pdf,data/raw/pdfs/legal-protection-sti.pdf,legal-protection-sti,3,page:3,"According to legal-protection-sti.pdf, what provision is stated in the supplied policy context?","g and betting; g) aircraft, to the extent that official qualifications are required to pilot them; h) motor vehicles and watercraft; i) administrative procedures (e.g. education authorities, social services); j) breaches of the insured person’s privacy which are recognizable to third parties; k) family law, cohabitation, inheritance law. However, in the above cases the legal consulting in the services product pursuant to Art. A7 applies. In accordance with the policy The insurance does not cover the defence of the insured person against claims for damages or the enforcement of pure financial losses (in the absence of associated bodily injury or property damage). In accordance with the policy If the insured person is investigated for a premeditated offence, costs will only be covered in the event of an acquittal or if the case is dropped. Legal protection insurance The insurance covers Where Waiting period Base event Do you want to know how you are insured? The scope of benefits and sums insured are listed in your policy in accordance with your wishes. Where a single incident gives rise to multiple legal disputes, those disputes will be treated as a single legal protection claim or a single case. The explanation of terms must be used additionally to determine the insurance coverage. Switzerland and the Principality of Liechtenstein Countries of the European Union and the EFTA All other countries A1 Basic insurance A1.1 The policy covers any legal disputes in which the insured persons may be involved as private individuals in their everyday private lives. Benefits for legal disputes as a pedestrian, cyclist or scooter rider, inline skater and similar, or a passenger of any kind of transport, contractual party, consumer of goods and services, patient, Internet user A1.1.1 Assertion of non-con",Legal protection insurance The insurance does not cover Where Waiting period Base event Do you want to know how you are insured?,pdf-question:legal-protection-sti:p3,pdf-document:legal-protection-sti,,,legal_protection,,,,,,,,,,,,,,,,PENDING,CALIBRATION,lg-384a1a4b0321,English,"data/raw/pdfs/legal-protection-sti.pdf, physical page 3",,False,
ext-helvetia-fail-017,helvetia_pdf,data/raw/pdfs/motor-vehicle-insurance-sti.pdf,motor-vehicle-insurance-sti,4,page:4,"According to motor-vehicle-insurance-sti.pdf, what provision is stated in the supplied policy context?","ch of the duty to notify. If the contract is terminated in this manner, the obligation to pay benefits also ceases for any loss already suffered if the occurrence or scope of such loss was influenced by the incorrectly or incompletely disclosed risk. If benefits have already been paid for such losses, repayment may be demanded. 5 Right of revocation The policyholder may revoke, in writing or any other text form, their application to conclude the contract or their declaration of acceptance of such contract. The period of cancellation is 14 days and commences as soon as the policyholder has applied for or accepted the contract. This period is considered to have been met if the policyholder has notified Helvetia of the revocation or submitted their notice of revocation to the postal service on or by the last day of the period of revocation. The right of revocation is excluded in the case of group personal insurance, provisional confirmation of cover, agreements with a term of less than one month. An annual premium / single premium will remain due if an injured third party can credibly make claims against Helvetia. 6 Increase and decrease in risk If any circumstance that is material to the assessment of the risk should change during the term of the contract, and if its extent was determined by the parties on concluding the contract, the policy - holder is required to give Helvetia immediate notice of such change in writing or any other text form. All risk factors about which Helvetia requests the policyholder to provide information on the application form or otherwise inquires about (e. g. risk questionnaire, risk and operational characteristics, etc.) are deemed material. If the policyholder fails to give such notice, Helvetia shall not be bound by the contract for the period thereafter. If such notice has been given, Helvetia ma","The right of revocation is included in the case of group personal insurance, provisional confirmation of cover, agreements with a term of less than one month.",pdf-question:motor-vehicle-insurance-sti:p4,pdf-document:motor-vehicle-insurance-sti,,,motor,,,,,,,,,,,,,,,,PENDING,LOCKED_HOLDOUT_CANDIDATE,lg-62bb52eee817,English,"data/raw/pdfs/motor-vehicle-insurance-sti.pdf, physical page 4",,False,
ext-helvetia-fail-018,helvetia_pdf,data/raw/pdfs/mutual-provisions-pkv.pdf,mutual-provisions-pkv,3,page:3,"According to mutual-provisions-pkv.pdf, what provision is stated in the supplied policy context?","he duty to notify. If the contract is cancelled by such a termination, Helvetiaʼs obligation to pay benefits for any damage already suffered, as far as the occurrence or extent of which was affected by the incomplete or wrong answer, will also lapse. If benefits have already been paid for such losses, repayment may be demanded. 5 Right of revocation The policyholder may revoke, in writing or any other text form, their application to conclude the contract or their declaration of acceptance of such contract. The period of cancellation is 14 days and commences as soon as the policyholder has applied for or accepted the contract. This period is considered to have been met if the policyholder has notified Helvetia of the revocation or submitted their notice of revocation to the postal service on or by the last day of the period of revocation. The right of revocation is excluded in the case of group personal insurance, provisional confirmation of cover, agreements with a term of less than one month. 6 Increase and decrease in risk If any circumstance that is material to the assessment of the risk should change during the term of the contract, and if its extent was determined by the parties on concluding the contract, the policyholder is required to give Helvetia immediate notice of such change in writing or any other text form. All risk factors about which Helvetia requests the policyholder to provide information on the application form or otherwise inquires about (e. g. risk questionnaire, risk and operational characteristics, etc.) are deemed material. If the policyholder fails to give such notice, Helvetia shall not be bound by the contract for the period thereafter. If such notice has been given, Helvetia may increase the premium retroactively as of the time the risks increased or terminate the part of the contract affected by t","The right of revocation is included in the case of group personal insurance, provisional confirmation of cover, agreements with a term of less than one month.",pdf-question:mutual-provisions-pkv:p3,pdf-document:mutual-provisions-pkv,,,general_insurance,,,,,,,,,,,,,,,,PENDING,CALIBRATION,lg-fb2eac232edc,English,"data/raw/pdfs/mutual-provisions-pkv.pdf, physical page 3",,False,
ext-helvetia-fail-019,helvetia_pdf,data/raw/pdfs/rental-guarantee-insurance-sti.pdf,rental-guarantee-insurance-sti,3,page:3,"According to rental-guarantee-insurance-sti.pdf, what provision is stated in the supplied policy context?","h of the duty to notify. If the contract is termi nated in this manner, the obligation to pay benefits also ceases for any loss already suffered if the occurrence or scope of such loss was influenced by the incorrectly or incompletely disclosed risk. If benefits have already been paid for such losses, repayment may be demanded. 5 Right of revocation The policyholder may revoke, in writing or any other text form, their application to conclude the contract or their declaration of acceptance of such contract. The period of cancellation is 14 days and commences as soon as the policyholder has applied for or accepted the contract. This period is considered to have been met if the policyholder has notified Helvetia of the revocation or submitted their notice of revocation to the postal service on or by the last day of the period of revocation. The right of revocation is excluded in the case of group personal insurance, provisional confirmation of cover, agreements with a term of less than one month. 6 Conclusion of the contract / start of insurance coverage After the insurance application has been received by the Helvetia head office in St. Gallen, Helvetia will notify the policyholder as soon as possible whether it accepts the application. As soon as the policyholder has received notice of acceptance, the insurance is deemed concluded. The policyholder shall be provided with his policy as proof of the conclusion of the insurance. Insurance cover starts on the commencement date given in the policy, unless a confirmation of cover in text form was issued for an earlier date. 7 Term of insurance and termination of insurance contract The first insurance year begins at the start of the contract and lasts until the due date of the next annual premium specified in the policy. The contract is extended by one year at a time. The contract can","The right of revocation is included in the case of group personal insurance, provisional confirmation of cover, agreements with a term of less than one month.",pdf-question:rental-guarantee-insurance-sti:p3,pdf-document:rental-guarantee-insurance-sti,,,rental_guarantee,,,,,,,,,,,,,,,,PENDING,LOCKED_HOLDOUT_CANDIDATE,lg-62bb52eee817,English,"data/raw/pdfs/rental-guarantee-insurance-sti.pdf, physical page 3",,False,
ext-helvetia-fail-020,helvetia_pdf,data/raw/pdfs/assistance-brochure.pdf,assistance-brochure,4,page:4,"According to assistance-brochure.pdf, what provision is stated in the supplied policy context?","Cancellation cost insurance and Assistance for persons. Cancellation cost insurance covers you for unforeseen events occurring before your departure that make it impossible for you to set off on your journey. Assistance for persons provides insurance to cover you if anything happens while you're travelling. Insured events • Illness, accident or death • Loss of employment • Breakdown/delay of public transport • Breakdown of the vehicle or taxi you are travelling in • Damage to your property at home • Incidents occurring en route to or after arrival at your destination (e.g. strikes, terrorism, volcanic eruption or other natural events) • Grounding, strike or bankruptcy of your airline or tour operator Insured benefits We will cover the cost if you have to cancel, abort or extend your trip. Pre-departure benefits • Cancellation costs, incl. administration fees • Additional travel expenses in the event of delayed departure • Additional expenses Benefits while travelling • Call-back and transport costs • Refundable cost advance while abroad • Add",Cancellation cost insurance does not cover you for unforeseen events occurring before your departure that make it impossible for you to set off on your journey.,pdf-question:assistance-brochure:p4,pdf-document:assistance-brochure,,,travel_assistance,,,,,,,,,,,,,,,,PENDING,CALIBRATION,lg-c51dd7a63470,English,"data/raw/pdfs/assistance-brochure.pdf, physical page 4",,False,
ext-helvetia-fail-021,helvetia_pdf,data/raw/pdfs/assistance-sti.pdf,assistance-sti,4,page:4,"According to assistance-sti.pdf, what provision is stated in the supplied policy context?"," is injured or dies after the trip commences and the presence of the accompanying person is required at home. The costs required to accompany the accompanying person to the nearest suitable hospital; Additional costs incurred for the direct return trip if the insured person wishes to return to their place of residence; If continuation of the previously commenced trip or holiday is possible afterwards, additional transport costs up to a maxi mum of CHF 1ʼ000 will be paid per insured person; D4 Failure or delay If continuation of the journey in line with the original itinerary cannot be guaranteed due to one of the following events: a) failure or delay of public transport o r means of transportation; b) the vehicle or taxi used for transportation cannot be driven (is unroadwort hy) due to breakdown, accident, theft, fire or natural forces. The benefits will only be provided if the scheduled delay exceeds one hour as a result of an insured event. Benefits will only be provided for missed connections if there are more than three hours between the scheduled arrival and departure times. Additional transport costs up to a maximum of CHF 2ʼ000 per insured person. Personal assistance","The benefits will only be provided if the scheduled delay exceeds one hour as a result of an insured event. [assistance-sti.pdf, page 5]",pdf-question:assistance-sti:p4,pdf-document:assistance-sti,,,travel_assistance,,,,,,,,,,,,,,,,PENDING,CALIBRATION,lg-0cf33004bcbf,English,"data/raw/pdfs/assistance-sti.pdf, physical page 4",,False,
ext-helvetia-fail-022,helvetia_pdf,data/raw/pdfs/brochure-household-contents-and-private-liability.pdf,brochure-household-contents-and-private-liability,2,page:2,"According to brochure-household-contents-and-private-liability.pdf, what provision is stated in the supplied policy context?",There are dangers lurking in the digital world too. Imagine you order something online and the wrong goods are delivered or your order never even turns up. Protect yourself with cyber insurance. Household contents insurance All-round protection for your personal possessions Household contents and private liability insurance 2/8,"Household contents insurance All-round protection for your personal possessions Household contents and private liability insurance 2/8 [brochure-household-contents-and-private-liability.pdf, page 3]",pdf-question:brochure-household-contents-and-private-liability:p2,pdf-document:brochure-household-contents-and-private-liability,,,household,,,,,,,,,,,,,,,,PENDING,LOCKED_HOLDOUT_CANDIDATE,lg-62bb52eee817,English,"data/raw/pdfs/brochure-household-contents-and-private-liability.pdf, physical page 2",,False,
ext-helvetia-fail-023,helvetia_pdf,data/raw/pdfs/brochure-services.pdf,brochure-services,2,page:2,"According to brochure-services.pdf, what provision is stated in the supplied policy context?","Your satisfaction is Helvetia's top priority. We support you with a range of round-the-clock services – in emergencies 24 hours a day, 365 days a year. As a Swiss insurance company we stand for quality, friendliness and service. We do everything we can to make unpleasant situ - ations as comfortable as possible for you. Scope of insurance cover The service product provides you with the following benefits: • 24/7 assistance • 48h claims payment Helvetia services. In simple language. Helvetia customer portal Your policies at a glance. helvetia.ch/kundenportal “Helvetia guarantees claims payment within 48h following a successful claims review.” 2/4 | Helvetia services – product information sheet","As a Swiss insurance company we stand for quality, friendliness and service. [brochure-services.pdf, page 3]",pdf-question:brochure-services:p2,pdf-document:brochure-services,,,general_insurance,,,,,,,,,,,,,,,,PENDING,LOCKED_HOLDOUT_CANDIDATE,lg-62bb52eee817,English,"data/raw/pdfs/brochure-services.pdf, physical page 2",,False,
ext-helvetia-fail-024,helvetia_pdf,data/raw/pdfs/buildings-insurance-sti.pdf,buildings-insurance-sti,2,page:2,"According to buildings-insurance-sti.pdf, what provision is stated in the supplied policy context?",3/28 | Helvetia Swiss Insurance Company Ltd STI Helvetia Buildings Insurance – September 2022 edition Building property insurance 4 Fire 4 Natural forces 5 Theft 5 Liquids and gas 5 Glass breakage 8 Earthquake and volcanic eruption 9 all risks 10 Ownerʼs liability insurance 16 Bodily injury 17 Property damage 17 Purely financial loss 17 Building legal protection insurance 22 Building legal protection insurance 23 Definition of terms 24 The original German wording governs the legal interpretation of your policy. Table of contents,"3/28 | Helvetia Swiss Insurance Company Ltd STI Helvetia Buildings Insurance – September 2022 edition Building property insurance 4 Fire 4 Natural forces 5 Theft 5 Liquids and gas 5 Glass breakage 8 Earthquake and volcanic eruption 9 all risks 10 Ownerʼs liability insurance 16 Bodily injury 17 Property damage 17 Purely financial loss 17 Building legal protection insurance 22 Building legal protection insurance 23 Definition of terms 24 The original German wording governs the legal interpretation of your policy. [buildings-insurance-sti.pdf, page 3]",pdf-question:buildings-insurance-sti:p2,pdf-document:buildings-insurance-sti,,,household,,,,,,,,,,,,,,,,PENDING,CALIBRATION,lg-7975497f9d66,English,"data/raw/pdfs/buildings-insurance-sti.pdf, physical page 2",,False,
ext-helvetia-fail-025,helvetia_pdf,data/raw/pdfs/household-contents-private-liability-sti.pdf,household-contents-private-liability-sti,1,page:1,"According to household-contents-private-liability-sti.pdf, what provision is stated in the supplied policy context?",Standard Terms of Insurance (STI) Helvetia private customers insurance Household contents and private liability September 2025 edition,"Standard Terms of Insurance (STI) Helvetia private customers insurance Household contents and private liability September 2025 edition [household-contents-private-liability-sti.pdf, page 2]",pdf-question:household-contents-private-liability-sti:p1,pdf-document:household-contents-private-liability-sti,,,household,,,,,,,,,,,,,,,,PENDING,LOCKED_HOLDOUT_CANDIDATE,lg-62bb52eee817,English,"data/raw/pdfs/household-contents-private-liability-sti.pdf, physical page 1",,False,
ext-helvetia-fail-026,helvetia_pdf,data/raw/pdfs/legal-protection-sti.pdf,legal-protection-sti,2,page:2,"According to legal-protection-sti.pdf, what provision is stated in the supplied policy context?","Legal protection insurance 4 Basic insurance 4 Supplementary traffic insurance 8 Supplementary work insurance 8 Supplementary rent insurance 8 Supplementary owner-occupied residential property insurance 10 Supplementary non-owner-occupied residential property insurance 10 Legal consulting 12 Duration of application 12 Explanation of terms 14 Table of contents The original German wording governs the legal interpretation of this policy. 3/16 | Helvetia Swiss Insurance Company Ltd. STI Helvetia private customers insurance, Legal protection – September 2021 edition","Legal protection insurance 4 Basic insurance 4 Supplementary traffic insurance 8 Supplementary work insurance 8 Supplementary rent insurance 8 Supplementary owner-occupied residential property insurance 10 Supplementary non-owner-occupied residential property insurance 10 Legal consulting 12 Duration of application 12 Explanation of terms 14 Table of contents The original German wording governs the legal interpretation of this policy. [legal-protection-sti.pdf, page 3]",pdf-question:legal-protection-sti:p2,pdf-document:legal-protection-sti,,,household,,,,,,,,,,,,,,,,PENDING,CALIBRATION,lg-384a1a4b0321,English,"data/raw/pdfs/legal-protection-sti.pdf, physical page 2",,False,
ext-helvetia-fail-027,helvetia_pdf,data/raw/pdfs/motor-vehicle-insurance-product-sheet.pdf,motor-vehicle-insurance-product-sheet,2,page:2,"According to motor-vehicle-insurance-product-sheet.pdf, what provision is stated in the supplied policy context?",Liability insurance. Inattentiveness on the road can easily occur. Helvetia’s liability insurance protects you against unexpected financial burdens arising from an accident you cause. Scope of insurance • Cover for property damage and personal injury caused by you • Defence against unjustified claims Insured persons • Owner and driver of the insured vehicle Insured benefits • Damage to or destruction of third-party property • Injury or death of persons and animals Helvetia customer portal Your insurance at a glance. helvetia.ch/customer-portal 2/8 | Helvetia car insurance,"Helvetia’s liability insurance protects you against unexpected financial burdens arising from an accident you cause. [motor-vehicle-insurance-product-sheet.pdf, page 3]",pdf-question:motor-vehicle-insurance-product-sheet:p2,pdf-document:motor-vehicle-insurance-product-sheet,,,motor,,,,,,,,,,,,,,,,PENDING,VALIDATION,lg-15b51ba77470,English,"data/raw/pdfs/motor-vehicle-insurance-product-sheet.pdf, physical page 2",,False,
ext-helvetia-fail-028,helvetia_pdf,data/raw/pdfs/motor-vehicle-insurance-sti.pdf,motor-vehicle-insurance-sti,2,page:2,"According to motor-vehicle-insurance-sti.pdf, what provision is stated in the supplied policy context?","2/31 | Helvetia Swiss Insurance Company Ltd STI Helvetia Motor Vehicle Insurance – Edition March 2026 Motor Vehicle Our services We are there for you: in emergencies 24 hours a day – all year round In the event of a claim: T +41 58 280 30 00 www.helvetia.ch Business office: see policy For general matters: T +41 58 280 10 00 Note: If the assistance provided by us is considered to be noninsured expenditure, the costs will be borne by the party seeking assistance. The original German wording governs the legal interpretation of your policy.","2/31 | Helvetia Swiss Insurance Company Ltd STI Helvetia Motor Vehicle Insurance – Edition March 2026 Motor Vehicle Our services We are there for you: in emergencies 24 hours a day – all year round In the event of a claim: T +41 58 280 30 00 www.helvetia.ch Business office: see policy For general matters: T +41 58 280 10 00 Note: If the assistance provided by us is considered to be noninsured expenditure, the costs will be borne by the party seeking assistance. [motor-vehicle-insurance-sti.pdf, page 3]",pdf-question:motor-vehicle-insurance-sti:p2,pdf-document:motor-vehicle-insurance-sti,,,motor,,,,,,,,,,,,,,,,PENDING,LOCKED_HOLDOUT_CANDIDATE,lg-62bb52eee817,English,"data/raw/pdfs/motor-vehicle-insurance-sti.pdf, physical page 2",,False,
ext-helvetia-fail-029,helvetia_pdf,data/raw/pdfs/mutual-provisions-pkv.pdf,mutual-provisions-pkv,2,page:2,"According to mutual-provisions-pkv.pdf, what provision is stated in the supplied policy context?","Customer information 3 Other contractual provisions 5 General 5 Obligations during the contract term 7 Obligations in the event of a claim 8 Benefits in the event of a claim 9 Reductions in compensation 15 Sanctions 16 Recourse against an insured person 16 Legal venue 16 Table of contents Dear customer Thank you for your interest in Helvetiaʼs private customers insurance. We place great value in ensuring that you can quickly and dependably obtain information about your insurance contract. This is why the Standard Terms of Insurance (STIs) are structured like a reference document. In addition to a table of contents, they also contain customer information and other contractual provisions. To make the contractual documents easier to read, the male form of any gender-specific terminology is used, but of course, these terms also apply to female persons and legal entities. Your insurance contract comprises the text in your policy, the Standard Terms of Insurance and the mutual provisions that apply. Anything that is not explicitly mentioned is governed by the law. The main relevant laws are the provisions of the Swiss Civil Code (CC), the Code of Obligations (CO), the Federal Law on Insurance Contracts (LIC), t","Customer information 3 Other contractual provisions 5 General 5 Obligations during the contract term 7 Obligations in the event of a claim 8 Benefits in the event of a claim 9 Reductions in compensation 15 Sanctions 16 Recourse against an insured person 16 Legal venue 16 Table of contents Dear customer Thank you for your interest in Helvetiaʼs private customers insurance. [mutual-provisions-pkv.pdf, page 3]",pdf-question:mutual-provisions-pkv:p2,pdf-document:mutual-provisions-pkv,,,household,,,,,,,,,,,,,,,,PENDING,CALIBRATION,lg-fb2eac232edc,English,"data/raw/pdfs/mutual-provisions-pkv.pdf, physical page 2",,False,
ext-helvetia-fail-030,helvetia_pdf,data/raw/pdfs/rental-guarantee-insurance-sti.pdf,rental-guarantee-insurance-sti,3,page:3,"According to rental-guarantee-insurance-sti.pdf, what provision is stated in the supplied policy context?","3/7 | Helvetia Swiss Insurance Company Ltd STI Helvetia private rental guarantee insurance – September 2025 edition 1 Contracting party Your contracting party is: Helvetia Swiss Insurance Company Ltd Dufourstrasse 40 9001 St. Gallen In the course of concluding and executing the contract, Helvetia Swiss Insurance Company Ltd is entitled to act on behalf of the other contracting parties (e. g. concluding and terminating contracts, collecting debts, demanding refunds). 2 Applicable law, basis of the contract This contract is governed by Swiss law. The contractual basis comprises the application, the customer information, the Standard Terms of Insurance and, further special conditions or supplemen - tary provisions, and also the policy. The Swiss Federal Law on Insurance Contracts also applies. If the policyholder’s place of residence/registered office is the Principality of Liechtenstein, the law of Liechtenstein applies together with the provisions of the Liechtenstein Insurance Policies Act (Versicherungsvertragsgesetz, VersVG). 3 Insurance against loss or fix","3/7 | Helvetia Swiss Insurance Company Ltd STI Helvetia private rental guarantee insurance – September 2025 edition 1 Contracting party Your contracting party is: Helvetia Swiss Insurance Company Ltd Dufourstrasse 40 9001 St. [rental-guarantee-insurance-sti.pdf, page 4]",pdf-question:rental-guarantee-insurance-sti:p3,pdf-document:rental-guarantee-insurance-sti,,,rental_guarantee,,,,,,,,,,,,,,,,PENDING,LOCKED_HOLDOUT_CANDIDATE,lg-62bb52eee817,English,"data/raw/pdfs/rental-guarantee-insurance-sti.pdf, physical page 3",,False,
ext-helvetia-fail-031,helvetia_pdf,data/raw/pdfs/assistance-sti.pdf,assistance-sti,7,page:7,"According to assistance-sti.pdf, what provision is stated in the supplied policy context?","s G2 Loss of vehicle use as a result of collisi on, unroadworthiness, snow accident, glass breakage, collision with animals, deliberate damage, theft or damage to the vehicle caused by fire or natural forces. In the case of rental cars, the insured events listed under H15 apply. Insured benefits The insurance covers the following benefits. For each event, the combined benefits are limited to the insured sum agreed in the policy and are payable only once. These benefits cannot be combined with the benefits from personal assistance or cancellation costs. H1 Breakdown assistance Costs for breakdown assistance, including spare parts for restoring the vehicleʼs function at the break down location. Spare parts are deemed to be only those parts ordinarily transported by breakdown assistance vehicles (fuel and vehicle batteries are not insured). H2 Towing services If the vehicleʼs function cannot be restored at the breakdown location, the costs for towing and trans porting the vehicle to the nearest suitable vehicle repair shop for the work in question or to a location suitable for storage are covered. H3 Vehicle recovery If the vehicle is unroadworthy, the costs for recovering the vehicle are insured. H4 Search, rescue and recovery costs Search, rescue and recovery costs are paid for the insured person. H5 Return costs For the return of the unfit-for-driving vehicle to the original garage of the vehicle owner, if the vehicle cannot be repaired within 24 hours (Switzerland and the Principality of Liechtenstein) or, on the basis of an experts’ opinion or professional assessment, within five days (abroad), and if the repair and repatria tion costs are below the current value of the vehicle. If the costs of returning the insured vehicle from abroad exceed the present value of the insured vehicle,the costs will be covered for up to the maximum of the present market value after the insured event ifthe return service has been commissioned by","H2 Towing services If the vehicleʼs function cannot be restored at the breakdown location, the costs for towing and trans porting the vehicle to the nearest suitable vehicle repair shop for the work in question or to a location suitable for storage are covered. Scope of the insurance cover Household contents includes all movables (such as clothes, furniture, consumer electronics, pets, etc.) required for living and recreation.",pdf-question:assistance-sti:p7,pdf-document:assistance-sti,,,motor,,,,,,,,,,,,,,,,PENDING,CALIBRATION,lg-0cf33004bcbf,English,"data/raw/pdfs/assistance-sti.pdf, physical page 7",,False,
ext-helvetia-fail-032,helvetia_pdf,data/raw/pdfs/brochure-household-contents-and-private-liability.pdf,brochure-household-contents-and-private-liability,2,page:2,"According to brochure-household-contents-and-private-liability.pdf, what provision is stated in the supplied policy context?",There are dangers lurking in the digital world too. Imagine you order something online and the wrong goods are delivered or your order never even turns up. Protect yourself with cyber insurance. Household contents insurance All-round protection for your personal possessions Household contents and private liability insurance 2/8,"Household contents insurance All-round protection for your personal possessions Household contents and private liability insurance 2/8 H3 Vehicle recovery If the vehicle is unroadworthy, the costs for recovering the vehicle are insured.",pdf-question:brochure-household-contents-and-private-liability:p2,pdf-document:brochure-household-contents-and-private-liability,,,household,,,,,,,,,,,,,,,,PENDING,LOCKED_HOLDOUT_CANDIDATE,lg-62bb52eee817,English,"data/raw/pdfs/brochure-household-contents-and-private-liability.pdf, physical page 2",,False,
ext-helvetia-fail-033,helvetia_pdf,data/raw/pdfs/brochure-services.pdf,brochure-services,2,page:2,"According to brochure-services.pdf, what provision is stated in the supplied policy context?","Your satisfaction is Helvetia's top priority. We support you with a range of round-the-clock services – in emergencies 24 hours a day, 365 days a year. As a Swiss insurance company we stand for quality, friendliness and service. We do everything we can to make unpleasant situ - ations as comfortable as possible for you. Scope of insurance cover The service product provides you with the following benefits: • 24/7 assistance • 48h claims payment Helvetia services. In simple language. Helvetia customer portal Your policies at a glance. helvetia.ch/kundenportal “Helvetia guarantees claims payment within 48h following a successful claims review.” 2/4 | Helvetia services – product information sheet","As a Swiss insurance company we stand for quality, friendliness and service. H3 Vehicle recovery If the vehicle is unroadworthy, the costs for recovering the vehicle are insured.",pdf-question:brochure-services:p2,pdf-document:brochure-services,,,general_insurance,,,,,,,,,,,,,,,,PENDING,LOCKED_HOLDOUT_CANDIDATE,lg-62bb52eee817,English,"data/raw/pdfs/brochure-services.pdf, physical page 2",,False,
ext-helvetia-fail-034,helvetia_pdf,data/raw/pdfs/buildings-insurance-sti.pdf,buildings-insurance-sti,2,page:2,"According to buildings-insurance-sti.pdf, what provision is stated in the supplied policy context?",3/28 | Helvetia Swiss Insurance Company Ltd STI Helvetia Buildings Insurance – September 2022 edition Building property insurance 4 Fire 4 Natural forces 5 Theft 5 Liquids and gas 5 Glass breakage 8 Earthquake and volcanic eruption 9 all risks 10 Ownerʼs liability insurance 16 Bodily injury 17 Property damage 17 Purely financial loss 17 Building legal protection insurance 22 Building legal protection insurance 23 Definition of terms 24 The original German wording governs the legal interpretation of your policy. Table of contents,"3/28 | Helvetia Swiss Insurance Company Ltd STI Helvetia Buildings Insurance – September 2022 edition Building property insurance 4 Fire 4 Natural forces 5 Theft 5 Liquids and gas 5 Glass breakage 8 Earthquake and volcanic eruption 9 all risks 10 Ownerʼs liability insurance 16 Bodily injury 17 Property damage 17 Purely financial loss 17 Building legal protection insurance 22 Building legal protection insurance 23 Definition of terms 24 The original German wording governs the legal interpretation of your policy. H3 Vehicle recovery If the vehicle is unroadworthy, the costs for recovering the vehicle are insured.",pdf-question:buildings-insurance-sti:p2,pdf-document:buildings-insurance-sti,,,household,,,,,,,,,,,,,,,,PENDING,CALIBRATION,lg-7975497f9d66,English,"data/raw/pdfs/buildings-insurance-sti.pdf, physical page 2",,False,
ext-helvetia-fail-035,helvetia_pdf,data/raw/pdfs/household-contents-private-liability-sti.pdf,household-contents-private-liability-sti,1,page:1,"According to household-contents-private-liability-sti.pdf, what provision is stated in the supplied policy context?",Standard Terms of Insurance (STI) Helvetia private customers insurance Household contents and private liability September 2025 edition,"Standard Terms of Insurance (STI) Helvetia private customers insurance Household contents and private liability September 2025 edition H3 Vehicle recovery If the vehicle is unroadworthy, the costs for recovering the vehicle are insured.",pdf-question:household-contents-private-liability-sti:p1,pdf-document:household-contents-private-liability-sti,,,household,,,,,,,,,,,,,,,,PENDING,LOCKED_HOLDOUT_CANDIDATE,lg-62bb52eee817,English,"data/raw/pdfs/household-contents-private-liability-sti.pdf, physical page 1",,False,
ext-helvetia-fail-036,helvetia_pdf,data/raw/pdfs/legal-protection-sti.pdf,legal-protection-sti,2,page:2,"According to legal-protection-sti.pdf, what provision is stated in the supplied policy context?","Legal protection insurance 4 Basic insurance 4 Supplementary traffic insurance 8 Supplementary work insurance 8 Supplementary rent insurance 8 Supplementary owner-occupied residential property insurance 10 Supplementary non-owner-occupied residential property insurance 10 Legal consulting 12 Duration of application 12 Explanation of terms 14 Table of contents The original German wording governs the legal interpretation of this policy. 3/16 | Helvetia Swiss Insurance Company Ltd. STI Helvetia private customers insurance, Legal protection – September 2021 edition","Legal protection insurance 4 Basic insurance 4 Supplementary traffic insurance 8 Supplementary work insurance 8 Supplementary rent insurance 8 Supplementary owner-occupied residential property insurance 10 Supplementary non-owner-occupied residential property insurance 10 Legal consulting 12 Duration of application 12 Explanation of terms 14 Table of contents The original German wording governs the legal interpretation of this policy. H3 Vehicle recovery If the vehicle is unroadworthy, the costs for recovering the vehicle are insured.",pdf-question:legal-protection-sti:p2,pdf-document:legal-protection-sti,,,household,,,,,,,,,,,,,,,,PENDING,CALIBRATION,lg-384a1a4b0321,English,"data/raw/pdfs/legal-protection-sti.pdf, physical page 2",,False,
ext-helvetia-fail-037,helvetia_pdf,data/raw/pdfs/motor-vehicle-insurance-product-sheet.pdf,motor-vehicle-insurance-product-sheet,2,page:2,"According to motor-vehicle-insurance-product-sheet.pdf, what provision is stated in the supplied policy context?",Liability insurance. Inattentiveness on the road can easily occur. Helvetia’s liability insurance protects you against unexpected financial burdens arising from an accident you cause. Scope of insurance • Cover for property damage and personal injury caused by you • Defence against unjustified claims Insured persons • Owner and driver of the insured vehicle Insured benefits • Damage to or destruction of third-party property • Injury or death of persons and animals Helvetia customer portal Your insurance at a glance. helvetia.ch/customer-portal 2/8 | Helvetia car insurance,"Helvetia’s liability insurance protects you against unexpected financial burdens arising from an accident you cause. H3 Vehicle recovery If the vehicle is unroadworthy, the costs for recovering the vehicle are insured.",pdf-question:motor-vehicle-insurance-product-sheet:p2,pdf-document:motor-vehicle-insurance-product-sheet,,,motor,,,,,,,,,,,,,,,,PENDING,VALIDATION,lg-15b51ba77470,English,"data/raw/pdfs/motor-vehicle-insurance-product-sheet.pdf, physical page 2",,False,
ext-helvetia-fail-038,helvetia_pdf,data/raw/pdfs/motor-vehicle-insurance-sti.pdf,motor-vehicle-insurance-sti,2,page:2,"According to motor-vehicle-insurance-sti.pdf, what provision is stated in the supplied policy context?","2/31 | Helvetia Swiss Insurance Company Ltd STI Helvetia Motor Vehicle Insurance – Edition March 2026 Motor Vehicle Our services We are there for you: in emergencies 24 hours a day – all year round In the event of a claim: T +41 58 280 30 00 www.helvetia.ch Business office: see policy For general matters: T +41 58 280 10 00 Note: If the assistance provided by us is considered to be noninsured expenditure, the costs will be borne by the party seeking assistance. The original German wording governs the legal interpretation of your policy.","2/31 | Helvetia Swiss Insurance Company Ltd STI Helvetia Motor Vehicle Insurance – Edition March 2026 Motor Vehicle Our services We are there for you: in emergencies 24 hours a day – all year round In the event of a claim: T +41 58 280 30 00 www.helvetia.ch Business office: see policy For general matters: T +41 58 280 10 00 Note: If the assistance provided by us is considered to be noninsured expenditure, the costs will be borne by the party seeking assistance. H3 Vehicle recovery If the vehicle is unroadworthy, the costs for recovering the vehicle are insured.",pdf-question:motor-vehicle-insurance-sti:p2,pdf-document:motor-vehicle-insurance-sti,,,motor,,,,,,,,,,,,,,,,PENDING,LOCKED_HOLDOUT_CANDIDATE,lg-62bb52eee817,English,"data/raw/pdfs/motor-vehicle-insurance-sti.pdf, physical page 2",,False,
ext-helvetia-fail-039,helvetia_pdf,data/raw/pdfs/mutual-provisions-pkv.pdf,mutual-provisions-pkv,2,page:2,"According to mutual-provisions-pkv.pdf, what provision is stated in the supplied policy context?","Customer information 3 Other contractual provisions 5 General 5 Obligations during the contract term 7 Obligations in the event of a claim 8 Benefits in the event of a claim 9 Reductions in compensation 15 Sanctions 16 Recourse against an insured person 16 Legal venue 16 Table of contents Dear customer Thank you for your interest in Helvetiaʼs private customers insurance. We place great value in ensuring that you can quickly and dependably obtain information about your insurance contract. This is why the Standard Terms of Insurance (STIs) are structured like a reference document. In addition to a table of contents, they also contain customer information and other contractual provisions. To make the contractual documents easier to read, the male form of any gender-specific terminology is used, but of course, these terms also apply to female persons and legal entities. Your insurance contract comprises the text in your policy, the Standard Terms of Insurance and the mutual provisions that apply. Anything that is not explicitly mentioned is governed by the law. The main relevant laws are the provisions of the Swiss Civil Code (CC), the Code of Obligations (CO), the Federal Law on Insurance Contracts (LIC), t","Customer information 3 Other contractual provisions 5 General 5 Obligations during the contract term 7 Obligations in the event of a claim 8 Benefits in the event of a claim 9 Reductions in compensation 15 Sanctions 16 Recourse against an insured person 16 Legal venue 16 Table of contents Dear customer Thank you for your interest in Helvetiaʼs private customers insurance. H3 Vehicle recovery If the vehicle is unroadworthy, the costs for recovering the vehicle are insured.",pdf-question:mutual-provisions-pkv:p2,pdf-document:mutual-provisions-pkv,,,household,,,,,,,,,,,,,,,,PENDING,CALIBRATION,lg-fb2eac232edc,English,"data/raw/pdfs/mutual-provisions-pkv.pdf, physical page 2",,False,
ext-helvetia-fail-040,helvetia_pdf,data/raw/pdfs/rental-guarantee-insurance-sti.pdf,rental-guarantee-insurance-sti,3,page:3,"According to rental-guarantee-insurance-sti.pdf, what provision is stated in the supplied policy context?","3/7 | Helvetia Swiss Insurance Company Ltd STI Helvetia private rental guarantee insurance – September 2025 edition 1 Contracting party Your contracting party is: Helvetia Swiss Insurance Company Ltd Dufourstrasse 40 9001 St. Gallen In the course of concluding and executing the contract, Helvetia Swiss Insurance Company Ltd is entitled to act on behalf of the other contracting parties (e. g. concluding and terminating contracts, collecting debts, demanding refunds). 2 Applicable law, basis of the contract This contract is governed by Swiss law. The contractual basis comprises the application, the customer information, the Standard Terms of Insurance and, further special conditions or supplemen - tary provisions, and also the policy. The Swiss Federal Law on Insurance Contracts also applies. If the policyholder’s place of residence/registered office is the Principality of Liechtenstein, the law of Liechtenstein applies together with the provisions of the Liechtenstein Insurance Policies Act (Versicherungsvertragsgesetz, VersVG). 3 Insurance against loss or fix","3/7 | Helvetia Swiss Insurance Company Ltd STI Helvetia private rental guarantee insurance – September 2025 edition 1 Contracting party Your contracting party is: Helvetia Swiss Insurance Company Ltd Dufourstrasse 40 9001 St. H3 Vehicle recovery If the vehicle is unroadworthy, the costs for recovering the vehicle are insured.",pdf-question:rental-guarantee-insurance-sti:p3,pdf-document:rental-guarantee-insurance-sti,,,rental_guarantee,,,,,,,,,,,,,,,,PENDING,LOCKED_HOLDOUT_CANDIDATE,lg-62bb52eee817,English,"data/raw/pdfs/rental-guarantee-insurance-sti.pdf, physical page 3",,False,
ext-baloise-fail-001,baloise_excluded_pdf,data/raw/pdfs/household-contents-private-liability-sti.pdf,household-contents-private-liability-sti,1,page:1,"According to household-contents-private-liability-sti.pdf, what provision is stated in the supplied policy context?",Standard Terms of Insurance (STI) Helvetia private customers insurance Household contents and private liability September 2025 edition,"BaloiseCombi Household Product Information and Terms and Conditions 2025 Edition Translation: In case of dispute, the original German, French or Italian text is decisive.",pdf-question:household-contents-private-liability-sti:p1,pdf-document:household-contents-private-liability-sti,,,household,,,,,,,,,,,,,,,,PENDING,LOCKED_HOLDOUT_CANDIDATE,lg-62bb52eee817,English,"data/raw/pdfs/household-contents-private-liability-sti.pdf, physical page 1; excluded distractor data\raw\excluded_pdfs\140_1261_e.pdf, physical page 1",,False,
ext-baloise-fail-002,baloise_excluded_pdf,data/raw/pdfs/motor-vehicle-insurance-sti.pdf,motor-vehicle-insurance-sti,4,page:4,"According to motor-vehicle-insurance-sti.pdf, what provision is stated in the supplied policy context?","4/31 | Helvetia Swiss Insurance Company Ltd STI Helvetia Motor Vehicle Insurance – Edition March 2026 Motor Vehicle Customer information 1 Contracting parties The contracting parties are as follows Helvetia Swiss Insurance Company Ltd. Dufourstrasse 40 CH-9001 St. Gallen or Helvetia Swiss Life Insurance Company Ltd St. Alban-Anlage 26 CH-4002 Basel or Coop Rechtsschutz AG Entfelderstrasse 2 CH-5000 Aarau In the course of concluding and executing the contract, Helvetia Swiss Insurance Company Ltd is entitled to act on behalf of the other contracting parties (e. g. concluding and terminating contracts, collecting debts, demanding refunds). 2 Applicable law, basis of the contract This contract is governed by Swiss law. The contractual basis comprises the application, the customer information, the Standard Terms of Insurance and, if applicable, further special conditions or supplementary provisions, and also the policy. The Swiss Federal Law on Insurance Contracts also applies. If the policyholderʼs place of residence / registered office is the Principality of Liechtenstei","BaloiseDirect Motor Vehicle Product Information and Terms and Conditions 2018 edition Translation In case of dispute, the original German, French or Italian text shall be decisive.",pdf-question:motor-vehicle-insurance-sti:p4,pdf-document:motor-vehicle-insurance-sti,,,motor,,,,,,,,,,,,,,,,PENDING,LOCKED_HOLDOUT_CANDIDATE,lg-62bb52eee817,English,"data/raw/pdfs/motor-vehicle-insurance-sti.pdf, physical page 4; excluded distractor data\raw\excluded_pdfs\240_1184_e.pdf, physical page 1",,False,
ext-baloise-fail-003,baloise_excluded_pdf,data/raw/pdfs/motor-vehicle-insurance-sti.pdf,motor-vehicle-insurance-sti,4,page:4,"According to motor-vehicle-insurance-sti.pdf, what provision is stated in the supplied policy context?","4/31 | Helvetia Swiss Insurance Company Ltd STI Helvetia Motor Vehicle Insurance – Edition March 2026 Motor Vehicle Customer information 1 Contracting parties The contracting parties are as follows Helvetia Swiss Insurance Company Ltd. Dufourstrasse 40 CH-9001 St. Gallen or Helvetia Swiss Life Insurance Company Ltd St. Alban-Anlage 26 CH-4002 Basel or Coop Rechtsschutz AG Entfelderstrasse 2 CH-5000 Aarau In the course of concluding and executing the contract, Helvetia Swiss Insurance Company Ltd is entitled to act on behalf of the other contracting parties (e. g. concluding and terminating contracts, collecting debts, demanding refunds). 2 Applicable law, basis of the contract This contract is governed by Swiss law. The contractual basis comprises the application, the customer information, the Standard Terms of Insurance and, if applicable, further special conditions or supplementary provisions, and also the policy. The Swiss Federal Law on Insurance Contracts also applies. If the policyholderʼs place of residence / registered office is the Principality of Liechtenstei","BaloiseDirect Motor Vehicle Product Information and Terms and Conditions 2025 Edition Translation: In case of dispute, the original German, French or Italian text shall be decisive.",pdf-question:motor-vehicle-insurance-sti:p4,pdf-document:motor-vehicle-insurance-sti,,,motor,,,,,,,,,,,,,,,,PENDING,LOCKED_HOLDOUT_CANDIDATE,lg-62bb52eee817,English,"data/raw/pdfs/motor-vehicle-insurance-sti.pdf, physical page 4; excluded distractor data\raw\excluded_pdfs\240_1217_e.pdf, physical page 1",,False,
ext-baloise-fail-004,baloise_excluded_pdf,data/raw/pdfs/brochure-household-contents-and-private-liability.pdf,brochure-household-contents-and-private-liability,2,page:2,"According to brochure-household-contents-and-private-liability.pdf, what provision is stated in the supplied policy context?",There are dangers lurking in the digital world too. Imagine you order something online and the wrong goods are delivered or your order never even turns up. Protect yourself with cyber insurance. Household contents insurance All-round protection for your personal possessions Household contents and private liability insurance 2/8,"2/55 Product Information and Terms and Conditions BaloiseCombi Household T erms and Conditions Home contents insurance 11 A1 Home contents 11 A1.1 Mobile home/caravan without license plates/temporary structure as a facility permanent 12 A1.2 Surroundings insurance 12 A2 Future risks cover 13 A3 Mopeds, incl.",pdf-question:brochure-household-contents-and-private-liability:p2,pdf-document:brochure-household-contents-and-private-liability,,,household,,,,,,,,,,,,,,,,PENDING,LOCKED_HOLDOUT_CANDIDATE,lg-62bb52eee817,English,"data/raw/pdfs/brochure-household-contents-and-private-liability.pdf, physical page 2; excluded distractor data\raw\excluded_pdfs\140_1261_e.pdf, physical page 2",,False,
ext-baloise-fail-005,baloise_excluded_pdf,data/raw/pdfs/brochure-services.pdf,brochure-services,2,page:2,"According to brochure-services.pdf, what provision is stated in the supplied policy context?","Your satisfaction is Helvetia's top priority. We support you with a range of round-the-clock services – in emergencies 24 hours a day, 365 days a year. As a Swiss insurance company we stand for quality, friendliness and service. We do everything we can to make unpleasant situ - ations as comfortable as possible for you. Scope of insurance cover The service product provides you with the following benefits: • 24/7 assistance • 48h claims payment Helvetia services. In simple language. Helvetia customer portal Your policies at a glance. helvetia.ch/kundenportal “Helvetia guarantees claims payment within 48h following a successful claims review.” 2/4 | Helvetia services – product information sheet",2 Product Information Dear Customer The Product Information section is intended to help you understand your insurance policy documents.,pdf-question:brochure-services:p2,pdf-document:brochure-services,,,general_insurance,,,,,,,,,,,,,,,,PENDING,LOCKED_HOLDOUT_CANDIDATE,lg-62bb52eee817,English,"data/raw/pdfs/brochure-services.pdf, physical page 2; excluded distractor data\raw\excluded_pdfs\240_1184_e.pdf, physical page 2",,False,
ext-baloise-fail-006,baloise_excluded_pdf,data/raw/pdfs/motor-vehicle-insurance-sti.pdf,motor-vehicle-insurance-sti,4,page:4,"According to motor-vehicle-insurance-sti.pdf, what provision is stated in the supplied policy context?","4/31 | Helvetia Swiss Insurance Company Ltd STI Helvetia Motor Vehicle Insurance – Edition March 2026 Motor Vehicle Customer information 1 Contracting parties The contracting parties are as follows Helvetia Swiss Insurance Company Ltd. Dufourstrasse 40 CH-9001 St. Gallen or Helvetia Swiss Life Insurance Company Ltd St. Alban-Anlage 26 CH-4002 Basel or Coop Rechtsschutz AG Entfelderstrasse 2 CH-5000 Aarau In the course of concluding and executing the contract, Helvetia Swiss Insurance Company Ltd is entitled to act on behalf of the other contracting parties (e. g. concluding and terminating contracts, collecting debts, demanding refunds). 2 Applicable law, basis of the contract This contract is governed by Swiss law. The contractual basis comprises the application, the customer information, the Standard Terms of Insurance and, if applicable, further special conditions or supplementary provisions, and also the policy. The Swiss Federal Law on Insurance Contracts also applies. If the policyholderʼs place of residence / registered office is the Principality of Liechtenstei",3/28 Product Information and Terms and Conditions BaloiseDirect Motor Vehicle T erms and ConditionsProduct Information 1.,pdf-question:motor-vehicle-insurance-sti:p4,pdf-document:motor-vehicle-insurance-sti,,,motor,,,,,,,,,,,,,,,,PENDING,LOCKED_HOLDOUT_CANDIDATE,lg-62bb52eee817,English,"data/raw/pdfs/motor-vehicle-insurance-sti.pdf, physical page 4; excluded distractor data\raw\excluded_pdfs\240_1217_e.pdf, physical page 3",,False,
ext-baloise-fail-007,baloise_excluded_pdf,data/raw/pdfs/motor-vehicle-insurance-sti.pdf,motor-vehicle-insurance-sti,4,page:4,"According to motor-vehicle-insurance-sti.pdf, what provision is stated in the supplied policy context?","4/31 | Helvetia Swiss Insurance Company Ltd STI Helvetia Motor Vehicle Insurance – Edition March 2026 Motor Vehicle Customer information 1 Contracting parties The contracting parties are as follows Helvetia Swiss Insurance Company Ltd. Dufourstrasse 40 CH-9001 St. Gallen or Helvetia Swiss Life Insurance Company Ltd St. Alban-Anlage 26 CH-4002 Basel or Coop Rechtsschutz AG Entfelderstrasse 2 CH-5000 Aarau In the course of concluding and executing the contract, Helvetia Swiss Insurance Company Ltd is entitled to act on behalf of the other contracting parties (e. g. concluding and terminating contracts, collecting debts, demanding refunds). 2 Applicable law, basis of the contract This contract is governed by Swiss law. The contractual basis comprises the application, the customer information, the Standard Terms of Insurance and, if applicable, further special conditions or supplementary provisions, and also the policy. The Swiss Federal Law on Insurance Contracts also applies. If the policyholderʼs place of residence / registered office is the Principality of Liechtenstein, the law of Liechtenstein applies together with the provisions of the Liechtenstein Insurance Policies Act (Versicherungsvertragsgesetz, VersVG). 3 Insurance against loss or fixed sum insurance Your insurance is, as a general rule, an insurance against loss; fixed sum insurance will be expressly designated as such in the contract documents (e. g. application or policy). 4 Obligations on concluding the contract As the applicant, the policyholder is obliged under Article 6 of the Insurance Policies Act to provide complete and correct answers to all the questions in the application (e. g. date of birth, previous damages / losses). If the policyholder or insured person provides an incomp","4/55 Product Information and Terms and Conditions BaloiseCombi Household Dear Customer, The Product Information section is intended to help you understand your insurance policy documents.",pdf-question:motor-vehicle-insurance-sti:p4,pdf-document:motor-vehicle-insurance-sti,,,motor,,,,,,,,,,,,,,,,PENDING,LOCKED_HOLDOUT_CANDIDATE,lg-62bb52eee817,English,"data/raw/pdfs/motor-vehicle-insurance-sti.pdf, physical page 4; excluded distractor data\raw\excluded_pdfs\140_1261_e.pdf, physical page 4",,False,
ext-baloise-fail-008,baloise_excluded_pdf,data/raw/pdfs/rental-guarantee-insurance-sti.pdf,rental-guarantee-insurance-sti,3,page:3,"According to rental-guarantee-insurance-sti.pdf, what provision is stated in the supplied policy context?","3/7 | Helvetia Swiss Insurance Company Ltd STI Helvetia private rental guarantee insurance – September 2025 edition 1 Contracting party Your contracting party is: Helvetia Swiss Insurance Company Ltd Dufourstrasse 40 9001 St. Gallen In the course of concluding and executing the contract, Helvetia Swiss Insurance Company Ltd is entitled to act on behalf of the other contracting parties (e. g. concluding and terminating contracts, collecting debts, demanding refunds). 2 Applicable law, basis of the contract This contract is governed by Swiss law. The contractual basis comprises the application, the customer information, the Standard Terms of Insurance and, further special conditions or supplemen - tary provisions, and also the policy. The Swiss Federal Law on Insurance Contracts also applies. If the policyholder’s place of residence/registered office is the Principality of Liechtenstein, the law of Liechtenstein applies together with the provisions of the Liechtenstein Insurance Policies Act (Versicherungsvertragsgesetz, VersVG). 3 Insurance against loss or fix",The content and scope of each party’s rights and obliga - tions in respect to the other party are exclusively gov - erned by your insurance policy and the Terms and Con - ditions (T&C).,pdf-question:rental-guarantee-insurance-sti:p3,pdf-document:rental-guarantee-insurance-sti,,,rental_guarantee,,,,,,,,,,,,,,,,PENDING,LOCKED_HOLDOUT_CANDIDATE,lg-62bb52eee817,English,"data/raw/pdfs/rental-guarantee-insurance-sti.pdf, physical page 3; excluded distractor data\raw\excluded_pdfs\240_1184_e.pdf, physical page 2",,False,
ext-baloise-fail-009,baloise_excluded_pdf,data/raw/pdfs/motor-vehicle-insurance-product-sheet.pdf,motor-vehicle-insurance-product-sheet,3,page:3,"According to motor-vehicle-insurance-product-sheet.pdf, what provision is stated in the supplied policy context?","Comprehensive car insurance. With Helvetia’s comprehensive insurance your vehicle is insured for every trip. Choose between partially comprehensive and fully comprehensive, either with or without damage to parked vehicles. Scope of insurance • Repair of damage to your vehicle, including equipment and accessories, with an option of unlimited value • Replacement in the event of a total loss or theft Insured benefits with partially comprehensive insurance • Fire and natural forces such as storm, hail, rockfall, high water • Earthquakes and volcanic eruptions • Theft • Glass breakage • Marten damage and collision with animals • Wilful damage by third parties such as breaking off wing mirrors Insured benefits with fully comprehensive cover • All benefits of partially comprehensive cover • Damage to your vehicle resulting from a collision Total loss cover • All partial comprehensive insurance benefits • Total loss of your vehicle due to a collision R",Complaints 10 Liability insurance 11 Comprehensive insurance 13 Supplementary cover 16 Passenger accident 22 General provisions 24,pdf-question:motor-vehicle-insurance-product-sheet:p3,pdf-document:motor-vehicle-insurance-product-sheet,,,motor,,,,,,,,,,,,,,,,PENDING,VALIDATION,lg-15b51ba77470,English,"data/raw/pdfs/motor-vehicle-insurance-product-sheet.pdf, physical page 3; excluded distractor data\raw\excluded_pdfs\240_1217_e.pdf, physical page 3",,False,
ext-baloise-fail-010,baloise_excluded_pdf,data/raw/pdfs/rental-guarantee-insurance-sti.pdf,rental-guarantee-insurance-sti,3,page:3,"According to rental-guarantee-insurance-sti.pdf, what provision is stated in the supplied policy context?","3/7 | Helvetia Swiss Insurance Company Ltd STI Helvetia private rental guarantee insurance – September 2025 edition 1 Contracting party Your contracting party is: Helvetia Swiss Insurance Company Ltd Dufourstrasse 40 9001 St. Gallen In the course of concluding and executing the contract, Helvetia Swiss Insurance Company Ltd is entitled to act on behalf of the other contracting parties (e. g. concluding and terminating contracts, collecting debts, demanding refunds). 2 Applicable law, basis of the contract This contract is governed by Swiss law. The contractual basis comprises the application, the customer information, the Standard Terms of Insurance and, further special conditions or supplemen - tary provisions, and also the policy. The Swiss Federal Law on Insurance Contracts also applies. If the policyholder’s place of residence/registered office is the Principality of Liechtenstein, the law of Liechtenstein applies together with the provisions of the Liechtenstein Insurance Policies Act (Versicherungsvertragsgesetz, VersVG). 3 Insurance against loss or fix",The content and scope of each party’s rights and obligations in respect to the other party are governed exclusively by your insurance policy and the Terms and Conditions (T&C).,pdf-question:rental-guarantee-insurance-sti:p3,pdf-document:rental-guarantee-insurance-sti,,,rental_guarantee,,,,,,,,,,,,,,,,PENDING,LOCKED_HOLDOUT_CANDIDATE,lg-62bb52eee817,English,"data/raw/pdfs/rental-guarantee-insurance-sti.pdf, physical page 3; excluded distractor data\raw\excluded_pdfs\140_1261_e.pdf, physical page 4",,False,
ext-baloise-fail-011,baloise_excluded_pdf,data/raw/pdfs/rental-guarantee-insurance-sti.pdf,rental-guarantee-insurance-sti,3,page:3,"According to rental-guarantee-insurance-sti.pdf, what provision is stated in the supplied policy context?","3/7 | Helvetia Swiss Insurance Company Ltd STI Helvetia private rental guarantee insurance – September 2025 edition 1 Contracting party Your contracting party is: Helvetia Swiss Insurance Company Ltd Dufourstrasse 40 9001 St. Gallen In the course of concluding and executing the contract, Helvetia Swiss Insurance Company Ltd is entitled to act on behalf of the other contracting parties (e. g. concluding and terminating contracts, collecting debts, demanding refunds). 2 Applicable law, basis of the contract This contract is governed by Swiss law. The contractual basis comprises the application, the customer information, the Standard Terms of Insurance and, further special conditions or supplemen - tary provisions, and also the policy. The Swiss Federal Law on Insurance Contracts also applies. If the policyholder’s place of residence/registered office is the Principality of Liechtenstein, the law of Liechtenstein applies together with the provisions of the Liechtenstein Insurance Policies Act (Versicherungsvertragsgesetz, VersVG). 3 Insurance against loss or fixed sum insurance Your insurance is, as a general rule, an insurance against loss; fixed sum insurance will be expressly designated as such in the contract documents (e. g. application or policy). 4 Obligations on concluding the contract As an applicant, the policyholder is obliged under Article 6 of the Insurance Policies Act to provide complete and correct answers to all questions in the application (e. g. date of birth, previous damages/losses). If the policyholder or insured person provides an incomplete or incorrect answer to a written question or a question in any ","Your insurance contract is governed by Swiss law, in par - ticular, the Swiss Federal Law on Insurance Contracts (VVG).",pdf-question:rental-guarantee-insurance-sti:p3,pdf-document:rental-guarantee-insurance-sti,,,rental_guarantee,,,,,,,,,,,,,,,,PENDING,LOCKED_HOLDOUT_CANDIDATE,lg-62bb52eee817,English,"data/raw/pdfs/rental-guarantee-insurance-sti.pdf, physical page 3; excluded distractor data\raw\excluded_pdfs\240_1184_e.pdf, physical page 2",,False,
ext-baloise-fail-012,baloise_excluded_pdf,data/raw/pdfs/motor-vehicle-insurance-sti.pdf,motor-vehicle-insurance-sti,4,page:4,"According to motor-vehicle-insurance-sti.pdf, what provision is stated in the supplied policy context?","4/31 | Helvetia Swiss Insurance Company Ltd STI Helvetia Motor Vehicle Insurance – Edition March 2026 Motor Vehicle Customer information 1 Contracting parties The contracting parties are as follows Helvetia Swiss Insurance Company Ltd. Dufourstrasse 40 CH-9001 St. Gallen or Helvetia Swiss Life Insurance Company Ltd St. Alban-Anlage 26 CH-4002 Basel or Coop Rechtsschutz AG Entfelderstrasse 2 CH-5000 Aarau In the course of concluding and executing the contract, Helvetia Swiss Insurance Company Ltd is entitled to act on behalf of the other contracting parties (e. g. concluding and terminating contracts, collecting debts, demanding refunds). 2 Applicable law, basis of the contract This contract is governed by Swiss law. The contractual basis comprises the application, the customer information, the Standard Terms of Insurance and, if applicable, further special conditions or supplementary provisions, and also the policy. The Swiss Federal Law on Insurance Contracts also applies. If the policyholderʼs place of residence / registered office is the Principality of Liechtenstei",4/28 Product Information and Terms and Conditions BaloiseDirect Motor Vehicle Dear Customer The Product Information section is intended to help you understand your insurance policy documents.,pdf-question:motor-vehicle-insurance-sti:p4,pdf-document:motor-vehicle-insurance-sti,,,motor,,,,,,,,,,,,,,,,PENDING,LOCKED_HOLDOUT_CANDIDATE,lg-62bb52eee817,English,"data/raw/pdfs/motor-vehicle-insurance-sti.pdf, physical page 4; excluded distractor data\raw\excluded_pdfs\240_1217_e.pdf, physical page 4",,False,
ext-baloise-fail-013,baloise_excluded_pdf,data/raw/pdfs/rental-guarantee-insurance-sti.pdf,rental-guarantee-insurance-sti,3,page:3,"According to rental-guarantee-insurance-sti.pdf, what provision is stated in the supplied policy context?","3/7 | Helvetia Swiss Insurance Company Ltd STI Helvetia private rental guarantee insurance – September 2025 edition 1 Contracting party Your contracting party is: Helvetia Swiss Insurance Company Ltd Dufourstrasse 40 9001 St. Gallen In the course of concluding and executing the contract, Helvetia Swiss Insurance Company Ltd is entitled to act on behalf of the other contracting parties (e. g. concluding and terminating contracts, collecting debts, demanding refunds). 2 Applicable law, basis of the contract This contract is governed by Swiss law. The contractual basis comprises the application, the customer information, the Standard Terms of Insurance and, further special conditions or supplemen - tary provisions, and also the policy. The Swiss Federal Law on Insurance Contracts also applies. If the policyholder’s place of residence/registered office is the Principality of Liechtenstein, the law of Liechtenstein applies together with the provisions of the Liechtenstein Insurance Policies Act (Versicherungsvertragsgesetz, VersVG). 3 Insurance against loss or fixed sum insurance Your insurance is, as a general rule, an insurance against loss; fixed sum insurance will be expressly designated as such in the contract documents (e. g. application or policy). 4 Obligations on concluding the contract As an applicant, the policyholder is obliged under Article 6 of the Insurance Policies Act to provide complete and correct answers to all questions in the application (e. g. date of birth, previous damages/losses). If the policyholder or insured person provides an incomplete or incorrect answer to a written question or a question in any ","Your insurance policy is governed by Swiss law, in particular the Federal Law on Insurance Contracts (VVG).",pdf-question:rental-guarantee-insurance-sti:p3,pdf-document:rental-guarantee-insurance-sti,,,rental_guarantee,,,,,,,,,,,,,,,,PENDING,LOCKED_HOLDOUT_CANDIDATE,lg-62bb52eee817,English,"data/raw/pdfs/rental-guarantee-insurance-sti.pdf, physical page 3; excluded distractor data\raw\excluded_pdfs\140_1261_e.pdf, physical page 4",,False,
ext-baloise-fail-014,baloise_excluded_pdf,data/raw/pdfs/rental-guarantee-insurance-sti.pdf,rental-guarantee-insurance-sti,3,page:3,"According to rental-guarantee-insurance-sti.pdf, what provision is stated in the supplied policy context?","3/7 | Helvetia Swiss Insurance Company Ltd STI Helvetia private rental guarantee insurance – September 2025 edition 1 Contracting party Your contracting party is: Helvetia Swiss Insurance Company Ltd Dufourstrasse 40 9001 St. Gallen In the course of concluding and executing the contract, Helvetia Swiss Insurance Company Ltd is entitled to act on behalf of the other contracting parties (e. g. concluding and terminating contracts, collecting debts, demanding refunds). 2 Applicable law, basis of the contract This contract is governed by Swiss law. The contractual basis comprises the application, the customer information, the Standard Terms of Insurance and, further special conditions or supplemen - tary provisions, and also the policy. The Swiss Federal Law on Insurance Contracts also applies. If the policyholder’s place of residence/registered office is the Principality of Liechtenstein, the law of Liechtenstein applies together with the provisions of the Liechtenstein Insurance Policies Act (Versicherungsvertragsgesetz, VersVG). 3 Insurance against loss or fix","Your contracting party Your contracting party is Baloise Insurance Ltd, hereinafter referred to as “Baloise”.",pdf-question:rental-guarantee-insurance-sti:p3,pdf-document:rental-guarantee-insurance-sti,,,rental_guarantee,,,,,,,,,,,,,,,,PENDING,LOCKED_HOLDOUT_CANDIDATE,lg-62bb52eee817,English,"data/raw/pdfs/rental-guarantee-insurance-sti.pdf, physical page 3; excluded distractor data\raw\excluded_pdfs\240_1184_e.pdf, physical page 2",,False,
ext-baloise-fail-015,baloise_excluded_pdf,data/raw/pdfs/rental-guarantee-insurance-sti.pdf,rental-guarantee-insurance-sti,3,page:3,"According to rental-guarantee-insurance-sti.pdf, what provision is stated in the supplied policy context?","3/7 | Helvetia Swiss Insurance Company Ltd STI Helvetia private rental guarantee insurance – September 2025 edition 1 Contracting party Your contracting party is: Helvetia Swiss Insurance Company Ltd Dufourstrasse 40 9001 St. Gallen In the course of concluding and executing the contract, Helvetia Swiss Insurance Company Ltd is entitled to act on behalf of the other contracting parties (e. g. concluding and terminating contracts, collecting debts, demanding refunds). 2 Applicable law, basis of the contract This contract is governed by Swiss law. The contractual basis comprises the application, the customer information, the Standard Terms of Insurance and, further special conditions or supplemen - tary provisions, and also the policy. The Swiss Federal Law on Insurance Contracts also applies. If the policyholder’s place of residence/registered office is the Principality of Liechtenstein, the law of Liechtenstein applies together with the provisions of the Liechtenstein Insurance Policies Act (Versicherungsvertragsgesetz, VersVG). 3 Insurance against loss or fix",The content and scope of each party’s rights and obligations in respect to the other party are exclusively governed by your insurance policy and the Terms and Conditions (T&C).,pdf-question:rental-guarantee-insurance-sti:p3,pdf-document:rental-guarantee-insurance-sti,,,rental_guarantee,,,,,,,,,,,,,,,,PENDING,LOCKED_HOLDOUT_CANDIDATE,lg-62bb52eee817,English,"data/raw/pdfs/rental-guarantee-insurance-sti.pdf, physical page 3; excluded distractor data\raw\excluded_pdfs\240_1217_e.pdf, physical page 4",,False,
ext-baloise-fail-016,baloise_excluded_pdf,data/raw/pdfs/rental-guarantee-insurance-sti.pdf,rental-guarantee-insurance-sti,3,page:3,"According to rental-guarantee-insurance-sti.pdf, what provision is stated in the supplied policy context?","3/7 | Helvetia Swiss Insurance Company Ltd STI Helvetia private rental guarantee insurance – September 2025 edition 1 Contracting party Your contracting party is: Helvetia Swiss Insurance Company Ltd Dufourstrasse 40 9001 St. Gallen In the course of concluding and executing the contract, Helvetia Swiss Insurance Company Ltd is entitled to act on behalf of the other contracting parties (e. g. concluding and terminating contracts, collecting debts, demanding refunds). 2 Applicable law, basis of the contract This contract is governed by Swiss law. The contractual basis comprises the application, the customer information, the Standard Terms of Insurance and, further special conditions or supplemen - tary provisions, and also the policy. The Swiss Federal Law on Insurance Contracts also applies. If the policyholder’s place of residence/registered office is the Principality of Liechtenstein, the law of Liechtenstein applies together with the provisions of the Liechtenstein Insurance Policies Act (Versicherungsvertragsgesetz, VersVG). 3 Insurance against loss or fixed sum insurance Your insurance is, as a general rule, an insurance against loss; fixed sum insurance will be expressly designated as such in the contract documents (e. g. application or policy). 4 Obligations on concluding the contract As an applicant, the policyholder is obliged under Article 6 of the Insurance Policies Act to provide complete and correct answers to all questions in the application (e. g. date of birth, previous damages/losses). If the policyholder or insured person provides an incomplete or incorrect answer to a written question or a question in any other text form on conclusion of the contract, Helvetia is entitled to terminate the contract within four weeks of becoming aware of the breach of the duty to notify. If the contract is termi nated in this manner, the obligation to pay benefi","In such a case, the “Additional provisions for insurance contracts subject to the law of Liechtenstein” apply in addition to these T&C.",pdf-question:rental-guarantee-insurance-sti:p3,pdf-document:rental-guarantee-insurance-sti,,,rental_guarantee,,,,,,,,,,,,,,,,PENDING,LOCKED_HOLDOUT_CANDIDATE,lg-62bb52eee817,English,"data/raw/pdfs/rental-guarantee-insurance-sti.pdf, physical page 3; excluded distractor data\raw\excluded_pdfs\140_1261_e.pdf, physical page 4",,False,
ext-baloise-fail-017,baloise_excluded_pdf,data/raw/pdfs/brochure-services.pdf,brochure-services,2,page:2,"According to brochure-services.pdf, what provision is stated in the supplied policy context?","Your satisfaction is Helvetia's top priority. We support you with a range of round-the-clock services – in emergencies 24 hours a day, 365 days a year. As a Swiss insurance company we stand for quality, friendliness and service. We do everything we can to make unpleasant situ - ations as comfortable as possible for you. Scope of insurance cover The service product provides you with the following benefits: • 24/7 assistance • 48h claims payment Helvetia services. In simple language. Helvetia customer portal Your policies at a glance. helvetia.ch/kundenportal “Helvetia guarantees claims payment within 48h following a successful claims review.” 2/4 | Helvetia services – product information sheet","Scope of insurance cover In the following section, we provide you with information about avail - able insurance cover options.",pdf-question:brochure-services:p2,pdf-document:brochure-services,,,general_insurance,,,,,,,,,,,,,,,,PENDING,LOCKED_HOLDOUT_CANDIDATE,lg-62bb52eee817,English,"data/raw/pdfs/brochure-services.pdf, physical page 2; excluded distractor data\raw\excluded_pdfs\240_1184_e.pdf, physical page 2",,False,
ext-baloise-fail-018,baloise_excluded_pdf,data/raw/pdfs/rental-guarantee-insurance-sti.pdf,rental-guarantee-insurance-sti,3,page:3,"According to rental-guarantee-insurance-sti.pdf, what provision is stated in the supplied policy context?","3/7 | Helvetia Swiss Insurance Company Ltd STI Helvetia private rental guarantee insurance – September 2025 edition 1 Contracting party Your contracting party is: Helvetia Swiss Insurance Company Ltd Dufourstrasse 40 9001 St. Gallen In the course of concluding and executing the contract, Helvetia Swiss Insurance Company Ltd is entitled to act on behalf of the other contracting parties (e. g. concluding and terminating contracts, collecting debts, demanding refunds). 2 Applicable law, basis of the contract This contract is governed by Swiss law. The contractual basis comprises the application, the customer information, the Standard Terms of Insurance and, further special conditions or supplemen - tary provisions, and also the policy. The Swiss Federal Law on Insurance Contracts also applies. If the policyholder’s place of residence/registered office is the Principality of Liechtenstein, the law of Liechtenstein applies together with the provisions of the Liechtenstein Insurance Policies Act (Versicherungsvertragsgesetz, VersVG). 3 Insurance against loss or fixed sum insurance Your insurance is, as a general rule, an insurance against loss; fixed sum insurance will be expressly designated as such in the contract documents (e. g. application or policy). 4 Obligations on concluding the contract As an applicant, the policyholder is obliged under Article 6 of the Insurance Policies Act to provide complete and correct answers to all questions in the application (e. g. date of birth, previous damages/losses). If the policyholder or insured person provides an incomplete or incorrect answer to a written question or a question in any ","Your insurance contract is governed by Swiss law, in particular, the Swiss Federal Law on Insurance Contracts (VVG).",pdf-question:rental-guarantee-insurance-sti:p3,pdf-document:rental-guarantee-insurance-sti,,,rental_guarantee,,,,,,,,,,,,,,,,PENDING,LOCKED_HOLDOUT_CANDIDATE,lg-62bb52eee817,English,"data/raw/pdfs/rental-guarantee-insurance-sti.pdf, physical page 3; excluded distractor data\raw\excluded_pdfs\240_1217_e.pdf, physical page 4",,False,
ext-baloise-fail-019,baloise_excluded_pdf,data/raw/pdfs/motor-vehicle-insurance-sti.pdf,motor-vehicle-insurance-sti,4,page:4,"According to motor-vehicle-insurance-sti.pdf, what provision is stated in the supplied policy context?","4/31 | Helvetia Swiss Insurance Company Ltd STI Helvetia Motor Vehicle Insurance – Edition March 2026 Motor Vehicle Customer information 1 Contracting parties The contracting parties are as follows Helvetia Swiss Insurance Company Ltd. Dufourstrasse 40 CH-9001 St. Gallen or Helvetia Swiss Life Insurance Company Ltd St. Alban-Anlage 26 CH-4002 Basel or Coop Rechtsschutz AG Entfelderstrasse 2 CH-5000 Aarau In the course of concluding and executing the contract, Helvetia Swiss Insurance Company Ltd is entitled to act on behalf of the other contracting parties (e. g. concluding and terminating contracts, collecting debts, demanding refunds). 2 Applicable law, basis of the contract This contract is governed by Swiss law. The contractual basis comprises the application, the customer information, the Standard Terms of Insurance and, if applicable, further special conditions or supplementary provisions, and also the policy. The Swiss Federal Law on Insurance Contracts also applies. If the policyholderʼs place of residence / registered office is the Principality of Liechtenstein, the law of Liechtenstein applies together with the provisions of the Liechtenstein Insurance Policies Act (Versicherungsvertragsgesetz, VersVG). 3 Insurance against loss or fixed sum insurance Your insurance is, as a general rule, an insurance against loss; fixed sum insurance will be expressly designated as such in the contract documents (e. g. application or policy). 4 Obligations on concluding the contract As the applicant, the policyholder is obliged under Article 6 of the Insurance Policies Act to provide complete and correct answers to all the questions in the application (e. g. date of birth, previous damages / losses). If the policyholder or insured person provides an incomp",5/55 Product Information Terms and Conditions from page 11 1.,pdf-question:motor-vehicle-insurance-sti:p4,pdf-document:motor-vehicle-insurance-sti,,,motor,,,,,,,,,,,,,,,,PENDING,LOCKED_HOLDOUT_CANDIDATE,lg-62bb52eee817,English,"data/raw/pdfs/motor-vehicle-insurance-sti.pdf, physical page 4; excluded distractor data\raw\excluded_pdfs\140_1261_e.pdf, physical page 5",,False,
ext-baloise-fail-020,baloise_excluded_pdf,data/raw/pdfs/brochure-services.pdf,brochure-services,3,page:3,"According to brochure-services.pdf, what provision is stated in the supplied policy context?","Innovative, customer-focused, there for you. Waiver of premiums In the event of earning disability, you will benefit from a waiver of insurance premiums until the agreed end of the contract. However, you will continue to benefit from insurance cover. Locksmith service If access to your owner-occupied residential premises is not possible due to a sudden and unforeseen event and no other proportionate measures can reasonably be expected to be taken, Helvetia will organize a tradesman to provide access. Card blocking service At your request, we can block lost credit and debit cards as well as SIM cards. Home Assistance Home Assistance includes: • Tradesman service • Organization of construction management • Removal of wasps’, hornets’ and bees’ nests • Immediate measures in the event of a technical defect • Organization of a security service Psychological follow-up support We will pay the cost of psychological support provided by a qualified doctor, psychologist or psychiatrist after an insured event. Waiver of gross negligence Helvetia waives its right to a reduction in benefits in the",A full general description of the insurance cover and its restric - tions can be found in the T&C.,pdf-question:brochure-services:p3,pdf-document:brochure-services,,,general_insurance,,,,,,,,,,,,,,,,PENDING,LOCKED_HOLDOUT_CANDIDATE,lg-62bb52eee817,English,"data/raw/pdfs/brochure-services.pdf, physical page 3; excluded distractor data\raw\excluded_pdfs\240_1184_e.pdf, physical page 2",,False,
ext-crm-pass-001,synthetic_crm,data/synthetic/crm/policies.csv,policy:TEST-KFZ-2026-1001,,policyNumber:TEST-KFZ-2026-1001,"What are the customer, policy number, product, coverage, status, deductible and annual premium?",Customer: Lara Neumann (lara.neumann@example.test). Policy number: TEST-KFZ-2026-1001. Product type: Motor Insurance. Coverage type: Partial Coverage. Status: Active. Start date: 2026-01-01. End date: 2026-12-31. Deductible: 150 EUR. Annual premium: 684 EUR.,"Lara Neumann holds policy TEST-KFZ-2026-1001, a Motor Insurance policy with Partial Coverage, status Active, a deductible of 150 EUR, and an annual premium of 684 EUR.",crm-policy-question:TEST-KFZ-2026-1001,crm-policy-document:TEST-KFZ-2026-1001,customer:lara.neumann@example.test,policy:TEST-KFZ-2026-1001,motor,,,,,,,,,,,,,,,,PENDING,CALIBRATION,lg-05df6a2320fd,English,data/synthetic/crm/policies.csv policyNumber=TEST-KFZ-2026-1001; contacts.csv emailAddress=lara.neumann@example.test,,False,
ext-crm-pass-002,synthetic_crm,data/synthetic/crm/policies.csv,policy:TEST-PHV-2026-1002,,policyNumber:TEST-PHV-2026-1002,"What are the customer, policy number, product, coverage, status, deductible and annual premium?",Customer: Lara Neumann (lara.neumann@example.test). Policy number: TEST-PHV-2026-1002. Product type: Personal Liability. Coverage type: Liability. Status: Active. Start date: 2026-01-01. End date: 2026-12-31. Deductible: 0 EUR. Annual premium: 96 EUR.,"Lara Neumann holds policy TEST-PHV-2026-1002, a Personal Liability policy with Liability, status Active, a deductible of 0 EUR, and an annual premium of 96 EUR.",crm-policy-question:TEST-PHV-2026-1002,crm-policy-document:TEST-PHV-2026-1002,customer:lara.neumann@example.test,policy:TEST-PHV-2026-1002,liability,,,,,,,,,,,,,,,,PENDING,CALIBRATION,lg-05df6a2320fd,English,data/synthetic/crm/policies.csv policyNumber=TEST-PHV-2026-1002; contacts.csv emailAddress=lara.neumann@example.test,,False,
ext-crm-pass-003,synthetic_crm,data/synthetic/crm/policies.csv,policy:TEST-KFZ-2026-1003,,policyNumber:TEST-KFZ-2026-1003,"What are the customer, policy number, product, coverage, status, deductible and annual premium?",Customer: Lara Neumann (lara.neumann@example.test). Policy number: TEST-KFZ-2026-1003. Product type: Motor Insurance. Coverage type: Partial Coverage. Status: Active. Start date: 2026-07-01. End date: 2027-06-30. Deductible: 300 EUR. Annual premium: 720 EUR.,"Lara Neumann holds policy TEST-KFZ-2026-1003, a Motor Insurance policy with Partial Coverage, status Active, a deductible of 300 EUR, and an annual premium of 720 EUR.",crm-policy-question:TEST-KFZ-2026-1003,crm-policy-document:TEST-KFZ-2026-1003,customer:lara.neumann@example.test,policy:TEST-KFZ-2026-1003,motor,,,,,,,,,,,,,,,,PENDING,CALIBRATION,lg-05df6a2320fd,English,data/synthetic/crm/policies.csv policyNumber=TEST-KFZ-2026-1003; contacts.csv emailAddress=lara.neumann@example.test,,False,
ext-crm-pass-004,synthetic_crm,data/synthetic/crm/policies.csv,policy:TEST-KFZ-2026-1101,,policyNumber:TEST-KFZ-2026-1101,"What are the customer, policy number, product, coverage, status, deductible and annual premium?",Customer: Oliver Brandt (oliver.brandt@example.test). Policy number: TEST-KFZ-2026-1101. Product type: Motor Insurance. Coverage type: Comprehensive Coverage. Status: Active. Start date: 2026-02-01. End date: 2027-01-31. Deductible: 300 EUR. Annual premium: 1120 EUR.,"Oliver Brandt holds policy TEST-KFZ-2026-1101, a Motor Insurance policy with Comprehensive Coverage, status Active, a deductible of 300 EUR, and an annual premium of 1120 EUR.",crm-policy-question:TEST-KFZ-2026-1101,crm-policy-document:TEST-KFZ-2026-1101,customer:oliver.brandt@example.test,policy:TEST-KFZ-2026-1101,motor,,,,,,,,,,,,,,,,PENDING,CALIBRATION,lg-05df6a2320fd,English,data/synthetic/crm/policies.csv policyNumber=TEST-KFZ-2026-1101; contacts.csv emailAddress=oliver.brandt@example.test,,False,
ext-crm-pass-005,synthetic_crm,data/synthetic/crm/policies.csv,policy:TEST-HH-2026-1201,,policyNumber:TEST-HH-2026-1201,"What are the customer, policy number, product, coverage, status, deductible and annual premium?",Customer: Sophie Keller (sophie.keller@example.test). Policy number: TEST-HH-2026-1201. Product type: Household Insurance. Coverage type: Standard Coverage. Status: Active. Start date: 2026-01-15. End date: 2027-01-14. Deductible: 250 EUR. Annual premium: 210 EUR.,"Sophie Keller holds policy TEST-HH-2026-1201, a Household Insurance policy with Standard Coverage, status Active, a deductible of 250 EUR, and an annual premium of 210 EUR.",crm-policy-question:TEST-HH-2026-1201,crm-policy-document:TEST-HH-2026-1201,customer:sophie.keller@example.test,policy:TEST-HH-2026-1201,household,,,,,,,,,,,,,,,,PENDING,CALIBRATION,lg-05df6a2320fd,English,data/synthetic/crm/policies.csv policyNumber=TEST-HH-2026-1201; contacts.csv emailAddress=sophie.keller@example.test,,False,
ext-crm-pass-006,synthetic_crm,data/synthetic/crm/policies.csv,policy:TEST-RS-2026-1202,,policyNumber:TEST-RS-2026-1202,"What are the customer, policy number, product, coverage, status, deductible and annual premium?",Customer: Sophie Keller (sophie.keller@example.test). Policy number: TEST-RS-2026-1202. Product type: Legal Protection. Coverage type: Standard Coverage. Status: Pending. Start date: 2026-08-01. End date: 2027-07-31. Deductible: 150 EUR. Annual premium: 280 EUR.,"Sophie Keller holds policy TEST-RS-2026-1202, a Legal Protection policy with Standard Coverage, status Pending, a deductible of 150 EUR, and an annual premium of 280 EUR.",crm-policy-question:TEST-RS-2026-1202,crm-policy-document:TEST-RS-2026-1202,customer:sophie.keller@example.test,policy:TEST-RS-2026-1202,legal_protection,,,,,,,,,,,,,,,,PENDING,CALIBRATION,lg-05df6a2320fd,English,data/synthetic/crm/policies.csv policyNumber=TEST-RS-2026-1202; contacts.csv emailAddress=sophie.keller@example.test,,False,
ext-crm-pass-007,synthetic_crm,data/synthetic/crm/policies.csv,policy:TEST-PHV-2025-1301,,policyNumber:TEST-PHV-2025-1301,"What are the customer, policy number, product, coverage, status, deductible and annual premium?",Customer: Emil Fischer (emil.fischer@example.test). Policy number: TEST-PHV-2025-1301. Product type: Personal Liability. Coverage type: Liability. Status: Expired. Start date: 2025-01-01. End date: 2025-12-31. Deductible: 0 EUR. Annual premium: 84 EUR.,"Emil Fischer holds policy TEST-PHV-2025-1301, a Personal Liability policy with Liability, status Expired, a deductible of 0 EUR, and an annual premium of 84 EUR.",crm-policy-question:TEST-PHV-2025-1301,crm-policy-document:TEST-PHV-2025-1301,customer:emil.fischer@example.test,policy:TEST-PHV-2025-1301,liability,,,,,,,,,,,,,,,,PENDING,CALIBRATION,lg-05df6a2320fd,English,data/synthetic/crm/policies.csv policyNumber=TEST-PHV-2025-1301; contacts.csv emailAddress=emil.fischer@example.test,,False,
ext-crm-pass-008,synthetic_crm,data/synthetic/crm/policies.csv,policy:TEST-KFZ-2026-1401,,policyNumber:TEST-KFZ-2026-1401,"What are the customer, policy number, product, coverage, status, deductible and annual premium?",Customer: Hannah Vogel (hannah.vogel@example.test). Policy number: TEST-KFZ-2026-1401. Product type: Motor Insurance. Coverage type: Liability. Status: Active. Start date: 2026-03-01. End date: 2027-02-28. Deductible: 500 EUR. Annual premium: 520 EUR.,"Hannah Vogel holds policy TEST-KFZ-2026-1401, a Motor Insurance policy with Liability, status Active, a deductible of 500 EUR, and an annual premium of 520 EUR.",crm-policy-question:TEST-KFZ-2026-1401,crm-policy-document:TEST-KFZ-2026-1401,customer:hannah.vogel@example.test,policy:TEST-KFZ-2026-1401,motor,,,,,,,,,,,,,,,,PENDING,CALIBRATION,lg-05df6a2320fd,English,data/synthetic/crm/policies.csv policyNumber=TEST-KFZ-2026-1401; contacts.csv emailAddress=hannah.vogel@example.test,,False,
ext-crm-pass-009,synthetic_crm,data/synthetic/crm/policies.csv,policy:TEST-HH-2026-1402,,policyNumber:TEST-HH-2026-1402,"What are the customer, policy number, product, coverage, status, deductible and annual premium?",Customer: Hannah Vogel (hannah.vogel@example.test). Policy number: TEST-HH-2026-1402. Product type: Household Insurance. Coverage type: Standard Coverage. Status: Active. Start date: 2026-03-01. End date: 2027-02-28. Deductible: 200 EUR. Annual premium: 195 EUR.,"Hannah Vogel holds policy TEST-HH-2026-1402, a Household Insurance policy with Standard Coverage, status Active, a deductible of 200 EUR, and an annual premium of 195 EUR.",crm-policy-question:TEST-HH-2026-1402,crm-policy-document:TEST-HH-2026-1402,customer:hannah.vogel@example.test,policy:TEST-HH-2026-1402,household,,,,,,,,,,,,,,,,PENDING,CALIBRATION,lg-05df6a2320fd,English,data/synthetic/crm/policies.csv policyNumber=TEST-HH-2026-1402; contacts.csv emailAddress=hannah.vogel@example.test,,False,
ext-crm-pass-010,synthetic_crm,data/synthetic/crm/policies.csv,policy:TEST-RS-2026-1501,,policyNumber:TEST-RS-2026-1501,"What are the customer, policy number, product, coverage, status, deductible and annual premium?",Customer: Jonas Richter (jonas.richter@example.test). Policy number: TEST-RS-2026-1501. Product type: Legal Protection. Coverage type: Standard Coverage. Status: Cancelled. Start date: 2026-01-01. End date: 2026-06-30. Deductible: 150 EUR. Annual premium: 260 EUR.,"Jonas Richter holds policy TEST-RS-2026-1501, a Legal Protection policy with Standard Coverage, status Cancelled, a deductible of 150 EUR, and an annual premium of 260 EUR.",crm-policy-question:TEST-RS-2026-1501,crm-policy-document:TEST-RS-2026-1501,customer:jonas.richter@example.test,policy:TEST-RS-2026-1501,legal_protection,,,,,,,,,,,,,,,,PENDING,CALIBRATION,lg-05df6a2320fd,English,data/synthetic/crm/policies.csv policyNumber=TEST-RS-2026-1501; contacts.csv emailAddress=jonas.richter@example.test,,False,
ext-crm-pass-011,synthetic_crm,data/synthetic/crm/policies.csv,policy:TEST-PHV-2026-1601,,policyNumber:TEST-PHV-2026-1601,"What are the customer, policy number, product, coverage, status, deductible and annual premium?",Customer: Amira Hoffmann (amira.hoffmann@example.test). Policy number: TEST-PHV-2026-1601. Product type: Personal Liability. Coverage type: Liability. Status: Active. Start date: 2026-04-01. End date: 2027-03-31. Deductible: 0 EUR. Annual premium: 102 EUR.,"Amira Hoffmann holds policy TEST-PHV-2026-1601, a Personal Liability policy with Liability, status Active, a deductible of 0 EUR, and an annual premium of 102 EUR.",crm-policy-question:TEST-PHV-2026-1601,crm-policy-document:TEST-PHV-2026-1601,customer:amira.hoffmann@example.test,policy:TEST-PHV-2026-1601,liability,,,,,,,,,,,,,,,,PENDING,CALIBRATION,lg-05df6a2320fd,English,data/synthetic/crm/policies.csv policyNumber=TEST-PHV-2026-1601; contacts.csv emailAddress=amira.hoffmann@example.test,,False,
ext-crm-pass-012,synthetic_crm,data/synthetic/crm/policies.csv,policy:TEST-KFZ-2026-1701,,policyNumber:TEST-KFZ-2026-1701,"What are the customer, policy number, product, coverage, status, deductible and annual premium?",Customer: Noah Weber (noah.weber@example.test). Policy number: TEST-KFZ-2026-1701. Product type: Motor Insurance. Coverage type: Partial Coverage. Status: Active. Start date: 2026-05-01. End date: 2027-04-30. Deductible: 300 EUR. Annual premium: 735 EUR.,"Noah Weber holds policy TEST-KFZ-2026-1701, a Motor Insurance policy with Partial Coverage, status Active, a deductible of 300 EUR, and an annual premium of 735 EUR.",crm-policy-question:TEST-KFZ-2026-1701,crm-policy-document:TEST-KFZ-2026-1701,customer:noah.weber@example.test,policy:TEST-KFZ-2026-1701,motor,,,,,,,,,,,,,,,,PENDING,CALIBRATION,lg-05df6a2320fd,English,data/synthetic/crm/policies.csv policyNumber=TEST-KFZ-2026-1701; contacts.csv emailAddress=noah.weber@example.test,,False,
ext-crm-pass-013,synthetic_crm,data/synthetic/crm/policies.csv,policy:TEST-RS-2026-1702,,policyNumber:TEST-RS-2026-1702,"What are the customer, policy number, product, coverage, status, deductible and annual premium?",Customer: Noah Weber (noah.weber@example.test). Policy number: TEST-RS-2026-1702. Product type: Legal Protection. Coverage type: Standard Coverage. Status: Active. Start date: 2026-05-01. End date: 2027-04-30. Deductible: 200 EUR. Annual premium: 310 EUR.,"Noah Weber holds policy TEST-RS-2026-1702, a Legal Protection policy with Standard Coverage, status Active, a deductible of 200 EUR, and an annual premium of 310 EUR.",crm-policy-question:TEST-RS-2026-1702,crm-policy-document:TEST-RS-2026-1702,customer:noah.weber@example.test,policy:TEST-RS-2026-1702,legal_protection,,,,,,,,,,,,,,,,PENDING,CALIBRATION,lg-05df6a2320fd,English,data/synthetic/crm/policies.csv policyNumber=TEST-RS-2026-1702; contacts.csv emailAddress=noah.weber@example.test,,False,
ext-crm-pass-014,synthetic_crm,data/synthetic/crm/policies.csv,policy:TEST-HH-2026-1801,,policyNumber:TEST-HH-2026-1801,"What are the customer, policy number, product, coverage, status, deductible and annual premium?",Customer: Mila Hartmann (mila.hartmann@example.test). Policy number: TEST-HH-2026-1801. Product type: Household Insurance. Coverage type: Standard Coverage. Status: Pending. Start date: 2026-09-01. End date: 2027-08-31. Deductible: 250 EUR. Annual premium: 225 EUR.,"Mila Hartmann holds policy TEST-HH-2026-1801, a Household Insurance policy with Standard Coverage, status Pending, a deductible of 250 EUR, and an annual premium of 225 EUR.",crm-policy-question:TEST-HH-2026-1801,crm-policy-document:TEST-HH-2026-1801,customer:mila.hartmann@example.test,policy:TEST-HH-2026-1801,household,,,,,,,,,,,,,,,,PENDING,CALIBRATION,lg-05df6a2320fd,English,data/synthetic/crm/policies.csv policyNumber=TEST-HH-2026-1801; contacts.csv emailAddress=mila.hartmann@example.test,,False,
ext-crm-pass-015,synthetic_crm,data/synthetic/crm/policies.csv,policy:TEST-KFZ-2026-1901,,policyNumber:TEST-KFZ-2026-1901,"What are the customer, policy number, product, coverage, status, deductible and annual premium?",Customer: Leon Becker (leon.becker@example.test). Policy number: TEST-KFZ-2026-1901. Product type: Motor Insurance. Coverage type: Comprehensive Coverage. Status: Active. Start date: 2026-06-01. End date: 2027-05-31. Deductible: 500 EUR. Annual premium: 1290 EUR.,"Leon Becker holds policy TEST-KFZ-2026-1901, a Motor Insurance policy with Comprehensive Coverage, status Active, a deductible of 500 EUR, and an annual premium of 1290 EUR.",crm-policy-question:TEST-KFZ-2026-1901,crm-policy-document:TEST-KFZ-2026-1901,customer:leon.becker@example.test,policy:TEST-KFZ-2026-1901,motor,,,,,,,,,,,,,,,,PENDING,CALIBRATION,lg-05df6a2320fd,English,data/synthetic/crm/policies.csv policyNumber=TEST-KFZ-2026-1901; contacts.csv emailAddress=leon.becker@example.test,,False,
ext-crm-pass-016,synthetic_crm,data/synthetic/crm/policies.csv,policy:TEST-PHV-2026-1902,,policyNumber:TEST-PHV-2026-1902,"What are the customer, policy number, product, coverage, status, deductible and annual premium?",Customer: Leon Becker (leon.becker@example.test). Policy number: TEST-PHV-2026-1902. Product type: Personal Liability. Coverage type: Liability. Status: Active. Start date: 2026-06-01. End date: 2027-05-31. Deductible: 0 EUR. Annual premium: 108 EUR.,"Leon Becker holds policy TEST-PHV-2026-1902, a Personal Liability policy with Liability, status Active, a deductible of 0 EUR, and an annual premium of 108 EUR.",crm-policy-question:TEST-PHV-2026-1902,crm-policy-document:TEST-PHV-2026-1902,customer:leon.becker@example.test,policy:TEST-PHV-2026-1902,liability,,,,,,,,,,,,,,,,PENDING,CALIBRATION,lg-05df6a2320fd,English,data/synthetic/crm/policies.csv policyNumber=TEST-PHV-2026-1902; contacts.csv emailAddress=leon.becker@example.test,,False,
ext-crm-pass-017,synthetic_crm,data/synthetic/crm/policies.csv,policy:TEST-KFZ-2026-1001,,policyNumber:TEST-KFZ-2026-1001,What deductible and annual premium apply to this policy?,Customer: Lara Neumann (lara.neumann@example.test). Policy number: TEST-KFZ-2026-1001. Product type: Motor Insurance. Coverage type: Partial Coverage. Status: Active. Start date: 2026-01-01. End date: 2026-12-31. Deductible: 150 EUR. Annual premium: 684 EUR.,The deductible is 150 EUR and the annual premium is 684 EUR.,crm-policy-question:TEST-KFZ-2026-1001,crm-policy-document:TEST-KFZ-2026-1001,customer:lara.neumann@example.test,policy:TEST-KFZ-2026-1001,motor,,,,,,,,,,,,,,,,PENDING,CALIBRATION,lg-05df6a2320fd,English,data/synthetic/crm/policies.csv policyNumber=TEST-KFZ-2026-1001; contacts.csv emailAddress=lara.neumann@example.test,,False,
ext-crm-pass-018,synthetic_crm,data/synthetic/crm/policies.csv,policy:TEST-PHV-2026-1002,,policyNumber:TEST-PHV-2026-1002,What deductible and annual premium apply to this policy?,Customer: Lara Neumann (lara.neumann@example.test). Policy number: TEST-PHV-2026-1002. Product type: Personal Liability. Coverage type: Liability. Status: Active. Start date: 2026-01-01. End date: 2026-12-31. Deductible: 0 EUR. Annual premium: 96 EUR.,The deductible is 0 EUR and the annual premium is 96 EUR.,crm-policy-question:TEST-PHV-2026-1002,crm-policy-document:TEST-PHV-2026-1002,customer:lara.neumann@example.test,policy:TEST-PHV-2026-1002,liability,,,,,,,,,,,,,,,,PENDING,CALIBRATION,lg-05df6a2320fd,English,data/synthetic/crm/policies.csv policyNumber=TEST-PHV-2026-1002; contacts.csv emailAddress=lara.neumann@example.test,,False,
ext-crm-pass-019,synthetic_crm,data/synthetic/crm/policies.csv,policy:TEST-KFZ-2026-1003,,policyNumber:TEST-KFZ-2026-1003,What deductible and annual premium apply to this policy?,Customer: Lara Neumann (lara.neumann@example.test). Policy number: TEST-KFZ-2026-1003. Product type: Motor Insurance. Coverage type: Partial Coverage. Status: Active. Start date: 2026-07-01. End date: 2027-06-30. Deductible: 300 EUR. Annual premium: 720 EUR.,The deductible is 300 EUR and the annual premium is 720 EUR.,crm-policy-question:TEST-KFZ-2026-1003,crm-policy-document:TEST-KFZ-2026-1003,customer:lara.neumann@example.test,policy:TEST-KFZ-2026-1003,motor,,,,,,,,,,,,,,,,PENDING,CALIBRATION,lg-05df6a2320fd,English,data/synthetic/crm/policies.csv policyNumber=TEST-KFZ-2026-1003; contacts.csv emailAddress=lara.neumann@example.test,,False,
ext-crm-pass-020,synthetic_crm,data/synthetic/crm/policies.csv,policy:TEST-KFZ-2026-1101,,policyNumber:TEST-KFZ-2026-1101,What deductible and annual premium apply to this policy?,Customer: Oliver Brandt (oliver.brandt@example.test). Policy number: TEST-KFZ-2026-1101. Product type: Motor Insurance. Coverage type: Comprehensive Coverage. Status: Active. Start date: 2026-02-01. End date: 2027-01-31. Deductible: 300 EUR. Annual premium: 1120 EUR.,The deductible is 300 EUR and the annual premium is 1120 EUR.,crm-policy-question:TEST-KFZ-2026-1101,crm-policy-document:TEST-KFZ-2026-1101,customer:oliver.brandt@example.test,policy:TEST-KFZ-2026-1101,motor,,,,,,,,,,,,,,,,PENDING,CALIBRATION,lg-05df6a2320fd,English,data/synthetic/crm/policies.csv policyNumber=TEST-KFZ-2026-1101; contacts.csv emailAddress=oliver.brandt@example.test,,False,
ext-crm-pass-021,synthetic_crm,data/synthetic/crm/policies.csv,policy:TEST-HH-2026-1201,,policyNumber:TEST-HH-2026-1201,What deductible and annual premium apply to this policy?,Customer: Sophie Keller (sophie.keller@example.test). Policy number: TEST-HH-2026-1201. Product type: Household Insurance. Coverage type: Standard Coverage. Status: Active. Start date: 2026-01-15. End date: 2027-01-14. Deductible: 250 EUR. Annual premium: 210 EUR.,The deductible is 250 EUR and the annual premium is 210 EUR.,crm-policy-question:TEST-HH-2026-1201,crm-policy-document:TEST-HH-2026-1201,customer:sophie.keller@example.test,policy:TEST-HH-2026-1201,household,,,,,,,,,,,,,,,,PENDING,CALIBRATION,lg-05df6a2320fd,English,data/synthetic/crm/policies.csv policyNumber=TEST-HH-2026-1201; contacts.csv emailAddress=sophie.keller@example.test,,False,
ext-crm-pass-022,synthetic_crm,data/synthetic/crm/policies.csv,policy:TEST-RS-2026-1202,,policyNumber:TEST-RS-2026-1202,What deductible and annual premium apply to this policy?,Customer: Sophie Keller (sophie.keller@example.test). Policy number: TEST-RS-2026-1202. Product type: Legal Protection. Coverage type: Standard Coverage. Status: Pending. Start date: 2026-08-01. End date: 2027-07-31. Deductible: 150 EUR. Annual premium: 280 EUR.,The deductible is 150 EUR and the annual premium is 280 EUR.,crm-policy-question:TEST-RS-2026-1202,crm-policy-document:TEST-RS-2026-1202,customer:sophie.keller@example.test,policy:TEST-RS-2026-1202,legal_protection,,,,,,,,,,,,,,,,PENDING,CALIBRATION,lg-05df6a2320fd,English,data/synthetic/crm/policies.csv policyNumber=TEST-RS-2026-1202; contacts.csv emailAddress=sophie.keller@example.test,,False,
ext-crm-pass-023,synthetic_crm,data/synthetic/crm/policies.csv,policy:TEST-PHV-2025-1301,,policyNumber:TEST-PHV-2025-1301,What deductible and annual premium apply to this policy?,Customer: Emil Fischer (emil.fischer@example.test). Policy number: TEST-PHV-2025-1301. Product type: Personal Liability. Coverage type: Liability. Status: Expired. Start date: 2025-01-01. End date: 2025-12-31. Deductible: 0 EUR. Annual premium: 84 EUR.,The deductible is 0 EUR and the annual premium is 84 EUR.,crm-policy-question:TEST-PHV-2025-1301,crm-policy-document:TEST-PHV-2025-1301,customer:emil.fischer@example.test,policy:TEST-PHV-2025-1301,liability,,,,,,,,,,,,,,,,PENDING,CALIBRATION,lg-05df6a2320fd,English,data/synthetic/crm/policies.csv policyNumber=TEST-PHV-2025-1301; contacts.csv emailAddress=emil.fischer@example.test,,False,
ext-crm-pass-024,synthetic_crm,data/synthetic/crm/policies.csv,policy:TEST-KFZ-2026-1401,,policyNumber:TEST-KFZ-2026-1401,What deductible and annual premium apply to this policy?,Customer: Hannah Vogel (hannah.vogel@example.test). Policy number: TEST-KFZ-2026-1401. Product type: Motor Insurance. Coverage type: Liability. Status: Active. Start date: 2026-03-01. End date: 2027-02-28. Deductible: 500 EUR. Annual premium: 520 EUR.,The deductible is 500 EUR and the annual premium is 520 EUR.,crm-policy-question:TEST-KFZ-2026-1401,crm-policy-document:TEST-KFZ-2026-1401,customer:hannah.vogel@example.test,policy:TEST-KFZ-2026-1401,motor,,,,,,,,,,,,,,,,PENDING,CALIBRATION,lg-05df6a2320fd,English,data/synthetic/crm/policies.csv policyNumber=TEST-KFZ-2026-1401; contacts.csv emailAddress=hannah.vogel@example.test,,False,
ext-crm-pass-025,synthetic_crm,data/synthetic/crm/policies.csv,policy:TEST-HH-2026-1402,,policyNumber:TEST-HH-2026-1402,What deductible and annual premium apply to this policy?,Customer: Hannah Vogel (hannah.vogel@example.test). Policy number: TEST-HH-2026-1402. Product type: Household Insurance. Coverage type: Standard Coverage. Status: Active. Start date: 2026-03-01. End date: 2027-02-28. Deductible: 200 EUR. Annual premium: 195 EUR.,The deductible is 200 EUR and the annual premium is 195 EUR.,crm-policy-question:TEST-HH-2026-1402,crm-policy-document:TEST-HH-2026-1402,customer:hannah.vogel@example.test,policy:TEST-HH-2026-1402,household,,,,,,,,,,,,,,,,PENDING,CALIBRATION,lg-05df6a2320fd,English,data/synthetic/crm/policies.csv policyNumber=TEST-HH-2026-1402; contacts.csv emailAddress=hannah.vogel@example.test,,False,
ext-crm-pass-026,synthetic_crm,data/synthetic/crm/policies.csv,policy:TEST-RS-2026-1501,,policyNumber:TEST-RS-2026-1501,What deductible and annual premium apply to this policy?,Customer: Jonas Richter (jonas.richter@example.test). Policy number: TEST-RS-2026-1501. Product type: Legal Protection. Coverage type: Standard Coverage. Status: Cancelled. Start date: 2026-01-01. End date: 2026-06-30. Deductible: 150 EUR. Annual premium: 260 EUR.,The deductible is 150 EUR and the annual premium is 260 EUR.,crm-policy-question:TEST-RS-2026-1501,crm-policy-document:TEST-RS-2026-1501,customer:jonas.richter@example.test,policy:TEST-RS-2026-1501,legal_protection,,,,,,,,,,,,,,,,PENDING,CALIBRATION,lg-05df6a2320fd,English,data/synthetic/crm/policies.csv policyNumber=TEST-RS-2026-1501; contacts.csv emailAddress=jonas.richter@example.test,,False,
ext-crm-pass-027,synthetic_crm,data/synthetic/crm/policies.csv,policy:TEST-PHV-2026-1601,,policyNumber:TEST-PHV-2026-1601,What deductible and annual premium apply to this policy?,Customer: Amira Hoffmann (amira.hoffmann@example.test). Policy number: TEST-PHV-2026-1601. Product type: Personal Liability. Coverage type: Liability. Status: Active. Start date: 2026-04-01. End date: 2027-03-31. Deductible: 0 EUR. Annual premium: 102 EUR.,The deductible is 0 EUR and the annual premium is 102 EUR.,crm-policy-question:TEST-PHV-2026-1601,crm-policy-document:TEST-PHV-2026-1601,customer:amira.hoffmann@example.test,policy:TEST-PHV-2026-1601,liability,,,,,,,,,,,,,,,,PENDING,CALIBRATION,lg-05df6a2320fd,English,data/synthetic/crm/policies.csv policyNumber=TEST-PHV-2026-1601; contacts.csv emailAddress=amira.hoffmann@example.test,,False,
ext-crm-pass-028,synthetic_crm,data/synthetic/crm/policies.csv,policy:TEST-KFZ-2026-1701,,policyNumber:TEST-KFZ-2026-1701,What deductible and annual premium apply to this policy?,Customer: Noah Weber (noah.weber@example.test). Policy number: TEST-KFZ-2026-1701. Product type: Motor Insurance. Coverage type: Partial Coverage. Status: Active. Start date: 2026-05-01. End date: 2027-04-30. Deductible: 300 EUR. Annual premium: 735 EUR.,The deductible is 300 EUR and the annual premium is 735 EUR.,crm-policy-question:TEST-KFZ-2026-1701,crm-policy-document:TEST-KFZ-2026-1701,customer:noah.weber@example.test,policy:TEST-KFZ-2026-1701,motor,,,,,,,,,,,,,,,,PENDING,CALIBRATION,lg-05df6a2320fd,English,data/synthetic/crm/policies.csv policyNumber=TEST-KFZ-2026-1701; contacts.csv emailAddress=noah.weber@example.test,,False,
ext-crm-pass-029,synthetic_crm,data/synthetic/crm/policies.csv,policy:TEST-RS-2026-1702,,policyNumber:TEST-RS-2026-1702,What deductible and annual premium apply to this policy?,Customer: Noah Weber (noah.weber@example.test). Policy number: TEST-RS-2026-1702. Product type: Legal Protection. Coverage type: Standard Coverage. Status: Active. Start date: 2026-05-01. End date: 2027-04-30. Deductible: 200 EUR. Annual premium: 310 EUR.,The deductible is 200 EUR and the annual premium is 310 EUR.,crm-policy-question:TEST-RS-2026-1702,crm-policy-document:TEST-RS-2026-1702,customer:noah.weber@example.test,policy:TEST-RS-2026-1702,legal_protection,,,,,,,,,,,,,,,,PENDING,CALIBRATION,lg-05df6a2320fd,English,data/synthetic/crm/policies.csv policyNumber=TEST-RS-2026-1702; contacts.csv emailAddress=noah.weber@example.test,,False,
ext-crm-pass-030,synthetic_crm,data/synthetic/crm/policies.csv,policy:TEST-HH-2026-1801,,policyNumber:TEST-HH-2026-1801,What deductible and annual premium apply to this policy?,Customer: Mila Hartmann (mila.hartmann@example.test). Policy number: TEST-HH-2026-1801. Product type: Household Insurance. Coverage type: Standard Coverage. Status: Pending. Start date: 2026-09-01. End date: 2027-08-31. Deductible: 250 EUR. Annual premium: 225 EUR.,The deductible is 250 EUR and the annual premium is 225 EUR.,crm-policy-question:TEST-HH-2026-1801,crm-policy-document:TEST-HH-2026-1801,customer:mila.hartmann@example.test,policy:TEST-HH-2026-1801,household,,,,,,,,,,,,,,,,PENDING,CALIBRATION,lg-05df6a2320fd,English,data/synthetic/crm/policies.csv policyNumber=TEST-HH-2026-1801; contacts.csv emailAddress=mila.hartmann@example.test,,False,
ext-crm-pass-031,synthetic_crm,data/synthetic/crm/policies.csv,policy:TEST-KFZ-2026-1901,,policyNumber:TEST-KFZ-2026-1901,What deductible and annual premium apply to this policy?,Customer: Leon Becker (leon.becker@example.test). Policy number: TEST-KFZ-2026-1901. Product type: Motor Insurance. Coverage type: Comprehensive Coverage. Status: Active. Start date: 2026-06-01. End date: 2027-05-31. Deductible: 500 EUR. Annual premium: 1290 EUR.,The deductible is 500 EUR and the annual premium is 1290 EUR.,crm-policy-question:TEST-KFZ-2026-1901,crm-policy-document:TEST-KFZ-2026-1901,customer:leon.becker@example.test,policy:TEST-KFZ-2026-1901,motor,,,,,,,,,,,,,,,,PENDING,CALIBRATION,lg-05df6a2320fd,English,data/synthetic/crm/policies.csv policyNumber=TEST-KFZ-2026-1901; contacts.csv emailAddress=leon.becker@example.test,,False,
ext-crm-pass-032,synthetic_crm,data/synthetic/crm/policies.csv,policy:TEST-PHV-2026-1902,,policyNumber:TEST-PHV-2026-1902,What deductible and annual premium apply to this policy?,Customer: Leon Becker (leon.becker@example.test). Policy number: TEST-PHV-2026-1902. Product type: Personal Liability. Coverage type: Liability. Status: Active. Start date: 2026-06-01. End date: 2027-05-31. Deductible: 0 EUR. Annual premium: 108 EUR.,The deductible is 0 EUR and the annual premium is 108 EUR.,crm-policy-question:TEST-PHV-2026-1902,crm-policy-document:TEST-PHV-2026-1902,customer:leon.becker@example.test,policy:TEST-PHV-2026-1902,liability,,,,,,,,,,,,,,,,PENDING,CALIBRATION,lg-05df6a2320fd,English,data/synthetic/crm/policies.csv policyNumber=TEST-PHV-2026-1902; contacts.csv emailAddress=leon.becker@example.test,,False,
ext-crm-pass-033,synthetic_crm,data/synthetic/crm/policies.csv,policy:TEST-KFZ-2026-1001,,policyNumber:TEST-KFZ-2026-1001,"What are the coverage type, policy status and contract dates?",Customer: Lara Neumann (lara.neumann@example.test). Policy number: TEST-KFZ-2026-1001. Product type: Motor Insurance. Coverage type: Partial Coverage. Status: Active. Start date: 2026-01-01. End date: 2026-12-31. Deductible: 150 EUR. Annual premium: 684 EUR.,The coverage type is Partial Coverage; the policy is Active from 2026-01-01 through 2026-12-31.,crm-policy-question:TEST-KFZ-2026-1001,crm-policy-document:TEST-KFZ-2026-1001,customer:lara.neumann@example.test,policy:TEST-KFZ-2026-1001,motor,,,,,,,,,,,,,,,,PENDING,CALIBRATION,lg-05df6a2320fd,English,data/synthetic/crm/policies.csv policyNumber=TEST-KFZ-2026-1001; contacts.csv emailAddress=lara.neumann@example.test,,False,
ext-crm-pass-034,synthetic_crm,data/synthetic/crm/policies.csv,policy:TEST-PHV-2026-1002,,policyNumber:TEST-PHV-2026-1002,"What are the coverage type, policy status and contract dates?",Customer: Lara Neumann (lara.neumann@example.test). Policy number: TEST-PHV-2026-1002. Product type: Personal Liability. Coverage type: Liability. Status: Active. Start date: 2026-01-01. End date: 2026-12-31. Deductible: 0 EUR. Annual premium: 96 EUR.,The coverage type is Liability; the policy is Active from 2026-01-01 through 2026-12-31.,crm-policy-question:TEST-PHV-2026-1002,crm-policy-document:TEST-PHV-2026-1002,customer:lara.neumann@example.test,policy:TEST-PHV-2026-1002,liability,,,,,,,,,,,,,,,,PENDING,CALIBRATION,lg-05df6a2320fd,English,data/synthetic/crm/policies.csv policyNumber=TEST-PHV-2026-1002; contacts.csv emailAddress=lara.neumann@example.test,,False,
ext-crm-pass-035,synthetic_crm,data/synthetic/crm/policies.csv,policy:TEST-KFZ-2026-1003,,policyNumber:TEST-KFZ-2026-1003,"What are the coverage type, policy status and contract dates?",Customer: Lara Neumann (lara.neumann@example.test). Policy number: TEST-KFZ-2026-1003. Product type: Motor Insurance. Coverage type: Partial Coverage. Status: Active. Start date: 2026-07-01. End date: 2027-06-30. Deductible: 300 EUR. Annual premium: 720 EUR.,The coverage type is Partial Coverage; the policy is Active from 2026-07-01 through 2027-06-30.,crm-policy-question:TEST-KFZ-2026-1003,crm-policy-document:TEST-KFZ-2026-1003,customer:lara.neumann@example.test,policy:TEST-KFZ-2026-1003,motor,,,,,,,,,,,,,,,,PENDING,CALIBRATION,lg-05df6a2320fd,English,data/synthetic/crm/policies.csv policyNumber=TEST-KFZ-2026-1003; contacts.csv emailAddress=lara.neumann@example.test,,False,
ext-crm-pass-036,synthetic_crm,data/synthetic/crm/policies.csv,policy:TEST-KFZ-2026-1101,,policyNumber:TEST-KFZ-2026-1101,"What are the coverage type, policy status and contract dates?",Customer: Oliver Brandt (oliver.brandt@example.test). Policy number: TEST-KFZ-2026-1101. Product type: Motor Insurance. Coverage type: Comprehensive Coverage. Status: Active. Start date: 2026-02-01. End date: 2027-01-31. Deductible: 300 EUR. Annual premium: 1120 EUR.,The coverage type is Comprehensive Coverage; the policy is Active from 2026-02-01 through 2027-01-31.,crm-policy-question:TEST-KFZ-2026-1101,crm-policy-document:TEST-KFZ-2026-1101,customer:oliver.brandt@example.test,policy:TEST-KFZ-2026-1101,motor,,,,,,,,,,,,,,,,PENDING,CALIBRATION,lg-05df6a2320fd,English,data/synthetic/crm/policies.csv policyNumber=TEST-KFZ-2026-1101; contacts.csv emailAddress=oliver.brandt@example.test,,False,
ext-crm-pass-037,synthetic_crm,data/synthetic/crm/policies.csv,policy:TEST-HH-2026-1201,,policyNumber:TEST-HH-2026-1201,"What are the coverage type, policy status and contract dates?",Customer: Sophie Keller (sophie.keller@example.test). Policy number: TEST-HH-2026-1201. Product type: Household Insurance. Coverage type: Standard Coverage. Status: Active. Start date: 2026-01-15. End date: 2027-01-14. Deductible: 250 EUR. Annual premium: 210 EUR.,The coverage type is Standard Coverage; the policy is Active from 2026-01-15 through 2027-01-14.,crm-policy-question:TEST-HH-2026-1201,crm-policy-document:TEST-HH-2026-1201,customer:sophie.keller@example.test,policy:TEST-HH-2026-1201,household,,,,,,,,,,,,,,,,PENDING,CALIBRATION,lg-05df6a2320fd,English,data/synthetic/crm/policies.csv policyNumber=TEST-HH-2026-1201; contacts.csv emailAddress=sophie.keller@example.test,,False,
ext-crm-pass-038,synthetic_crm,data/synthetic/crm/policies.csv,policy:TEST-RS-2026-1202,,policyNumber:TEST-RS-2026-1202,"What are the coverage type, policy status and contract dates?",Customer: Sophie Keller (sophie.keller@example.test). Policy number: TEST-RS-2026-1202. Product type: Legal Protection. Coverage type: Standard Coverage. Status: Pending. Start date: 2026-08-01. End date: 2027-07-31. Deductible: 150 EUR. Annual premium: 280 EUR.,The coverage type is Standard Coverage; the policy is Pending from 2026-08-01 through 2027-07-31.,crm-policy-question:TEST-RS-2026-1202,crm-policy-document:TEST-RS-2026-1202,customer:sophie.keller@example.test,policy:TEST-RS-2026-1202,legal_protection,,,,,,,,,,,,,,,,PENDING,CALIBRATION,lg-05df6a2320fd,English,data/synthetic/crm/policies.csv policyNumber=TEST-RS-2026-1202; contacts.csv emailAddress=sophie.keller@example.test,,False,
ext-crm-pass-039,synthetic_crm,data/synthetic/crm/policies.csv,policy:TEST-PHV-2025-1301,,policyNumber:TEST-PHV-2025-1301,"What are the coverage type, policy status and contract dates?",Customer: Emil Fischer (emil.fischer@example.test). Policy number: TEST-PHV-2025-1301. Product type: Personal Liability. Coverage type: Liability. Status: Expired. Start date: 2025-01-01. End date: 2025-12-31. Deductible: 0 EUR. Annual premium: 84 EUR.,The coverage type is Liability; the policy is Expired from 2025-01-01 through 2025-12-31.,crm-policy-question:TEST-PHV-2025-1301,crm-policy-document:TEST-PHV-2025-1301,customer:emil.fischer@example.test,policy:TEST-PHV-2025-1301,liability,,,,,,,,,,,,,,,,PENDING,CALIBRATION,lg-05df6a2320fd,English,data/synthetic/crm/policies.csv policyNumber=TEST-PHV-2025-1301; contacts.csv emailAddress=emil.fischer@example.test,,False,
ext-crm-pass-040,synthetic_crm,data/synthetic/crm/policies.csv,policy:TEST-KFZ-2026-1401,,policyNumber:TEST-KFZ-2026-1401,"What are the coverage type, policy status and contract dates?",Customer: Hannah Vogel (hannah.vogel@example.test). Policy number: TEST-KFZ-2026-1401. Product type: Motor Insurance. Coverage type: Liability. Status: Active. Start date: 2026-03-01. End date: 2027-02-28. Deductible: 500 EUR. Annual premium: 520 EUR.,The coverage type is Liability; the policy is Active from 2026-03-01 through 2027-02-28.,crm-policy-question:TEST-KFZ-2026-1401,crm-policy-document:TEST-KFZ-2026-1401,customer:hannah.vogel@example.test,policy:TEST-KFZ-2026-1401,motor,,,,,,,,,,,,,,,,PENDING,CALIBRATION,lg-05df6a2320fd,English,data/synthetic/crm/policies.csv policyNumber=TEST-KFZ-2026-1401; contacts.csv emailAddress=hannah.vogel@example.test,,False,
ext-crm-pass-041,synthetic_crm,data/synthetic/crm/policies.csv,policy:TEST-HH-2026-1402,,policyNumber:TEST-HH-2026-1402,"What are the coverage type, policy status and contract dates?",Customer: Hannah Vogel (hannah.vogel@example.test). Policy number: TEST-HH-2026-1402. Product type: Household Insurance. Coverage type: Standard Coverage. Status: Active. Start date: 2026-03-01. End date: 2027-02-28. Deductible: 200 EUR. Annual premium: 195 EUR.,The coverage type is Standard Coverage; the policy is Active from 2026-03-01 through 2027-02-28.,crm-policy-question:TEST-HH-2026-1402,crm-policy-document:TEST-HH-2026-1402,customer:hannah.vogel@example.test,policy:TEST-HH-2026-1402,household,,,,,,,,,,,,,,,,PENDING,CALIBRATION,lg-05df6a2320fd,English,data/synthetic/crm/policies.csv policyNumber=TEST-HH-2026-1402; contacts.csv emailAddress=hannah.vogel@example.test,,False,
ext-crm-pass-042,synthetic_crm,data/synthetic/crm/policies.csv,policy:TEST-RS-2026-1501,,policyNumber:TEST-RS-2026-1501,"What are the coverage type, policy status and contract dates?",Customer: Jonas Richter (jonas.richter@example.test). Policy number: TEST-RS-2026-1501. Product type: Legal Protection. Coverage type: Standard Coverage. Status: Cancelled. Start date: 2026-01-01. End date: 2026-06-30. Deductible: 150 EUR. Annual premium: 260 EUR.,The coverage type is Standard Coverage; the policy is Cancelled from 2026-01-01 through 2026-06-30.,crm-policy-question:TEST-RS-2026-1501,crm-policy-document:TEST-RS-2026-1501,customer:jonas.richter@example.test,policy:TEST-RS-2026-1501,legal_protection,,,,,,,,,,,,,,,,PENDING,CALIBRATION,lg-05df6a2320fd,English,data/synthetic/crm/policies.csv policyNumber=TEST-RS-2026-1501; contacts.csv emailAddress=jonas.richter@example.test,,False,
ext-crm-pass-043,synthetic_crm,data/synthetic/crm/policies.csv,policy:TEST-PHV-2026-1601,,policyNumber:TEST-PHV-2026-1601,"What are the coverage type, policy status and contract dates?",Customer: Amira Hoffmann (amira.hoffmann@example.test). Policy number: TEST-PHV-2026-1601. Product type: Personal Liability. Coverage type: Liability. Status: Active. Start date: 2026-04-01. End date: 2027-03-31. Deductible: 0 EUR. Annual premium: 102 EUR.,The coverage type is Liability; the policy is Active from 2026-04-01 through 2027-03-31.,crm-policy-question:TEST-PHV-2026-1601,crm-policy-document:TEST-PHV-2026-1601,customer:amira.hoffmann@example.test,policy:TEST-PHV-2026-1601,liability,,,,,,,,,,,,,,,,PENDING,CALIBRATION,lg-05df6a2320fd,English,data/synthetic/crm/policies.csv policyNumber=TEST-PHV-2026-1601; contacts.csv emailAddress=amira.hoffmann@example.test,,False,
ext-crm-pass-044,synthetic_crm,data/synthetic/crm/policies.csv,policy:TEST-KFZ-2026-1701,,policyNumber:TEST-KFZ-2026-1701,"What are the coverage type, policy status and contract dates?",Customer: Noah Weber (noah.weber@example.test). Policy number: TEST-KFZ-2026-1701. Product type: Motor Insurance. Coverage type: Partial Coverage. Status: Active. Start date: 2026-05-01. End date: 2027-04-30. Deductible: 300 EUR. Annual premium: 735 EUR.,The coverage type is Partial Coverage; the policy is Active from 2026-05-01 through 2027-04-30.,crm-policy-question:TEST-KFZ-2026-1701,crm-policy-document:TEST-KFZ-2026-1701,customer:noah.weber@example.test,policy:TEST-KFZ-2026-1701,motor,,,,,,,,,,,,,,,,PENDING,CALIBRATION,lg-05df6a2320fd,English,data/synthetic/crm/policies.csv policyNumber=TEST-KFZ-2026-1701; contacts.csv emailAddress=noah.weber@example.test,,False,
ext-crm-pass-045,synthetic_crm,data/synthetic/crm/policies.csv,policy:TEST-RS-2026-1702,,policyNumber:TEST-RS-2026-1702,"What are the coverage type, policy status and contract dates?",Customer: Noah Weber (noah.weber@example.test). Policy number: TEST-RS-2026-1702. Product type: Legal Protection. Coverage type: Standard Coverage. Status: Active. Start date: 2026-05-01. End date: 2027-04-30. Deductible: 200 EUR. Annual premium: 310 EUR.,The coverage type is Standard Coverage; the policy is Active from 2026-05-01 through 2027-04-30.,crm-policy-question:TEST-RS-2026-1702,crm-policy-document:TEST-RS-2026-1702,customer:noah.weber@example.test,policy:TEST-RS-2026-1702,legal_protection,,,,,,,,,,,,,,,,PENDING,CALIBRATION,lg-05df6a2320fd,English,data/synthetic/crm/policies.csv policyNumber=TEST-RS-2026-1702; contacts.csv emailAddress=noah.weber@example.test,,False,
ext-crm-pass-046,synthetic_crm,data/synthetic/crm/policies.csv,policy:TEST-HH-2026-1801,,policyNumber:TEST-HH-2026-1801,"What are the coverage type, policy status and contract dates?",Customer: Mila Hartmann (mila.hartmann@example.test). Policy number: TEST-HH-2026-1801. Product type: Household Insurance. Coverage type: Standard Coverage. Status: Pending. Start date: 2026-09-01. End date: 2027-08-31. Deductible: 250 EUR. Annual premium: 225 EUR.,The coverage type is Standard Coverage; the policy is Pending from 2026-09-01 through 2027-08-31.,crm-policy-question:TEST-HH-2026-1801,crm-policy-document:TEST-HH-2026-1801,customer:mila.hartmann@example.test,policy:TEST-HH-2026-1801,household,,,,,,,,,,,,,,,,PENDING,CALIBRATION,lg-05df6a2320fd,English,data/synthetic/crm/policies.csv policyNumber=TEST-HH-2026-1801; contacts.csv emailAddress=mila.hartmann@example.test,,False,
ext-crm-pass-047,synthetic_crm,data/synthetic/crm/policies.csv,policy:TEST-KFZ-2026-1901,,policyNumber:TEST-KFZ-2026-1901,"What are the coverage type, policy status and contract dates?",Customer: Leon Becker (leon.becker@example.test). Policy number: TEST-KFZ-2026-1901. Product type: Motor Insurance. Coverage type: Comprehensive Coverage. Status: Active. Start date: 2026-06-01. End date: 2027-05-31. Deductible: 500 EUR. Annual premium: 1290 EUR.,The coverage type is Comprehensive Coverage; the policy is Active from 2026-06-01 through 2027-05-31.,crm-policy-question:TEST-KFZ-2026-1901,crm-policy-document:TEST-KFZ-2026-1901,customer:leon.becker@example.test,policy:TEST-KFZ-2026-1901,motor,,,,,,,,,,,,,,,,PENDING,CALIBRATION,lg-05df6a2320fd,English,data/synthetic/crm/policies.csv policyNumber=TEST-KFZ-2026-1901; contacts.csv emailAddress=leon.becker@example.test,,False,
ext-crm-pass-048,synthetic_crm,data/synthetic/crm/policies.csv,policy:TEST-PHV-2026-1902,,policyNumber:TEST-PHV-2026-1902,"What are the coverage type, policy status and contract dates?",Customer: Leon Becker (leon.becker@example.test). Policy number: TEST-PHV-2026-1902. Product type: Personal Liability. Coverage type: Liability. Status: Active. Start date: 2026-06-01. End date: 2027-05-31. Deductible: 0 EUR. Annual premium: 108 EUR.,The coverage type is Liability; the policy is Active from 2026-06-01 through 2027-05-31.,crm-policy-question:TEST-PHV-2026-1902,crm-policy-document:TEST-PHV-2026-1902,customer:leon.becker@example.test,policy:TEST-PHV-2026-1902,liability,,,,,,,,,,,,,,,,PENDING,CALIBRATION,lg-05df6a2320fd,English,data/synthetic/crm/policies.csv policyNumber=TEST-PHV-2026-1902; contacts.csv emailAddress=leon.becker@example.test,,False,
ext-crm-pass-049,synthetic_crm,data/synthetic/crm/policies.csv,customer:lara.neumann@example.test,,customer_policy_set:lara.neumann@example.test,"As of 2026-08-01, what is Lara Neumann's current motor policy?","Customer: Lara Neumann (lara.neumann@example.test). Policy number: TEST-KFZ-2026-1001. Product type: Motor Insurance. Coverage type: Partial Coverage. Status: Active. Start date: 2026-01-01. End date: 2026-12-31. Deductible: 150 EUR. Annual premium: 684 EUR.
---
Customer: Lara Neumann (lara.neumann@example.test). Policy number: TEST-PHV-2026-1002. Product type: Personal Liability. Coverage type: Liability. Status: Active. Start date: 2026-01-01. End date: 2026-12-31. Deductible: 0 EUR. Annual premium: 96 EUR.
---
Customer: Lara Neumann (lara.neumann@example.test). Policy number: TEST-KFZ-2026-1003. Product type: Motor Insurance. Coverage type: Partial Coverage. Status: Active. Start date: 2026-07-01. End date: 2027-06-30. Deductible: 300 EUR. Annual premium: 720 EUR.","Lara Neumann's current motor policy is TEST-KFZ-2026-1003 with Partial Coverage, a 300 EUR deductible and a 720 EUR annual premium.",crm-current-policy:lara-neumann,crm-policy-version-family:lara-motor,customer:lara.neumann@example.test,policy-version-family:lara-motor,motor,,,,,,,,,,,,,,,,PENDING,CALIBRATION,lg-05df6a2320fd,English,policies.csv: Lara Neumann policy set; reference date 2026-08-01,,False,
ext-crm-pass-050,synthetic_crm,data/synthetic/crm/claims.csv,claim:TEST-CLM-2026-2001,,claimNumber:TEST-CLM-2026-2001,"What are the claim number, policy number, damage type, claimed amount and current status?",Customer: Lara Neumann. Claim number: TEST-CLM-2026-2001. Policy number: TEST-KFZ-2026-1001. Claim date: 2026-07-10. Damage type: Glass Damage. Claimed amount: 780 EUR. Status: Under Review.,"Claim TEST-CLM-2026-2001 concerns Glass Damage under policy TEST-KFZ-2026-1001, with 780 EUR claimed and status Under Review.",crm-claim-question:TEST-CLM-2026-2001,crm-claim-document:TEST-CLM-2026-2001,customer:lara.neumann@example.test,policy:TEST-KFZ-2026-1001,motor,,,,,,,,,,,,,,,,PENDING,CALIBRATION,lg-05df6a2320fd,English,claims.csv claimNumber=TEST-CLM-2026-2001,,False,
ext-crm-fail-001,synthetic_crm,data/synthetic/crm/policies.csv,policy:TEST-KFZ-2026-1001,,policyNumber:TEST-KFZ-2026-1001,Which customer holds the policy shown in the context?,Customer: Lara Neumann (lara.neumann@example.test). Policy number: TEST-KFZ-2026-1001. Product type: Motor Insurance. Coverage type: Partial Coverage. Status: Active. Start date: 2026-01-01. End date: 2026-12-31. Deductible: 150 EUR. Annual premium: 684 EUR.,The policy belongs to Oliver Brandt.,crm-policy-question:TEST-KFZ-2026-1001,crm-policy-document:TEST-KFZ-2026-1001,customer:lara.neumann@example.test,policy:TEST-KFZ-2026-1001,motor,,,,,,,,,,,,,,,,PENDING,CALIBRATION,lg-05df6a2320fd,English,data/synthetic/crm/policies.csv policyNumber=TEST-KFZ-2026-1001; contacts.csv emailAddress=lara.neumann@example.test,,False,
ext-crm-fail-002,synthetic_crm,data/synthetic/crm/policies.csv,policy:TEST-PHV-2026-1002,,policyNumber:TEST-PHV-2026-1002,Which customer holds the policy shown in the context?,Customer: Lara Neumann (lara.neumann@example.test). Policy number: TEST-PHV-2026-1002. Product type: Personal Liability. Coverage type: Liability. Status: Active. Start date: 2026-01-01. End date: 2026-12-31. Deductible: 0 EUR. Annual premium: 96 EUR.,The policy belongs to Oliver Brandt.,crm-policy-question:TEST-PHV-2026-1002,crm-policy-document:TEST-PHV-2026-1002,customer:lara.neumann@example.test,policy:TEST-PHV-2026-1002,liability,,,,,,,,,,,,,,,,PENDING,CALIBRATION,lg-05df6a2320fd,English,data/synthetic/crm/policies.csv policyNumber=TEST-PHV-2026-1002; contacts.csv emailAddress=lara.neumann@example.test,,False,
ext-crm-fail-003,synthetic_crm,data/synthetic/crm/policies.csv,policy:TEST-KFZ-2026-1003,,policyNumber:TEST-KFZ-2026-1003,Which customer holds the policy shown in the context?,Customer: Lara Neumann (lara.neumann@example.test). Policy number: TEST-KFZ-2026-1003. Product type: Motor Insurance. Coverage type: Partial Coverage. Status: Active. Start date: 2026-07-01. End date: 2027-06-30. Deductible: 300 EUR. Annual premium: 720 EUR.,The policy belongs to Oliver Brandt.,crm-policy-question:TEST-KFZ-2026-1003,crm-policy-document:TEST-KFZ-2026-1003,customer:lara.neumann@example.test,policy:TEST-KFZ-2026-1003,motor,,,,,,,,,,,,,,,,PENDING,CALIBRATION,lg-05df6a2320fd,English,data/synthetic/crm/policies.csv policyNumber=TEST-KFZ-2026-1003; contacts.csv emailAddress=lara.neumann@example.test,,False,
ext-crm-fail-004,synthetic_crm,data/synthetic/crm/policies.csv,policy:TEST-KFZ-2026-1101,,policyNumber:TEST-KFZ-2026-1101,Which customer holds the policy shown in the context?,Customer: Oliver Brandt (oliver.brandt@example.test). Policy number: TEST-KFZ-2026-1101. Product type: Motor Insurance. Coverage type: Comprehensive Coverage. Status: Active. Start date: 2026-02-01. End date: 2027-01-31. Deductible: 300 EUR. Annual premium: 1120 EUR.,The policy belongs to Lara Neumann.,crm-policy-question:TEST-KFZ-2026-1101,crm-policy-document:TEST-KFZ-2026-1101,customer:oliver.brandt@example.test,policy:TEST-KFZ-2026-1101,motor,,,,,,,,,,,,,,,,PENDING,CALIBRATION,lg-05df6a2320fd,English,data/synthetic/crm/policies.csv policyNumber=TEST-KFZ-2026-1101; contacts.csv emailAddress=oliver.brandt@example.test,,False,
ext-crm-fail-005,synthetic_crm,data/synthetic/crm/policies.csv,policy:TEST-HH-2026-1201,,policyNumber:TEST-HH-2026-1201,Which customer holds the policy shown in the context?,Customer: Sophie Keller (sophie.keller@example.test). Policy number: TEST-HH-2026-1201. Product type: Household Insurance. Coverage type: Standard Coverage. Status: Active. Start date: 2026-01-15. End date: 2027-01-14. Deductible: 250 EUR. Annual premium: 210 EUR.,The policy belongs to Lara Neumann.,crm-policy-question:TEST-HH-2026-1201,crm-policy-document:TEST-HH-2026-1201,customer:sophie.keller@example.test,policy:TEST-HH-2026-1201,household,,,,,,,,,,,,,,,,PENDING,CALIBRATION,lg-05df6a2320fd,English,data/synthetic/crm/policies.csv policyNumber=TEST-HH-2026-1201; contacts.csv emailAddress=sophie.keller@example.test,,False,
ext-crm-fail-006,synthetic_crm,data/synthetic/crm/policies.csv,policy:TEST-RS-2026-1202,,policyNumber:TEST-RS-2026-1202,Which customer holds the policy shown in the context?,Customer: Sophie Keller (sophie.keller@example.test). Policy number: TEST-RS-2026-1202. Product type: Legal Protection. Coverage type: Standard Coverage. Status: Pending. Start date: 2026-08-01. End date: 2027-07-31. Deductible: 150 EUR. Annual premium: 280 EUR.,The policy belongs to Lara Neumann.,crm-policy-question:TEST-RS-2026-1202,crm-policy-document:TEST-RS-2026-1202,customer:sophie.keller@example.test,policy:TEST-RS-2026-1202,legal_protection,,,,,,,,,,,,,,,,PENDING,CALIBRATION,lg-05df6a2320fd,English,data/synthetic/crm/policies.csv policyNumber=TEST-RS-2026-1202; contacts.csv emailAddress=sophie.keller@example.test,,False,
ext-crm-fail-007,synthetic_crm,data/synthetic/crm/policies.csv,policy:TEST-PHV-2025-1301,,policyNumber:TEST-PHV-2025-1301,Which customer holds the policy shown in the context?,Customer: Emil Fischer (emil.fischer@example.test). Policy number: TEST-PHV-2025-1301. Product type: Personal Liability. Coverage type: Liability. Status: Expired. Start date: 2025-01-01. End date: 2025-12-31. Deductible: 0 EUR. Annual premium: 84 EUR.,The policy belongs to Lara Neumann.,crm-policy-question:TEST-PHV-2025-1301,crm-policy-document:TEST-PHV-2025-1301,customer:emil.fischer@example.test,policy:TEST-PHV-2025-1301,liability,,,,,,,,,,,,,,,,PENDING,CALIBRATION,lg-05df6a2320fd,English,data/synthetic/crm/policies.csv policyNumber=TEST-PHV-2025-1301; contacts.csv emailAddress=emil.fischer@example.test,,False,
ext-crm-fail-008,synthetic_crm,data/synthetic/crm/policies.csv,policy:TEST-KFZ-2026-1401,,policyNumber:TEST-KFZ-2026-1401,Which customer holds the policy shown in the context?,Customer: Hannah Vogel (hannah.vogel@example.test). Policy number: TEST-KFZ-2026-1401. Product type: Motor Insurance. Coverage type: Liability. Status: Active. Start date: 2026-03-01. End date: 2027-02-28. Deductible: 500 EUR. Annual premium: 520 EUR.,The policy belongs to Lara Neumann.,crm-policy-question:TEST-KFZ-2026-1401,crm-policy-document:TEST-KFZ-2026-1401,customer:hannah.vogel@example.test,policy:TEST-KFZ-2026-1401,motor,,,,,,,,,,,,,,,,PENDING,CALIBRATION,lg-05df6a2320fd,English,data/synthetic/crm/policies.csv policyNumber=TEST-KFZ-2026-1401; contacts.csv emailAddress=hannah.vogel@example.test,,False,
ext-crm-fail-009,synthetic_crm,data/synthetic/crm/policies.csv,policy:TEST-HH-2026-1402,,policyNumber:TEST-HH-2026-1402,Which customer holds the policy shown in the context?,Customer: Hannah Vogel (hannah.vogel@example.test). Policy number: TEST-HH-2026-1402. Product type: Household Insurance. Coverage type: Standard Coverage. Status: Active. Start date: 2026-03-01. End date: 2027-02-28. Deductible: 200 EUR. Annual premium: 195 EUR.,The policy belongs to Lara Neumann.,crm-policy-question:TEST-HH-2026-1402,crm-policy-document:TEST-HH-2026-1402,customer:hannah.vogel@example.test,policy:TEST-HH-2026-1402,household,,,,,,,,,,,,,,,,PENDING,CALIBRATION,lg-05df6a2320fd,English,data/synthetic/crm/policies.csv policyNumber=TEST-HH-2026-1402; contacts.csv emailAddress=hannah.vogel@example.test,,False,
ext-crm-fail-010,synthetic_crm,data/synthetic/crm/policies.csv,policy:TEST-RS-2026-1501,,policyNumber:TEST-RS-2026-1501,Which customer holds the policy shown in the context?,Customer: Jonas Richter (jonas.richter@example.test). Policy number: TEST-RS-2026-1501. Product type: Legal Protection. Coverage type: Standard Coverage. Status: Cancelled. Start date: 2026-01-01. End date: 2026-06-30. Deductible: 150 EUR. Annual premium: 260 EUR.,The policy belongs to Lara Neumann.,crm-policy-question:TEST-RS-2026-1501,crm-policy-document:TEST-RS-2026-1501,customer:jonas.richter@example.test,policy:TEST-RS-2026-1501,legal_protection,,,,,,,,,,,,,,,,PENDING,CALIBRATION,lg-05df6a2320fd,English,data/synthetic/crm/policies.csv policyNumber=TEST-RS-2026-1501; contacts.csv emailAddress=jonas.richter@example.test,,False,
ext-crm-fail-011,synthetic_crm,data/synthetic/crm/policies.csv,policy:TEST-PHV-2026-1601,,policyNumber:TEST-PHV-2026-1601,What is the policy number?,Customer: Amira Hoffmann (amira.hoffmann@example.test). Policy number: TEST-PHV-2026-1601. Product type: Personal Liability. Coverage type: Liability. Status: Active. Start date: 2026-04-01. End date: 2027-03-31. Deductible: 0 EUR. Annual premium: 102 EUR.,The policy number is TEST-KFZ-2026-1001.,crm-policy-question:TEST-PHV-2026-1601,crm-policy-document:TEST-PHV-2026-1601,customer:amira.hoffmann@example.test,policy:TEST-PHV-2026-1601,liability,,,,,,,,,,,,,,,,PENDING,CALIBRATION,lg-05df6a2320fd,English,data/synthetic/crm/policies.csv policyNumber=TEST-PHV-2026-1601; contacts.csv emailAddress=amira.hoffmann@example.test,,False,
ext-crm-fail-012,synthetic_crm,data/synthetic/crm/policies.csv,policy:TEST-KFZ-2026-1701,,policyNumber:TEST-KFZ-2026-1701,What is the policy number?,Customer: Noah Weber (noah.weber@example.test). Policy number: TEST-KFZ-2026-1701. Product type: Motor Insurance. Coverage type: Partial Coverage. Status: Active. Start date: 2026-05-01. End date: 2027-04-30. Deductible: 300 EUR. Annual premium: 735 EUR.,The policy number is TEST-KFZ-2026-1001.,crm-policy-question:TEST-KFZ-2026-1701,crm-policy-document:TEST-KFZ-2026-1701,customer:noah.weber@example.test,policy:TEST-KFZ-2026-1701,motor,,,,,,,,,,,,,,,,PENDING,CALIBRATION,lg-05df6a2320fd,English,data/synthetic/crm/policies.csv policyNumber=TEST-KFZ-2026-1701; contacts.csv emailAddress=noah.weber@example.test,,False,
ext-crm-fail-013,synthetic_crm,data/synthetic/crm/policies.csv,policy:TEST-RS-2026-1702,,policyNumber:TEST-RS-2026-1702,What is the policy number?,Customer: Noah Weber (noah.weber@example.test). Policy number: TEST-RS-2026-1702. Product type: Legal Protection. Coverage type: Standard Coverage. Status: Active. Start date: 2026-05-01. End date: 2027-04-30. Deductible: 200 EUR. Annual premium: 310 EUR.,The policy number is TEST-KFZ-2026-1001.,crm-policy-question:TEST-RS-2026-1702,crm-policy-document:TEST-RS-2026-1702,customer:noah.weber@example.test,policy:TEST-RS-2026-1702,legal_protection,,,,,,,,,,,,,,,,PENDING,CALIBRATION,lg-05df6a2320fd,English,data/synthetic/crm/policies.csv policyNumber=TEST-RS-2026-1702; contacts.csv emailAddress=noah.weber@example.test,,False,
ext-crm-fail-014,synthetic_crm,data/synthetic/crm/policies.csv,policy:TEST-HH-2026-1801,,policyNumber:TEST-HH-2026-1801,What is the policy number?,Customer: Mila Hartmann (mila.hartmann@example.test). Policy number: TEST-HH-2026-1801. Product type: Household Insurance. Coverage type: Standard Coverage. Status: Pending. Start date: 2026-09-01. End date: 2027-08-31. Deductible: 250 EUR. Annual premium: 225 EUR.,The policy number is TEST-KFZ-2026-1001.,crm-policy-question:TEST-HH-2026-1801,crm-policy-document:TEST-HH-2026-1801,customer:mila.hartmann@example.test,policy:TEST-HH-2026-1801,household,,,,,,,,,,,,,,,,PENDING,CALIBRATION,lg-05df6a2320fd,English,data/synthetic/crm/policies.csv policyNumber=TEST-HH-2026-1801; contacts.csv emailAddress=mila.hartmann@example.test,,False,
ext-crm-fail-015,synthetic_crm,data/synthetic/crm/policies.csv,policy:TEST-KFZ-2026-1901,,policyNumber:TEST-KFZ-2026-1901,What is the policy number?,Customer: Leon Becker (leon.becker@example.test). Policy number: TEST-KFZ-2026-1901. Product type: Motor Insurance. Coverage type: Comprehensive Coverage. Status: Active. Start date: 2026-06-01. End date: 2027-05-31. Deductible: 500 EUR. Annual premium: 1290 EUR.,The policy number is TEST-KFZ-2026-1001.,crm-policy-question:TEST-KFZ-2026-1901,crm-policy-document:TEST-KFZ-2026-1901,customer:leon.becker@example.test,policy:TEST-KFZ-2026-1901,motor,,,,,,,,,,,,,,,,PENDING,CALIBRATION,lg-05df6a2320fd,English,data/synthetic/crm/policies.csv policyNumber=TEST-KFZ-2026-1901; contacts.csv emailAddress=leon.becker@example.test,,False,
ext-crm-fail-016,synthetic_crm,data/synthetic/crm/policies.csv,policy:TEST-PHV-2026-1902,,policyNumber:TEST-PHV-2026-1902,What is the policy number?,Customer: Leon Becker (leon.becker@example.test). Policy number: TEST-PHV-2026-1902. Product type: Personal Liability. Coverage type: Liability. Status: Active. Start date: 2026-06-01. End date: 2027-05-31. Deductible: 0 EUR. Annual premium: 108 EUR.,The policy number is TEST-KFZ-2026-1001.,crm-policy-question:TEST-PHV-2026-1902,crm-policy-document:TEST-PHV-2026-1902,customer:leon.becker@example.test,policy:TEST-PHV-2026-1902,liability,,,,,,,,,,,,,,,,PENDING,CALIBRATION,lg-05df6a2320fd,English,data/synthetic/crm/policies.csv policyNumber=TEST-PHV-2026-1902; contacts.csv emailAddress=leon.becker@example.test,,False,
ext-crm-fail-017,synthetic_crm,data/synthetic/crm/policies.csv,policy:TEST-KFZ-2026-1001,,policyNumber:TEST-KFZ-2026-1001,What is the policy number?,Customer: Lara Neumann (lara.neumann@example.test). Policy number: TEST-KFZ-2026-1001. Product type: Motor Insurance. Coverage type: Partial Coverage. Status: Active. Start date: 2026-01-01. End date: 2026-12-31. Deductible: 150 EUR. Annual premium: 684 EUR.,The policy number is TEST-PHV-2026-1002.,crm-policy-question:TEST-KFZ-2026-1001,crm-policy-document:TEST-KFZ-2026-1001,customer:lara.neumann@example.test,policy:TEST-KFZ-2026-1001,motor,,,,,,,,,,,,,,,,PENDING,CALIBRATION,lg-05df6a2320fd,English,data/synthetic/crm/policies.csv policyNumber=TEST-KFZ-2026-1001; contacts.csv emailAddress=lara.neumann@example.test,,False,
ext-crm-fail-018,synthetic_crm,data/synthetic/crm/policies.csv,policy:TEST-PHV-2026-1002,,policyNumber:TEST-PHV-2026-1002,What is the policy number?,Customer: Lara Neumann (lara.neumann@example.test). Policy number: TEST-PHV-2026-1002. Product type: Personal Liability. Coverage type: Liability. Status: Active. Start date: 2026-01-01. End date: 2026-12-31. Deductible: 0 EUR. Annual premium: 96 EUR.,The policy number is TEST-KFZ-2026-1001.,crm-policy-question:TEST-PHV-2026-1002,crm-policy-document:TEST-PHV-2026-1002,customer:lara.neumann@example.test,policy:TEST-PHV-2026-1002,liability,,,,,,,,,,,,,,,,PENDING,CALIBRATION,lg-05df6a2320fd,English,data/synthetic/crm/policies.csv policyNumber=TEST-PHV-2026-1002; contacts.csv emailAddress=lara.neumann@example.test,,False,
ext-crm-fail-019,synthetic_crm,data/synthetic/crm/policies.csv,policy:TEST-KFZ-2026-1003,,policyNumber:TEST-KFZ-2026-1003,What is the policy number?,Customer: Lara Neumann (lara.neumann@example.test). Policy number: TEST-KFZ-2026-1003. Product type: Motor Insurance. Coverage type: Partial Coverage. Status: Active. Start date: 2026-07-01. End date: 2027-06-30. Deductible: 300 EUR. Annual premium: 720 EUR.,The policy number is TEST-KFZ-2026-1001.,crm-policy-question:TEST-KFZ-2026-1003,crm-policy-document:TEST-KFZ-2026-1003,customer:lara.neumann@example.test,policy:TEST-KFZ-2026-1003,motor,,,,,,,,,,,,,,,,PENDING,CALIBRATION,lg-05df6a2320fd,English,data/synthetic/crm/policies.csv policyNumber=TEST-KFZ-2026-1003; contacts.csv emailAddress=lara.neumann@example.test,,False,
ext-crm-fail-020,synthetic_crm,data/synthetic/crm/policies.csv,policy:TEST-KFZ-2026-1101,,policyNumber:TEST-KFZ-2026-1101,What is the policy number?,Customer: Oliver Brandt (oliver.brandt@example.test). Policy number: TEST-KFZ-2026-1101. Product type: Motor Insurance. Coverage type: Comprehensive Coverage. Status: Active. Start date: 2026-02-01. End date: 2027-01-31. Deductible: 300 EUR. Annual premium: 1120 EUR.,The policy number is TEST-KFZ-2026-1001.,crm-policy-question:TEST-KFZ-2026-1101,crm-policy-document:TEST-KFZ-2026-1101,customer:oliver.brandt@example.test,policy:TEST-KFZ-2026-1101,motor,,,,,,,,,,,,,,,,PENDING,CALIBRATION,lg-05df6a2320fd,English,data/synthetic/crm/policies.csv policyNumber=TEST-KFZ-2026-1101; contacts.csv emailAddress=oliver.brandt@example.test,,False,
ext-crm-fail-021,synthetic_crm,data/synthetic/crm/policies.csv,policy:TEST-HH-2026-1201,,policyNumber:TEST-HH-2026-1201,What is the current policy status?,Customer: Sophie Keller (sophie.keller@example.test). Policy number: TEST-HH-2026-1201. Product type: Household Insurance. Coverage type: Standard Coverage. Status: Active. Start date: 2026-01-15. End date: 2027-01-14. Deductible: 250 EUR. Annual premium: 210 EUR.,The policy status is Pending.,crm-policy-question:TEST-HH-2026-1201,crm-policy-document:TEST-HH-2026-1201,customer:sophie.keller@example.test,policy:TEST-HH-2026-1201,household,,,,,,,,,,,,,,,,PENDING,CALIBRATION,lg-05df6a2320fd,English,data/synthetic/crm/policies.csv policyNumber=TEST-HH-2026-1201; contacts.csv emailAddress=sophie.keller@example.test,,False,
ext-crm-fail-022,synthetic_crm,data/synthetic/crm/policies.csv,policy:TEST-RS-2026-1202,,policyNumber:TEST-RS-2026-1202,What is the current policy status?,Customer: Sophie Keller (sophie.keller@example.test). Policy number: TEST-RS-2026-1202. Product type: Legal Protection. Coverage type: Standard Coverage. Status: Pending. Start date: 2026-08-01. End date: 2027-07-31. Deductible: 150 EUR. Annual premium: 280 EUR.,The policy status is Active.,crm-policy-question:TEST-RS-2026-1202,crm-policy-document:TEST-RS-2026-1202,customer:sophie.keller@example.test,policy:TEST-RS-2026-1202,legal_protection,,,,,,,,,,,,,,,,PENDING,CALIBRATION,lg-05df6a2320fd,English,data/synthetic/crm/policies.csv policyNumber=TEST-RS-2026-1202; contacts.csv emailAddress=sophie.keller@example.test,,False,
ext-crm-fail-023,synthetic_crm,data/synthetic/crm/policies.csv,policy:TEST-PHV-2025-1301,,policyNumber:TEST-PHV-2025-1301,What is the current policy status?,Customer: Emil Fischer (emil.fischer@example.test). Policy number: TEST-PHV-2025-1301. Product type: Personal Liability. Coverage type: Liability. Status: Expired. Start date: 2025-01-01. End date: 2025-12-31. Deductible: 0 EUR. Annual premium: 84 EUR.,The policy status is Active.,crm-policy-question:TEST-PHV-2025-1301,crm-policy-document:TEST-PHV-2025-1301,customer:emil.fischer@example.test,policy:TEST-PHV-2025-1301,liability,,,,,,,,,,,,,,,,PENDING,CALIBRATION,lg-05df6a2320fd,English,data/synthetic/crm/policies.csv policyNumber=TEST-PHV-2025-1301; contacts.csv emailAddress=emil.fischer@example.test,,False,
ext-crm-fail-024,synthetic_crm,data/synthetic/crm/policies.csv,policy:TEST-KFZ-2026-1401,,policyNumber:TEST-KFZ-2026-1401,What is the current policy status?,Customer: Hannah Vogel (hannah.vogel@example.test). Policy number: TEST-KFZ-2026-1401. Product type: Motor Insurance. Coverage type: Liability. Status: Active. Start date: 2026-03-01. End date: 2027-02-28. Deductible: 500 EUR. Annual premium: 520 EUR.,The policy status is Pending.,crm-policy-question:TEST-KFZ-2026-1401,crm-policy-document:TEST-KFZ-2026-1401,customer:hannah.vogel@example.test,policy:TEST-KFZ-2026-1401,motor,,,,,,,,,,,,,,,,PENDING,CALIBRATION,lg-05df6a2320fd,English,data/synthetic/crm/policies.csv policyNumber=TEST-KFZ-2026-1401; contacts.csv emailAddress=hannah.vogel@example.test,,False,
ext-crm-fail-025,synthetic_crm,data/synthetic/crm/policies.csv,policy:TEST-HH-2026-1402,,policyNumber:TEST-HH-2026-1402,What is the current policy status?,Customer: Hannah Vogel (hannah.vogel@example.test). Policy number: TEST-HH-2026-1402. Product type: Household Insurance. Coverage type: Standard Coverage. Status: Active. Start date: 2026-03-01. End date: 2027-02-28. Deductible: 200 EUR. Annual premium: 195 EUR.,The policy status is Pending.,crm-policy-question:TEST-HH-2026-1402,crm-policy-document:TEST-HH-2026-1402,customer:hannah.vogel@example.test,policy:TEST-HH-2026-1402,household,,,,,,,,,,,,,,,,PENDING,CALIBRATION,lg-05df6a2320fd,English,data/synthetic/crm/policies.csv policyNumber=TEST-HH-2026-1402; contacts.csv emailAddress=hannah.vogel@example.test,,False,
ext-crm-fail-026,synthetic_crm,data/synthetic/crm/policies.csv,policy:TEST-RS-2026-1501,,policyNumber:TEST-RS-2026-1501,What is the current policy status?,Customer: Jonas Richter (jonas.richter@example.test). Policy number: TEST-RS-2026-1501. Product type: Legal Protection. Coverage type: Standard Coverage. Status: Cancelled. Start date: 2026-01-01. End date: 2026-06-30. Deductible: 150 EUR. Annual premium: 260 EUR.,The policy status is Active.,crm-policy-question:TEST-RS-2026-1501,crm-policy-document:TEST-RS-2026-1501,customer:jonas.richter@example.test,policy:TEST-RS-2026-1501,legal_protection,,,,,,,,,,,,,,,,PENDING,CALIBRATION,lg-05df6a2320fd,English,data/synthetic/crm/policies.csv policyNumber=TEST-RS-2026-1501; contacts.csv emailAddress=jonas.richter@example.test,,False,
ext-crm-fail-027,synthetic_crm,data/synthetic/crm/policies.csv,policy:TEST-PHV-2026-1601,,policyNumber:TEST-PHV-2026-1601,What is the current policy status?,Customer: Amira Hoffmann (amira.hoffmann@example.test). Policy number: TEST-PHV-2026-1601. Product type: Personal Liability. Coverage type: Liability. Status: Active. Start date: 2026-04-01. End date: 2027-03-31. Deductible: 0 EUR. Annual premium: 102 EUR.,The policy status is Pending.,crm-policy-question:TEST-PHV-2026-1601,crm-policy-document:TEST-PHV-2026-1601,customer:amira.hoffmann@example.test,policy:TEST-PHV-2026-1601,liability,,,,,,,,,,,,,,,,PENDING,CALIBRATION,lg-05df6a2320fd,English,data/synthetic/crm/policies.csv policyNumber=TEST-PHV-2026-1601; contacts.csv emailAddress=amira.hoffmann@example.test,,False,
ext-crm-fail-028,synthetic_crm,data/synthetic/crm/policies.csv,policy:TEST-KFZ-2026-1701,,policyNumber:TEST-KFZ-2026-1701,What is the current policy status?,Customer: Noah Weber (noah.weber@example.test). Policy number: TEST-KFZ-2026-1701. Product type: Motor Insurance. Coverage type: Partial Coverage. Status: Active. Start date: 2026-05-01. End date: 2027-04-30. Deductible: 300 EUR. Annual premium: 735 EUR.,The policy status is Pending.,crm-policy-question:TEST-KFZ-2026-1701,crm-policy-document:TEST-KFZ-2026-1701,customer:noah.weber@example.test,policy:TEST-KFZ-2026-1701,motor,,,,,,,,,,,,,,,,PENDING,CALIBRATION,lg-05df6a2320fd,English,data/synthetic/crm/policies.csv policyNumber=TEST-KFZ-2026-1701; contacts.csv emailAddress=noah.weber@example.test,,False,
ext-crm-fail-029,synthetic_crm,data/synthetic/crm/policies.csv,policy:TEST-RS-2026-1702,,policyNumber:TEST-RS-2026-1702,What is the current policy status?,Customer: Noah Weber (noah.weber@example.test). Policy number: TEST-RS-2026-1702. Product type: Legal Protection. Coverage type: Standard Coverage. Status: Active. Start date: 2026-05-01. End date: 2027-04-30. Deductible: 200 EUR. Annual premium: 310 EUR.,The policy status is Pending.,crm-policy-question:TEST-RS-2026-1702,crm-policy-document:TEST-RS-2026-1702,customer:noah.weber@example.test,policy:TEST-RS-2026-1702,legal_protection,,,,,,,,,,,,,,,,PENDING,CALIBRATION,lg-05df6a2320fd,English,data/synthetic/crm/policies.csv policyNumber=TEST-RS-2026-1702; contacts.csv emailAddress=noah.weber@example.test,,False,
ext-crm-fail-030,synthetic_crm,data/synthetic/crm/policies.csv,policy:TEST-HH-2026-1801,,policyNumber:TEST-HH-2026-1801,What is the current policy status?,Customer: Mila Hartmann (mila.hartmann@example.test). Policy number: TEST-HH-2026-1801. Product type: Household Insurance. Coverage type: Standard Coverage. Status: Pending. Start date: 2026-09-01. End date: 2027-08-31. Deductible: 250 EUR. Annual premium: 225 EUR.,The policy status is Active.,crm-policy-question:TEST-HH-2026-1801,crm-policy-document:TEST-HH-2026-1801,customer:mila.hartmann@example.test,policy:TEST-HH-2026-1801,household,,,,,,,,,,,,,,,,PENDING,CALIBRATION,lg-05df6a2320fd,English,data/synthetic/crm/policies.csv policyNumber=TEST-HH-2026-1801; contacts.csv emailAddress=mila.hartmann@example.test,,False,
ext-crm-fail-031,synthetic_crm,data/synthetic/crm/policies.csv,policy:TEST-KFZ-2026-1901,,policyNumber:TEST-KFZ-2026-1901,What deductible applies to this policy?,Customer: Leon Becker (leon.becker@example.test). Policy number: TEST-KFZ-2026-1901. Product type: Motor Insurance. Coverage type: Comprehensive Coverage. Status: Active. Start date: 2026-06-01. End date: 2027-05-31. Deductible: 500 EUR. Annual premium: 1290 EUR.,The deductible is 150 EUR.,crm-policy-question:TEST-KFZ-2026-1901,crm-policy-document:TEST-KFZ-2026-1901,customer:leon.becker@example.test,policy:TEST-KFZ-2026-1901,motor,,,,,,,,,,,,,,,,PENDING,CALIBRATION,lg-05df6a2320fd,English,data/synthetic/crm/policies.csv policyNumber=TEST-KFZ-2026-1901; contacts.csv emailAddress=leon.becker@example.test,,False,
ext-crm-fail-032,synthetic_crm,data/synthetic/crm/policies.csv,policy:TEST-PHV-2026-1902,,policyNumber:TEST-PHV-2026-1902,What deductible applies to this policy?,Customer: Leon Becker (leon.becker@example.test). Policy number: TEST-PHV-2026-1902. Product type: Personal Liability. Coverage type: Liability. Status: Active. Start date: 2026-06-01. End date: 2027-05-31. Deductible: 0 EUR. Annual premium: 108 EUR.,The deductible is 150 EUR.,crm-policy-question:TEST-PHV-2026-1902,crm-policy-document:TEST-PHV-2026-1902,customer:leon.becker@example.test,policy:TEST-PHV-2026-1902,liability,,,,,,,,,,,,,,,,PENDING,CALIBRATION,lg-05df6a2320fd,English,data/synthetic/crm/policies.csv policyNumber=TEST-PHV-2026-1902; contacts.csv emailAddress=leon.becker@example.test,,False,
ext-crm-fail-033,synthetic_crm,data/synthetic/crm/policies.csv,policy:TEST-KFZ-2026-1001,,policyNumber:TEST-KFZ-2026-1001,What deductible applies to this policy?,Customer: Lara Neumann (lara.neumann@example.test). Policy number: TEST-KFZ-2026-1001. Product type: Motor Insurance. Coverage type: Partial Coverage. Status: Active. Start date: 2026-01-01. End date: 2026-12-31. Deductible: 150 EUR. Annual premium: 684 EUR.,The deductible is 0 EUR.,crm-policy-question:TEST-KFZ-2026-1001,crm-policy-document:TEST-KFZ-2026-1001,customer:lara.neumann@example.test,policy:TEST-KFZ-2026-1001,motor,,,,,,,,,,,,,,,,PENDING,CALIBRATION,lg-05df6a2320fd,English,data/synthetic/crm/policies.csv policyNumber=TEST-KFZ-2026-1001; contacts.csv emailAddress=lara.neumann@example.test,,False,
ext-crm-fail-034,synthetic_crm,data/synthetic/crm/policies.csv,policy:TEST-PHV-2026-1002,,policyNumber:TEST-PHV-2026-1002,What deductible applies to this policy?,Customer: Lara Neumann (lara.neumann@example.test). Policy number: TEST-PHV-2026-1002. Product type: Personal Liability. Coverage type: Liability. Status: Active. Start date: 2026-01-01. End date: 2026-12-31. Deductible: 0 EUR. Annual premium: 96 EUR.,The deductible is 150 EUR.,crm-policy-question:TEST-PHV-2026-1002,crm-policy-document:TEST-PHV-2026-1002,customer:lara.neumann@example.test,policy:TEST-PHV-2026-1002,liability,,,,,,,,,,,,,,,,PENDING,CALIBRATION,lg-05df6a2320fd,English,data/synthetic/crm/policies.csv policyNumber=TEST-PHV-2026-1002; contacts.csv emailAddress=lara.neumann@example.test,,False,
ext-crm-fail-035,synthetic_crm,data/synthetic/crm/policies.csv,policy:TEST-KFZ-2026-1003,,policyNumber:TEST-KFZ-2026-1003,What deductible applies to this policy?,Customer: Lara Neumann (lara.neumann@example.test). Policy number: TEST-KFZ-2026-1003. Product type: Motor Insurance. Coverage type: Partial Coverage. Status: Active. Start date: 2026-07-01. End date: 2027-06-30. Deductible: 300 EUR. Annual premium: 720 EUR.,The deductible is 150 EUR.,crm-policy-question:TEST-KFZ-2026-1003,crm-policy-document:TEST-KFZ-2026-1003,customer:lara.neumann@example.test,policy:TEST-KFZ-2026-1003,motor,,,,,,,,,,,,,,,,PENDING,CALIBRATION,lg-05df6a2320fd,English,data/synthetic/crm/policies.csv policyNumber=TEST-KFZ-2026-1003; contacts.csv emailAddress=lara.neumann@example.test,,False,
ext-crm-fail-036,synthetic_crm,data/synthetic/crm/policies.csv,policy:TEST-KFZ-2026-1101,,policyNumber:TEST-KFZ-2026-1101,What deductible applies to this policy?,Customer: Oliver Brandt (oliver.brandt@example.test). Policy number: TEST-KFZ-2026-1101. Product type: Motor Insurance. Coverage type: Comprehensive Coverage. Status: Active. Start date: 2026-02-01. End date: 2027-01-31. Deductible: 300 EUR. Annual premium: 1120 EUR.,The deductible is 150 EUR.,crm-policy-question:TEST-KFZ-2026-1101,crm-policy-document:TEST-KFZ-2026-1101,customer:oliver.brandt@example.test,policy:TEST-KFZ-2026-1101,motor,,,,,,,,,,,,,,,,PENDING,CALIBRATION,lg-05df6a2320fd,English,data/synthetic/crm/policies.csv policyNumber=TEST-KFZ-2026-1101; contacts.csv emailAddress=oliver.brandt@example.test,,False,
ext-crm-fail-037,synthetic_crm,data/synthetic/crm/policies.csv,policy:TEST-HH-2026-1201,,policyNumber:TEST-HH-2026-1201,What deductible applies to this policy?,Customer: Sophie Keller (sophie.keller@example.test). Policy number: TEST-HH-2026-1201. Product type: Household Insurance. Coverage type: Standard Coverage. Status: Active. Start date: 2026-01-15. End date: 2027-01-14. Deductible: 250 EUR. Annual premium: 210 EUR.,The deductible is 150 EUR.,crm-policy-question:TEST-HH-2026-1201,crm-policy-document:TEST-HH-2026-1201,customer:sophie.keller@example.test,policy:TEST-HH-2026-1201,household,,,,,,,,,,,,,,,,PENDING,CALIBRATION,lg-05df6a2320fd,English,data/synthetic/crm/policies.csv policyNumber=TEST-HH-2026-1201; contacts.csv emailAddress=sophie.keller@example.test,,False,
ext-crm-fail-038,synthetic_crm,data/synthetic/crm/policies.csv,policy:TEST-RS-2026-1202,,policyNumber:TEST-RS-2026-1202,What deductible applies to this policy?,Customer: Sophie Keller (sophie.keller@example.test). Policy number: TEST-RS-2026-1202. Product type: Legal Protection. Coverage type: Standard Coverage. Status: Pending. Start date: 2026-08-01. End date: 2027-07-31. Deductible: 150 EUR. Annual premium: 280 EUR.,The deductible is 0 EUR.,crm-policy-question:TEST-RS-2026-1202,crm-policy-document:TEST-RS-2026-1202,customer:sophie.keller@example.test,policy:TEST-RS-2026-1202,legal_protection,,,,,,,,,,,,,,,,PENDING,CALIBRATION,lg-05df6a2320fd,English,data/synthetic/crm/policies.csv policyNumber=TEST-RS-2026-1202; contacts.csv emailAddress=sophie.keller@example.test,,False,
ext-crm-fail-039,synthetic_crm,data/synthetic/crm/policies.csv,policy:TEST-PHV-2025-1301,,policyNumber:TEST-PHV-2025-1301,What deductible applies to this policy?,Customer: Emil Fischer (emil.fischer@example.test). Policy number: TEST-PHV-2025-1301. Product type: Personal Liability. Coverage type: Liability. Status: Expired. Start date: 2025-01-01. End date: 2025-12-31. Deductible: 0 EUR. Annual premium: 84 EUR.,The deductible is 150 EUR.,crm-policy-question:TEST-PHV-2025-1301,crm-policy-document:TEST-PHV-2025-1301,customer:emil.fischer@example.test,policy:TEST-PHV-2025-1301,liability,,,,,,,,,,,,,,,,PENDING,CALIBRATION,lg-05df6a2320fd,English,data/synthetic/crm/policies.csv policyNumber=TEST-PHV-2025-1301; contacts.csv emailAddress=emil.fischer@example.test,,False,
ext-crm-fail-040,synthetic_crm,data/synthetic/crm/policies.csv,policy:TEST-KFZ-2026-1401,,policyNumber:TEST-KFZ-2026-1401,What deductible applies to this policy?,Customer: Hannah Vogel (hannah.vogel@example.test). Policy number: TEST-KFZ-2026-1401. Product type: Motor Insurance. Coverage type: Liability. Status: Active. Start date: 2026-03-01. End date: 2027-02-28. Deductible: 500 EUR. Annual premium: 520 EUR.,The deductible is 150 EUR.,crm-policy-question:TEST-KFZ-2026-1401,crm-policy-document:TEST-KFZ-2026-1401,customer:hannah.vogel@example.test,policy:TEST-KFZ-2026-1401,motor,,,,,,,,,,,,,,,,PENDING,CALIBRATION,lg-05df6a2320fd,English,data/synthetic/crm/policies.csv policyNumber=TEST-KFZ-2026-1401; contacts.csv emailAddress=hannah.vogel@example.test,,False,
ext-crm-fail-041,synthetic_crm,data/synthetic/crm/policies.csv,policy:TEST-HH-2026-1402,,policyNumber:TEST-HH-2026-1402,What is the annual premium of this policy?,Customer: Hannah Vogel (hannah.vogel@example.test). Policy number: TEST-HH-2026-1402. Product type: Household Insurance. Coverage type: Standard Coverage. Status: Active. Start date: 2026-03-01. End date: 2027-02-28. Deductible: 200 EUR. Annual premium: 195 EUR.,The annual premium is 684 EUR.,crm-policy-question:TEST-HH-2026-1402,crm-policy-document:TEST-HH-2026-1402,customer:hannah.vogel@example.test,policy:TEST-HH-2026-1402,household,,,,,,,,,,,,,,,,PENDING,CALIBRATION,lg-05df6a2320fd,English,data/synthetic/crm/policies.csv policyNumber=TEST-HH-2026-1402; contacts.csv emailAddress=hannah.vogel@example.test,,False,
ext-crm-fail-042,synthetic_crm,data/synthetic/crm/policies.csv,policy:TEST-RS-2026-1501,,policyNumber:TEST-RS-2026-1501,What is the annual premium of this policy?,Customer: Jonas Richter (jonas.richter@example.test). Policy number: TEST-RS-2026-1501. Product type: Legal Protection. Coverage type: Standard Coverage. Status: Cancelled. Start date: 2026-01-01. End date: 2026-06-30. Deductible: 150 EUR. Annual premium: 260 EUR.,The annual premium is 684 EUR.,crm-policy-question:TEST-RS-2026-1501,crm-policy-document:TEST-RS-2026-1501,customer:jonas.richter@example.test,policy:TEST-RS-2026-1501,legal_protection,,,,,,,,,,,,,,,,PENDING,CALIBRATION,lg-05df6a2320fd,English,data/synthetic/crm/policies.csv policyNumber=TEST-RS-2026-1501; contacts.csv emailAddress=jonas.richter@example.test,,False,
ext-crm-fail-043,synthetic_crm,data/synthetic/crm/policies.csv,policy:TEST-PHV-2026-1601,,policyNumber:TEST-PHV-2026-1601,What is the annual premium of this policy?,Customer: Amira Hoffmann (amira.hoffmann@example.test). Policy number: TEST-PHV-2026-1601. Product type: Personal Liability. Coverage type: Liability. Status: Active. Start date: 2026-04-01. End date: 2027-03-31. Deductible: 0 EUR. Annual premium: 102 EUR.,The annual premium is 684 EUR.,crm-policy-question:TEST-PHV-2026-1601,crm-policy-document:TEST-PHV-2026-1601,customer:amira.hoffmann@example.test,policy:TEST-PHV-2026-1601,liability,,,,,,,,,,,,,,,,PENDING,CALIBRATION,lg-05df6a2320fd,English,data/synthetic/crm/policies.csv policyNumber=TEST-PHV-2026-1601; contacts.csv emailAddress=amira.hoffmann@example.test,,False,
ext-crm-fail-044,synthetic_crm,data/synthetic/crm/policies.csv,policy:TEST-KFZ-2026-1701,,policyNumber:TEST-KFZ-2026-1701,What is the annual premium of this policy?,Customer: Noah Weber (noah.weber@example.test). Policy number: TEST-KFZ-2026-1701. Product type: Motor Insurance. Coverage type: Partial Coverage. Status: Active. Start date: 2026-05-01. End date: 2027-04-30. Deductible: 300 EUR. Annual premium: 735 EUR.,The annual premium is 684 EUR.,crm-policy-question:TEST-KFZ-2026-1701,crm-policy-document:TEST-KFZ-2026-1701,customer:noah.weber@example.test,policy:TEST-KFZ-2026-1701,motor,,,,,,,,,,,,,,,,PENDING,CALIBRATION,lg-05df6a2320fd,English,data/synthetic/crm/policies.csv policyNumber=TEST-KFZ-2026-1701; contacts.csv emailAddress=noah.weber@example.test,,False,
ext-crm-fail-045,synthetic_crm,data/synthetic/crm/policies.csv,policy:TEST-RS-2026-1702,,policyNumber:TEST-RS-2026-1702,What is the annual premium of this policy?,Customer: Noah Weber (noah.weber@example.test). Policy number: TEST-RS-2026-1702. Product type: Legal Protection. Coverage type: Standard Coverage. Status: Active. Start date: 2026-05-01. End date: 2027-04-30. Deductible: 200 EUR. Annual premium: 310 EUR.,The annual premium is 684 EUR.,crm-policy-question:TEST-RS-2026-1702,crm-policy-document:TEST-RS-2026-1702,customer:noah.weber@example.test,policy:TEST-RS-2026-1702,legal_protection,,,,,,,,,,,,,,,,PENDING,CALIBRATION,lg-05df6a2320fd,English,data/synthetic/crm/policies.csv policyNumber=TEST-RS-2026-1702; contacts.csv emailAddress=noah.weber@example.test,,False,
ext-crm-fail-046,synthetic_crm,data/synthetic/crm/policies.csv,policy:TEST-HH-2026-1801,,policyNumber:TEST-HH-2026-1801,What is the annual premium of this policy?,Customer: Mila Hartmann (mila.hartmann@example.test). Policy number: TEST-HH-2026-1801. Product type: Household Insurance. Coverage type: Standard Coverage. Status: Pending. Start date: 2026-09-01. End date: 2027-08-31. Deductible: 250 EUR. Annual premium: 225 EUR.,The annual premium is 684 EUR.,crm-policy-question:TEST-HH-2026-1801,crm-policy-document:TEST-HH-2026-1801,customer:mila.hartmann@example.test,policy:TEST-HH-2026-1801,household,,,,,,,,,,,,,,,,PENDING,CALIBRATION,lg-05df6a2320fd,English,data/synthetic/crm/policies.csv policyNumber=TEST-HH-2026-1801; contacts.csv emailAddress=mila.hartmann@example.test,,False,
ext-crm-fail-047,synthetic_crm,data/synthetic/crm/policies.csv,policy:TEST-KFZ-2026-1901,,policyNumber:TEST-KFZ-2026-1901,What is the annual premium of this policy?,Customer: Leon Becker (leon.becker@example.test). Policy number: TEST-KFZ-2026-1901. Product type: Motor Insurance. Coverage type: Comprehensive Coverage. Status: Active. Start date: 2026-06-01. End date: 2027-05-31. Deductible: 500 EUR. Annual premium: 1290 EUR.,The annual premium is 684 EUR.,crm-policy-question:TEST-KFZ-2026-1901,crm-policy-document:TEST-KFZ-2026-1901,customer:leon.becker@example.test,policy:TEST-KFZ-2026-1901,motor,,,,,,,,,,,,,,,,PENDING,CALIBRATION,lg-05df6a2320fd,English,data/synthetic/crm/policies.csv policyNumber=TEST-KFZ-2026-1901; contacts.csv emailAddress=leon.becker@example.test,,False,
ext-crm-fail-048,synthetic_crm,data/synthetic/crm/policies.csv,policy:TEST-PHV-2026-1902,,policyNumber:TEST-PHV-2026-1902,What is the annual premium of this policy?,Customer: Leon Becker (leon.becker@example.test). Policy number: TEST-PHV-2026-1902. Product type: Personal Liability. Coverage type: Liability. Status: Active. Start date: 2026-06-01. End date: 2027-05-31. Deductible: 0 EUR. Annual premium: 108 EUR.,The annual premium is 684 EUR.,crm-policy-question:TEST-PHV-2026-1902,crm-policy-document:TEST-PHV-2026-1902,customer:leon.becker@example.test,policy:TEST-PHV-2026-1902,liability,,,,,,,,,,,,,,,,PENDING,CALIBRATION,lg-05df6a2320fd,English,data/synthetic/crm/policies.csv policyNumber=TEST-PHV-2026-1902; contacts.csv emailAddress=leon.becker@example.test,,False,
ext-crm-fail-049,synthetic_crm,data/synthetic/crm/policies.csv,policy:TEST-KFZ-2026-1001,,policyNumber:TEST-KFZ-2026-1001,What is the annual premium of this policy?,Customer: Lara Neumann (lara.neumann@example.test). Policy number: TEST-KFZ-2026-1001. Product type: Motor Insurance. Coverage type: Partial Coverage. Status: Active. Start date: 2026-01-01. End date: 2026-12-31. Deductible: 150 EUR. Annual premium: 684 EUR.,The annual premium is 96 EUR.,crm-policy-question:TEST-KFZ-2026-1001,crm-policy-document:TEST-KFZ-2026-1001,customer:lara.neumann@example.test,policy:TEST-KFZ-2026-1001,motor,,,,,,,,,,,,,,,,PENDING,CALIBRATION,lg-05df6a2320fd,English,data/synthetic/crm/policies.csv policyNumber=TEST-KFZ-2026-1001; contacts.csv emailAddress=lara.neumann@example.test,,False,
ext-crm-fail-050,synthetic_crm,data/synthetic/crm/policies.csv,policy:TEST-PHV-2026-1002,,policyNumber:TEST-PHV-2026-1002,What is the annual premium of this policy?,Customer: Lara Neumann (lara.neumann@example.test). Policy number: TEST-PHV-2026-1002. Product type: Personal Liability. Coverage type: Liability. Status: Active. Start date: 2026-01-01. End date: 2026-12-31. Deductible: 0 EUR. Annual premium: 96 EUR.,The annual premium is 684 EUR.,crm-policy-question:TEST-PHV-2026-1002,crm-policy-document:TEST-PHV-2026-1002,customer:lara.neumann@example.test,policy:TEST-PHV-2026-1002,liability,,,,,,,,,,,,,,,,PENDING,CALIBRATION,lg-05df6a2320fd,English,data/synthetic/crm/policies.csv policyNumber=TEST-PHV-2026-1002; contacts.csv emailAddress=lara.neumann@example.test,,False,
ext-crm-fail-051,synthetic_crm,data/synthetic/crm/policies.csv,policy:TEST-KFZ-2026-1003,,policyNumber:TEST-KFZ-2026-1003,What coverage type applies to this policy?,Customer: Lara Neumann (lara.neumann@example.test). Policy number: TEST-KFZ-2026-1003. Product type: Motor Insurance. Coverage type: Partial Coverage. Status: Active. Start date: 2026-07-01. End date: 2027-06-30. Deductible: 300 EUR. Annual premium: 720 EUR.,The coverage type is Liability.,crm-policy-question:TEST-KFZ-2026-1003,crm-policy-document:TEST-KFZ-2026-1003,customer:lara.neumann@example.test,policy:TEST-KFZ-2026-1003,motor,,,,,,,,,,,,,,,,PENDING,CALIBRATION,lg-05df6a2320fd,English,data/synthetic/crm/policies.csv policyNumber=TEST-KFZ-2026-1003; contacts.csv emailAddress=lara.neumann@example.test,,False,
ext-crm-fail-052,synthetic_crm,data/synthetic/crm/policies.csv,policy:TEST-KFZ-2026-1101,,policyNumber:TEST-KFZ-2026-1101,What coverage type applies to this policy?,Customer: Oliver Brandt (oliver.brandt@example.test). Policy number: TEST-KFZ-2026-1101. Product type: Motor Insurance. Coverage type: Comprehensive Coverage. Status: Active. Start date: 2026-02-01. End date: 2027-01-31. Deductible: 300 EUR. Annual premium: 1120 EUR.,The coverage type is Partial Coverage.,crm-policy-question:TEST-KFZ-2026-1101,crm-policy-document:TEST-KFZ-2026-1101,customer:oliver.brandt@example.test,policy:TEST-KFZ-2026-1101,motor,,,,,,,,,,,,,,,,PENDING,CALIBRATION,lg-05df6a2320fd,English,data/synthetic/crm/policies.csv policyNumber=TEST-KFZ-2026-1101; contacts.csv emailAddress=oliver.brandt@example.test,,False,
ext-crm-fail-053,synthetic_crm,data/synthetic/crm/policies.csv,policy:TEST-HH-2026-1201,,policyNumber:TEST-HH-2026-1201,What coverage type applies to this policy?,Customer: Sophie Keller (sophie.keller@example.test). Policy number: TEST-HH-2026-1201. Product type: Household Insurance. Coverage type: Standard Coverage. Status: Active. Start date: 2026-01-15. End date: 2027-01-14. Deductible: 250 EUR. Annual premium: 210 EUR.,The coverage type is Partial Coverage.,crm-policy-question:TEST-HH-2026-1201,crm-policy-document:TEST-HH-2026-1201,customer:sophie.keller@example.test,policy:TEST-HH-2026-1201,household,,,,,,,,,,,,,,,,PENDING,CALIBRATION,lg-05df6a2320fd,English,data/synthetic/crm/policies.csv policyNumber=TEST-HH-2026-1201; contacts.csv emailAddress=sophie.keller@example.test,,False,
ext-crm-fail-054,synthetic_crm,data/synthetic/crm/policies.csv,policy:TEST-RS-2026-1202,,policyNumber:TEST-RS-2026-1202,What coverage type applies to this policy?,Customer: Sophie Keller (sophie.keller@example.test). Policy number: TEST-RS-2026-1202. Product type: Legal Protection. Coverage type: Standard Coverage. Status: Pending. Start date: 2026-08-01. End date: 2027-07-31. Deductible: 150 EUR. Annual premium: 280 EUR.,The coverage type is Partial Coverage.,crm-policy-question:TEST-RS-2026-1202,crm-policy-document:TEST-RS-2026-1202,customer:sophie.keller@example.test,policy:TEST-RS-2026-1202,legal_protection,,,,,,,,,,,,,,,,PENDING,CALIBRATION,lg-05df6a2320fd,English,data/synthetic/crm/policies.csv policyNumber=TEST-RS-2026-1202; contacts.csv emailAddress=sophie.keller@example.test,,False,
ext-crm-fail-055,synthetic_crm,data/synthetic/crm/policies.csv,policy:TEST-PHV-2025-1301,,policyNumber:TEST-PHV-2025-1301,What coverage type applies to this policy?,Customer: Emil Fischer (emil.fischer@example.test). Policy number: TEST-PHV-2025-1301. Product type: Personal Liability. Coverage type: Liability. Status: Expired. Start date: 2025-01-01. End date: 2025-12-31. Deductible: 0 EUR. Annual premium: 84 EUR.,The coverage type is Partial Coverage.,crm-policy-question:TEST-PHV-2025-1301,crm-policy-document:TEST-PHV-2025-1301,customer:emil.fischer@example.test,policy:TEST-PHV-2025-1301,liability,,,,,,,,,,,,,,,,PENDING,CALIBRATION,lg-05df6a2320fd,English,data/synthetic/crm/policies.csv policyNumber=TEST-PHV-2025-1301; contacts.csv emailAddress=emil.fischer@example.test,,False,
ext-crm-fail-056,synthetic_crm,data/synthetic/crm/policies.csv,policy:TEST-KFZ-2026-1401,,policyNumber:TEST-KFZ-2026-1401,What coverage type applies to this policy?,Customer: Hannah Vogel (hannah.vogel@example.test). Policy number: TEST-KFZ-2026-1401. Product type: Motor Insurance. Coverage type: Liability. Status: Active. Start date: 2026-03-01. End date: 2027-02-28. Deductible: 500 EUR. Annual premium: 520 EUR.,The coverage type is Partial Coverage.,crm-policy-question:TEST-KFZ-2026-1401,crm-policy-document:TEST-KFZ-2026-1401,customer:hannah.vogel@example.test,policy:TEST-KFZ-2026-1401,motor,,,,,,,,,,,,,,,,PENDING,CALIBRATION,lg-05df6a2320fd,English,data/synthetic/crm/policies.csv policyNumber=TEST-KFZ-2026-1401; contacts.csv emailAddress=hannah.vogel@example.test,,False,
ext-crm-fail-057,synthetic_crm,data/synthetic/crm/policies.csv,policy:TEST-HH-2026-1402,,policyNumber:TEST-HH-2026-1402,What coverage type applies to this policy?,Customer: Hannah Vogel (hannah.vogel@example.test). Policy number: TEST-HH-2026-1402. Product type: Household Insurance. Coverage type: Standard Coverage. Status: Active. Start date: 2026-03-01. End date: 2027-02-28. Deductible: 200 EUR. Annual premium: 195 EUR.,The coverage type is Partial Coverage.,crm-policy-question:TEST-HH-2026-1402,crm-policy-document:TEST-HH-2026-1402,customer:hannah.vogel@example.test,policy:TEST-HH-2026-1402,household,,,,,,,,,,,,,,,,PENDING,CALIBRATION,lg-05df6a2320fd,English,data/synthetic/crm/policies.csv policyNumber=TEST-HH-2026-1402; contacts.csv emailAddress=hannah.vogel@example.test,,False,
ext-crm-fail-058,synthetic_crm,data/synthetic/crm/policies.csv,policy:TEST-RS-2026-1501,,policyNumber:TEST-RS-2026-1501,What coverage type applies to this policy?,Customer: Jonas Richter (jonas.richter@example.test). Policy number: TEST-RS-2026-1501. Product type: Legal Protection. Coverage type: Standard Coverage. Status: Cancelled. Start date: 2026-01-01. End date: 2026-06-30. Deductible: 150 EUR. Annual premium: 260 EUR.,The coverage type is Partial Coverage.,crm-policy-question:TEST-RS-2026-1501,crm-policy-document:TEST-RS-2026-1501,customer:jonas.richter@example.test,policy:TEST-RS-2026-1501,legal_protection,,,,,,,,,,,,,,,,PENDING,CALIBRATION,lg-05df6a2320fd,English,data/synthetic/crm/policies.csv policyNumber=TEST-RS-2026-1501; contacts.csv emailAddress=jonas.richter@example.test,,False,
ext-crm-fail-059,synthetic_crm,data/synthetic/crm/policies.csv,policy:TEST-PHV-2026-1601,,policyNumber:TEST-PHV-2026-1601,What coverage type applies to this policy?,Customer: Amira Hoffmann (amira.hoffmann@example.test). Policy number: TEST-PHV-2026-1601. Product type: Personal Liability. Coverage type: Liability. Status: Active. Start date: 2026-04-01. End date: 2027-03-31. Deductible: 0 EUR. Annual premium: 102 EUR.,The coverage type is Partial Coverage.,crm-policy-question:TEST-PHV-2026-1601,crm-policy-document:TEST-PHV-2026-1601,customer:amira.hoffmann@example.test,policy:TEST-PHV-2026-1601,liability,,,,,,,,,,,,,,,,PENDING,CALIBRATION,lg-05df6a2320fd,English,data/synthetic/crm/policies.csv policyNumber=TEST-PHV-2026-1601; contacts.csv emailAddress=amira.hoffmann@example.test,,False,
ext-crm-fail-060,synthetic_crm,data/synthetic/crm/policies.csv,policy:TEST-KFZ-2026-1701,,policyNumber:TEST-KFZ-2026-1701,What coverage type applies to this policy?,Customer: Noah Weber (noah.weber@example.test). Policy number: TEST-KFZ-2026-1701. Product type: Motor Insurance. Coverage type: Partial Coverage. Status: Active. Start date: 2026-05-01. End date: 2027-04-30. Deductible: 300 EUR. Annual premium: 735 EUR.,The coverage type is Liability.,crm-policy-question:TEST-KFZ-2026-1701,crm-policy-document:TEST-KFZ-2026-1701,customer:noah.weber@example.test,policy:TEST-KFZ-2026-1701,motor,,,,,,,,,,,,,,,,PENDING,CALIBRATION,lg-05df6a2320fd,English,data/synthetic/crm/policies.csv policyNumber=TEST-KFZ-2026-1701; contacts.csv emailAddress=noah.weber@example.test,,False,
ext-crm-fail-061,synthetic_crm,data/synthetic/crm/policies.csv,policy:TEST-RS-2026-1702,,policyNumber:TEST-RS-2026-1702,What are the start and end dates of this policy?,Customer: Noah Weber (noah.weber@example.test). Policy number: TEST-RS-2026-1702. Product type: Legal Protection. Coverage type: Standard Coverage. Status: Active. Start date: 2026-05-01. End date: 2027-04-30. Deductible: 200 EUR. Annual premium: 310 EUR.,The policy runs from 2026-01-01 through 2026-12-31.,crm-policy-question:TEST-RS-2026-1702,crm-policy-document:TEST-RS-2026-1702,customer:noah.weber@example.test,policy:TEST-RS-2026-1702,legal_protection,,,,,,,,,,,,,,,,PENDING,CALIBRATION,lg-05df6a2320fd,English,data/synthetic/crm/policies.csv policyNumber=TEST-RS-2026-1702; contacts.csv emailAddress=noah.weber@example.test,,False,
ext-crm-fail-062,synthetic_crm,data/synthetic/crm/policies.csv,policy:TEST-HH-2026-1801,,policyNumber:TEST-HH-2026-1801,What are the start and end dates of this policy?,Customer: Mila Hartmann (mila.hartmann@example.test). Policy number: TEST-HH-2026-1801. Product type: Household Insurance. Coverage type: Standard Coverage. Status: Pending. Start date: 2026-09-01. End date: 2027-08-31. Deductible: 250 EUR. Annual premium: 225 EUR.,The policy runs from 2026-01-01 through 2026-12-31.,crm-policy-question:TEST-HH-2026-1801,crm-policy-document:TEST-HH-2026-1801,customer:mila.hartmann@example.test,policy:TEST-HH-2026-1801,household,,,,,,,,,,,,,,,,PENDING,CALIBRATION,lg-05df6a2320fd,English,data/synthetic/crm/policies.csv policyNumber=TEST-HH-2026-1801; contacts.csv emailAddress=mila.hartmann@example.test,,False,
ext-crm-fail-063,synthetic_crm,data/synthetic/crm/policies.csv,policy:TEST-KFZ-2026-1901,,policyNumber:TEST-KFZ-2026-1901,What are the start and end dates of this policy?,Customer: Leon Becker (leon.becker@example.test). Policy number: TEST-KFZ-2026-1901. Product type: Motor Insurance. Coverage type: Comprehensive Coverage. Status: Active. Start date: 2026-06-01. End date: 2027-05-31. Deductible: 500 EUR. Annual premium: 1290 EUR.,The policy runs from 2026-01-01 through 2026-12-31.,crm-policy-question:TEST-KFZ-2026-1901,crm-policy-document:TEST-KFZ-2026-1901,customer:leon.becker@example.test,policy:TEST-KFZ-2026-1901,motor,,,,,,,,,,,,,,,,PENDING,CALIBRATION,lg-05df6a2320fd,English,data/synthetic/crm/policies.csv policyNumber=TEST-KFZ-2026-1901; contacts.csv emailAddress=leon.becker@example.test,,False,
ext-crm-fail-064,synthetic_crm,data/synthetic/crm/policies.csv,policy:TEST-PHV-2026-1902,,policyNumber:TEST-PHV-2026-1902,What are the start and end dates of this policy?,Customer: Leon Becker (leon.becker@example.test). Policy number: TEST-PHV-2026-1902. Product type: Personal Liability. Coverage type: Liability. Status: Active. Start date: 2026-06-01. End date: 2027-05-31. Deductible: 0 EUR. Annual premium: 108 EUR.,The policy runs from 2026-01-01 through 2026-12-31.,crm-policy-question:TEST-PHV-2026-1902,crm-policy-document:TEST-PHV-2026-1902,customer:leon.becker@example.test,policy:TEST-PHV-2026-1902,liability,,,,,,,,,,,,,,,,PENDING,CALIBRATION,lg-05df6a2320fd,English,data/synthetic/crm/policies.csv policyNumber=TEST-PHV-2026-1902; contacts.csv emailAddress=leon.becker@example.test,,False,
ext-crm-fail-065,synthetic_crm,data/synthetic/crm/policies.csv,policy:TEST-KFZ-2026-1001,,policyNumber:TEST-KFZ-2026-1001,What are the start and end dates of this policy?,Customer: Lara Neumann (lara.neumann@example.test). Policy number: TEST-KFZ-2026-1001. Product type: Motor Insurance. Coverage type: Partial Coverage. Status: Active. Start date: 2026-01-01. End date: 2026-12-31. Deductible: 150 EUR. Annual premium: 684 EUR.,The policy runs from 2026-07-01 through 2027-06-30.,crm-policy-question:TEST-KFZ-2026-1001,crm-policy-document:TEST-KFZ-2026-1001,customer:lara.neumann@example.test,policy:TEST-KFZ-2026-1001,motor,,,,,,,,,,,,,,,,PENDING,CALIBRATION,lg-05df6a2320fd,English,data/synthetic/crm/policies.csv policyNumber=TEST-KFZ-2026-1001; contacts.csv emailAddress=lara.neumann@example.test,,False,
ext-crm-fail-066,synthetic_crm,data/synthetic/crm/policies.csv,policy:TEST-PHV-2026-1002,,policyNumber:TEST-PHV-2026-1002,What are the start and end dates of this policy?,Customer: Lara Neumann (lara.neumann@example.test). Policy number: TEST-PHV-2026-1002. Product type: Personal Liability. Coverage type: Liability. Status: Active. Start date: 2026-01-01. End date: 2026-12-31. Deductible: 0 EUR. Annual premium: 96 EUR.,The policy runs from 2026-07-01 through 2027-06-30.,crm-policy-question:TEST-PHV-2026-1002,crm-policy-document:TEST-PHV-2026-1002,customer:lara.neumann@example.test,policy:TEST-PHV-2026-1002,liability,,,,,,,,,,,,,,,,PENDING,CALIBRATION,lg-05df6a2320fd,English,data/synthetic/crm/policies.csv policyNumber=TEST-PHV-2026-1002; contacts.csv emailAddress=lara.neumann@example.test,,False,
ext-crm-fail-067,synthetic_crm,data/synthetic/crm/policies.csv,policy:TEST-KFZ-2026-1003,,policyNumber:TEST-KFZ-2026-1003,What are the start and end dates of this policy?,Customer: Lara Neumann (lara.neumann@example.test). Policy number: TEST-KFZ-2026-1003. Product type: Motor Insurance. Coverage type: Partial Coverage. Status: Active. Start date: 2026-07-01. End date: 2027-06-30. Deductible: 300 EUR. Annual premium: 720 EUR.,The policy runs from 2026-01-01 through 2026-12-31.,crm-policy-question:TEST-KFZ-2026-1003,crm-policy-document:TEST-KFZ-2026-1003,customer:lara.neumann@example.test,policy:TEST-KFZ-2026-1003,motor,,,,,,,,,,,,,,,,PENDING,CALIBRATION,lg-05df6a2320fd,English,data/synthetic/crm/policies.csv policyNumber=TEST-KFZ-2026-1003; contacts.csv emailAddress=lara.neumann@example.test,,False,
ext-crm-fail-068,synthetic_crm,data/synthetic/crm/policies.csv,policy:TEST-KFZ-2026-1101,,policyNumber:TEST-KFZ-2026-1101,What are the start and end dates of this policy?,Customer: Oliver Brandt (oliver.brandt@example.test). Policy number: TEST-KFZ-2026-1101. Product type: Motor Insurance. Coverage type: Comprehensive Coverage. Status: Active. Start date: 2026-02-01. End date: 2027-01-31. Deductible: 300 EUR. Annual premium: 1120 EUR.,The policy runs from 2026-01-01 through 2026-12-31.,crm-policy-question:TEST-KFZ-2026-1101,crm-policy-document:TEST-KFZ-2026-1101,customer:oliver.brandt@example.test,policy:TEST-KFZ-2026-1101,motor,,,,,,,,,,,,,,,,PENDING,CALIBRATION,lg-05df6a2320fd,English,data/synthetic/crm/policies.csv policyNumber=TEST-KFZ-2026-1101; contacts.csv emailAddress=oliver.brandt@example.test,,False,
ext-crm-fail-069,synthetic_crm,data/synthetic/crm/policies.csv,policy:TEST-HH-2026-1201,,policyNumber:TEST-HH-2026-1201,What are the start and end dates of this policy?,Customer: Sophie Keller (sophie.keller@example.test). Policy number: TEST-HH-2026-1201. Product type: Household Insurance. Coverage type: Standard Coverage. Status: Active. Start date: 2026-01-15. End date: 2027-01-14. Deductible: 250 EUR. Annual premium: 210 EUR.,The policy runs from 2026-01-01 through 2026-12-31.,crm-policy-question:TEST-HH-2026-1201,crm-policy-document:TEST-HH-2026-1201,customer:sophie.keller@example.test,policy:TEST-HH-2026-1201,household,,,,,,,,,,,,,,,,PENDING,CALIBRATION,lg-05df6a2320fd,English,data/synthetic/crm/policies.csv policyNumber=TEST-HH-2026-1201; contacts.csv emailAddress=sophie.keller@example.test,,False,
ext-crm-fail-070,synthetic_crm,data/synthetic/crm/policies.csv,policy:TEST-RS-2026-1202,,policyNumber:TEST-RS-2026-1202,What are the start and end dates of this policy?,Customer: Sophie Keller (sophie.keller@example.test). Policy number: TEST-RS-2026-1202. Product type: Legal Protection. Coverage type: Standard Coverage. Status: Pending. Start date: 2026-08-01. End date: 2027-07-31. Deductible: 150 EUR. Annual premium: 280 EUR.,The policy runs from 2026-01-01 through 2026-12-31.,crm-policy-question:TEST-RS-2026-1202,crm-policy-document:TEST-RS-2026-1202,customer:sophie.keller@example.test,policy:TEST-RS-2026-1202,legal_protection,,,,,,,,,,,,,,,,PENDING,CALIBRATION,lg-05df6a2320fd,English,data/synthetic/crm/policies.csv policyNumber=TEST-RS-2026-1202; contacts.csv emailAddress=sophie.keller@example.test,,False,
ext-crm-fail-071,synthetic_crm,data/synthetic/crm/policies.csv,policy:TEST-PHV-2025-1301,,policyNumber:TEST-PHV-2025-1301,Who holds this policy and what is its annual premium?,Customer: Emil Fischer (emil.fischer@example.test). Policy number: TEST-PHV-2025-1301. Product type: Personal Liability. Coverage type: Liability. Status: Expired. Start date: 2025-01-01. End date: 2025-12-31. Deductible: 0 EUR. Annual premium: 84 EUR.,"Lara Neumann holds it, and the annual premium is 84 EUR.",crm-policy-question:TEST-PHV-2025-1301,crm-policy-document:TEST-PHV-2025-1301,customer:emil.fischer@example.test,policy:TEST-PHV-2025-1301,liability,,,,,,,,,,,,,,,,PENDING,CALIBRATION,lg-05df6a2320fd,English,data/synthetic/crm/policies.csv policyNumber=TEST-PHV-2025-1301; contacts.csv emailAddress=emil.fischer@example.test,,False,
ext-crm-fail-072,synthetic_crm,data/synthetic/crm/policies.csv,policy:TEST-KFZ-2026-1401,,policyNumber:TEST-KFZ-2026-1401,Who holds this policy and what is its annual premium?,Customer: Hannah Vogel (hannah.vogel@example.test). Policy number: TEST-KFZ-2026-1401. Product type: Motor Insurance. Coverage type: Liability. Status: Active. Start date: 2026-03-01. End date: 2027-02-28. Deductible: 500 EUR. Annual premium: 520 EUR.,"Lara Neumann holds it, and the annual premium is 520 EUR.",crm-policy-question:TEST-KFZ-2026-1401,crm-policy-document:TEST-KFZ-2026-1401,customer:hannah.vogel@example.test,policy:TEST-KFZ-2026-1401,motor,,,,,,,,,,,,,,,,PENDING,CALIBRATION,lg-05df6a2320fd,English,data/synthetic/crm/policies.csv policyNumber=TEST-KFZ-2026-1401; contacts.csv emailAddress=hannah.vogel@example.test,,False,
ext-crm-fail-073,synthetic_crm,data/synthetic/crm/policies.csv,policy:TEST-HH-2026-1402,,policyNumber:TEST-HH-2026-1402,Who holds this policy and what is its annual premium?,Customer: Hannah Vogel (hannah.vogel@example.test). Policy number: TEST-HH-2026-1402. Product type: Household Insurance. Coverage type: Standard Coverage. Status: Active. Start date: 2026-03-01. End date: 2027-02-28. Deductible: 200 EUR. Annual premium: 195 EUR.,"Lara Neumann holds it, and the annual premium is 195 EUR.",crm-policy-question:TEST-HH-2026-1402,crm-policy-document:TEST-HH-2026-1402,customer:hannah.vogel@example.test,policy:TEST-HH-2026-1402,household,,,,,,,,,,,,,,,,PENDING,CALIBRATION,lg-05df6a2320fd,English,data/synthetic/crm/policies.csv policyNumber=TEST-HH-2026-1402; contacts.csv emailAddress=hannah.vogel@example.test,,False,
ext-crm-fail-074,synthetic_crm,data/synthetic/crm/policies.csv,policy:TEST-RS-2026-1501,,policyNumber:TEST-RS-2026-1501,Who holds this policy and what is its annual premium?,Customer: Jonas Richter (jonas.richter@example.test). Policy number: TEST-RS-2026-1501. Product type: Legal Protection. Coverage type: Standard Coverage. Status: Cancelled. Start date: 2026-01-01. End date: 2026-06-30. Deductible: 150 EUR. Annual premium: 260 EUR.,"Lara Neumann holds it, and the annual premium is 260 EUR.",crm-policy-question:TEST-RS-2026-1501,crm-policy-document:TEST-RS-2026-1501,customer:jonas.richter@example.test,policy:TEST-RS-2026-1501,legal_protection,,,,,,,,,,,,,,,,PENDING,CALIBRATION,lg-05df6a2320fd,English,data/synthetic/crm/policies.csv policyNumber=TEST-RS-2026-1501; contacts.csv emailAddress=jonas.richter@example.test,,False,
ext-crm-fail-075,synthetic_crm,data/synthetic/crm/policies.csv,policy:TEST-PHV-2026-1601,,policyNumber:TEST-PHV-2026-1601,Who holds this policy and what is its annual premium?,Customer: Amira Hoffmann (amira.hoffmann@example.test). Policy number: TEST-PHV-2026-1601. Product type: Personal Liability. Coverage type: Liability. Status: Active. Start date: 2026-04-01. End date: 2027-03-31. Deductible: 0 EUR. Annual premium: 102 EUR.,"Lara Neumann holds it, and the annual premium is 102 EUR.",crm-policy-question:TEST-PHV-2026-1601,crm-policy-document:TEST-PHV-2026-1601,customer:amira.hoffmann@example.test,policy:TEST-PHV-2026-1601,liability,,,,,,,,,,,,,,,,PENDING,CALIBRATION,lg-05df6a2320fd,English,data/synthetic/crm/policies.csv policyNumber=TEST-PHV-2026-1601; contacts.csv emailAddress=amira.hoffmann@example.test,,False,
ext-crm-fail-076,synthetic_crm,data/synthetic/crm/policies.csv,policy:TEST-KFZ-2026-1701,,policyNumber:TEST-KFZ-2026-1701,Who holds this policy and what is its annual premium?,Customer: Noah Weber (noah.weber@example.test). Policy number: TEST-KFZ-2026-1701. Product type: Motor Insurance. Coverage type: Partial Coverage. Status: Active. Start date: 2026-05-01. End date: 2027-04-30. Deductible: 300 EUR. Annual premium: 735 EUR.,"Lara Neumann holds it, and the annual premium is 735 EUR.",crm-policy-question:TEST-KFZ-2026-1701,crm-policy-document:TEST-KFZ-2026-1701,customer:noah.weber@example.test,policy:TEST-KFZ-2026-1701,motor,,,,,,,,,,,,,,,,PENDING,CALIBRATION,lg-05df6a2320fd,English,data/synthetic/crm/policies.csv policyNumber=TEST-KFZ-2026-1701; contacts.csv emailAddress=noah.weber@example.test,,False,
ext-crm-fail-077,synthetic_crm,data/synthetic/crm/policies.csv,policy:TEST-RS-2026-1702,,policyNumber:TEST-RS-2026-1702,Who holds this policy and what is its annual premium?,Customer: Noah Weber (noah.weber@example.test). Policy number: TEST-RS-2026-1702. Product type: Legal Protection. Coverage type: Standard Coverage. Status: Active. Start date: 2026-05-01. End date: 2027-04-30. Deductible: 200 EUR. Annual premium: 310 EUR.,"Lara Neumann holds it, and the annual premium is 310 EUR.",crm-policy-question:TEST-RS-2026-1702,crm-policy-document:TEST-RS-2026-1702,customer:noah.weber@example.test,policy:TEST-RS-2026-1702,legal_protection,,,,,,,,,,,,,,,,PENDING,CALIBRATION,lg-05df6a2320fd,English,data/synthetic/crm/policies.csv policyNumber=TEST-RS-2026-1702; contacts.csv emailAddress=noah.weber@example.test,,False,
ext-crm-fail-078,synthetic_crm,data/synthetic/crm/policies.csv,policy:TEST-HH-2026-1801,,policyNumber:TEST-HH-2026-1801,Who holds this policy and what is its annual premium?,Customer: Mila Hartmann (mila.hartmann@example.test). Policy number: TEST-HH-2026-1801. Product type: Household Insurance. Coverage type: Standard Coverage. Status: Pending. Start date: 2026-09-01. End date: 2027-08-31. Deductible: 250 EUR. Annual premium: 225 EUR.,"Lara Neumann holds it, and the annual premium is 225 EUR.",crm-policy-question:TEST-HH-2026-1801,crm-policy-document:TEST-HH-2026-1801,customer:mila.hartmann@example.test,policy:TEST-HH-2026-1801,household,,,,,,,,,,,,,,,,PENDING,CALIBRATION,lg-05df6a2320fd,English,data/synthetic/crm/policies.csv policyNumber=TEST-HH-2026-1801; contacts.csv emailAddress=mila.hartmann@example.test,,False,
ext-crm-fail-079,synthetic_crm,data/synthetic/crm/policies.csv,policy:TEST-KFZ-2026-1901,,policyNumber:TEST-KFZ-2026-1901,Who holds this policy and what is its annual premium?,Customer: Leon Becker (leon.becker@example.test). Policy number: TEST-KFZ-2026-1901. Product type: Motor Insurance. Coverage type: Comprehensive Coverage. Status: Active. Start date: 2026-06-01. End date: 2027-05-31. Deductible: 500 EUR. Annual premium: 1290 EUR.,"Lara Neumann holds it, and the annual premium is 1290 EUR.",crm-policy-question:TEST-KFZ-2026-1901,crm-policy-document:TEST-KFZ-2026-1901,customer:leon.becker@example.test,policy:TEST-KFZ-2026-1901,motor,,,,,,,,,,,,,,,,PENDING,CALIBRATION,lg-05df6a2320fd,English,data/synthetic/crm/policies.csv policyNumber=TEST-KFZ-2026-1901; contacts.csv emailAddress=leon.becker@example.test,,False,
ext-crm-fail-080,synthetic_crm,data/synthetic/crm/policies.csv,policy:TEST-PHV-2026-1902,,policyNumber:TEST-PHV-2026-1902,Who holds this policy and what is its annual premium?,Customer: Leon Becker (leon.becker@example.test). Policy number: TEST-PHV-2026-1902. Product type: Personal Liability. Coverage type: Liability. Status: Active. Start date: 2026-06-01. End date: 2027-05-31. Deductible: 0 EUR. Annual premium: 108 EUR.,"Lara Neumann holds it, and the annual premium is 108 EUR.",crm-policy-question:TEST-PHV-2026-1902,crm-policy-document:TEST-PHV-2026-1902,customer:leon.becker@example.test,policy:TEST-PHV-2026-1902,liability,,,,,,,,,,,,,,,,PENDING,CALIBRATION,lg-05df6a2320fd,English,data/synthetic/crm/policies.csv policyNumber=TEST-PHV-2026-1902; contacts.csv emailAddress=leon.becker@example.test,,False,
ext-crm-fail-081,synthetic_crm,data/synthetic/crm/policies.csv,policy:TEST-KFZ-2026-1001,,policyNumber:TEST-KFZ-2026-1001,Which policy has the annual premium shown in the context?,Customer: Lara Neumann (lara.neumann@example.test). Policy number: TEST-KFZ-2026-1001. Product type: Motor Insurance. Coverage type: Partial Coverage. Status: Active. Start date: 2026-01-01. End date: 2026-12-31. Deductible: 150 EUR. Annual premium: 684 EUR.,The annual premium of 684 EUR belongs to policy TEST-PHV-2026-1002.,crm-policy-question:TEST-KFZ-2026-1001,crm-policy-document:TEST-KFZ-2026-1001,customer:lara.neumann@example.test,policy:TEST-KFZ-2026-1001,motor,,,,,,,,,,,,,,,,PENDING,CALIBRATION,lg-05df6a2320fd,English,data/synthetic/crm/policies.csv policyNumber=TEST-KFZ-2026-1001; contacts.csv emailAddress=lara.neumann@example.test,,False,
ext-crm-fail-082,synthetic_crm,data/synthetic/crm/policies.csv,policy:TEST-PHV-2026-1002,,policyNumber:TEST-PHV-2026-1002,Which policy has the annual premium shown in the context?,Customer: Lara Neumann (lara.neumann@example.test). Policy number: TEST-PHV-2026-1002. Product type: Personal Liability. Coverage type: Liability. Status: Active. Start date: 2026-01-01. End date: 2026-12-31. Deductible: 0 EUR. Annual premium: 96 EUR.,The annual premium of 96 EUR belongs to policy TEST-KFZ-2026-1001.,crm-policy-question:TEST-PHV-2026-1002,crm-policy-document:TEST-PHV-2026-1002,customer:lara.neumann@example.test,policy:TEST-PHV-2026-1002,liability,,,,,,,,,,,,,,,,PENDING,CALIBRATION,lg-05df6a2320fd,English,data/synthetic/crm/policies.csv policyNumber=TEST-PHV-2026-1002; contacts.csv emailAddress=lara.neumann@example.test,,False,
ext-crm-fail-083,synthetic_crm,data/synthetic/crm/policies.csv,policy:TEST-KFZ-2026-1003,,policyNumber:TEST-KFZ-2026-1003,Which policy has the annual premium shown in the context?,Customer: Lara Neumann (lara.neumann@example.test). Policy number: TEST-KFZ-2026-1003. Product type: Motor Insurance. Coverage type: Partial Coverage. Status: Active. Start date: 2026-07-01. End date: 2027-06-30. Deductible: 300 EUR. Annual premium: 720 EUR.,The annual premium of 720 EUR belongs to policy TEST-KFZ-2026-1001.,crm-policy-question:TEST-KFZ-2026-1003,crm-policy-document:TEST-KFZ-2026-1003,customer:lara.neumann@example.test,policy:TEST-KFZ-2026-1003,motor,,,,,,,,,,,,,,,,PENDING,CALIBRATION,lg-05df6a2320fd,English,data/synthetic/crm/policies.csv policyNumber=TEST-KFZ-2026-1003; contacts.csv emailAddress=lara.neumann@example.test,,False,
ext-crm-fail-084,synthetic_crm,data/synthetic/crm/policies.csv,policy:TEST-KFZ-2026-1101,,policyNumber:TEST-KFZ-2026-1101,Which policy has the annual premium shown in the context?,Customer: Oliver Brandt (oliver.brandt@example.test). Policy number: TEST-KFZ-2026-1101. Product type: Motor Insurance. Coverage type: Comprehensive Coverage. Status: Active. Start date: 2026-02-01. End date: 2027-01-31. Deductible: 300 EUR. Annual premium: 1120 EUR.,The annual premium of 1120 EUR belongs to policy TEST-KFZ-2026-1001.,crm-policy-question:TEST-KFZ-2026-1101,crm-policy-document:TEST-KFZ-2026-1101,customer:oliver.brandt@example.test,policy:TEST-KFZ-2026-1101,motor,,,,,,,,,,,,,,,,PENDING,CALIBRATION,lg-05df6a2320fd,English,data/synthetic/crm/policies.csv policyNumber=TEST-KFZ-2026-1101; contacts.csv emailAddress=oliver.brandt@example.test,,False,
ext-crm-fail-085,synthetic_crm,data/synthetic/crm/policies.csv,policy:TEST-HH-2026-1201,,policyNumber:TEST-HH-2026-1201,Which policy has the annual premium shown in the context?,Customer: Sophie Keller (sophie.keller@example.test). Policy number: TEST-HH-2026-1201. Product type: Household Insurance. Coverage type: Standard Coverage. Status: Active. Start date: 2026-01-15. End date: 2027-01-14. Deductible: 250 EUR. Annual premium: 210 EUR.,The annual premium of 210 EUR belongs to policy TEST-KFZ-2026-1001.,crm-policy-question:TEST-HH-2026-1201,crm-policy-document:TEST-HH-2026-1201,customer:sophie.keller@example.test,policy:TEST-HH-2026-1201,household,,,,,,,,,,,,,,,,PENDING,CALIBRATION,lg-05df6a2320fd,English,data/synthetic/crm/policies.csv policyNumber=TEST-HH-2026-1201; contacts.csv emailAddress=sophie.keller@example.test,,False,
ext-crm-fail-086,synthetic_crm,data/synthetic/crm/policies.csv,policy:TEST-RS-2026-1202,,policyNumber:TEST-RS-2026-1202,Which policy has the annual premium shown in the context?,Customer: Sophie Keller (sophie.keller@example.test). Policy number: TEST-RS-2026-1202. Product type: Legal Protection. Coverage type: Standard Coverage. Status: Pending. Start date: 2026-08-01. End date: 2027-07-31. Deductible: 150 EUR. Annual premium: 280 EUR.,The annual premium of 280 EUR belongs to policy TEST-KFZ-2026-1001.,crm-policy-question:TEST-RS-2026-1202,crm-policy-document:TEST-RS-2026-1202,customer:sophie.keller@example.test,policy:TEST-RS-2026-1202,legal_protection,,,,,,,,,,,,,,,,PENDING,CALIBRATION,lg-05df6a2320fd,English,data/synthetic/crm/policies.csv policyNumber=TEST-RS-2026-1202; contacts.csv emailAddress=sophie.keller@example.test,,False,
ext-crm-fail-087,synthetic_crm,data/synthetic/crm/policies.csv,policy:TEST-PHV-2025-1301,,policyNumber:TEST-PHV-2025-1301,Which policy has the annual premium shown in the context?,Customer: Emil Fischer (emil.fischer@example.test). Policy number: TEST-PHV-2025-1301. Product type: Personal Liability. Coverage type: Liability. Status: Expired. Start date: 2025-01-01. End date: 2025-12-31. Deductible: 0 EUR. Annual premium: 84 EUR.,The annual premium of 84 EUR belongs to policy TEST-KFZ-2026-1001.,crm-policy-question:TEST-PHV-2025-1301,crm-policy-document:TEST-PHV-2025-1301,customer:emil.fischer@example.test,policy:TEST-PHV-2025-1301,liability,,,,,,,,,,,,,,,,PENDING,CALIBRATION,lg-05df6a2320fd,English,data/synthetic/crm/policies.csv policyNumber=TEST-PHV-2025-1301; contacts.csv emailAddress=emil.fischer@example.test,,False,
ext-crm-fail-088,synthetic_crm,data/synthetic/crm/policies.csv,policy:TEST-KFZ-2026-1401,,policyNumber:TEST-KFZ-2026-1401,Which policy has the annual premium shown in the context?,Customer: Hannah Vogel (hannah.vogel@example.test). Policy number: TEST-KFZ-2026-1401. Product type: Motor Insurance. Coverage type: Liability. Status: Active. Start date: 2026-03-01. End date: 2027-02-28. Deductible: 500 EUR. Annual premium: 520 EUR.,The annual premium of 520 EUR belongs to policy TEST-KFZ-2026-1001.,crm-policy-question:TEST-KFZ-2026-1401,crm-policy-document:TEST-KFZ-2026-1401,customer:hannah.vogel@example.test,policy:TEST-KFZ-2026-1401,motor,,,,,,,,,,,,,,,,PENDING,CALIBRATION,lg-05df6a2320fd,English,data/synthetic/crm/policies.csv policyNumber=TEST-KFZ-2026-1401; contacts.csv emailAddress=hannah.vogel@example.test,,False,
ext-crm-fail-089,synthetic_crm,data/synthetic/crm/policies.csv,policy:TEST-HH-2026-1402,,policyNumber:TEST-HH-2026-1402,Which policy has the annual premium shown in the context?,Customer: Hannah Vogel (hannah.vogel@example.test). Policy number: TEST-HH-2026-1402. Product type: Household Insurance. Coverage type: Standard Coverage. Status: Active. Start date: 2026-03-01. End date: 2027-02-28. Deductible: 200 EUR. Annual premium: 195 EUR.,The annual premium of 195 EUR belongs to policy TEST-KFZ-2026-1001.,crm-policy-question:TEST-HH-2026-1402,crm-policy-document:TEST-HH-2026-1402,customer:hannah.vogel@example.test,policy:TEST-HH-2026-1402,household,,,,,,,,,,,,,,,,PENDING,CALIBRATION,lg-05df6a2320fd,English,data/synthetic/crm/policies.csv policyNumber=TEST-HH-2026-1402; contacts.csv emailAddress=hannah.vogel@example.test,,False,
ext-crm-fail-090,synthetic_crm,data/synthetic/crm/policies.csv,policy:TEST-RS-2026-1501,,policyNumber:TEST-RS-2026-1501,Which policy has the annual premium shown in the context?,Customer: Jonas Richter (jonas.richter@example.test). Policy number: TEST-RS-2026-1501. Product type: Legal Protection. Coverage type: Standard Coverage. Status: Cancelled. Start date: 2026-01-01. End date: 2026-06-30. Deductible: 150 EUR. Annual premium: 260 EUR.,The annual premium of 260 EUR belongs to policy TEST-KFZ-2026-1001.,crm-policy-question:TEST-RS-2026-1501,crm-policy-document:TEST-RS-2026-1501,customer:jonas.richter@example.test,policy:TEST-RS-2026-1501,legal_protection,,,,,,,,,,,,,,,,PENDING,CALIBRATION,lg-05df6a2320fd,English,data/synthetic/crm/policies.csv policyNumber=TEST-RS-2026-1501; contacts.csv emailAddress=jonas.richter@example.test,,False,
ext-crm-fail-091,synthetic_crm,data/synthetic/crm/policies.csv,customer:lara.neumann@example.test,,customer_policy_set:lara.neumann@example.test,"As of 2026-08-01, what is Lara Neumann's current motor policy and its applicable details?","Customer: Lara Neumann (lara.neumann@example.test). Policy number: TEST-KFZ-2026-1001. Product type: Motor Insurance. Coverage type: Partial Coverage. Status: Active. Start date: 2026-01-01. End date: 2026-12-31. Deductible: 150 EUR. Annual premium: 684 EUR.
---
Customer: Lara Neumann (lara.neumann@example.test). Policy number: TEST-PHV-2026-1002. Product type: Personal Liability. Coverage type: Liability. Status: Active. Start date: 2026-01-01. End date: 2026-12-31. Deductible: 0 EUR. Annual premium: 96 EUR.
---
Customer: Lara Neumann (lara.neumann@example.test). Policy number: TEST-KFZ-2026-1003. Product type: Motor Insurance. Coverage type: Partial Coverage. Status: Active. Start date: 2026-07-01. End date: 2027-06-30. Deductible: 300 EUR. Annual premium: 720 EUR.",Lara Neumann's current motor policy is TEST-KFZ-2026-1001 with a 150 EUR deductible and a 684 EUR annual premium.,crm-current-policy:lara-neumann,crm-policy-version-family:lara-motor,customer:lara.neumann@example.test,policy-version-family:lara-motor,motor,,,,,,,,,,,,,,,,REVIEW_REQUIRED,CALIBRATION,lg-05df6a2320fd,English,policies.csv: all Lara Neumann policies; current-policy rule uses active interval then latest start date,exact_duplicate_triplet,False,
ext-crm-fail-092,synthetic_crm,data/synthetic/crm/policies.csv,customer:lara.neumann@example.test,,customer_policy_set:lara.neumann@example.test,"As of 2026-08-01, what is Lara Neumann's current motor policy and its applicable details?","Customer: Lara Neumann (lara.neumann@example.test). Policy number: TEST-KFZ-2026-1001. Product type: Motor Insurance. Coverage type: Partial Coverage. Status: Active. Start date: 2026-01-01. End date: 2026-12-31. Deductible: 150 EUR. Annual premium: 684 EUR.
---
Customer: Lara Neumann (lara.neumann@example.test). Policy number: TEST-PHV-2026-1002. Product type: Personal Liability. Coverage type: Liability. Status: Active. Start date: 2026-01-01. End date: 2026-12-31. Deductible: 0 EUR. Annual premium: 96 EUR.
---
Customer: Lara Neumann (lara.neumann@example.test). Policy number: TEST-KFZ-2026-1003. Product type: Motor Insurance. Coverage type: Partial Coverage. Status: Active. Start date: 2026-07-01. End date: 2027-06-30. Deductible: 300 EUR. Annual premium: 720 EUR.",The current motor contract is TEST-KFZ-2026-1001.,crm-current-policy:lara-neumann,crm-policy-version-family:lara-motor,customer:lara.neumann@example.test,policy-version-family:lara-motor,motor,,,,,,,,,,,,,,,,REVIEW_REQUIRED,CALIBRATION,lg-05df6a2320fd,English,policies.csv: all Lara Neumann policies; current-policy rule uses active interval then latest start date,exact_duplicate_triplet,False,
ext-crm-fail-093,synthetic_crm,data/synthetic/crm/policies.csv,customer:lara.neumann@example.test,,customer_policy_set:lara.neumann@example.test,"As of 2026-08-01, what is Lara Neumann's current motor policy and its applicable details?","Customer: Lara Neumann (lara.neumann@example.test). Policy number: TEST-KFZ-2026-1001. Product type: Motor Insurance. Coverage type: Partial Coverage. Status: Active. Start date: 2026-01-01. End date: 2026-12-31. Deductible: 150 EUR. Annual premium: 684 EUR.
---
Customer: Lara Neumann (lara.neumann@example.test). Policy number: TEST-PHV-2026-1002. Product type: Personal Liability. Coverage type: Liability. Status: Active. Start date: 2026-01-01. End date: 2026-12-31. Deductible: 0 EUR. Annual premium: 96 EUR.
---
Customer: Lara Neumann (lara.neumann@example.test). Policy number: TEST-KFZ-2026-1003. Product type: Motor Insurance. Coverage type: Partial Coverage. Status: Active. Start date: 2026-07-01. End date: 2027-06-30. Deductible: 300 EUR. Annual premium: 720 EUR.",The deductible of Lara Neumann's current motor policy is 150 EUR.,crm-current-policy:lara-neumann,crm-policy-version-family:lara-motor,customer:lara.neumann@example.test,policy-version-family:lara-motor,motor,,,,,,,,,,,,,,,,REVIEW_REQUIRED,CALIBRATION,lg-05df6a2320fd,English,policies.csv: all Lara Neumann policies; current-policy rule uses active interval then latest start date,exact_duplicate_triplet,False,
ext-crm-fail-094,synthetic_crm,data/synthetic/crm/policies.csv,customer:lara.neumann@example.test,,customer_policy_set:lara.neumann@example.test,"As of 2026-08-01, what is Lara Neumann's current motor policy and its applicable details?","Customer: Lara Neumann (lara.neumann@example.test). Policy number: TEST-KFZ-2026-1001. Product type: Motor Insurance. Coverage type: Partial Coverage. Status: Active. Start date: 2026-01-01. End date: 2026-12-31. Deductible: 150 EUR. Annual premium: 684 EUR.
---
Customer: Lara Neumann (lara.neumann@example.test). Policy number: TEST-PHV-2026-1002. Product type: Personal Liability. Coverage type: Liability. Status: Active. Start date: 2026-01-01. End date: 2026-12-31. Deductible: 0 EUR. Annual premium: 96 EUR.
---
Customer: Lara Neumann (lara.neumann@example.test). Policy number: TEST-KFZ-2026-1003. Product type: Motor Insurance. Coverage type: Partial Coverage. Status: Active. Start date: 2026-07-01. End date: 2027-06-30. Deductible: 300 EUR. Annual premium: 720 EUR.",The annual premium of Lara Neumann's current motor policy is 684 EUR.,crm-current-policy:lara-neumann,crm-policy-version-family:lara-motor,customer:lara.neumann@example.test,policy-version-family:lara-motor,motor,,,,,,,,,,,,,,,,REVIEW_REQUIRED,CALIBRATION,lg-05df6a2320fd,English,policies.csv: all Lara Neumann policies; current-policy rule uses active interval then latest start date,exact_duplicate_triplet,False,
ext-crm-fail-095,synthetic_crm,data/synthetic/crm/policies.csv,customer:lara.neumann@example.test,,customer_policy_set:lara.neumann@example.test,"As of 2026-08-01, what is Lara Neumann's current motor policy and its applicable details?","Customer: Lara Neumann (lara.neumann@example.test). Policy number: TEST-KFZ-2026-1001. Product type: Motor Insurance. Coverage type: Partial Coverage. Status: Active. Start date: 2026-01-01. End date: 2026-12-31. Deductible: 150 EUR. Annual premium: 684 EUR.
---
Customer: Lara Neumann (lara.neumann@example.test). Policy number: TEST-PHV-2026-1002. Product type: Personal Liability. Coverage type: Liability. Status: Active. Start date: 2026-01-01. End date: 2026-12-31. Deductible: 0 EUR. Annual premium: 96 EUR.
---
Customer: Lara Neumann (lara.neumann@example.test). Policy number: TEST-KFZ-2026-1003. Product type: Motor Insurance. Coverage type: Partial Coverage. Status: Active. Start date: 2026-07-01. End date: 2027-06-30. Deductible: 300 EUR. Annual premium: 720 EUR.","As of 2026-08-01, policy TEST-KFZ-2026-1001 is the current motor policy.",crm-current-policy:lara-neumann,crm-policy-version-family:lara-motor,customer:lara.neumann@example.test,policy-version-family:lara-motor,motor,,,,,,,,,,,,,,,,REVIEW_REQUIRED,CALIBRATION,lg-05df6a2320fd,English,policies.csv: all Lara Neumann policies; current-policy rule uses active interval then latest start date,exact_duplicate_triplet,False,
ext-crm-fail-096,synthetic_crm,data/synthetic/crm/policies.csv,customer:lara.neumann@example.test,,customer_policy_set:lara.neumann@example.test,"As of 2026-08-01, what is Lara Neumann's current motor policy and its applicable details?","Customer: Lara Neumann (lara.neumann@example.test). Policy number: TEST-KFZ-2026-1001. Product type: Motor Insurance. Coverage type: Partial Coverage. Status: Active. Start date: 2026-01-01. End date: 2026-12-31. Deductible: 150 EUR. Annual premium: 684 EUR.
---
Customer: Lara Neumann (lara.neumann@example.test). Policy number: TEST-PHV-2026-1002. Product type: Personal Liability. Coverage type: Liability. Status: Active. Start date: 2026-01-01. End date: 2026-12-31. Deductible: 0 EUR. Annual premium: 96 EUR.
---
Customer: Lara Neumann (lara.neumann@example.test). Policy number: TEST-KFZ-2026-1003. Product type: Motor Insurance. Coverage type: Partial Coverage. Status: Active. Start date: 2026-07-01. End date: 2027-06-30. Deductible: 300 EUR. Annual premium: 720 EUR.",Lara Neumann's current motor policy is TEST-KFZ-2026-1001 with a 150 EUR deductible and a 684 EUR annual premium.,crm-current-policy:lara-neumann,crm-policy-version-family:lara-motor,customer:lara.neumann@example.test,policy-version-family:lara-motor,motor,,,,,,,,,,,,,,,,REVIEW_REQUIRED,CALIBRATION,lg-05df6a2320fd,English,policies.csv: all Lara Neumann policies; current-policy rule uses active interval then latest start date,exact_duplicate_triplet,False,
ext-crm-fail-097,synthetic_crm,data/synthetic/crm/policies.csv,customer:lara.neumann@example.test,,customer_policy_set:lara.neumann@example.test,"As of 2026-08-01, what is Lara Neumann's current motor policy and its applicable details?","Customer: Lara Neumann (lara.neumann@example.test). Policy number: TEST-KFZ-2026-1001. Product type: Motor Insurance. Coverage type: Partial Coverage. Status: Active. Start date: 2026-01-01. End date: 2026-12-31. Deductible: 150 EUR. Annual premium: 684 EUR.
---
Customer: Lara Neumann (lara.neumann@example.test). Policy number: TEST-PHV-2026-1002. Product type: Personal Liability. Coverage type: Liability. Status: Active. Start date: 2026-01-01. End date: 2026-12-31. Deductible: 0 EUR. Annual premium: 96 EUR.
---
Customer: Lara Neumann (lara.neumann@example.test). Policy number: TEST-KFZ-2026-1003. Product type: Motor Insurance. Coverage type: Partial Coverage. Status: Active. Start date: 2026-07-01. End date: 2027-06-30. Deductible: 300 EUR. Annual premium: 720 EUR.",The current motor contract is TEST-KFZ-2026-1001.,crm-current-policy:lara-neumann,crm-policy-version-family:lara-motor,customer:lara.neumann@example.test,policy-version-family:lara-motor,motor,,,,,,,,,,,,,,,,REVIEW_REQUIRED,CALIBRATION,lg-05df6a2320fd,English,policies.csv: all Lara Neumann policies; current-policy rule uses active interval then latest start date,exact_duplicate_triplet,False,
ext-crm-fail-098,synthetic_crm,data/synthetic/crm/policies.csv,customer:lara.neumann@example.test,,customer_policy_set:lara.neumann@example.test,"As of 2026-08-01, what is Lara Neumann's current motor policy and its applicable details?","Customer: Lara Neumann (lara.neumann@example.test). Policy number: TEST-KFZ-2026-1001. Product type: Motor Insurance. Coverage type: Partial Coverage. Status: Active. Start date: 2026-01-01. End date: 2026-12-31. Deductible: 150 EUR. Annual premium: 684 EUR.
---
Customer: Lara Neumann (lara.neumann@example.test). Policy number: TEST-PHV-2026-1002. Product type: Personal Liability. Coverage type: Liability. Status: Active. Start date: 2026-01-01. End date: 2026-12-31. Deductible: 0 EUR. Annual premium: 96 EUR.
---
Customer: Lara Neumann (lara.neumann@example.test). Policy number: TEST-KFZ-2026-1003. Product type: Motor Insurance. Coverage type: Partial Coverage. Status: Active. Start date: 2026-07-01. End date: 2027-06-30. Deductible: 300 EUR. Annual premium: 720 EUR.",The deductible of Lara Neumann's current motor policy is 150 EUR.,crm-current-policy:lara-neumann,crm-policy-version-family:lara-motor,customer:lara.neumann@example.test,policy-version-family:lara-motor,motor,,,,,,,,,,,,,,,,REVIEW_REQUIRED,CALIBRATION,lg-05df6a2320fd,English,policies.csv: all Lara Neumann policies; current-policy rule uses active interval then latest start date,exact_duplicate_triplet,False,
ext-crm-fail-099,synthetic_crm,data/synthetic/crm/policies.csv,customer:lara.neumann@example.test,,customer_policy_set:lara.neumann@example.test,"As of 2026-08-01, what is Lara Neumann's current motor policy and its applicable details?","Customer: Lara Neumann (lara.neumann@example.test). Policy number: TEST-KFZ-2026-1001. Product type: Motor Insurance. Coverage type: Partial Coverage. Status: Active. Start date: 2026-01-01. End date: 2026-12-31. Deductible: 150 EUR. Annual premium: 684 EUR.
---
Customer: Lara Neumann (lara.neumann@example.test). Policy number: TEST-PHV-2026-1002. Product type: Personal Liability. Coverage type: Liability. Status: Active. Start date: 2026-01-01. End date: 2026-12-31. Deductible: 0 EUR. Annual premium: 96 EUR.
---
Customer: Lara Neumann (lara.neumann@example.test). Policy number: TEST-KFZ-2026-1003. Product type: Motor Insurance. Coverage type: Partial Coverage. Status: Active. Start date: 2026-07-01. End date: 2027-06-30. Deductible: 300 EUR. Annual premium: 720 EUR.",The annual premium of Lara Neumann's current motor policy is 684 EUR.,crm-current-policy:lara-neumann,crm-policy-version-family:lara-motor,customer:lara.neumann@example.test,policy-version-family:lara-motor,motor,,,,,,,,,,,,,,,,REVIEW_REQUIRED,CALIBRATION,lg-05df6a2320fd,English,policies.csv: all Lara Neumann policies; current-policy rule uses active interval then latest start date,exact_duplicate_triplet,False,
ext-crm-fail-100,synthetic_crm,data/synthetic/crm/policies.csv,customer:lara.neumann@example.test,,customer_policy_set:lara.neumann@example.test,"As of 2026-08-01, what is Lara Neumann's current motor policy and its applicable details?","Customer: Lara Neumann (lara.neumann@example.test). Policy number: TEST-KFZ-2026-1001. Product type: Motor Insurance. Coverage type: Partial Coverage. Status: Active. Start date: 2026-01-01. End date: 2026-12-31. Deductible: 150 EUR. Annual premium: 684 EUR.
---
Customer: Lara Neumann (lara.neumann@example.test). Policy number: TEST-PHV-2026-1002. Product type: Personal Liability. Coverage type: Liability. Status: Active. Start date: 2026-01-01. End date: 2026-12-31. Deductible: 0 EUR. Annual premium: 96 EUR.
---
Customer: Lara Neumann (lara.neumann@example.test). Policy number: TEST-KFZ-2026-1003. Product type: Motor Insurance. Coverage type: Partial Coverage. Status: Active. Start date: 2026-07-01. End date: 2027-06-30. Deductible: 300 EUR. Annual premium: 720 EUR.","As of 2026-08-01, policy TEST-KFZ-2026-1001 is the current motor policy.",crm-current-policy:lara-neumann,crm-policy-version-family:lara-motor,customer:lara.neumann@example.test,policy-version-family:lara-motor,motor,,,,,,,,,,,,,,,,REVIEW_REQUIRED,CALIBRATION,lg-05df6a2320fd,English,policies.csv: all Lara Neumann policies; current-policy rule uses active interval then latest start date,exact_duplicate_triplet,False,
ext-crm-fail-101,synthetic_crm,data/synthetic/crm/claims.csv,claim:TEST-CLM-2026-2001,,claimNumber:TEST-CLM-2026-2001,Has this claim been approved or rejected according to the stored claim record?,Customer: Lara Neumann. Claim number: TEST-CLM-2026-2001. Policy number: TEST-KFZ-2026-1001. Damage type: Glass Damage. Claimed amount: 780 EUR. Current status: Under Review.,The claim decision is Approved.,crm-claim-question:TEST-CLM-2026-2001,crm-claim-document:TEST-CLM-2026-2001,customer:lara.neumann@example.test,policy:TEST-KFZ-2026-1001,motor,,,,,,,,,,,,,,,,REVIEW_REQUIRED,CALIBRATION,lg-05df6a2320fd,English,claims.csv claimNumber=TEST-CLM-2026-2001,exact_duplicate_triplet,False,
ext-crm-fail-102,synthetic_crm,data/synthetic/crm/claims.csv,claim:TEST-CLM-2026-2101,,claimNumber:TEST-CLM-2026-2101,Has this claim been approved or rejected according to the stored claim record?,Customer: Oliver Brandt. Claim number: TEST-CLM-2026-2101. Policy number: TEST-KFZ-2026-1101. Damage type: Parking Damage. Claimed amount: 2350 EUR. Current status: Approved.,The claim decision is Rejected.,crm-claim-question:TEST-CLM-2026-2101,crm-claim-document:TEST-CLM-2026-2101,customer:oliver.brandt@example.test,policy:TEST-KFZ-2026-1101,motor,,,,,,,,,,,,,,,,REVIEW_REQUIRED,CALIBRATION,lg-05df6a2320fd,English,claims.csv claimNumber=TEST-CLM-2026-2101,exact_duplicate_triplet,False,
ext-crm-fail-103,synthetic_crm,data/synthetic/crm/claims.csv,claim:TEST-CLM-2026-2201,,claimNumber:TEST-CLM-2026-2201,Has this claim been approved or rejected according to the stored claim record?,Customer: Sophie Keller. Claim number: TEST-CLM-2026-2201. Policy number: TEST-HH-2026-1201. Damage type: Water Damage. Claimed amount: 1800 EUR. Current status: Paid.,The claim decision is Approved.,crm-claim-question:TEST-CLM-2026-2201,crm-claim-document:TEST-CLM-2026-2201,customer:sophie.keller@example.test,policy:TEST-HH-2026-1201,household,,,,,,,,,,,,,,,,PENDING,CALIBRATION,lg-05df6a2320fd,English,claims.csv claimNumber=TEST-CLM-2026-2201,,False,
ext-crm-fail-104,synthetic_crm,data/synthetic/crm/claims.csv,claim:TEST-CLM-2026-2301,,claimNumber:TEST-CLM-2026-2301,Has this claim been approved or rejected according to the stored claim record?,Customer: Hannah Vogel. Claim number: TEST-CLM-2026-2301. Policy number: TEST-KFZ-2026-1401. Damage type: Liability Damage. Claimed amount: 4100 EUR. Current status: Open.,The claim decision is Approved.,crm-claim-question:TEST-CLM-2026-2301,crm-claim-document:TEST-CLM-2026-2301,customer:hannah.vogel@example.test,policy:TEST-KFZ-2026-1401,motor,,,,,,,,,,,,,,,,PENDING,CALIBRATION,lg-05df6a2320fd,English,claims.csv claimNumber=TEST-CLM-2026-2301,,False,
ext-crm-fail-105,synthetic_crm,data/synthetic/crm/claims.csv,claim:TEST-CLM-2026-2401,,claimNumber:TEST-CLM-2026-2401,Has this claim been approved or rejected according to the stored claim record?,Customer: Amira Hoffmann. Claim number: TEST-CLM-2026-2401. Policy number: TEST-PHV-2026-1601. Damage type: Personal Liability. Claimed amount: 640 EUR. Current status: Rejected.,The claim decision is Approved.,crm-claim-question:TEST-CLM-2026-2401,crm-claim-document:TEST-CLM-2026-2401,customer:amira.hoffmann@example.test,policy:TEST-PHV-2026-1601,liability,,,,,,,,,,,,,,,,PENDING,CALIBRATION,lg-05df6a2320fd,English,claims.csv claimNumber=TEST-CLM-2026-2401,,False,
ext-crm-fail-106,synthetic_crm,data/synthetic/crm/claims.csv,claim:TEST-CLM-2026-2501,,claimNumber:TEST-CLM-2026-2501,Has this claim been approved or rejected according to the stored claim record?,Customer: Noah Weber. Claim number: TEST-CLM-2026-2501. Policy number: TEST-KFZ-2026-1701. Damage type: Theft. Claimed amount: 9200 EUR. Current status: Under Review.,The claim decision is Approved.,crm-claim-question:TEST-CLM-2026-2501,crm-claim-document:TEST-CLM-2026-2501,customer:noah.weber@example.test,policy:TEST-KFZ-2026-1701,motor,,,,,,,,,,,,,,,,PENDING,CALIBRATION,lg-05df6a2320fd,English,claims.csv claimNumber=TEST-CLM-2026-2501,,False,
ext-crm-fail-107,synthetic_crm,data/synthetic/crm/claims.csv,claim:TEST-CLM-2026-2601,,claimNumber:TEST-CLM-2026-2601,Has this claim been approved or rejected according to the stored claim record?,Customer: Leon Becker. Claim number: TEST-CLM-2026-2601. Policy number: TEST-KFZ-2026-1901. Damage type: Collision. Claimed amount: 6700 EUR. Current status: Approved.,The claim decision is Rejected.,crm-claim-question:TEST-CLM-2026-2601,crm-claim-document:TEST-CLM-2026-2601,customer:leon.becker@example.test,policy:TEST-KFZ-2026-1901,motor,,,,,,,,,,,,,,,,PENDING,CALIBRATION,lg-05df6a2320fd,English,claims.csv claimNumber=TEST-CLM-2026-2601,,False,
ext-crm-fail-108,synthetic_crm,data/synthetic/crm/claims.csv,claim:TEST-CLM-2026-2602,,claimNumber:TEST-CLM-2026-2602,Has this claim been approved or rejected according to the stored claim record?,Customer: Leon Becker. Claim number: TEST-CLM-2026-2602. Policy number: TEST-PHV-2026-1902. Damage type: Property Damage. Claimed amount: 950 EUR. Current status: Closed.,The claim decision is Approved.,crm-claim-question:TEST-CLM-2026-2602,crm-claim-document:TEST-CLM-2026-2602,customer:leon.becker@example.test,policy:TEST-PHV-2026-1902,liability,,,,,,,,,,,,,,,,PENDING,CALIBRATION,lg-05df6a2320fd,English,claims.csv claimNumber=TEST-CLM-2026-2602,,False,
ext-crm-fail-109,synthetic_crm,data/synthetic/crm/claims.csv,claim:TEST-CLM-2026-2001,,claimNumber:TEST-CLM-2026-2001,Has this claim been approved or rejected according to the stored claim record?,Customer: Lara Neumann. Claim number: TEST-CLM-2026-2001. Policy number: TEST-KFZ-2026-1001. Damage type: Glass Damage. Claimed amount: 780 EUR. Current status: Under Review.,The claim decision is Approved.,crm-claim-question:TEST-CLM-2026-2001,crm-claim-document:TEST-CLM-2026-2001,customer:lara.neumann@example.test,policy:TEST-KFZ-2026-1001,motor,,,,,,,,,,,,,,,,REVIEW_REQUIRED,CALIBRATION,lg-05df6a2320fd,English,claims.csv claimNumber=TEST-CLM-2026-2001,exact_duplicate_triplet,False,
ext-crm-fail-110,synthetic_crm,data/synthetic/crm/claims.csv,claim:TEST-CLM-2026-2101,,claimNumber:TEST-CLM-2026-2101,Has this claim been approved or rejected according to the stored claim record?,Customer: Oliver Brandt. Claim number: TEST-CLM-2026-2101. Policy number: TEST-KFZ-2026-1101. Damage type: Parking Damage. Claimed amount: 2350 EUR. Current status: Approved.,The claim decision is Rejected.,crm-claim-question:TEST-CLM-2026-2101,crm-claim-document:TEST-CLM-2026-2101,customer:oliver.brandt@example.test,policy:TEST-KFZ-2026-1101,motor,,,,,,,,,,,,,,,,REVIEW_REQUIRED,CALIBRATION,lg-05df6a2320fd,English,claims.csv claimNumber=TEST-CLM-2026-2101,exact_duplicate_triplet,False,
ext-legacy-001,legacy_synthetic,tests/fixtures/groundedness_calibration_cases.json,legacy:supported_motor_full_answer,,supported_motor_full_answer,"Is windshield damage covered, what deductible applies, and which motor contract is relevant?",Motor insurance contract TEST-KFZ-2026-1001 covers windshield glass damage under partial comprehensive insurance. A deductible of EUR 150 applies per claim.,Windshield glass damage is covered under partial comprehensive insurance. The deductible is EUR 150 per claim under motor contract TEST-KFZ-2026-1001.,legacy-question:supported_motor_full_answer,legacy-document:supported_motor_full_answer,,,motor,,,,,,,,,,,,,,,,PENDING,VALIDATION,lg-a3c2757c4aec,English,groundedness_calibration_cases.json case id=supported_motor_full_answer,,False,
ext-legacy-002,legacy_synthetic,tests/fixtures/groundedness_calibration_cases.json,legacy:supported_motor_paraphrase,,supported_motor_paraphrase,Does the policy pay for windscreen glass damage?,The motor policy provides partial comprehensive coverage for windshield glass damage. The policyholder pays EUR 150 per claim.,"The partial comprehensive cover includes damage to the windscreen, subject to a 150 euro deductible for each claim.",legacy-question:supported_motor_paraphrase,legacy-document:supported_motor_paraphrase,,,motor,,,,,,,,,,,,,,,,PENDING,LOCKED_HOLDOUT_CANDIDATE,lg-c3d76fbfa9fc,English,groundedness_calibration_cases.json case id=supported_motor_paraphrase,,False,
ext-legacy-003,legacy_synthetic,tests/fixtures/groundedness_calibration_cases.json,legacy:supported_contract_identifier,,supported_contract_identifier,Which contract applies?,Applicable motor insurance contract number: TEST-KFZ-2026-1001.,The applicable contract number is TEST-KFZ-2026-1001.,legacy-question:supported_contract_identifier,legacy-document:supported_contract_identifier,,,general_insurance,,,,,,,,,,,,,,,,PENDING,CALIBRATION,lg-1362b5203c3b,English,groundedness_calibration_cases.json case id=supported_contract_identifier,,False,
ext-legacy-004,legacy_synthetic,tests/fixtures/groundedness_calibration_cases.json,legacy:supported_deductible,,supported_deductible,What is the glass deductible?,"For insured glass damage, the deductible is 150 euros for each claim.",A deductible of EUR 150 applies per glass claim.,legacy-question:supported_deductible,legacy-document:supported_deductible,,,general_insurance,,,,,,,,,,,,,,,,PENDING,CALIBRATION,lg-914b745629ef,English,groundedness_calibration_cases.json case id=supported_deductible,,False,
ext-legacy-005,legacy_synthetic,tests/fixtures/groundedness_calibration_cases.json,legacy:supported_exclusion,,supported_exclusion,Is intentional vehicle damage covered?,Intentional damage to the insured vehicle is excluded and is not covered by the policy.,No. Intentionally caused vehicle damage is not covered.,legacy-question:supported_exclusion,legacy-document:supported_exclusion,,,motor,,,,,,,,,,,,,,,,PENDING,CALIBRATION,lg-190c8d5c9e81,English,groundedness_calibration_cases.json case id=supported_exclusion,,False,
ext-legacy-006,legacy_synthetic,tests/fixtures/groundedness_calibration_cases.json,legacy:supported_liability,,supported_liability,What does personal liability cover?,Personal liability contract TEST-PHV-2026-2001 covers valid claims for damage caused to third parties.,Personal liability insurance covers valid third-party damage claims.,legacy-question:supported_liability,legacy-document:supported_liability,,,liability,,,,,,,,,,,,,,,,PENDING,VALIDATION,lg-8c21eb93d9bc,English,groundedness_calibration_cases.json case id=supported_liability,,False,
ext-legacy-007,legacy_synthetic,tests/fixtures/groundedness_calibration_cases.json,legacy:supported_coverage_dates,,supported_coverage_dates,When is the motor policy active?,Motor policy period: 2026-01-01 to 2026-12-31. Status: active.,The policy is active from 2026-01-01 through 2026-12-31.,legacy-question:supported_coverage_dates,legacy-document:supported_coverage_dates,,,motor,,,,,,,,,,,,,,,,PENDING,CALIBRATION,lg-d1cf0212c148,English,groundedness_calibration_cases.json case id=supported_coverage_dates,,False,
ext-legacy-008,legacy_synthetic,tests/fixtures/groundedness_calibration_cases.json,legacy:supported_home_deductible,,supported_home_deductible,What applies to insured water damage?,Home insurance covers escape-of-water damage with a deductible of EUR 500 per claim.,Insured water damage has a EUR 500 deductible per claim.,legacy-question:supported_home_deductible,legacy-document:supported_home_deductible,,,general_insurance,,,,,,,,,,,,,,,,PENDING,CALIBRATION,lg-486e5e2f6b26,English,groundedness_calibration_cases.json case id=supported_home_deductible,,False,
ext-legacy-009,legacy_synthetic,tests/fixtures/groundedness_calibration_cases.json,legacy:supported_travel_limit,,supported_travel_limit,What is the baggage limit?,"The travel policy covers lost baggage up to a maximum of EUR 2,000.","Travel baggage is covered up to EUR 2,000.",legacy-question:supported_travel_limit,legacy-document:supported_travel_limit,,,travel_assistance,,,,,,,,,,,,,,,,PENDING,CALIBRATION,lg-c498a94f6f91,English,groundedness_calibration_cases.json case id=supported_travel_limit,,False,
ext-legacy-010,legacy_synthetic,tests/fixtures/groundedness_calibration_cases.json,legacy:supported_dental_percentage,,supported_dental_percentage,How much dental treatment is reimbursed?,Eligible dental treatment costs are reimbursed at 80 percent under the health plan.,The plan reimburses 80 percent of eligible dental treatment costs.,legacy-question:supported_dental_percentage,legacy-document:supported_dental_percentage,,,health,,,,,,,,,,,,,,,,PENDING,LOCKED_HOLDOUT_CANDIDATE,lg-3638f992c52a,English,groundedness_calibration_cases.json case id=supported_dental_percentage,,False,
ext-legacy-011,legacy_synthetic,tests/fixtures/groundedness_calibration_cases.json,legacy:supported_two_claims_with_citation,,supported_two_claims_with_citation,Summarize the motor glass benefit.,Partial comprehensive motor insurance covers glass damage. The deductible for each glass claim is EUR 150.,Glass damage is covered by partial comprehensive insurance [motor_policy:1]. The deductible is EUR 150 per claim [motor_policy:1].,legacy-question:supported_two_claims_with_citation,legacy-document:supported_two_claims_with_citation,,,motor,,,,,,,,,,,,,,,,PENDING,CALIBRATION,lg-b8ca6c0c57ca,English,groundedness_calibration_cases.json case id=supported_two_claims_with_citation,,False,
ext-legacy-012,legacy_synthetic,tests/fixtures/groundedness_calibration_cases.json,legacy:supported_short_numeric_answer,,supported_short_numeric_answer,How much is the deductible per claim?,Deductible: EUR 150 per claim.,EUR 150 per claim.,legacy-question:supported_short_numeric_answer,legacy-document:supported_short_numeric_answer,,,general_insurance,,,,,,,,,,,,,,,,PENDING,LOCKED_HOLDOUT_CANDIDATE,lg-da0ca57bf427,English,groundedness_calibration_cases.json case id=supported_short_numeric_answer,,False,
ext-legacy-013,legacy_synthetic,tests/fixtures/groundedness_calibration_cases.json,legacy:unsupported_wrong_motor_deductible,,unsupported_wrong_motor_deductible,What is the glass deductible?,The motor glass deductible is EUR 150 per claim.,The glass deductible is EUR 500 per claim.,legacy-question:unsupported_wrong_motor_deductible,legacy-document:unsupported_wrong_motor_deductible,,,general_insurance,,,,,,,,,,,,,,,,PENDING,LOCKED_HOLDOUT_CANDIDATE,lg-821b597ae9c7,English,groundedness_calibration_cases.json case id=unsupported_wrong_motor_deductible,,False,
ext-legacy-014,legacy_synthetic,tests/fixtures/groundedness_calibration_cases.json,legacy:unsupported_wrong_contract_identifier,,unsupported_wrong_contract_identifier,Which motor contract applies?,The applicable motor contract is TEST-KFZ-2026-1001.,The applicable motor contract is TEST-KFZ-2026-9999.,legacy-question:unsupported_wrong_contract_identifier,legacy-document:unsupported_wrong_contract_identifier,,,motor,,,,,,,,,,,,,,,,PENDING,VALIDATION,lg-898f7085938f,English,groundedness_calibration_cases.json case id=unsupported_wrong_contract_identifier,,False,
ext-legacy-015,legacy_synthetic,tests/fixtures/groundedness_calibration_cases.json,legacy:unsupported_wrong_coverage_type,,unsupported_wrong_coverage_type,Which coverage includes windshield damage?,Windshield damage is covered under partial comprehensive insurance.,Windshield damage is covered under fully comprehensive insurance.,legacy-question:unsupported_wrong_coverage_type,legacy-document:unsupported_wrong_coverage_type,,,motor,,,,,,,,,,,,,,,,PENDING,VALIDATION,lg-6b9d05c33adb,English,groundedness_calibration_cases.json case id=unsupported_wrong_coverage_type,,False,
ext-legacy-016,legacy_synthetic,tests/fixtures/groundedness_calibration_cases.json,legacy:unsupported_reversed_coverage,,unsupported_reversed_coverage,Is windshield glass damage covered?,The motor policy covers windshield glass damage under partial comprehensive coverage.,Windshield glass damage is not covered by the motor policy.,legacy-question:unsupported_reversed_coverage,legacy-document:unsupported_reversed_coverage,,,motor,,,,,,,,,,,,,,,,PENDING,LOCKED_HOLDOUT_CANDIDATE,lg-b0a4367e73e3,English,groundedness_calibration_cases.json case id=unsupported_reversed_coverage,,False,
ext-legacy-017,legacy_synthetic,tests/fixtures/groundedness_calibration_cases.json,legacy:unsupported_zero_deductible,,unsupported_zero_deductible,Does a deductible apply?,A deductible of EUR 150 applies to every insured glass claim.,No deductible applies to a glass claim.,legacy-question:unsupported_zero_deductible,legacy-document:unsupported_zero_deductible,,,general_insurance,,,,,,,,,,,,,,,,PENDING,VALIDATION,lg-d19d308f4bb5,English,groundedness_calibration_cases.json case id=unsupported_zero_deductible,,False,
ext-legacy-018,legacy_synthetic,tests/fixtures/groundedness_calibration_cases.json,legacy:unsupported_rental_car_extension,,unsupported_rental_car_extension,Summarize the glass benefit.,Partial comprehensive insurance covers windshield glass damage with a EUR 150 deductible.,Glass damage is covered and a free rental car is provided for fourteen days.,legacy-question:unsupported_rental_car_extension,legacy-document:unsupported_rental_car_extension,,,general_insurance,,,,,,,,,,,,,,,,PENDING,LOCKED_HOLDOUT_CANDIDATE,lg-14602e56cb6b,English,groundedness_calibration_cases.json case id=unsupported_rental_car_extension,,False,
ext-legacy-019,legacy_synthetic,tests/fixtures/groundedness_calibration_cases.json,legacy:unsupported_wrong_policy_dates,,unsupported_wrong_policy_dates,When is the policy active?,The policy is active from 2026-01-01 through 2026-12-31.,The policy is active from 2025-01-01 through 2025-12-31.,legacy-question:unsupported_wrong_policy_dates,legacy-document:unsupported_wrong_policy_dates,,,general_insurance,,,,,,,,,,,,,,,,PENDING,VALIDATION,lg-d47f9897c75c,English,groundedness_calibration_cases.json case id=unsupported_wrong_policy_dates,,False,
ext-legacy-020,legacy_synthetic,tests/fixtures/groundedness_calibration_cases.json,legacy:unsupported_wrong_home_deductible,,unsupported_wrong_home_deductible,What is the water damage deductible?,The water damage deductible is EUR 500 per claim.,The water damage deductible is EUR 250 per claim.,legacy-question:unsupported_wrong_home_deductible,legacy-document:unsupported_wrong_home_deductible,,,general_insurance,,,,,,,,,,,,,,,,PENDING,LOCKED_HOLDOUT_CANDIDATE,lg-75e244543ac4,English,groundedness_calibration_cases.json case id=unsupported_wrong_home_deductible,,False,
ext-legacy-021,legacy_synthetic,tests/fixtures/groundedness_calibration_cases.json,legacy:unsupported_wrong_baggage_limit,,unsupported_wrong_baggage_limit,What is the baggage limit?,"Baggage is covered up to EUR 2,000 under the travel policy.","Baggage is covered up to EUR 5,000.",legacy-question:unsupported_wrong_baggage_limit,legacy-document:unsupported_wrong_baggage_limit,,,travel_assistance,,,,,,,,,,,,,,,,PENDING,LOCKED_HOLDOUT_CANDIDATE,lg-e0167034848e,English,groundedness_calibration_cases.json case id=unsupported_wrong_baggage_limit,,False,
ext-legacy-022,legacy_synthetic,tests/fixtures/groundedness_calibration_cases.json,legacy:unsupported_wrong_dental_percentage,,unsupported_wrong_dental_percentage,How much dental treatment is reimbursed?,The plan reimburses 80 percent of eligible dental treatment costs.,The plan reimburses 100 percent of dental treatment costs.,legacy-question:unsupported_wrong_dental_percentage,legacy-document:unsupported_wrong_dental_percentage,,,health,,,,,,,,,,,,,,,,PENDING,LOCKED_HOLDOUT_CANDIDATE,lg-0115bc5dd3ce,English,groundedness_calibration_cases.json case id=unsupported_wrong_dental_percentage,,False,
ext-legacy-023,legacy_synthetic,tests/fixtures/groundedness_calibration_cases.json,legacy:unsupported_mixed_extra_claim,,unsupported_mixed_extra_claim,Summarize the motor glass benefit.,The motor policy covers windshield glass damage under partial comprehensive coverage.,Windshield glass damage is covered. The policy also provides unlimited towing anywhere in Europe.,legacy-question:unsupported_mixed_extra_claim,legacy-document:unsupported_mixed_extra_claim,,,motor,,,,,,,,,,,,,,,,PENDING,VALIDATION,lg-7950cb41790f,English,groundedness_calibration_cases.json case id=unsupported_mixed_extra_claim,,False,
ext-legacy-024,legacy_synthetic,tests/fixtures/groundedness_calibration_cases.json,legacy:unsupported_cancellation_claim,,unsupported_cancellation_claim,What is the status of the contract?,Contract TEST-KFZ-2026-1001 is active from 2026-01-01 through 2026-12-31.,Contract TEST-KFZ-2026-1001 was cancelled on 2026-06-30.,legacy-question:unsupported_cancellation_claim,legacy-document:unsupported_cancellation_claim,,,general_insurance,,,,,,,,,,,,,,,,PENDING,VALIDATION,lg-fad23eba9a45,English,groundedness_calibration_cases.json case id=unsupported_cancellation_claim,,False,
ext-legacy-025,legacy_synthetic,tests/fixtures/groundedness_calibration_cases.json,legacy:supported_customer_association,,supported_customer_association,Whose insured vehicle has glass coverage?,Insured person: Lara Neumann. Her insured vehicle has windshield glass coverage.,The covered insured vehicle belongs to Lara Neumann.,legacy-question:supported_customer_association,legacy-document:supported_customer_association,,,motor,,,,,,,,,,,,,,,,PENDING,CALIBRATION,lg-ccfc46b15367,English,groundedness_calibration_cases.json case id=supported_customer_association,,False,
ext-legacy-026,legacy_synthetic,tests/fixtures/groundedness_calibration_cases.json,legacy:supported_concise_coverage,,supported_concise_coverage,Is the windshield covered?,Windshield glass damage is covered by the motor policy.,"Yes, windshield glass damage is covered.",legacy-question:supported_concise_coverage,legacy-document:supported_concise_coverage,,,motor,,,,,,,,,,,,,,,,PENDING,CALIBRATION,lg-96fd78f145ac,English,groundedness_calibration_cases.json case id=supported_concise_coverage,,False,
ext-legacy-027,legacy_synthetic,tests/fixtures/groundedness_calibration_cases.json,legacy:unsupported_liability_distractor_answer,,unsupported_liability_distractor_answer,Which motor coverage and contract cover windshield damage?,"Motor contract TEST-KFZ-2026-1001 covers windshield damage under partial comprehensive insurance with a EUR 150 deductible.
---
Personal liability contract TEST-PHV-2026-2001 does not cover windshield damage to the insured person's own vehicle and has no general deductible.",Personal liability contract TEST-PHV-2026-2001 covers the windshield damage with no deductible.,legacy-question:unsupported_liability_distractor_answer,legacy-document:unsupported_liability_distractor_answer,,,motor,,,,,,,,,,,,,,,,PENDING,VALIDATION,lg-dcb1752fd89d,English,groundedness_calibration_cases.json case id=unsupported_liability_distractor_answer,,False,
ext-legacy-028,legacy_synthetic,tests/fixtures/groundedness_calibration_cases.json,legacy:unsupported_information_missing,,unsupported_information_missing,Is windshield damage covered and what deductible applies?,Windshield glass damage is covered under partial comprehensive insurance. The deductible is EUR 150 per claim.,The available documents do not state whether windshield damage is covered or whether a deductible applies.,legacy-question:unsupported_information_missing,legacy-document:unsupported_information_missing,,,motor,,,,,,,,,,,,,,,,PENDING,VALIDATION,lg-1f830136afe1,English,groundedness_calibration_cases.json case id=unsupported_information_missing,,False,
