query_id,question,reference_answer,reference_evidence,generated_answer,result,wrong_claim,error_type,reason,api_status_code,api_error_code,answer_visibility
pdf-rag-001,"What coverage or rule is described for ""Grounding, strike or bankruptcy of your airline or tour operator"" in assistance brochure?","Grounding, strike or bankruptcy of your airline or tour operator Insured benefits We will cover the cost if you have to cancel, abort or extend your trip.","[{""source"": ""assistance-brochure.pdf"", ""page"": 4, ""quote"": ""Grounding, strike or bankruptcy of your airline or tour operator Insured benefits We will cover the cost if you have to cancel, abort or extend your trip.""}]","Travel assistance includes cancellation protection for supported unforeseen events before departure [assistance-brochure.pdf, page 4].
While travelling, supported benefits include transport, lodging, advances or unused services [assistance-brochure.pdf, page 4].

The coverage for ""Grounding, strike or bankruptcy of your airline or tour operator"" is included under the insured events for cancellation cost insurance. This coverage applies if such events occur before your departure, making it impossible for you to set off on your journey. 

Source: [assistance-brochure.pdf, page 4]",hallucination,"This coverage applies if such events occur before your departure, making it impossible for you to set off on your journey.",wrong_condition,"The reference evidence covers cancellation, interruption, or extension of the trip; the draft narrows the event to a pre-departure condition that makes departure impossible.",503,GUARDRAIL_INVALID_OUTPUT,withheld_before_user_delivery
pdf-rag-002,"How does assistance brochure describe ""Cancellation cost insurance Cancellation cost insurance covers you for unforeseen""?",Cancellation cost insurance Cancellation cost insurance covers you for unforeseen events occurring before your departure that make it impossible for you to set off on your journey.,"[{""source"": ""assistance-brochure.pdf"", ""page"": 2, ""quote"": ""Cancellation cost insurance Cancellation cost insurance covers you for unforeseen events occurring before your departure that make it impossible for you to set off on your journey.""}]","Travel assistance includes cancellation protection for supported unforeseen events before departure [assistance-brochure.pdf, page 4].
While travelling, supported benefits include transport, lodging, advances or unused services [assistance-brochure.pdf, page 4].

Cancellation cost insurance covers you for unforeseen events occurring before your departure that make it impossible for you to set off on your journey. 

Source: [assistance-brochure.pdf, page 2]",unknown,,unsupported_fact,"No factual contradiction could be confirmed from the reference and supplied evidence; the remaining additional, incomplete, or irrelevant content is therefore conservatively classified as unknown.",503,GUARDRAIL_INVALID_OUTPUT,withheld_before_user_delivery
pdf-rag-003,"What does assistance brochure say concerning ""“All-round insurance: in your leisure time, while travelling, worldwide.” Good""?","“All-round insurance: in your leisure time, while travelling, worldwide.” Good to know With Assistance for persons insurance, all booked holidays, trips, events and concerts are insured throughout the year.","[{""source"": ""assistance-brochure.pdf"", ""page"": 3, ""quote"": ""“All-round insurance: in your leisure time, while travelling, worldwide.” Good to know With Assistance for persons insurance, all booked holidays, trips, events and concerts are insured throughout the year.""}]","Travel assistance includes cancellation protection for supported unforeseen events before departure [assistance-brochure.pdf, page 4].
While travelling, supported benefits include transport, lodging, advances or unused services [assistance-brochure.pdf, page 4].

The assistance brochure states that with Assistance for persons insurance, all booked holidays, trips, events, and concerts are insured throughout the year. This means that the insurance covers you during your leisure time and while travelling worldwide. 

Source: [assistance-brochure.pdf, page 3]",correct,,,The generated draft accurately reflects the information provided in the reference answer and quote.,503,GUARDRAIL_INVALID_OUTPUT,withheld_before_user_delivery
pdf-rag-004,"According to assistance brochure, what does it state about ""Cancellation cost insurance covers you for unforeseen events occurring before""?",Cancellation cost insurance covers you for unforeseen events occurring before your departure that make it impossible for you to set off on your journey.,"[{""source"": ""assistance-brochure.pdf"", ""page"": 4, ""quote"": ""Cancellation cost insurance covers you for unforeseen events occurring before your departure that make it impossible for you to set off on your journey.""}]","Travel assistance includes cancellation protection for supported unforeseen events before departure [assistance-brochure.pdf, page 4].

Cancellation cost insurance covers you for unforeseen events occurring before your departure that make it impossible for you to set off on your journey. The insured events include:

- Illness, accident or death
- Loss of employment
- Breakdown/delay of public transport
- Breakdown of the vehicle or taxi you are travelling in
- Damage to your property at home
- Incidents occurring en route to or after arrival at your destination (e.g., strikes, terrorism, volcanic eruption or other natural events)
- Grounding, strike or bankruptcy of your airline or tour operator

These events allow for coverage of cancellation costs, including administration fees and additional travel expenses in the event of delayed departure. 

Source: [assistance-brochure.pdf, page 4]",unknown,,unsupported_fact,"No factual contradiction could be confirmed from the reference and supplied evidence; the remaining additional, incomplete, or irrelevant content is therefore conservatively classified as unknown.",503,GUARDRAIL_INVALID_OUTPUT,withheld_before_user_delivery
pdf-rag-005,"What coverage or rule is described for ""Under the motor vehicle Assistance policy, cover is provided in"" in assistance brochure?","Under the motor vehicle Assistance policy, cover is provided in Switzerland, the Principality of Liechtenstein and in European countries under the “International Motor Insurance Card” agreement (Green Card).","[{""source"": ""assistance-brochure.pdf"", ""page"": 6, ""quote"": ""Under the motor vehicle Assistance policy, cover is provided in Switzerland, the Principality of Liechtenstein and in European countries under the “International Motor Insurance Card” agreement (Green Card).""}]","Travel assistance includes cancellation protection for supported unforeseen events before departure [assistance-brochure.pdf, page 4].
While travelling, supported benefits include transport, lodging, advances or unused services [assistance-brochure.pdf, page 4].

Under the motor vehicle Assistance policy, cover is provided in:

- Switzerland
- The Principality of Liechtenstein
- European countries under the “International Motor Insurance Card” agreement (Green Card) 

Source: [assistance-brochure.pdf, page 6]",correct,,,The generated draft accurately reflects the coverage provided under the motor vehicle Assistance policy as stated in the reference answer and quote.,503,GUARDRAIL_INVALID_OUTPUT,withheld_before_user_delivery
pdf-rag-006,"How does assistance brochure describe ""Assistance for persons Assistance for persons provides insurance to cover""?",Assistance for persons Assistance for persons provides insurance to cover you if anything happens while you're travelling.,"[{""source"": ""assistance-brochure.pdf"", ""page"": 2, ""quote"": ""Assistance for persons Assistance for persons provides insurance to cover you if anything happens while you're travelling.""}]","Travel assistance includes cancellation protection for supported unforeseen events before departure [assistance-brochure.pdf, page 4].

The assistance brochure describes ""Assistance for persons"" as insurance that covers you if anything happens while you're travelling. This includes various insured events such as:

- Illness, accident, or death
- Loss of employment
- Breakdown/delay of public transport
- Breakdown of the vehicle or taxi you are travelling in
- Damage to your property at home
- Incidents occurring en route to or after arrival at your destination (e.g., strikes, terrorism, volcanic eruption, or other natural events)
- Grounding, strike, or bankruptcy of your airline or tour operator

This coverage ensures that you are protected during your journey, providing support for unforeseen circumstances. 

Source: [assistance-brochure.pdf, page 4]",unknown,,unsupported_fact,"No factual contradiction could be confirmed from the reference and supplied evidence; the remaining additional, incomplete, or irrelevant content is therefore conservatively classified as unknown.",503,GUARDRAIL_INVALID_OUTPUT,withheld_before_user_delivery
pdf-rag-007,"What does assistance brochure say concerning ""Assistance for persons provides insurance to cover you if anything""?",Assistance for persons provides insurance to cover you if anything happens while you're travelling.,"[{""source"": ""assistance-brochure.pdf"", ""page"": 4, ""quote"": ""Assistance for persons provides insurance to cover you if anything happens while you're travelling.""}]","Travel assistance includes cancellation protection for supported unforeseen events before departure [assistance-brochure.pdf, page 4].

The assistance brochure states that ""Assistance for persons provides insurance to cover you if anything happens while you're travelling."" This insurance covers various insured events such as:

- Illness, accident, or death
- Loss of employment
- Breakdown/delay of public transport
- Breakdown of the vehicle or taxi you are travelling in
- Damage to your property at home
- Incidents occurring en route to or after arrival at your destination (e.g., strikes, terrorism, volcanic eruption, or other natural events)
- Grounding, strike, or bankruptcy of your airline or tour operator

These events are covered during your trip, ensuring support in unforeseen circumstances. 

Source: [assistance-brochure.pdf, page 4]",correct,,,The generated draft accurately reflects the information provided in the reference answer and quote.,503,GUARDRAIL_INVALID_OUTPUT,withheld_before_user_delivery
pdf-rag-008,"According to assistance brochure, what does it state about ""If you are unable to continue your journey due to""?",If you are unable to continue your journey due to illness or an accident Insured benefits,"[{""source"": ""assistance-brochure.pdf"", ""page"": 5, ""quote"": ""If you are unable to continue your journey due to illness or an accident Insured benefits""}]","Travel assistance includes cancellation protection for supported unforeseen events before departure [assistance-brochure.pdf, page 4].
While travelling, supported benefits include transport, lodging, advances or unused services [assistance-brochure.pdf, page 4].

Evidence-based answer:",unknown,,unsupported_fact,"No factual contradiction could be confirmed from the reference and supplied evidence; the remaining additional, incomplete, or irrelevant content is therefore conservatively classified as unknown.",503,GUARDRAIL_INVALID_OUTPUT,withheld_before_user_delivery
pdf-rag-009,"What coverage or rule is described for ""Cover for e-bikes and motorcycles is valid in Switzerland and"" in assistance brochure?",Cover for e-bikes and motorcycles is valid in Switzerland and the Principality of Liechtenstein as well as in neighbouring countries within a distance of 150 km (as the crow flies) of the common border.,"[{""source"": ""assistance-brochure.pdf"", ""page"": 6, ""quote"": ""Cover for e-bikes and motorcycles is valid in Switzerland and the Principality of Liechtenstein as well as in neighbouring countries within a distance of 150 km (as the crow flies) of the common border.""}]","Travel assistance includes cancellation protection for supported unforeseen events before departure [assistance-brochure.pdf, page 4].
While travelling, supported benefits include transport, lodging, advances or unused services [assistance-brochure.pdf, page 4].

Cover for e-bikes and motorcycles is valid in Switzerland and the Principality of Liechtenstein, as well as in neighboring countries within a distance of 150 km (as the crow flies) of the common border. 

Source:
[assistance-brochure.pdf, page 6]",correct,,,The generated draft accurately reflects the coverage for e-bikes and motorcycles as stated in the reference answer and quote.,503,GUARDRAIL_INVALID_OUTPUT,withheld_before_user_delivery
pdf-rag-010,"How does assistance brochure describe ""Motor vehicle Assistance If you travel by car or motorbike""?","Motor vehicle Assistance If you travel by car or motorbike, or occasionally rent a vehicle, it makes sense to take out motor vehicle Assistance insurance.","[{""source"": ""assistance-brochure.pdf"", ""page"": 7, ""quote"": ""Motor vehicle Assistance If you travel by car or motorbike, or occasionally rent a vehicle, it makes sense to take out motor vehicle Assistance insurance.""}]","Travel assistance includes cancellation protection for supported unforeseen events before departure [assistance-brochure.pdf, page 4].
While travelling, supported benefits include transport, lodging, advances or unused services [assistance-brochure.pdf, page 4].

The assistance brochure describes ""Motor vehicle Assistance"" as a sensible option for those who travel by car or motorbike. It emphasizes the importance of having this insurance, especially if you occasionally rent a vehicle. 

Key points include:
- Coverage for breakdown assistance, towing, and vehicle recovery.
- Recovery and return travel costs.
- Hire car costs and damage to hire cars.
- Additional expenses related to the insured event.

This insurance is designed to provide peace of mind while traveling by motor vehicle. 

Source: [assistance-brochure.pdf, page 7]",unknown,,unsupported_fact,"No factual contradiction could be confirmed from the reference and supplied evidence; the remaining additional, incomplete, or irrelevant content is therefore conservatively classified as unknown.",503,GUARDRAIL_INVALID_OUTPUT,withheld_before_user_delivery
pdf-rag-011,"What does assistance sti say concerning ""C5 Bias of the assessor The insurance does not cover""?","C5 Bias of the assessor The insurance does not cover events in which the assessor (expert, doctor, assessor, etc.) who is evaluating the loss occurrence directly benefits from the loss occurrence or is related to the insured person by blood or marriage.","[{""source"": ""assistance-sti.pdf"", ""page"": 3, ""quote"": ""C5 Bias of the assessor The insurance does not cover events in which the assessor (expert, doctor, assessor, etc.) who is evaluating the loss occurrence directly benefits from the loss occurrence or is related to the insured person by blood or marriage.""}]","The insurance does not cover events in which the assessor (expert, doctor, assessor, etc.) who is evaluating the loss occurrence directly benefits from the loss occurrence or is related to the insured person by blood or marriage. 

Source: [assistance-sti.pdf, page 6]",correct,,,The generated draft accurately reflects the information provided in the reference answer and quote.,503,GUARDRAIL_INVALID_OUTPUT,withheld_before_user_delivery
pdf-rag-012,"According to assistance sti, what does it state about ""B2 Delayed commencement of travel If, as a result of""?","B2 Delayed commencement of travel If, as a result of an insured event, the insured person cannot take a trip or enter a rented property or event until after the originally agreed date, then instead of covering the cancellation costs, Helvetia will cover the additional costs incurred in relation to the delayed departure and the costs for the unused part of the stay in proportion to the arrangement price (not including transport costs).","[{""source"": ""assistance-sti.pdf"", ""page"": 3, ""quote"": ""B2 Delayed commencement of travel If, as a result of an insured event, the insured person cannot take a trip or enter a rented property or event until after the originally agreed date, then instead of covering the cancellation costs, Helvetia will cover the additional costs incurred in relation to the delayed departure and the costs for the unused part of the stay in proportion to the arrangement price (not including transport costs).""}]","Travel assistance includes cancellation protection for supported unforeseen events before departure [assistance-sti.pdf, page 3].

B2 Delayed commencement of travel states that if, as a result of an insured event, the insured person cannot take a trip or enter a rented property or event until after the originally agreed date, then instead of covering the cancellation costs, Helvetia will cover the additional costs incurred in relation to the delayed departure and the costs for the unused part of the stay in proportion to the arrangement price (not including transport costs). The benefits are limited to the amount of the agreed arrangement price. The day of arrival is deemed to be the used arrangement day. 

Source: [assistance-sti.pdf, page 3]",correct,,,The generated draft accurately reflects the information provided in the reference answer and quote.,503,GUARDRAIL_INVALID_OUTPUT,withheld_before_user_delivery
pdf-rag-013,"What coverage or rule is described for ""C6 Non-specialist medical assessment The insurance does not cover events"" in assistance sti?","C6 Non-specialist medical assessment The insurance does not cover events in which medical certificates, expert opinions or comparable medical assessments are issued by a specialist whose speciality is not factually related to the health related loss occurrence claimed.","[{""source"": ""assistance-sti.pdf"", ""page"": 3, ""quote"": ""C6 Non-specialist medical assessment The insurance does not cover events in which medical certificates, expert opinions or comparable medical assessments are issued by a specialist whose speciality is not factually related to the health related loss occurrence claimed.""}]","The coverage described for ""C6 Non-specialist medical assessment"" states that the insurance does not cover events in which medical certificates, expert opinions, or comparable medical assessments are issued by a specialist whose specialty is not factually related to the health-related loss occurrence claimed. This applies particularly if the assessment takes place outside the typically recognized area of responsibility and expertise of the issuing doctor. 

Source: [assistance-sti.pdf, page 6]",correct,,,The generated draft accurately reflects the coverage described in the reference answer and quote without any factual inaccuracies.,503,GUARDRAIL_INVALID_OUTPUT,withheld_before_user_delivery
pdf-rag-014,"How does assistance sti describe ""However, we will grant the insured persons coverage if these""?","However, we will grant the insured persons coverage if these faults could not have been recognised even with due attention.","[{""source"": ""assistance-sti.pdf"", ""page"": 7, ""quote"": ""However, we will grant the insured persons coverage if these faults could not have been recognised even with due attention.""}]","The assistance-sti document states that coverage will be granted to insured persons if the faults could not have been recognized even with due attention. This applies specifically to journeys made by persons who are making unauthorized use of vehicles entrusted to them, journeys made by persons having stolen the vehicle, and similar situations outlined in the exclusions. 

Source: [assistance-sti.pdf, page 7]",unknown,,unsupported_fact,"No factual contradiction could be confirmed from the reference and supplied evidence; the remaining additional, incomplete, or irrelevant content is therefore conservatively classified as unknown.",503,GUARDRAIL_INVALID_OUTPUT,withheld_before_user_delivery
pdf-rag-015,"What does assistance sti say concerning ""A3 Failure and delays If, either before beginning a journey""?","A3 Failure and delays If, either before beginning a journey or while en route to the point of departure of a booked trip, the insured person experiences one of the following events: a) failure or delay of public transport or means of transportation; b) the vehicle or taxi used for transportation cannot be driven (is unroadworthy) due to breakdown, accident, theft, fire or natural forces.","[{""source"": ""assistance-sti.pdf"", ""page"": 3, ""quote"": ""A3 Failure and delays If, either before beginning a journey or while en route to the point of departure of a booked trip, the insured person experiences one of the following events: a) failure or delay of public transport or means of transportation; b) the vehicle or taxi used for transportation cannot be driven (is unroadworthy) due to breakdown, accident, theft, fire or natural forces.""}]","The section A3 ""Failure and delays"" states that if, either before beginning a journey or while en route to the point of departure of a booked trip, the insured person experiences one of the following events:

- Failure or delay of public transport or means of transportation.
- The vehicle or taxi used for transportation cannot be driven (is unroadworthy) due to breakdown, accident, theft, fire, or natural forces.

The benefits will only be provided if the scheduled delay exceeds one hour as a result of an insured event. Benefits will only be provided for missed connections if there are more than three hours between the scheduled arrival and departure times. Additional transport costs up to a maximum of CHF 2,000 per insured person will be covered.

Source: [assistance-sti.pdf, page 3]",unknown,,unsupported_fact,"No factual contradiction could be confirmed from the reference and supplied evidence; the remaining additional, incomplete, or irrelevant content is therefore conservatively classified as unknown.",503,GUARDRAIL_INVALID_OUTPUT,withheld_before_user_delivery
pdf-rag-016,"According to assistance sti, what does it state about ""H4 Search, rescue and recovery costs Search, rescue and recovery""?","H4 Search, rescue and recovery costs Search, rescue and recovery costs are paid for the insured person.","[{""source"": ""assistance-sti.pdf"", ""page"": 7, ""quote"": ""H4 Search, rescue and recovery costs Search, rescue and recovery costs are paid for the insured person.""}]","The insurance covers search, rescue, and recovery costs for the insured person. This benefit is applicable in situations where such services are necessary. 

Source:
- [assistance-sti.pdf, page 7]",correct,,,The generated draft accurately reflects the information provided in the reference answer and quote.,503,GUARDRAIL_INVALID_OUTPUT,withheld_before_user_delivery
pdf-rag-017,"What coverage or rule is described for ""In addition, under age children travelling in the care of"" in assistance sti?","In addition, under age children travelling in the care of an insured person are also covered.","[{""source"": ""assistance-sti.pdf"", ""page"": 9, ""quote"": ""In addition, under age children travelling in the care of an insured person are also covered.""}]","Travel assistance includes cancellation protection for supported unforeseen events before departure [assistance-sti.pdf, page 9].
While travelling, supported benefits include transport, lodging, advances or unused services [assistance-sti.pdf, page 4].

The insurance covers under-age children travelling in the care of an insured person. This coverage applies depending on what is agreed in the policy, specifically for the policyholder (one-person household) or the policyholder and all persons cohabiting with the policyholder (multi-person household). 

Source: [assistance-sti.pdf, page 9]",correct,,,The generated draft accurately reflects the coverage for under-age children travelling in the care of an insured person as stated in the reference answer and quote.,503,GUARDRAIL_INVALID_OUTPUT,withheld_before_user_delivery
pdf-rag-018,"How does assistance sti describe ""E1 Call-back and transport costs D5 Damage to property at""?","E1 Call-back and transport costs D5 Damage to property at the residential address If property of the insured person at their permanent residence or a second residence is significantly affected by a fire, natural forces, water event or theft event and the insured person is unable to continue the trip or holiday as planned.","[{""source"": ""assistance-sti.pdf"", ""page"": 5, ""quote"": ""E1 Call-back and transport costs D5 Damage to property at the residential address If property of the insured person at their permanent residence or a second residence is significantly affected by a fire, natural forces, water event or theft event and the insured person is unable to continue the trip or holiday as planned.""}]","The assistance sti describes ""E1 Call-back and transport costs D5 Damage to property at the residential address"" as follows:

- If property of the insured person at their permanent residence or a second residence is significantly affected by a fire, natural forces, water event, or theft event, and the insured person is unable to continue the trip or holiday as planned, additional call-back and transportation costs for the direct return to the permanent residence will be covered.
- If continuation of the previously commenced trip or holiday is possible afterwards, additional transport costs up to a maximum of CHF 2,000 will be paid per insured person.

Source: [assistance-sti.pdf, page 5]",correct,,,The generated draft accurately reflects the information provided in the reference answer and quote.,503,GUARDRAIL_INVALID_OUTPUT,withheld_before_user_delivery
pdf-rag-019,"What does assistance sti say concerning ""CHF 2ʼ000 per insured person if the insured person requires""?","CHF 2ʼ000 per insured person if the insured person requires an unfore seen stay, an unfo reseen extension to their stay, or must acquire more suita ble accommodation for care purposes; Max.","[{""source"": ""assistance-sti.pdf"", ""page"": 4, ""quote"": ""CHF 2ʼ000 per insured person if the insured person requires an unfore seen stay, an unfo reseen extension to their stay, or must acquire more suita ble accommodation for care purposes; Max.""}]","The assistance sti states the following regarding ""CHF 2ʼ000 per insured person if the insured person requires"":

- Max. CHF 2ʼ000 per insured person for an unforeseen stay abroad.
- This applies if the insured person requires an unforeseen stay, an unforeseen extension to their stay, or must acquire more suitable accommodation for care purposes.
- The costs covered are for the unused part of the stay in proportion to the arrangement price (not including transport costs). The return day is deemed to be the used arrangement day.

Source: [assistance-sti.pdf, page 4]",correct,,,The generated draft accurately reflects the information provided in the reference answer and quote.,503,GUARDRAIL_INVALID_OUTPUT,withheld_before_user_delivery
pdf-rag-020,"According to assistance sti, what does it state about ""Spare parts are deemed to be only those parts ordinarily""?",Spare parts are deemed to be only those parts ordinarily transported by breakdown assistance vehicles (fuel and vehicle batteries are not insured).,"[{""source"": ""assistance-sti.pdf"", ""page"": 7, ""quote"": ""Spare parts are deemed to be only those parts ordinarily transported by breakdown assistance vehicles (fuel and vehicle batteries are not insured).""}]","The document states that ""Spare parts are deemed to be only those parts ordinarily transported by breakdown assistance vehicles (fuel and vehicle batteries are not insured)."" This means that only specific spare parts typically carried by these vehicles are covered, excluding fuel and vehicle batteries. 

Source: [assistance-sti.pdf, page 7]",correct,,,The generated draft accurately reflects the information provided in the reference answer and quote.,503,GUARDRAIL_INVALID_OUTPUT,withheld_before_user_delivery
pdf-rag-021,"What coverage or rule is described for ""K6 Transport and additional transport costs The costs incurred by"" in assistance sti?","K6 Transport and additional transport costs The costs incurred by the insured person to return home or to continue the journey by public transport or taxi to his/her place of work, place of residence or temporary holiday domicile.","[{""source"": ""assistance-sti.pdf"", ""page"": 8, ""quote"": ""K6 Transport and additional transport costs The costs incurred by the insured person to return home or to continue the journey by public transport or taxi to his/her place of work, place of residence or temporary holiday domicile.""}]","The coverage described for ""K6 Transport and additional transport costs"" includes:

- The costs incurred by the insured person to return home or to continue the journey by public transport or taxi to his/her place of work, place of residence, or temporary holiday domicile.
- Taxi costs are covered up to a maximum of CHF 300.

This coverage is applicable under specific circumstances related to the insured event. 

Source: [assistance-sti.pdf, page 8]",correct,,,The generated draft accurately reflects the coverage described in the reference answer and quote.,503,GUARDRAIL_INVALID_OUTPUT,withheld_before_user_delivery
pdf-rag-022,"How does assistance sti describe ""The benefits are limited to the amount of the agreed""?",The benefits are limited to the amount of the agreed arrangement price.,"[{""source"": ""assistance-sti.pdf"", ""page"": 3, ""quote"": ""The benefits are limited to the amount of the agreed arrangement price.""}]","The assistance STI states that the combined benefits for each event are limited to the insured sum agreed in the policy. This means that the total benefits payable for any single event cannot exceed the amount specified in the policy. Additionally, these benefits are payable only once and cannot be combined with benefits from personal assistance or cancellation costs. 

Source: [assistance-sti.pdf, page 7]",hallucination,The combined benefits for each event are limited to the insured sum agreed in the policy.,wrong_condition,"The reference evidence limits benefits to the agreed arrangement price, not to an unspecified insured sum in the policy.",503,GUARDRAIL_INVALID_OUTPUT,withheld_before_user_delivery
pdf-rag-023,"What does assistance sti say concerning ""These benefits cannot be combined with the benefits from personal""?",These benefits cannot be combined with the benefits from personal assistance or cancellation costs.,"[{""source"": ""assistance-sti.pdf"", ""page"": 7, ""quote"": ""These benefits cannot be combined with the benefits from personal assistance or cancellation costs.""}]","The assistance STI states that the benefits covered by the insurance are payable only once and cannot be combined with the benefits from personal assistance or cancellation costs. 

Source: [assistance-sti.pdf, page 7]",correct,,,The generated draft accurately reflects the information provided in the reference answer and quote.,503,GUARDRAIL_INVALID_OUTPUT,withheld_before_user_delivery
pdf-rag-024,"According to assistance sti, what does it state about ""the breakage of vehicle parts made of glass or materials""?","the breakage of vehicle parts made of glass or materials used to replace glass as well as light bulbs, to the extent that they are destroyed by the glass breakage; ■ tyre damage; ■ damage to or loss of car keys, including replacement of the lock cylinder where necessary.","[{""source"": ""assistance-sti.pdf"", ""page"": 7, ""quote"": ""the breakage of vehicle parts made of glass or materials used to replace glass as well as light bulbs, to the extent that they are destroyed by the glass breakage; ■ tyre damage; ■ damage to or loss of car keys, including replacement of the lock cylinder where necessary.""}]","The assistance STI states that it covers the breakage of vehicle parts made of glass or materials used to replace glass, specifically in the context of rental cars.
Compensation is provided for:
- Glass breakage, which includes the breakage of vehicle parts made of glass or materials used to replace glass.
- Tyre damage.
- Damage to or loss of car keys, including replacement of the lock cylinder where necessary.
However, it does not cover materials and other repair costs not listed above.
Source: [assistance-sti.pdf, page 7]

Under the general document terms, the policyholder will not have to bear a deductible if the damaged front windscreen is repaired and not replaced in the case of glass damage [motor-vehicle-insurance-sti.pdf, page 9].",correct,,,The generated draft accurately reflects the information provided in the reference answer and quote regarding the coverage of glass breakage and related damages.,503,GUARDRAIL_INVALID_OUTPUT,withheld_before_user_delivery
pdf-rag-025,"What coverage or rule is described for ""For the costs for the unused part of the stay"" in assistance sti?",For the costs for the unused part of the stay in proporti on to the arran gement price (not including transport costs).,"[{""source"": ""assistance-sti.pdf"", ""page"": 4, ""quote"": ""For the costs for the unused part of the stay in proporti on to the arran gement price (not including transport costs).""}]","The coverage for ""For the costs for the unused part of the stay"" includes the following details:

- It covers costs in proportion to the arrangement price, excluding transport costs.
- The return day is considered the used arrangement day.
- There is a maximum coverage of CHF 1,000 for the costs of the unused share.
- Additionally, there is a maximum coverage of CHF 50,000 per insured person for unforeseen circumstances.

This information is detailed in the document as follows: ""For the costs for the unused part of the stay in proportion to the arrangement price (not including transport costs). The return day is deemed to be the used arrangement day. Up to a maximum of CHF 1,000 for the costs of the unused share. Up to a maximum of CHF 50,000 per insured person."" [assistance-sti.pdf, page 4]",hallucination,"Additionally, there is a maximum coverage of CHF 50,000 per insured person for unforeseen circumstances.","wrong_number, wrong_coverage","The reference evidence for the unused part of the stay supports proportional arrangement costs excluding transport; the draft attaches an unrelated CHF 50,000 limit to this coverage.",503,GUARDRAIL_INVALID_OUTPUT,withheld_before_user_delivery
pdf-rag-026,"How does assistance sti describe ""K1 Breakdown assistance Costs for breakdown assistance, including spare parts""?","K1 Breakdown assistance Costs for breakdown assistance, including spare parts needed to make the vehicle roadworthy again at the breakdown location.","[{""source"": ""assistance-sti.pdf"", ""page"": 8, ""quote"": ""K1 Breakdown assistance Costs for breakdown assistance, including spare parts needed to make the vehicle roadworthy again at the breakdown location.""}]","The ""K1 Breakdown assistance"" benefit covers:

- Costs for breakdown assistance, including spare parts needed to make the vehicle roadworthy again at the breakdown location.
- Spare parts are deemed to be only those parts normally carried in roadside assistance vehicles.

This benefit is limited to the insured sum agreed in the policy and is payable only once. It cannot be combined with benefits from personal assistance or cancellation costs. 

Source: [assistance-sti.pdf, page 8]",correct,,,The generated draft accurately reflects the information provided in the reference answer and quote.,503,GUARDRAIL_INVALID_OUTPUT,withheld_before_user_delivery
pdf-rag-027,"What does assistance sti say concerning ""Close person Married or common law partners as well as""?","Close person Married or common law partners as well as their parents, children, relatives in a direct line, siblings, first cousins, first aunts and uncles.","[{""source"": ""assistance-sti.pdf"", ""page"": 9, ""quote"": ""Close person Married or common law partners as well as their parents, children, relatives in a direct line, siblings, first cousins, first aunts and uncles.""}]","The term ""Close person"" refers to married or common law partners, as well as their parents, children, relatives in a direct line, siblings, first cousins, first aunts, and uncles. 

Source: [assistance-sti.pdf, page 9]",correct,,,The generated draft accurately reflects the information provided in the reference answer and quote.,503,GUARDRAIL_INVALID_OUTPUT,withheld_before_user_delivery
pdf-rag-028,"According to assistance sti, what does it state about ""Replacement vehicle A replacement vehicle is a vehicle provided temporarily""?",Replacement vehicle A replacement vehicle is a vehicle provided temporarily to bridge the loss of use of a damaged or unfit vehicle.,"[{""source"": ""assistance-sti.pdf"", ""page"": 9, ""quote"": ""Replacement vehicle A replacement vehicle is a vehicle provided temporarily to bridge the loss of use of a damaged or unfit vehicle.""}]","A replacement vehicle is defined as a vehicle provided temporarily to bridge the loss of use of a damaged or unfit vehicle. It is typically used when the insured vehicle is unavailable due to an insured event. 

Source: [assistance-sti.pdf, page 9]",correct,,,The generated draft accurately reflects the definition of a replacement vehicle as provided in the reference answer and quote.,503,GUARDRAIL_INVALID_OUTPUT,withheld_before_user_delivery
pdf-rag-029,"What coverage or rule is described for ""The additional call back and transportation costs for the direct"" in assistance sti?",The additional call back and transportation costs for the direct return to the permanent residence.,"[{""source"": ""assistance-sti.pdf"", ""page"": 5, ""quote"": ""The additional call back and transportation costs for the direct return to the permanent residence.""}]","The coverage for ""The additional call back and transportation costs for the direct return to the permanent residence"" applies when:

- The insured person's property at their permanent residence or a second residence is significantly affected by a fire, natural forces, water event, or theft event, and they are unable to continue the trip or holiday as planned.
- If continuation of the trip or holiday is possible afterwards, additional transport costs up to a maximum of CHF 2,000 will be paid per insured person.

This is outlined in the context for damage to property at the residential address. 

Source: [assistance-sti.pdf, page 5]",correct,,,The generated draft accurately reflects the coverage described in the reference answer and quote.,503,GUARDRAIL_INVALID_OUTPUT,withheld_before_user_delivery
pdf-rag-030,"How does assistance sti describe ""We will therefore explain the most important expressions here in""?",We will therefore explain the most important expressions here in alphabetical order.,"[{""source"": ""assistance-sti.pdf"", ""page"": 9, ""quote"": ""We will therefore explain the most important expressions here in alphabetical order.""}]",The available sources do not contain enough information to answer this question.,fallback,,,The draft explicitly abstains because it reports insufficient source information; by definition this is not hallucination.,503,GUARDRAIL_INVALID_OUTPUT,withheld_before_user_delivery
pdf-rag-031,"What does brochure household contents and private liability say concerning ""Scope of the insurance cover Household contents includes all movables""?","Scope of the insurance cover Household contents includes all movables (such as clothes, furniture, consumer electronics, pets, etc.) required for living and recreation.","[{""source"": ""brochure-household-contents-and-private-liability.pdf"", ""page"": 3, ""quote"": ""Scope of the insurance cover Household contents includes all movables (such as clothes, furniture, consumer electronics, pets, etc.) required for living and recreation.""}]","Private liability insures statutory third-party liability and defence against unjustified claims, including bodily injury and property damage, subject to the listed exclusions [household-contents-private-liability-sti.pdf, page 10].

Evidence-based answer:",unknown,,unsupported_fact,"No factual contradiction could be confirmed from the reference and supplied evidence; the remaining additional, incomplete, or irrelevant content is therefore conservatively classified as unknown.",503,GUARDRAIL_INVALID_OUTPUT,withheld_before_user_delivery
pdf-rag-032,"According to brochure household contents and private liability, what does it state about ""Damage and destruction of all kinds due to external causes""?",Damage and destruction of all kinds due to external causes Insured benefit New for old replacement price for an identical or equivalent household item at the time of the damage.,"[{""source"": ""brochure-household-contents-and-private-liability.pdf"", ""page"": 3, ""quote"": ""Damage and destruction of all kinds due to external causes Insured benefit New for old replacement price for an identical or equivalent household item at the time of the damage.""}]","Private liability insures statutory third-party liability and defence against unjustified claims, including bodily injury and property damage, subject to the listed exclusions [household-contents-private-liability-sti.pdf, page 10].

Evidence-based answer:",unknown,,unsupported_fact,"No factual contradiction could be confirmed from the reference and supplied evidence; the remaining additional, incomplete, or irrelevant content is therefore conservatively classified as unknown.",503,GUARDRAIL_INVALID_OUTPUT,withheld_before_user_delivery
pdf-rag-033,"What coverage or rule is described for ""Owners and users of model aircraft and drones up to"" in brochure household contents and private liability?",Owners and users of model aircraft and drones up to 25 kg which are not subject to authorization Private liability insurance covers claims for damages in the event of damage to third-party property or personal injury.,"[{""source"": ""brochure-household-contents-and-private-liability.pdf"", ""page"": 6, ""quote"": ""Owners and users of model aircraft and drones up to 25 kg which are not subject to authorization Private liability insurance covers claims for damages in the event of damage to third-party property or personal injury.""}]","Private liability insures statutory third-party liability and defence against unjustified claims, including bodily injury and property damage, subject to the listed exclusions [household-contents-private-liability-sti.pdf, page 10].

Evidence-based answer:",unknown,,unsupported_fact,"No factual contradiction could be confirmed from the reference and supplied evidence; the remaining additional, incomplete, or irrelevant content is therefore conservatively classified as unknown.",503,GUARDRAIL_INVALID_OUTPUT,withheld_before_user_delivery
pdf-rag-034,"How does brochure household contents and private liability describe ""Theft Plus insurance: Your sum insured is doubled for overnight""?",Theft Plus insurance: Your sum insured is doubled for overnight stays away from home.,"[{""source"": ""brochure-household-contents-and-private-liability.pdf"", ""page"": 4, ""quote"": ""Theft Plus insurance: Your sum insured is doubled for overnight stays away from home.""}]","Private liability insures statutory third-party liability and defence against unjustified claims, including bodily injury and property damage, subject to the listed exclusions [household-contents-private-liability-sti.pdf, page 10].

Evidence-based answer:",unknown,,unsupported_fact,"No factual contradiction could be confirmed from the reference and supplied evidence; the remaining additional, incomplete, or irrelevant content is therefore conservatively classified as unknown.",503,GUARDRAIL_INVALID_OUTPUT,withheld_before_user_delivery
pdf-rag-035,"What does brochure household contents and private liability say concerning ""Private liability insurance Financial cover when misfortune strikes Household contents""?",Private liability insurance Financial cover when misfortune strikes Household contents and private liability insurance 5/8,"[{""source"": ""brochure-household-contents-and-private-liability.pdf"", ""page"": 5, ""quote"": ""Private liability insurance Financial cover when misfortune strikes Household contents and private liability insurance 5/8""}]","Private liability insures statutory third-party liability and defence against unjustified claims, including bodily injury and property damage, subject to the listed exclusions [household-contents-private-liability-sti.pdf, page 10].

Evidence-based answer:",unknown,,unsupported_fact,"No factual contradiction could be confirmed from the reference and supplied evidence; the remaining additional, incomplete, or irrelevant content is therefore conservatively classified as unknown.",503,GUARDRAIL_INVALID_OUTPUT,withheld_before_user_delivery
pdf-rag-036,"According to brochure household contents and private liability, what does it state about ""Good to know Check your sum insured: if it’s less""?",Good to know Check your sum insured: if it’s less than the replacement value a claim payment may be reduced accordingly.,"[{""source"": ""brochure-household-contents-and-private-liability.pdf"", ""page"": 4, ""quote"": ""Good to know Check your sum insured: if it’s less than the replacement value a claim payment may be reduced accordingly.""}]","Private liability insures statutory third-party liability and defence against unjustified claims, including bodily injury and property damage, subject to the listed exclusions [household-contents-private-liability-sti.pdf, page 10].

Evidence-based answer:",correct,,,The generated draft accurately reflects the information provided in the reference answer and quote regarding checking the sum insured.,503,GUARDRAIL_INVALID_OUTPUT,withheld_before_user_delivery
pdf-rag-037,"What coverage or rule is described for ""Under supplementary policies for teachers, skiing and sports instructors and"" in brochure household contents and private liability?","Under supplementary policies for teachers, skiing and sports instructors and mountain guides: cover is provided for search, rescue and recovery costs for participants and students.","[{""source"": ""brochure-household-contents-and-private-liability.pdf"", ""page"": 7, ""quote"": ""Under supplementary policies for teachers, skiing and sports instructors and mountain guides: cover is provided for search, rescue and recovery costs for participants and students.""}]","Private liability insures statutory third-party liability and defence against unjustified claims, including bodily injury and property damage, subject to the listed exclusions [household-contents-private-liability-sti.pdf, page 10].

Evidence-based answer:",unknown,,unsupported_fact,"No factual contradiction could be confirmed from the reference and supplied evidence; the remaining additional, incomplete, or irrelevant content is therefore conservatively classified as unknown.",503,GUARDRAIL_INVALID_OUTPUT,withheld_before_user_delivery
pdf-rag-038,"How does brochure household contents and private liability describe ""Household contents insurance All-round protection for your personal possessions Household""?",Household contents insurance All-round protection for your personal possessions Household contents and private liability insurance 2/8,"[{""source"": ""brochure-household-contents-and-private-liability.pdf"", ""page"": 2, ""quote"": ""Household contents insurance All-round protection for your personal possessions Household contents and private liability insurance 2/8""}]","Private liability insures statutory third-party liability and defence against unjustified claims, including bodily injury and property damage, subject to the listed exclusions [household-contents-private-liability-sti.pdf, page 10].

Evidence-based answer:",unknown,,unsupported_fact,"No factual contradiction could be confirmed from the reference and supplied evidence; the remaining additional, incomplete, or irrelevant content is therefore conservatively classified as unknown.",503,GUARDRAIL_INVALID_OUTPUT,withheld_before_user_delivery
pdf-rag-039,"What does brochure household contents and private liability say concerning ""Insured persons All persons permanently residing in the same household""?",Insured persons All persons permanently residing in the same household as the policyholder.,"[{""source"": ""brochure-household-contents-and-private-liability.pdf"", ""page"": 3, ""quote"": ""Insured persons All persons permanently residing in the same household as the policyholder.""}]","Private liability insures statutory third-party liability and defence against unjustified claims, including bodily injury and property damage, subject to the listed exclusions [household-contents-private-liability-sti.pdf, page 10].

Evidence-based answer:",unknown,,unsupported_fact,"No factual contradiction could be confirmed from the reference and supplied evidence; the remaining additional, incomplete, or irrelevant content is therefore conservatively classified as unknown.",503,GUARDRAIL_INVALID_OUTPUT,withheld_before_user_delivery
pdf-rag-040,"According to brochure household contents and private liability, what does it state about ""jewellery, antiques, collections, etc.) Helvetia household insurance protects everything you""?","jewellery, antiques, collections, etc.) Helvetia household insurance protects everything you love and value.","[{""source"": ""brochure-household-contents-and-private-liability.pdf"", ""page"": 3, ""quote"": ""jewellery, antiques, collections, etc.) Helvetia household insurance protects everything you love and value.""}]","Private liability insures statutory third-party liability and defence against unjustified claims, including bodily injury and property damage, subject to the listed exclusions [household-contents-private-liability-sti.pdf, page 10].

Evidence-based answer:",unknown,,other,"No factual contradiction could be confirmed from the reference and supplied evidence; the remaining additional, incomplete, or irrelevant content is therefore conservatively classified as unknown.",503,GUARDRAIL_INVALID_OUTPUT,withheld_before_user_delivery
pdf-rag-041,"What coverage or rule is described for ""Scope of insurance cover The service product provides you with"" in brochure services?",Scope of insurance cover The service product provides you with the following benefits:,"[{""source"": ""brochure-services.pdf"", ""page"": 2, ""quote"": ""Scope of insurance cover The service product provides you with the following benefits:""}]","The ""Scope of insurance cover"" for the service product provides you with the following benefits:

- 24/7 assistance
- 48h claims payment, with Helvetia guaranteeing claims payment within 48 hours following a successful claims review.

Source: [brochure-services.pdf, page 2]",correct,,,The generated draft accurately reflects the information provided in the reference answer and quote.,503,GUARDRAIL_INVALID_OUTPUT,withheld_before_user_delivery
pdf-rag-042,"How does brochure services describe ""Waiver of premiums In the event of earning disability, you""?","Waiver of premiums In the event of earning disability, you will benefit from a waiver of insurance premiums until the agreed end of the contract.","[{""source"": ""brochure-services.pdf"", ""page"": 3, ""quote"": ""Waiver of premiums In the event of earning disability, you will benefit from a waiver of insurance premiums until the agreed end of the contract.""}]","The ""Waiver of premiums"" in the brochure services states that in the event of earning disability, you will benefit from a waiver of insurance premiums until the agreed end of the contract. However, you will continue to benefit from insurance cover. 

Source: [brochure-services.pdf, page 3]",correct,,,The generated draft accurately reflects the information provided in the reference answer and quote.,503,GUARDRAIL_INVALID_OUTPUT,withheld_before_user_delivery
pdf-rag-043,"What does brochure services say concerning ""Organization of a security service Psychological follow-up support We will""?","Organization of a security service Psychological follow-up support We will pay the cost of psychological support provided by a qualified doctor, psychologist or psychiatrist after an insured event.","[{""source"": ""brochure-services.pdf"", ""page"": 3, ""quote"": ""Organization of a security service Psychological follow-up support We will pay the cost of psychological support provided by a qualified doctor, psychologist or psychiatrist after an insured event.""}]","The brochure states:

- **Organization of a security service**: This is part of the Home Assistance services provided by Helvetia.
- **Psychological follow-up support**: Helvetia will pay the cost of psychological support provided by a qualified doctor, psychologist, or psychiatrist after an insured event.

Source: [brochure-services.pdf, page 3]",correct,,,The generated draft accurately reflects the information provided in the reference answer and quote.,503,GUARDRAIL_INVALID_OUTPUT,withheld_before_user_delivery
pdf-rag-044,"According to brochure services, what does it state about ""Waiver of gross negligence Helvetia waives its right to a""?",Waiver of gross negligence Helvetia waives its right to a reduction in benefits in the event of grossly negligent conduct.,"[{""source"": ""brochure-services.pdf"", ""page"": 3, ""quote"": ""Waiver of gross negligence Helvetia waives its right to a reduction in benefits in the event of grossly negligent conduct.""}]","The brochure states that ""Helvetia waives its right to a reduction in benefits in the event of grossly negligent conduct."" This means that if there is gross negligence, Helvetia will not reduce the benefits that would otherwise be payable. 

Source: [brochure-services.pdf, page 3]",correct,,,The generated draft accurately reflects the information provided in the reference answer and quote.,503,GUARDRAIL_INVALID_OUTPUT,withheld_before_user_delivery
pdf-rag-045,"What coverage or rule is described for ""As a Swiss insurance company we stand for quality, friendliness"" in brochure services?","As a Swiss insurance company we stand for quality, friendliness and service.","[{""source"": ""brochure-services.pdf"", ""page"": 2, ""quote"": ""As a Swiss insurance company we stand for quality, friendliness and service.""}]","The phrase ""As a Swiss insurance company we stand for quality, friendliness"" reflects Helvetia's commitment to customer service and satisfaction, but it does not describe a specific coverage or rule. The available sources do not contain enough information to answer this question. [brochure-services.pdf, page 2]",unknown,,unsupported_fact,"No factual contradiction could be confirmed from the reference and supplied evidence; the remaining additional, incomplete, or irrelevant content is therefore conservatively classified as unknown.",503,GUARDRAIL_INVALID_OUTPUT,withheld_before_user_delivery
pdf-rag-046,"How does brochure services describe ""We support you with a range of round-the-clock services -""?","We support you with a range of round-the-clock services - in emergencies 24 hours a day, 365 days a year.","[{""source"": ""brochure-services.pdf"", ""page"": 2, ""quote"": ""We support you with a range of round-the-clock services - in emergencies 24 hours a day, 365 days a year.""}]","The brochure services describe ""We support you with a range of round-the-clock services"" as follows:

- Emergency assistance is available 24 hours a day, 365 days a year.
- Helvetia stands for quality, friendliness, and service, aiming to make unpleasant situations as comfortable as possible for you.

Source: [brochure-services.pdf, page 2]",correct,,,The generated draft accurately reflects the information provided in the reference answer and quote.,503,GUARDRAIL_INVALID_OUTPUT,withheld_before_user_delivery
pdf-rag-047,"What does brochure services say concerning ""Locksmith service If access to your owner-occupied residential premises is""?","Locksmith service If access to your owner-occupied residential premises is not possible due to a sudden and unforeseen event and no other proportionate measures can reasonably be expected to be taken, Helvetia will organize a tradesman to provide access.","[{""source"": ""brochure-services.pdf"", ""page"": 3, ""quote"": ""Locksmith service If access to your owner-occupied residential premises is not possible due to a sudden and unforeseen event and no other proportionate measures can reasonably be expected to be taken, Helvetia will organize a tradesman to provide access.""}]","The brochure states that if access to your owner-occupied residential premises is not possible due to a sudden and unforeseen event and no other proportionate measures can reasonably be expected to be taken, Helvetia will organize a tradesman to provide access. 

Source: [brochure-services.pdf, page 3]",correct,,,The generated draft accurately reflects the information provided in the reference answer and quote.,503,GUARDRAIL_INVALID_OUTPUT,withheld_before_user_delivery
pdf-rag-048,"According to brochure services, what does it state about ""We do everything we can to make unpleasant situ -""?",We do everything we can to make unpleasant situ - ations as comfortable as possible for you.,"[{""source"": ""brochure-services.pdf"", ""page"": 2, ""quote"": ""We do everything we can to make unpleasant situ - ations as comfortable as possible for you.""}]","The brochure states that ""We do everything we can to make unpleasant situations as comfortable as possible for you."" This emphasizes Helvetia's commitment to customer support during challenging times. 

Source: [brochure-services.pdf, page 2]",correct,,,The generated draft accurately reflects the content of the reference answer and quote.,503,GUARDRAIL_INVALID_OUTPUT,withheld_before_user_delivery
pdf-rag-049,"What coverage or rule is described for ""This exclusion does not apply to advance payments; M8 Property"" in buildings insurance sti?","This exclusion does not apply to advance payments; M8 Property and costs that can be insured pursuant to B - L and N under the heading ""The insurance covers"" or are excluded under the heading ""The insurance does not cover"".","[{""source"": ""buildings-insurance-sti.pdf"", ""page"": 7, ""quote"": ""This exclusion does not apply to advance payments; M8 Property and costs that can be insured pursuant to B - L and N under the heading \""The insurance covers\"" or are excluded under the heading \""The insurance does not cover\"".""}]",The available sources do not contain enough information to answer this question.,fallback,,,The draft explicitly abstains because it reports insufficient source information; by definition this is not hallucination.,503,GUARDRAIL_INVALID_OUTPUT,withheld_before_user_delivery
pdf-rag-050,"How does buildings insurance sti describe ""However, if a fault is the cause of an unforeseen""?","However, if a fault is the cause of an unforeseen construction accident, Helvetia provides compensation less the costs that would have been incurred to rectify the fault even without a construction accident; L8 Expenses to rectify aesthetic flaws, even if these are the consequence of an event for which there is a liability to pay compensation; L9 Damage that must be covered by the liability insurance provider of a party involved in the construction of the structure, even if said party is also insured by this policy.","[{""source"": ""buildings-insurance-sti.pdf"", ""page"": 7, ""quote"": ""However, if a fault is the cause of an unforeseen construction accident, Helvetia provides compensation less the costs that would have been incurred to rectify the fault even without a construction accident; L8 Expenses to rectify aesthetic flaws, even if these are the consequence of an event for which there is a liability to pay compensation; L9 Damage that must be covered by the liability insurance provider of a party involved in the construction of the structure, even if said party is also insured by this policy.""}]",The available sources do not contain enough information to answer this question.,fallback,,,The draft explicitly abstains because it reports insufficient source information; by definition this is not hallucination.,503,GUARDRAIL_INVALID_OUTPUT,withheld_before_user_delivery
pdf-rag-051,"What does buildings insurance sti say concerning ""The insured is obliged to record a status report of""?",The insured is obliged to record a status report of the neighbouring structures before the start of construction; Period of validity of the ownerʼs liability insurance S1 S2 S3 Loss occurrence principle The insurance covers losses that occur during the policy period and are reported to the company no later than 60 months after the end of the policy.,"[{""source"": ""buildings-insurance-sti.pdf"", ""page"": 11, ""quote"": ""The insured is obliged to record a status report of the neighbouring structures before the start of construction; Period of validity of the ownerʼs liability insurance S1 S2 S3 Loss occurrence principle The insurance covers losses that occur during the policy period and are reported to the company no later than 60 months after the end of the policy.""}]",The available sources do not contain enough information to answer this question.,fallback,,,The draft explicitly abstains because it reports insufficient source information; by definition this is not hallucination.,503,GUARDRAIL_INVALID_OUTPUT,withheld_before_user_delivery
pdf-rag-052,"According to buildings insurance sti, what does it state about ""This exclusion does not apply, if the sum insured for""?","This exclusion does not apply, if the sum insured for the building does not exceed CHF 10 million per building; A62 Digital data and software (excluding operating systems / firmware that are an integral part of insured objects); A63 Damage to or loss of operating systems / firmware that is not the direct result of physical damage, destruction or loss of the data carrier on which the operating systems / firmware were stored; A64 Damage to land, air and water.","[{""source"": ""buildings-insurance-sti.pdf"", ""page"": 7, ""quote"": ""This exclusion does not apply, if the sum insured for the building does not exceed CHF 10 million per building; A62 Digital data and software (excluding operating systems / firmware that are an integral part of insured objects); A63 Damage to or loss of operating systems / firmware that is not the direct result of physical damage, destruction or loss of the data carrier on which the operating systems / firmware were stored; A64 Damage to land, air and water.""}]","The document states that the exclusion does not apply if the sum insured for the building does not exceed CHF 10 million per building. This condition is specifically related to damage caused by terrorist activities and counterterrorism measures, as well as war events or warlike events, unless the policyholder can provide evidence that the damage is not related to these events. 

Source:
- [buildings-insurance-sti.pdf, page 5]",unknown,,unsupported_fact,"No factual contradiction could be confirmed from the reference and supplied evidence; the remaining additional, incomplete, or irrelevant content is therefore conservatively classified as unknown.",503,GUARDRAIL_INVALID_OUTPUT,withheld_before_user_delivery
pdf-rag-053,"What coverage or rule is described for ""Underinsurance J1 Collision damage: Breakage, cracks or deformation caused by"" in buildings insurance sti?","Underinsurance J1 Collision damage: Breakage, cracks or deformation caused by an external force, in particular by: a) Impact, head-on collision, collapse, falling or subsidence; b) Accidental external impact of goods involved in the work process or of parts of the insured object itself.","[{""source"": ""buildings-insurance-sti.pdf"", ""page"": 6, ""quote"": ""Underinsurance J1 Collision damage: Breakage, cracks or deformation caused by an external force, in particular by: a) Impact, head-on collision, collapse, falling or subsidence; b) Accidental external impact of goods involved in the work process or of parts of the insured object itself.""}]",The available sources do not contain enough information to answer this question.,fallback,,,The draft explicitly abstains because it reports insufficient source information; by definition this is not hallucination.,503,GUARDRAIL_INVALID_OUTPUT,withheld_before_user_delivery
pdf-rag-054,"How does buildings insurance sti describe ""This exclusion does not apply, if the sum insured for""?","This exclusion does not apply, if the sum insured for the building does not exceed CHF 10 million per building.","[{""source"": ""buildings-insurance-sti.pdf"", ""page"": 5, ""quote"": ""This exclusion does not apply, if the sum insured for the building does not exceed CHF 10 million per building.""}]","The buildings insurance STI states that ""This exclusion does not apply, if the sum insured for the building does not exceed CHF 10 million per building."" This condition is specifically related to damage caused by terrorist activities and counterterrorism measures, as well as damage caused by war events or warlike events, unless the policyholder can provide evidence that the damage is not related to these events. 

Source: [buildings-insurance-sti.pdf, page 4]",correct,,,The generated draft accurately reflects the reference answer and quote regarding the exclusion condition related to the sum insured.,503,GUARDRAIL_INVALID_OUTPUT,withheld_before_user_delivery
pdf-rag-055,"What does buildings insurance sti say concerning ""S5 Damage caused before the contract was amended If the""?","S5 Damage caused before the contract was amended If the scope of cover is amended during the term of the contract (including changes to the sum insured and/or the deductible), S4 para.","[{""source"": ""buildings-insurance-sti.pdf"", ""page"": 11, ""quote"": ""S5 Damage caused before the contract was amended If the scope of cover is amended during the term of the contract (including changes to the sum insured and/or the deductible), S4 para.""}]",The available sources do not contain enough information to answer this question.,fallback,,,The draft explicitly abstains because it reports insufficient source information; by definition this is not hallucination.,503,GUARDRAIL_INVALID_OUTPUT,withheld_before_user_delivery
pdf-rag-056,"According to buildings insurance sti, what does it state about ""Own electric charging stations and their management system whose purpose""?","Own electric charging stations and their management system whose purpose is to charge electrically powered vehicles, which are permanently connected to the insured building and are not included in the building insurance sum.","[{""source"": ""buildings-insurance-sti.pdf"", ""page"": 13, ""quote"": ""Own electric charging stations and their management system whose purpose is to charge electrically powered vehicles, which are permanently connected to the insured building and are not included in the building insurance sum.""}]",The available sources do not contain enough information to answer this question.,fallback,,,The draft explicitly abstains because it reports insufficient source information; by definition this is not hallucination.,503,GUARDRAIL_INVALID_OUTPUT,withheld_before_user_delivery
pdf-rag-057,"What coverage or rule is described for ""Malicious damage caused during strikes and lockouts is also insured"" in buildings insurance sti?","Malicious damage caused during strikes and lockouts is also insured; M3 Leakage of automated fire extinguisher systems: Liquids and gases that are unexpectedly, suddenly and inappropriately discharged from a recognised fire extinguisher system; M4 Vehicular collision: Collision by motor vehicles, trailers or track-bound transport systems; M5 Building collapse: Collapse of buildings and parts of buildings; M6 Radioactive contamination: Unusability due to unforeseen and sudden contamination by radioactive substances in the operating area; M7 Damage caused by martens, rodents, insects and wild animals.","[{""source"": ""buildings-insurance-sti.pdf"", ""page"": 6, ""quote"": ""Malicious damage caused during strikes and lockouts is also insured; M3 Leakage of automated fire extinguisher systems: Liquids and gases that are unexpectedly, suddenly and inappropriately discharged from a recognised fire extinguisher system; M4 Vehicular collision: Collision by motor vehicles, trailers or track-bound transport systems; M5 Building collapse: Collapse of buildings and parts of buildings; M6 Radioactive contamination: Unusability due to unforeseen and sudden contamination by radioactive substances in the operating area; M7 Damage caused by martens, rodents, insects and wild animals.""}]",The available sources do not contain enough information to answer this question.,fallback,,,The draft explicitly abstains because it reports insufficient source information; by definition this is not hallucination.,503,GUARDRAIL_INVALID_OUTPUT,withheld_before_user_delivery
pdf-rag-058,"How does buildings insurance sti describe ""ss breakage 8 Earthquake and volcanic eruption 9 all risks""?",ss breakage 8 Earthquake and volcanic eruption 9 all risks 10 Ownerʼs liability insurance 16 Bodily injury 17 Property damage 17 Purely financial loss 17 Building legal protection insurance 22 Building legal protection insurance 23 Definition of terms 24 The original German wording governs the legal interpretation of your policy.,"[{""source"": ""buildings-insurance-sti.pdf"", ""page"": 2, ""quote"": ""ss breakage 8 Earthquake and volcanic eruption 9 all risks 10 Ownerʼs liability insurance 16 Bodily injury 17 Property damage 17 Purely financial loss 17 Building legal protection insurance 22 Building legal protection insurance 23 Definition of terms 24 The original German wording governs the legal interpretation of your policy.""}]",The available sources do not contain enough information to answer this question.,fallback,,,The draft explicitly abstains because it reports insufficient source information; by definition this is not hallucination.,503,GUARDRAIL_INVALID_OUTPUT,withheld_before_user_delivery
pdf-rag-059,"What does buildings insurance sti say concerning ""However, cracks that make renovation of a part of a""?","However, cracks that make renovation of a part of a building unavoidable for structural reasons are insured; L11 Damage to conduits, pipes and cables where mandatory testing and probing to determine the situation has not been performed, and any resultant consequential damage.","[{""source"": ""buildings-insurance-sti.pdf"", ""page"": 8, ""quote"": ""However, cracks that make renovation of a part of a building unavoidable for structural reasons are insured; L11 Damage to conduits, pipes and cables where mandatory testing and probing to determine the situation has not been performed, and any resultant consequential damage.""}]",The available sources do not contain enough information to answer this question.,fallback,,,The draft explicitly abstains because it reports insufficient source information; by definition this is not hallucination.,503,GUARDRAIL_INVALID_OUTPUT,withheld_before_user_delivery
pdf-rag-060,"According to buildings insurance sti, what does it state about ""Loss of rental income, loss of earnings, additional costs a""?","Loss of rental income, loss of earnings, additional costs a) Rental income lost to the policyholder insured party due to the unusability of the rented buildings or of premises in buildings as a result of insured property damage; b) Loss of revenue, i.e.","[{""source"": ""buildings-insurance-sti.pdf"", ""page"": 14, ""quote"": ""Loss of rental income, loss of earnings, additional costs a) Rental income lost to the policyholder insured party due to the unusability of the rented buildings or of premises in buildings as a result of insured property damage; b) Loss of revenue, i.e.""}]",The available sources do not contain enough information to answer this question.,fallback,,,The draft explicitly abstains because it reports insufficient source information; by definition this is not hallucination.,503,GUARDRAIL_INVALID_OUTPUT,withheld_before_user_delivery
pdf-rag-061,"What coverage or rule is described for ""However, should such events result in unexpected and suddenly occurring"" in buildings insurance sti?","However, should such events result in unexpected and suddenly occurring damage or destruction as a result of externally applied force, such consequential damage is insured.","[{""source"": ""buildings-insurance-sti.pdf"", ""page"": 7, ""quote"": ""However, should such events result in unexpected and suddenly occurring damage or destruction as a result of externally applied force, such consequential damage is insured.""}]",The available sources do not contain enough information to answer this question.,fallback,,,The draft explicitly abstains because it reports insufficient source information; by definition this is not hallucination.,503,GUARDRAIL_INVALID_OUTPUT,withheld_before_user_delivery
pdf-rag-062,"How does buildings insurance sti describe ""This also applies to the insurance of liability arising from""?",This also applies to the insurance of liability arising from serial damage if damage belonging to a series was caused before the start of the contract.,"[{""source"": ""buildings-insurance-sti.pdf"", ""page"": 11, ""quote"": ""This also applies to the insurance of liability arising from serial damage if damage belonging to a series was caused before the start of the contract.""}]",The available sources do not contain enough information to answer this question.,fallback,,,The draft explicitly abstains because it reports insufficient source information; by definition this is not hallucination.,503,GUARDRAIL_INVALID_OUTPUT,withheld_before_user_delivery
pdf-rag-063,"What does buildings insurance sti say concerning ""eptember 2022 edition Follow-up costs a) Necessary follow-up costs Necessary""?",eptember 2022 edition Follow-up costs a) Necessary follow-up costs Necessary follow-up costs that the policyholder incurs directly and in direct relation to the damage caused to objects insured in this contract.,"[{""source"": ""buildings-insurance-sti.pdf"", ""page"": 14, ""quote"": ""eptember 2022 edition Follow-up costs a) Necessary follow-up costs Necessary follow-up costs that the policyholder incurs directly and in direct relation to the damage caused to objects insured in this contract.""}]",The available sources do not contain enough information to answer this question.,fallback,,,The draft explicitly abstains because it reports insufficient source information; by definition this is not hallucination.,503,GUARDRAIL_INVALID_OUTPUT,withheld_before_user_delivery
pdf-rag-064,"According to buildings insurance sti, what does it state about ""In such cases, the compensation is reduced at a rate""?","In such cases, the compensation is reduced at a rate commensurate to the difference between the replacement value and the sum insured.","[{""source"": ""buildings-insurance-sti.pdf"", ""page"": 14, ""quote"": ""In such cases, the compensation is reduced at a rate commensurate to the difference between the replacement value and the sum insured.""}]",The available sources do not contain enough information to answer this question.,fallback,,,The draft explicitly abstains because it reports insufficient source information; by definition this is not hallucination.,503,GUARDRAIL_INVALID_OUTPUT,withheld_before_user_delivery
pdf-rag-065,"What coverage or rule is described for ""In cantons with cantonal buildings insurance, the relevant cantonal provisions"" in buildings insurance sti?","In cantons with cantonal buildings insurance, the relevant cantonal provisions apply regarding categorisation.","[{""source"": ""buildings-insurance-sti.pdf"", ""page"": 13, ""quote"": ""In cantons with cantonal buildings insurance, the relevant cantonal provisions apply regarding categorisation.""}]",The available sources do not contain enough information to answer this question.,fallback,,,The draft explicitly abstains because it reports insufficient source information; by definition this is not hallucination.,503,GUARDRAIL_INVALID_OUTPUT,withheld_before_user_delivery
pdf-rag-066,"How does buildings insurance sti describe ""This concerns legal disputes that arise during these first three""?",This concerns legal disputes that arise during these first three months after the effective date of the insurance contract.,"[{""source"": ""buildings-insurance-sti.pdf"", ""page"": 14, ""quote"": ""This concerns legal disputes that arise during these first three months after the effective date of the insurance contract.""}]",The available sources do not contain enough information to answer this question.,fallback,,,The draft explicitly abstains because it reports insufficient source information; by definition this is not hallucination.,503,GUARDRAIL_INVALID_OUTPUT,withheld_before_user_delivery
pdf-rag-067,"What does buildings insurance sti say concerning ""However, in the case of additions, alterations, repairs and improvements""?","However, in the case of additions, alterations, repairs and improvements, the existing structure shall always be deemed to be the object of the activity in its entirety if it is underpinned or driven under or if work is carried out on its supporting or load-bearing elements (such as foundations, girders, retaining walls) which affect their supporting or load-bearing capacity.","[{""source"": ""buildings-insurance-sti.pdf"", ""page"": 11, ""quote"": ""However, in the case of additions, alterations, repairs and improvements, the existing structure shall always be deemed to be the object of the activity in its entirety if it is underpinned or driven under or if work is carried out on its supporting or load-bearing elements (such as foundations, girders, retaining walls) which affect their supporting or load-bearing capacity.""}]",The available sources do not contain enough information to answer this question.,fallback,,,The draft explicitly abstains because it reports insufficient source information; by definition this is not hallucination.,503,GUARDRAIL_INVALID_OUTPUT,withheld_before_user_delivery
pdf-rag-068,"According to buildings insurance sti, what does it state about ""“Buildings” also include the facilities that are locally considered to""?","“Buildings” also include the facilities that are locally considered to be a standard feature of the building and are owned by the building owner, even if these could be removed without significantly reducing the value or significantly damaging the building.","[{""source"": ""buildings-insurance-sti.pdf"", ""page"": 13, ""quote"": ""“Buildings” also include the facilities that are locally considered to be a standard feature of the building and are owned by the building owner, even if these could be removed without significantly reducing the value or significantly damaging the building.""}]",The available sources do not contain enough information to answer this question.,fallback,,,The draft explicitly abstains because it reports insufficient source information; by definition this is not hallucination.,503,GUARDRAIL_INVALID_OUTPUT,withheld_before_user_delivery
pdf-rag-069,"What coverage or rule is described for ""G2 Damage to glass containers, all types of illuminants and"" in buildings insurance sti?","G2 Damage to glass containers, all types of illuminants and light bulbs; G3 Damage caused by scratches or welding spatter e.","[{""source"": ""buildings-insurance-sti.pdf"", ""page"": 5, ""quote"": ""G2 Damage to glass containers, all types of illuminants and light bulbs; G3 Damage caused by scratches or welding spatter e.""}]",The available sources do not contain enough information to answer this question.,fallback,,,The draft explicitly abstains because it reports insufficient source information; by definition this is not hallucination.,503,GUARDRAIL_INVALID_OUTPUT,withheld_before_user_delivery
pdf-rag-070,"How does buildings insurance sti describe ""Time of occurrence of damage The time of occurrence of""?",Time of occurrence of damage The time of occurrence of damage is the time when the damage is first ascertained.,"[{""source"": ""buildings-insurance-sti.pdf"", ""page"": 11, ""quote"": ""Time of occurrence of damage The time of occurrence of damage is the time when the damage is first ascertained.""}]",The available sources do not contain enough information to answer this question.,fallback,,,The draft explicitly abstains because it reports insufficient source information; by definition this is not hallucination.,503,GUARDRAIL_INVALID_OUTPUT,withheld_before_user_delivery
pdf-rag-071,"What does buildings insurance sti say concerning ""bored, driven, concrete, wood and special piles, sheet walls, Berlin-type""?","bored, driven, concrete, wood and special piles, sheet walls, Berlin-type walls, slurry walls, pile walls, reinforcements, groundwater impoundments, anchoring and similar.","[{""source"": ""buildings-insurance-sti.pdf"", ""page"": 13, ""quote"": ""bored, driven, concrete, wood and special piles, sheet walls, Berlin-type walls, slurry walls, pile walls, reinforcements, groundwater impoundments, anchoring and similar.""}]",The available sources do not contain enough information to answer this question.,fallback,,,The draft explicitly abstains because it reports insufficient source information; by definition this is not hallucination.,503,GUARDRAIL_INVALID_OUTPUT,withheld_before_user_delivery
pdf-rag-072,"According to buildings insurance sti, what does it state about ""Here, each owner is entitled to the exclusive use and""?","Here, each owner is entitled to the exclusive use and management of a precisely defined part of the building, usually a freehold apartment (see also joint ownership).","[{""source"": ""buildings-insurance-sti.pdf"", ""page"": 13, ""quote"": ""Here, each owner is entitled to the exclusive use and management of a precisely defined part of the building, usually a freehold apartment (see also joint ownership).""}]",The available sources do not contain enough information to answer this question.,fallback,,,The draft explicitly abstains because it reports insufficient source information; by definition this is not hallucination.,503,GUARDRAIL_INVALID_OUTPUT,withheld_before_user_delivery
pdf-rag-073,"What coverage or rule is described for ""In this context, the way in which the damage was"" in buildings insurance sti?","In this context, the way in which the damage was brought about is the determining factor (malice or fraudulent or deliberate intent are particularly aggravating circumstances).","[{""source"": ""buildings-insurance-sti.pdf"", ""page"": 14, ""quote"": ""In this context, the way in which the damage was brought about is the determining factor (malice or fraudulent or deliberate intent are particularly aggravating circumstances).""}]",The available sources do not contain enough information to answer this question.,fallback,,,The draft explicitly abstains because it reports insufficient source information; by definition this is not hallucination.,503,GUARDRAIL_INVALID_OUTPUT,withheld_before_user_delivery
pdf-rag-074,"How does household contents private liability sti describe ""A26 Apiaries and garden sheds A26.1 Follow-up costs and loss""?","A26 Apiaries and garden sheds A26.1 Follow-up costs and loss prevention costs ■ CHF 5ʼ000 A26.2 Glazing ■ Sum insured according to policy The insurance does not cover Glass breakage in addition to the exclusions on pages 6 to 9 F3 damage to hand mirrors, optical l enses, eyeglass lenses, watch glass, monitor screen glass and displays of any kind, glass tableware, glass containers, light fixtures of any type and light bulbs; F4 damage caus ed by scratches or welding spatter e.g.","[{""source"": ""household-contents-private-liability-sti.pdf"", ""page"": 6, ""quote"": ""A26 Apiaries and garden sheds A26.1 Follow-up costs and loss prevention costs ■ CHF 5ʼ000 A26.2 Glazing ■ Sum insured according to policy The insurance does not cover Glass breakage in addition to the exclusions on pages 6 to 9 F3 damage to hand mirrors, optical l enses, eyeglass lenses, watch glass, monitor screen glass and displays of any kind, glass tableware, glass containers, light fixtures of any type and light bulbs; F4 damage caus ed by scratches or welding spatter e.g.""}]","Private liability insures statutory third-party liability and defence against unjustified claims, including bodily injury and property damage, subject to the listed exclusions [household-contents-private-liability-sti.pdf, page 10].

Evidence-based answer:",unknown,,unsupported_fact,"No factual contradiction could be confirmed from the reference and supplied evidence; the remaining additional, incomplete, or irrelevant content is therefore conservatively classified as unknown.",503,GUARDRAIL_INVALID_OUTPUT,withheld_before_user_delivery
pdf-rag-075,"What does household contents private liability sti say concerning ""■ ■ ■ Sum insured as per the basic insurance""?","■ ■ ■ Sum insured as per the basic insurance cover under the policy Deductible as per the basic insurance cover under the policy A33.8 Carers of children in childcare, foster children and children staying on holiday: The insurance covers claims for damage inflicted upon third parties and caused by children in childcare, foster children and children staying on holiday who are temporarily residing with the policyholder.","[{""source"": ""household-contents-private-liability-sti.pdf"", ""page"": 12, ""quote"": ""■ ■ ■ Sum insured as per the basic insurance cover under the policy Deductible as per the basic insurance cover under the policy A33.8 Carers of children in childcare, foster children and children staying on holiday: The insurance covers claims for damage inflicted upon third parties and caused by children in childcare, foster children and children staying on holiday who are temporarily residing with the policyholder.""}]","Private liability insures statutory third-party liability and defence against unjustified claims, including bodily injury and property damage, subject to the listed exclusions [household-contents-private-liability-sti.pdf, page 10].

Evidence-based answer:",unknown,,unsupported_fact,"No factual contradiction could be confirmed from the reference and supplied evidence; the remaining additional, incomplete, or irrelevant content is therefore conservatively classified as unknown.",503,GUARDRAIL_INVALID_OUTPUT,withheld_before_user_delivery
pdf-rag-076,"According to household contents private liability sti, what does it state about ""Statutory liability is insured and defence against unjustified claims as""?","Statutory liability is insured and defence against unjustified claims as / in case of: Where Personal liability CH / FL EU / EFTA / UK Other A35.8 Practice of kite water sports and wing foiling The insurance covers statutory liability to third parties for damage arising from the practice of kite water sports and wing foiling, provided that it is lawful to practice such sports in the relevant bodies of water.","[{""source"": ""household-contents-private-liability-sti.pdf"", ""page"": 18, ""quote"": ""Statutory liability is insured and defence against unjustified claims as / in case of: Where Personal liability CH / FL EU / EFTA / UK Other A35.8 Practice of kite water sports and wing foiling The insurance covers statutory liability to third parties for damage arising from the practice of kite water sports and wing foiling, provided that it is lawful to practice such sports in the relevant bodies of water.""}]","Private liability insures statutory third-party liability and defence against unjustified claims, including bodily injury and property damage, subject to the listed exclusions [household-contents-private-liability-sti.pdf, page 10].

The document states that statutory liability is insured and defense against unjustified claims is provided in the case of:

- Voluntary liability
- Payment of benefits for losses without statutory liability, upon request by the policyholder, which can be extended to cover claims asserted by third parties that cannot be enforced against the policyholder due to non-fulfillment of liability conditions but are covered under the terms of the insurance policy.

This includes actions in the private life of the insured person.

Source: [household-contents-private-liability-sti.pdf, page 15]",unknown,,unsupported_fact,"No factual contradiction could be confirmed from the reference and supplied evidence; the remaining additional, incomplete, or irrelevant content is therefore conservatively classified as unknown.",503,GUARDRAIL_INVALID_OUTPUT,withheld_before_user_delivery
pdf-rag-077,"What coverage or rule is described for ""■ ■ ■ A34.2 Insured persons incapable of judgement or"" in household contents private liability sti?","■ ■ ■ A34.2 Insured persons incapable of judgement or under guardianship: The insurance covers claims for damage caused by insured persons who are mentally incompetent or under guardianship, provided that and insofar as statutory provisions would establish liability to pay compensation if the damage were caused by a competent party.","[{""source"": ""household-contents-private-liability-sti.pdf"", ""page"": 15, ""quote"": ""■ ■ ■ A34.2 Insured persons incapable of judgement or under guardianship: The insurance covers claims for damage caused by insured persons who are mentally incompetent or under guardianship, provided that and insofar as statutory provisions would establish liability to pay compensation if the damage were caused by a competent party.""}]","Private liability insures statutory third-party liability and defence against unjustified claims, including bodily injury and property damage, subject to the listed exclusions [household-contents-private-liability-sti.pdf, page 10].

Evidence-based answer:",unknown,,unsupported_fact,"No factual contradiction could be confirmed from the reference and supplied evidence; the remaining additional, incomplete, or irrelevant content is therefore conservatively classified as unknown.",503,GUARDRAIL_INVALID_OUTPUT,withheld_before_user_delivery
pdf-rag-078,"How does household contents private liability sti describe ""Sum insured as per the basic insurance cover under the""?","Sum insured as per the basic insurance cover under the policy Deductible as per the basic insurance cover under the policy a) as hunter, subject to A35.4 (if insured).","[{""source"": ""household-contents-private-liability-sti.pdf"", ""page"": 13, ""quote"": ""Sum insured as per the basic insurance cover under the policy Deductible as per the basic insurance cover under the policy a) as hunter, subject to A35.4 (if insured).""}]","Private liability insures statutory third-party liability and defence against unjustified claims, including bodily injury and property damage, subject to the listed exclusions [household-contents-private-liability-sti.pdf, page 10].

Evidence-based answer:",unknown,,unsupported_fact,"No factual contradiction could be confirmed from the reference and supplied evidence; the remaining additional, incomplete, or irrelevant content is therefore conservatively classified as unknown.",503,GUARDRAIL_INVALID_OUTPUT,withheld_before_user_delivery
pdf-rag-079,"What does household contents private liability sti say concerning ""Insured objects I5 Household co ntents, within the scope of""?","Insured objects I5 Household co ntents, within the scope of the agreed additional insurance, that are located in the insured locations listed in the policy (to the extent covered in the relevant insured locations) and temporarily, for no more than one year, located anywhere in the world outside the residential premises specified in the policy.","[{""source"": ""household-contents-private-liability-sti.pdf"", ""page"": 3, ""quote"": ""Insured objects I5 Household co ntents, within the scope of the agreed additional insurance, that are located in the insured locations listed in the policy (to the extent covered in the relevant insured locations) and temporarily, for no more than one year, located anywhere in the world outside the residential premises specified in the policy.""}]","Private liability insures statutory third-party liability and defence against unjustified claims, including bodily injury and property damage, subject to the listed exclusions [household-contents-private-liability-sti.pdf, page 10].

Evidence-based answer:",unknown,,unsupported_fact,"No factual contradiction could be confirmed from the reference and supplied evidence; the remaining additional, incomplete, or irrelevant content is therefore conservatively classified as unknown.",503,GUARDRAIL_INVALID_OUTPUT,withheld_before_user_delivery
pdf-rag-080,"According to household contents private liability sti, what does it state about ""Sum insured as per the basic insurance cover under the""?","Sum insured as per the basic insurance cover under the policy Deductible as per the basic insurance cover under the policy a) in performing professional activities; b) in war events, civil unrest and uprising; c) for damage to service equipment.","[{""source"": ""household-contents-private-liability-sti.pdf"", ""page"": 13, ""quote"": ""Sum insured as per the basic insurance cover under the policy Deductible as per the basic insurance cover under the policy a) in performing professional activities; b) in war events, civil unrest and uprising; c) for damage to service equipment.""}]","Private liability insures statutory third-party liability and defence against unjustified claims, including bodily injury and property damage, subject to the listed exclusions [household-contents-private-liability-sti.pdf, page 10].

Evidence-based answer:",unknown,,unsupported_fact,"No factual contradiction could be confirmed from the reference and supplied evidence; the remaining additional, incomplete, or irrelevant content is therefore conservatively classified as unknown.",503,GUARDRAIL_INVALID_OUTPUT,withheld_before_user_delivery
pdf-rag-081,"What coverage or rule is described for ""Insured objects The insurance covers particular objects of value owned"" in household contents private liability sti?","Insured objects The insurance covers particular objects of value owned by the insured persons, provides that H5 their individual value does not exceed CHF 5’000.","[{""source"": ""household-contents-private-liability-sti.pdf"", ""page"": 7, ""quote"": ""Insured objects The insurance covers particular objects of value owned by the insured persons, provides that H5 their individual value does not exceed CHF 5’000.""}]","Private liability insures statutory third-party liability and defence against unjustified claims, including bodily injury and property damage, subject to the listed exclusions [household-contents-private-liability-sti.pdf, page 10].

Evidence-based answer:",unknown,,unsupported_fact,"No factual contradiction could be confirmed from the reference and supplied evidence; the remaining additional, incomplete, or irrelevant content is therefore conservatively classified as unknown.",503,GUARDRAIL_INVALID_OUTPUT,withheld_before_user_delivery
pdf-rag-082,"How does household contents private liability sti describe ""Sum insured as per the basic insurance cover under the"" (specifically, the point about persons employed or hired by them)?",Sum insured as per the basic insurance cover under the policy Deductible as per the basic insurance cover under the policy a) for damage/losses suffered by self-employed professionals and persons employed or hired by them.,"[{""source"": ""household-contents-private-liability-sti.pdf"", ""page"": 12, ""quote"": ""Sum insured as per the basic insurance cover under the policy Deductible as per the basic insurance cover under the policy a) for damage/losses suffered by self-employed professionals and persons employed or hired by them.""}]","Private liability insures statutory third-party liability and defence against unjustified claims, including bodily injury and property damage, subject to the listed exclusions [household-contents-private-liability-sti.pdf, page 10].

Evidence-based answer:",unknown,,unsupported_fact,"No factual contradiction could be confirmed from the reference and supplied evidence; the remaining additional, incomplete, or irrelevant content is therefore conservatively classified as unknown.",503,GUARDRAIL_INVALID_OUTPUT,withheld_before_user_delivery
pdf-rag-083,"What does household contents private liability sti say concerning ""The coverage and insured sums of your insurance as you""?",The coverage and insured sums of your insurance as you required it are listed in your policy .,"[{""source"": ""household-contents-private-liability-sti.pdf"", ""page"": 3, ""quote"": ""The coverage and insured sums of your insurance as you required it are listed in your policy .""}]","Private liability insures statutory third-party liability and defence against unjustified claims, including bodily injury and property damage, subject to the listed exclusions [household-contents-private-liability-sti.pdf, page 10].

Evidence-based answer:",unknown,,unsupported_fact,"No factual contradiction could be confirmed from the reference and supplied evidence; the remaining additional, incomplete, or irrelevant content is therefore conservatively classified as unknown.",503,GUARDRAIL_INVALID_OUTPUT,withheld_before_user_delivery
pdf-rag-084,"According to household contents private liability sti, what does it state about ""A36 due to contractual liability assumed beyond the scope of""?",A36 due to contractual liability assumed beyond the scope of statutory liability or due to the non-fulfilment of statutory or contractual insurance obligations; A37 resulting from damage that persons insured under this policy cause to each other; A38 arising from damage whose occurrence should have been expected as highly likely or was knowingly accepted; A39 arising from damage due to wear and tear (e.g.,"[{""source"": ""household-contents-private-liability-sti.pdf"", ""page"": 10, ""quote"": ""A36 due to contractual liability assumed beyond the scope of statutory liability or due to the non-fulfilment of statutory or contractual insurance obligations; A37 resulting from damage that persons insured under this policy cause to each other; A38 arising from damage whose occurrence should have been expected as highly likely or was knowingly accepted; A39 arising from damage due to wear and tear (e.g.""}]","Private liability insures statutory third-party liability and defence against unjustified claims, including bodily injury and property damage, subject to the listed exclusions [household-contents-private-liability-sti.pdf, page 10].

The document states that coverage is excluded for claims ""due to contractual liability assumed beyond the scope of statutory liability or due to the non-fulfilment of statutory or contractual insurance obligations"" as outlined in A36. 

Source: [household-contents-private-liability-sti.pdf, page 10]",correct,,,The generated draft accurately reflects the information provided in the reference answer and quote regarding A36.,503,GUARDRAIL_INVALID_OUTPUT,withheld_before_user_delivery
pdf-rag-085,"What coverage or rule is described for ""S5 In the event of the death of the policyholder"" in household contents private liability sti?","S5 In the event of the death of the policyholder, the insurance also covers statutory liability claims for damage which was caused before the end of the contract and became manifest after the end of the contract but before the statute of limitations (continuing cover) elapsed if reported to Helvetia in writing or any other text form within that period.","[{""source"": ""household-contents-private-liability-sti.pdf"", ""page"": 18, ""quote"": ""S5 In the event of the death of the policyholder, the insurance also covers statutory liability claims for damage which was caused before the end of the contract and became manifest after the end of the contract but before the statute of limitations (continuing cover) elapsed if reported to Helvetia in writing or any other text form within that period.""}]","Private liability insures statutory third-party liability and defence against unjustified claims, including bodily injury and property damage, subject to the listed exclusions [household-contents-private-liability-sti.pdf, page 10].

Evidence-based answer:",unknown,,unsupported_fact,"No factual contradiction could be confirmed from the reference and supplied evidence; the remaining additional, incomplete, or irrelevant content is therefore conservatively classified as unknown.",503,GUARDRAIL_INVALID_OUTPUT,withheld_before_user_delivery
pdf-rag-086,"How does household contents private liability sti describe ""insured lo cation location is out-and-about underinsurance Destruction, damage or""?","insured lo cation location is out-and-about underinsurance Destruction, damage or loss as a result of G1 earthquake: Tremors triggered by tectonic movements in the earthʼs crust; G2 volcanic erup tion: Ascension and/or discharge of magma (molten rock), including flowing lava, raining ash and gas clouds.","[{""source"": ""household-contents-private-liability-sti.pdf"", ""page"": 6, ""quote"": ""insured lo cation location is out-and-about underinsurance Destruction, damage or loss as a result of G1 earthquake: Tremors triggered by tectonic movements in the earthʼs crust; G2 volcanic erup tion: Ascension and/or discharge of magma (molten rock), including flowing lava, raining ash and gas clouds.""}]","Private liability insures statutory third-party liability and defence against unjustified claims, including bodily injury and property damage, subject to the listed exclusions [household-contents-private-liability-sti.pdf, page 10].

Evidence-based answer:",correct,,,The generated draft accurately reflects the coverage of private liability insurance as described in the reference material.,503,GUARDRAIL_INVALID_OUTPUT,withheld_before_user_delivery
pdf-rag-087,"What does household contents private liability sti say concerning ""CHF 10ʼ000 ■ A2 Follow-up costs and loss prevention costs""?",CHF 10ʼ000 ■ A2 Follow-up costs and loss prevention costs A2.1 Necessary follow-up costs ■ ■ Sum insured according to policy A2.2 Costs for risk-reducing measures ■ CHF 5ʼ000 A2.3 Costs for replacing locks ■ Sum insured according to policy A2.4 Loss /damage prevention costs ■ ■ CHF 2ʼ000 .,"[{""source"": ""household-contents-private-liability-sti.pdf"", ""page"": 3, ""quote"": ""CHF 10ʼ000 ■ A2 Follow-up costs and loss prevention costs A2.1 Necessary follow-up costs ■ ■ Sum insured according to policy A2.2 Costs for risk-reducing measures ■ CHF 5ʼ000 A2.3 Costs for replacing locks ■ Sum insured according to policy A2.4 Loss /damage prevention costs ■ ■ CHF 2ʼ000 .""}]","Private liability insures statutory third-party liability and defence against unjustified claims, including bodily injury and property damage, subject to the listed exclusions [household-contents-private-liability-sti.pdf, page 10].

Evidence-based answer:",unknown,,other,"No factual contradiction could be confirmed from the reference and supplied evidence; the remaining additional, incomplete, or irrelevant content is therefore conservatively classified as unknown.",503,GUARDRAIL_INVALID_OUTPUT,withheld_before_user_delivery
pdf-rag-088,"According to household contents private liability sti, what does it state about ""Additional premium resulting from loss of bonus of the holder""?",Additional premium resulting from loss of bonus of the holder resulting from their motor vehicle liability insurance is also covered.,"[{""source"": ""household-contents-private-liability-sti.pdf"", ""page"": 13, ""quote"": ""Additional premium resulting from loss of bonus of the holder resulting from their motor vehicle liability insurance is also covered.""}]","Private liability insures statutory third-party liability and defence against unjustified claims, including bodily injury and property damage, subject to the listed exclusions [household-contents-private-liability-sti.pdf, page 10].

Evidence-based answer:",correct,,,The generated draft accurately reflects the coverage of private liability insurance as stated in the reference answer and quote.,503,GUARDRAIL_INVALID_OUTPUT,withheld_before_user_delivery
pdf-rag-089,"What coverage or rule is described for ""To the extent to which damage is covered under previously"" in household contents private liability sti?","To the extent to which damage is covered under previously concluded insurance, insurance cover under this policy is subsidiary (cover to the extent of differing provisions and limits).","[{""source"": ""household-contents-private-liability-sti.pdf"", ""page"": 18, ""quote"": ""To the extent to which damage is covered under previously concluded insurance, insurance cover under this policy is subsidiary (cover to the extent of differing provisions and limits).""}]","Private liability insures statutory third-party liability and defence against unjustified claims, including bodily injury and property damage, subject to the listed exclusions [household-contents-private-liability-sti.pdf, page 10].

Evidence-based answer:",unknown,,unsupported_fact,"No factual contradiction could be confirmed from the reference and supplied evidence; the remaining additional, incomplete, or irrelevant content is therefore conservatively classified as unknown.",503,GUARDRAIL_INVALID_OUTPUT,withheld_before_user_delivery
pdf-rag-090,"How does household contents private liability sti describe ""Natural forces Theft Liquids and gas Household contents all risks""?","Natural forces Theft Liquids and gas Household contents all risks Destruction, damage or loss as a result of C1 flooding and inundation; C2 storms (wind of 75 km / h or more that uproots trees or takes the roofs of f buildings in the vicinity of the insured property); C3 hail; C4 avalanches; C5 snow pressure; C6 rockslides and rock impacts; C7 land slides.","[{""source"": ""household-contents-private-liability-sti.pdf"", ""page"": 3, ""quote"": ""Natural forces Theft Liquids and gas Household contents all risks Destruction, damage or loss as a result of C1 flooding and inundation; C2 storms (wind of 75 km / h or more that uproots trees or takes the roofs of f buildings in the vicinity of the insured property); C3 hail; C4 avalanches; C5 snow pressure; C6 rockslides and rock impacts; C7 land slides.""}]","The ""Natural forces Theft Liquids and gas Household contents all risks"" section describes various types of coverage related to household contents insurance. Here are the key points:

- **Natural Forces**: Covers destruction, damage, or loss due to natural events like flooding and inundation.
- **Theft**: Includes damage conclusively proven by physical traces or witnesses.
- **Liquids and Gas**: Covers destruction, damage, or loss resulting from leakage of liquids or gas from pipelines, connected installations, or appliances.
- **Household Contents All Risks**: Insures against unforeseen and sudden damage by external factors or loss during transport by a transport company.

These coverages are subject to the applicable policy terms. 

Source: [household-contents-private-liability-sti.pdf, page 3]",unknown,,unsupported_fact,"No factual contradiction could be confirmed from the reference and supplied evidence; the remaining additional, incomplete, or irrelevant content is therefore conservatively classified as unknown.",503,GUARDRAIL_INVALID_OUTPUT,withheld_before_user_delivery
pdf-rag-091,"What does household contents private liability sti say concerning ""The insured warranty benefits (repair/replacement) are valid within Switzerland and""?",The insured warranty benefits (repair/replacement) are valid within Switzerland and the Principality of Liechtenstein.,"[{""source"": ""household-contents-private-liability-sti.pdf"", ""page"": 7, ""quote"": ""The insured warranty benefits (repair/replacement) are valid within Switzerland and the Principality of Liechtenstein.""}]","Private liability insures statutory third-party liability and defence against unjustified claims, including bodily injury and property damage, subject to the listed exclusions [household-contents-private-liability-sti.pdf, page 10].

Evidence-based answer:",unknown,,unsupported_fact,"No factual contradiction could be confirmed from the reference and supplied evidence; the remaining additional, incomplete, or irrelevant content is therefore conservatively classified as unknown.",503,GUARDRAIL_INVALID_OUTPUT,withheld_before_user_delivery
pdf-rag-092,"According to household contents private liability sti, what does it state about ""Sum insured as per the policy Deductible as per the""?","Sum insured as per the policy Deductible as per the policy Sum insured as per the policy Deductible as per the policy Sum insured as per the policy Sum insured for the utilised vehicle CHF 2ʼ500 Deductible as per the policy Sum insured as per the policy Deductible as per the policy a) events caused in connection with the mis-use of medications, the consumption of alcohol and drugs or with a speeding offence pursuant to Art.","[{""source"": ""household-contents-private-liability-sti.pdf"", ""page"": 16, ""quote"": ""Sum insured as per the policy Deductible as per the policy Sum insured as per the policy Deductible as per the policy Sum insured as per the policy Sum insured for the utilised vehicle CHF 2ʼ500 Deductible as per the policy Sum insured as per the policy Deductible as per the policy a) events caused in connection with the mis-use of medications, the consumption of alcohol and drugs or with a speeding offence pursuant to Art.""}]","Private liability insures statutory third-party liability and defence against unjustified claims, including bodily injury and property damage, subject to the listed exclusions [household-contents-private-liability-sti.pdf, page 10].

Evidence-based answer:",correct,,,The generated draft accurately reflects the information provided in the reference answer and supporting evidence.,503,GUARDRAIL_INVALID_OUTPUT,withheld_before_user_delivery
pdf-rag-093,"What coverage or rule is described for ""Multi-person household: The insurance covers the policyholder and all persons"" in household contents private liability sti?",Multi-person household: The insurance covers the policyholder and all persons sharing the household with him/her on a permanent basis.,"[{""source"": ""household-contents-private-liability-sti.pdf"", ""page"": 20, ""quote"": ""Multi-person household: The insurance covers the policyholder and all persons sharing the household with him/her on a permanent basis.""}]","Private liability insures statutory third-party liability and defence against unjustified claims, including bodily injury and property damage, subject to the listed exclusions [household-contents-private-liability-sti.pdf, page 10].

Evidence-based answer:",unknown,,unsupported_fact,"No factual contradiction could be confirmed from the reference and supplied evidence; the remaining additional, incomplete, or irrelevant content is therefore conservatively classified as unknown.",503,GUARDRAIL_INVALID_OUTPUT,withheld_before_user_delivery
pdf-rag-094,"How does household contents private liability sti describe ""This exclusion does not apply to facilities used for the""?",This exclusion does not apply to facilities used for the composting of or short-term temporary storage of waste or other waste products or for the treatment or pre-treatment of sewage; f) attributable to a culpable failure to observe statutory or official regulations.,"[{""source"": ""household-contents-private-liability-sti.pdf"", ""page"": 14, ""quote"": ""This exclusion does not apply to facilities used for the composting of or short-term temporary storage of waste or other waste products or for the treatment or pre-treatment of sewage; f) attributable to a culpable failure to observe statutory or official regulations.""}]","Private liability insures statutory third-party liability and defence against unjustified claims, including bodily injury and property damage, subject to the listed exclusions [household-contents-private-liability-sti.pdf, page 10].

Evidence-based answer:",unknown,,unsupported_fact,"No factual contradiction could be confirmed from the reference and supplied evidence; the remaining additional, incomplete, or irrelevant content is therefore conservatively classified as unknown.",503,GUARDRAIL_INVALID_OUTPUT,withheld_before_user_delivery
pdf-rag-095,"What does household contents private liability sti say concerning ""Natural forces Theft Liquids and gas Household contents all risks""?","Natural forces Theft Liquids and gas Household contents all risks 20 % of the insured sum as per A1 (household contents), not exceeding CHF 5ʼ000.","[{""source"": ""household-contents-private-liability-sti.pdf"", ""page"": 4, ""quote"": ""Natural forces Theft Liquids and gas Household contents all risks 20 % of the insured sum as per A1 (household contents), not exceeding CHF 5ʼ000.""}]","Household water cover includes leakage of liquids and gas from pipelines, connected installations or apparatus [household-contents-private-liability-sti.pdf, page 3].
The water peril concerns destruction, damage or loss of insured household contents [household-contents-private-liability-sti.pdf, page 3].

Evidence-based answer:",unknown,,unsupported_fact,"No factual contradiction could be confirmed from the reference and supplied evidence; the remaining additional, incomplete, or irrelevant content is therefore conservatively classified as unknown.",503,GUARDRAIL_INVALID_OUTPUT,withheld_before_user_delivery
pdf-rag-096,"According to household contents private liability sti, what does it state about ""Not insured objects I20 e-bikes whose electrical assistance has been""?",Not insured objects I20 e-bikes whose electrical assistance has been modified to exceed the statutory maxi - mum speed limit through structural or software alterations (e.g.,"[{""source"": ""household-contents-private-liability-sti.pdf"", ""page"": 5, ""quote"": ""Not insured objects I20 e-bikes whose electrical assistance has been modified to exceed the statutory maxi - mum speed limit through structural or software alterations (e.g.""}]","Private liability insures statutory third-party liability and defence against unjustified claims, including bodily injury and property damage, subject to the listed exclusions [household-contents-private-liability-sti.pdf, page 10].

Evidence-based answer:",correct,,,The generated draft accurately reflects the information regarding private liability insurance and its exclusions without any factual inaccuracies.,503,GUARDRAIL_INVALID_OUTPUT,withheld_before_user_delivery
pdf-rag-097,"What coverage or rule is described for ""■ ■ ■ A33.4 Owners of holiday homes, apartments for"" in household contents private liability sti?","■ ■ ■ A33.4 Owners of holiday homes, apartments for holiday, educational or work purposes (as condominium owners, co-owners or joint owners only within the framework of Section A33.2.3) as well as unregistered mobile homes, motor homes and caravans with fixed location including their furnishings and equipment.","[{""source"": ""household-contents-private-liability-sti.pdf"", ""page"": 11, ""quote"": ""■ ■ ■ A33.4 Owners of holiday homes, apartments for holiday, educational or work purposes (as condominium owners, co-owners or joint owners only within the framework of Section A33.2.3) as well as unregistered mobile homes, motor homes and caravans with fixed location including their furnishings and equipment.""}]","Private liability insures statutory third-party liability and defence against unjustified claims, including bodily injury and property damage, subject to the listed exclusions [household-contents-private-liability-sti.pdf, page 10].

Evidence-based answer:",unknown,,unsupported_fact,"No factual contradiction could be confirmed from the reference and supplied evidence; the remaining additional, incomplete, or irrelevant content is therefore conservatively classified as unknown.",503,GUARDRAIL_INVALID_OUTPUT,withheld_before_user_delivery
pdf-rag-098,"How does household contents private liability sti describe ""Bodily injury Third-party liability claims for damages brought against insured""?","Bodily injury Third-party liability claims for damages brought against insured persons on the basis of statutory liability provisions due to death, injury or other health impediments.","[{""source"": ""household-contents-private-liability-sti.pdf"", ""page"": 19, ""quote"": ""Bodily injury Third-party liability claims for damages brought against insured persons on the basis of statutory liability provisions due to death, injury or other health impediments.""}]","Private liability insures statutory third-party liability and defence against unjustified claims, including bodily injury and property damage, subject to the listed exclusions [household-contents-private-liability-sti.pdf, page 10].

The household contents private liability STI describes ""Bodily injury"" under third-party liability as follows:

- Third-party liability claims for damages are brought against insured persons based on statutory liability provisions due to death, injury, or other health impairments of persons.

This means that if an insured person causes bodily harm to someone else, they may be liable for damages under the terms of the policy. 

Source: [household-contents-private-liability-sti.pdf, page 10]",correct,,,The generated draft accurately reflects the reference answer and quote regarding bodily injury third-party liability claims.,503,GUARDRAIL_INVALID_OUTPUT,withheld_before_user_delivery
pdf-rag-099,"What does household contents private liability sti say concerning ""Other household contents The term “other household contents” includes all""?",Other household contents The term “other household contents” includes all moveable household contents that cannot be coinsured under a separate all-risks supplementary policy.,"[{""source"": ""household-contents-private-liability-sti.pdf"", ""page"": 20, ""quote"": ""Other household contents The term “other household contents” includes all moveable household contents that cannot be coinsured under a separate all-risks supplementary policy.""}]","Private liability insures statutory third-party liability and defence against unjustified claims, including bodily injury and property damage, subject to the listed exclusions [household-contents-private-liability-sti.pdf, page 10].

Evidence-based answer:",unknown,,unsupported_fact,"No factual contradiction could be confirmed from the reference and supplied evidence; the remaining additional, incomplete, or irrelevant content is therefore conservatively classified as unknown.",503,GUARDRAIL_INVALID_OUTPUT,withheld_before_user_delivery
pdf-rag-100,"According to household contents private liability sti, what does it state about ""Insured items are thus valued on the basis of their""?",Insured items are thus valued on the basis of their full value and not simply on the basis of potential damage.,"[{""source"": ""household-contents-private-liability-sti.pdf"", ""page"": 20, ""quote"": ""Insured items are thus valued on the basis of their full value and not simply on the basis of potential damage.""}]","Private liability insures statutory third-party liability and defence against unjustified claims, including bodily injury and property damage, subject to the listed exclusions [household-contents-private-liability-sti.pdf, page 10].

Evidence-based answer:",correct,,,The generated draft accurately reflects the information provided in the reference answer and quote regarding the valuation of insured items.,503,GUARDRAIL_INVALID_OUTPUT,withheld_before_user_delivery
